solid OpenSCAD_Model
  facet normal -1 0 0
    outer loop
      vertex -9.05 -9.05 0.002
      vertex -9.05 9.05 0
      vertex -9.05 -9.05 0
    endloop
  endfacet
  facet normal 0 0 -1
    outer loop
      vertex -9.05 -9.05 0
      vertex -9.05 9.05 0
      vertex -8.014882352941177 -8.014882352941177 0
    endloop
  endfacet
  facet normal 0 -1 0
    outer loop
      vertex -9.05 -9.05 0.002
      vertex -9.05 -9.05 0
      vertex 9.05 -9.05 0
    endloop
  endfacet
  facet normal 0 0 -1
    outer loop
      vertex -9.05 -9.05 0
      vertex -8.014882352941177 -8.014882352941177 0
      vertex 8.014882352941177 -8.014882352941177 0
    endloop
  endfacet
  facet normal -0.9526404687211405 0 0.3040988940373932
    outer loop
      vertex -9.05 -9.05 0.002
      vertex -6.050000000000001 -6.050000000000001 9.4
      vertex -6.050000000000001 6.050000000000001 9.4
    endloop
  endfacet
  facet normal 0 0 1
    outer loop
      vertex -6.050000000000001 -6.050000000000001 9.4
      vertex -2.5133624970912933 -2.252159997820854 9.4
      vertex -5.921977497637272 -2.252159997820854 9.4
    endloop
  endfacet
  facet normal 0 0 1
    outer loop
      vertex -6.050000000000001 -6.050000000000001 9.4
      vertex -5.921977497637272 -2.252159997820854 9.4
      vertex -6.050000000000001 6.050000000000001 9.4
    endloop
  endfacet
  facet normal 0 -0.9526404687211405 0.3040988940373932
    outer loop
      vertex -9.05 -9.05 0.002
      vertex 6.050000000000001 -6.050000000000001 9.4
      vertex -6.050000000000001 -6.050000000000001 9.4
    endloop
  endfacet
  facet normal 0 0 1
    outer loop
      vertex -6.050000000000001 -6.050000000000001 9.4
      vertex -1.414204217493534 -2.025377042591572 9.4
      vertex -2.5133624970912933 -2.252159997820854 9.4
    endloop
  endfacet
  facet normal 0 0 1
    outer loop
      vertex -6.050000000000001 -6.050000000000001 9.4
      vertex -1.2415117919445038 -2.1298718377947807 9.4
      vertex -1.3300789818167686 -2.0799993202090263 9.4
    endloop
  endfacet
  facet normal 0 0 1
    outer loop
      vertex -6.050000000000001 -6.050000000000001 9.4
      vertex -1.1485026478767395 -2.1749945878982544 9.4
      vertex -1.2415117919445038 -2.1298718377947807 9.4
    endloop
  endfacet
  facet normal 0 0 1
    outer loop
      vertex -6.050000000000001 -6.050000000000001 9.4
      vertex -1.0510515496134758 -2.2153675705194473 9.4
      vertex -1.1485026478767395 -2.1749945878982544 9.4
    endloop
  endfacet
  facet normal 0 0 1
    outer loop
      vertex -6.050000000000001 -6.050000000000001 9.4
      vertex -0.9491585046052933 -2.2509908005595207 9.4
      vertex -1.0510515496134758 -2.2153675705194473 9.4
    endloop
  endfacet
  facet normal 0 0 1
    outer loop
      vertex -6.050000000000001 -6.050000000000001 9.4
      vertex -0.8428235054016113 -2.2818642631173134 9.4
      vertex -0.9491585046052933 -2.2509908005595207 9.4
    endloop
  endfacet
  facet normal 0 0 1
    outer loop
      vertex -6.050000000000001 -6.050000000000001 9.4
      vertex -0.73204655200243 -2.3079879581928253 9.4
      vertex -0.8428235054016113 -2.2818642631173134 9.4
    endloop
  endfacet
  facet normal 0 0 1
    outer loop
      vertex -6.050000000000001 -6.050000000000001 9.4
      vertex -0.6168276444077492 -2.329361893236637 9.4
      vertex -0.73204655200243 -2.3079879581928253 9.4
    endloop
  endfacet
  facet normal 0 0 1
    outer loop
      vertex -6.050000000000001 -6.050000000000001 9.4
      vertex -0.49716679006814957 -2.345986068248749 9.4
      vertex -0.6168276444077492 -2.329361893236637 9.4
    endloop
  endfacet
  facet normal 0 0 1
    outer loop
      vertex -6.050000000000001 -6.050000000000001 9.4
      vertex -0.37306398153305054 -2.3578604757785797 9.4
      vertex -0.49716679006814957 -2.345986068248749 9.4
    endloop
  endfacet
  facet normal 0 0 1
    outer loop
      vertex -6.050000000000001 -6.050000000000001 9.4
      vertex -1.3300789818167686 -2.0799993202090263 9.4
      vertex -1.414204217493534 -2.025377042591572 9.4
    endloop
  endfacet
  facet normal 0 0 1
    outer loop
      vertex -2.5133624970912933 -1.4428799971938133 9.4
      vertex -5.0034374967217445 -0.2880000025033951 9.4
      vertex -5.0034374967217445 -1.4428799971938133 9.4
    endloop
  endfacet
  facet normal 0 0 1
    outer loop
      vertex -5.0034374967217445 -0.2880000025033951 9.4
      vertex -2.5133624970912933 -1.4428799971938133 9.4
      vertex -2.818552501499653 -0.2880000025033951 9.4
    endloop
  endfacet
  facet normal 0 0 1
    outer loop
      vertex -2.5133624970912933 -2.252159997820854 9.4
      vertex -1.9229095131158829 -1.358227014541626 9.4
      vertex -2.5133624970912933 -1.4428799971938133 9.4
    endloop
  endfacet
  facet normal 0 0 1
    outer loop
      vertex -2.818552501499653 -0.2880000025033951 9.4
      vertex -2.5133624970912933 -1.4428799971938133 9.4
      vertex -1.9854752197861671 -1.071630798280239 9.4
    endloop
  endfacet
  facet normal 0 0 1
    outer loop
      vertex -2.818552501499653 -0.2880000025033951 9.4
      vertex -1.9854752197861671 -1.071630798280239 9.4
      vertex -1.9944131821393967 -0.9689860641956329 9.4
    endloop
  endfacet
  facet normal 0 0 1
    outer loop
      vertex -2.818552501499653 -0.2880000025033951 9.4
      vertex -1.9944131821393967 -0.9689860641956329 9.4
      vertex -1.9973924979567528 -0.8627849966287613 9.4
    endloop
  endfacet
  facet normal 0 0 1
    outer loop
      vertex -6.050000000000001 -6.050000000000001 9.4
      vertex -0.2445192188024521 -2.36498511582613 9.4
      vertex -0.37306398153305054 -2.3578604757785797 9.4
    endloop
  endfacet
  facet normal 0 0 1
    outer loop
      vertex -6.050000000000001 -6.050000000000001 9.4
      vertex -0.11153250187635422 -2.3673600032925606 9.4
      vertex -0.2445192188024521 -2.36498511582613 9.4
    endloop
  endfacet
  facet normal 0 0 1
    outer loop
      vertex -6.050000000000001 -6.050000000000001 9.4
      vertex 0.01855531334877014 -2.3649502396583557 9.4
      vertex -0.11153250187635422 -2.3673600032925606 9.4
    endloop
  endfacet
  facet normal 0 0 1
    outer loop
      vertex -6.050000000000001 -6.050000000000001 9.4
      vertex 0.14403874427080154 -2.357720948755741 9.4
      vertex 0.01855531334877014 -2.3649502396583557 9.4
    endloop
  endfacet
  facet normal 0 0 1
    outer loop
      vertex -6.050000000000001 -6.050000000000001 9.4
      vertex 0.2649177983403206 -2.345672130584717 9.4
      vertex 0.14403874427080154 -2.357720948755741 9.4
    endloop
  endfacet
  facet normal 0 0 1
    outer loop
      vertex -6.050000000000001 -6.050000000000001 9.4
      vertex 0.3811924681067467 -2.3288037851452827 9.4
      vertex 0.2649177983403206 -2.345672130584717 9.4
    endloop
  endfacet
  facet normal 0 0 1
    outer loop
      vertex -2.5133624970912933 -2.252159997820854 9.4
      vertex -1.756067618727684 -1.6905666589736938 9.4
      vertex -1.8067160472273827 -1.6128162443637848 9.4
    endloop
  endfacet
  facet normal 0 0 1
    outer loop
      vertex -2.5133624970912933 -2.252159997820854 9.4
      vertex -1.699460543692112 -1.7647607401013374 9.4
      vertex -1.756067618727684 -1.6905666589736938 9.4
    endloop
  endfacet
  facet normal 0 0 1
    outer loop
      vertex -2.5133624970912933 -2.252159997820854 9.4
      vertex -1.8067160472273827 -1.6128162443637848 9.4
      vertex -1.851405844092369 -1.5315094962716103 9.4
    endloop
  endfacet
  facet normal 0 0 1
    outer loop
      vertex -2.5133624970912933 -2.252159997820854 9.4
      vertex -1.851405844092369 -1.5315094962716103 9.4
      vertex -1.890136994421482 -1.4466464221477509 9.4
    endloop
  endfacet
  facet normal 0 0 1
    outer loop
      vertex -2.5133624970912933 -2.252159997820854 9.4
      vertex -1.5683704912662506 -1.9024799093604088 9.4
      vertex -1.6368948370218277 -1.8353984877467155 9.4
    endloop
  endfacet
  facet normal 0 0 1
    outer loop
      vertex -2.5133624970912933 -2.252159997820854 9.4
      vertex -1.4938874989748 -1.9660049974918365 9.4
      vertex -1.5683704912662506 -1.9024799093604088 9.4
    endloop
  endfacet
  facet normal 0 0 1
    outer loop
      vertex -2.5133624970912933 -2.252159997820854 9.4
      vertex -1.414204217493534 -2.025377042591572 9.4
      vertex -1.4938874989748 -1.9660049974918365 9.4
    endloop
  endfacet
  facet normal 0 0 1
    outer loop
      vertex -2.5133624970912933 -2.252159997820854 9.4
      vertex -1.6368948370218277 -1.8353984877467155 9.4
      vertex -1.699460543692112 -1.7647607401013374 9.4
    endloop
  endfacet
  facet normal 0 0 1
    outer loop
      vertex -2.5133624970912933 -2.252159997820854 9.4
      vertex -1.890136994421482 -1.4466464221477509 9.4
      vertex -1.9229095131158829 -1.358227014541626 9.4
    endloop
  endfacet
  facet normal 0 0 1
    outer loop
      vertex -1.9497233852744102 -1.2662512734532356 9.4
      vertex -2.5133624970912933 -1.4428799971938133 9.4
      vertex -1.9229095131158829 -1.358227014541626 9.4
    endloop
  endfacet
  facet normal 0 0 1
    outer loop
      vertex -1.9705786257982254 -1.1707191988825798 9.4
      vertex -2.5133624970912933 -1.4428799971938133 9.4
      vertex -1.9497233852744102 -1.2662512734532356 9.4
    endloop
  endfacet
  facet normal 0 0 1
    outer loop
      vertex -2.5133624970912933 -1.4428799971938133 9.4
      vertex -1.9705786257982254 -1.1707191988825798 9.4
      vertex -1.9854752197861671 -1.071630798280239 9.4
    endloop
  endfacet
  facet normal 0 0 1
    outer loop
      vertex -1.1002274975180626 -0.8627849966287613 9.4
      vertex -2.818552501499653 -0.2880000025033951 9.4
      vertex -1.9973924979567528 -0.8627849966287613 9.4
    endloop
  endfacet
  facet normal 0 0 1
    outer loop
      vertex -1.1002274975180626 -0.8627849966287613 9.4
      vertex -2.818552501499653 0.49248000234365463 9.4
      vertex -2.818552501499653 -0.2880000025033951 9.4
    endloop
  endfacet
  facet normal 0 0 1
    outer loop
      vertex -1.4255782961845398 -0.028457842767238617 9.4
      vertex -2.818552501499653 0.49248000234365463 9.4
      vertex -1.1002274975180626 -0.8627849966287613 9.4
    endloop
  endfacet
  facet normal 0 0 1
    outer loop
      vertex -1.4255782961845398 -0.028457842767238617 9.4
      vertex -1.1002274975180626 -0.8627849966287613 9.4
      vertex -1.376575693488121 -0.05659136176109314 9.4
    endloop
  endfacet
  facet normal 0 0 1
    outer loop
      vertex -1.376575693488121 -0.05659136176109314 9.4
      vertex -1.1002274975180626 -0.8627849966287613 9.4
      vertex -1.3224446922540665 -0.08440056443214417 9.4
    endloop
  endfacet
  facet normal 0 0 1
    outer loop
      vertex -1.3224446922540665 -0.08440056443214417 9.4
      vertex -1.1002274975180626 -0.8627849966287613 9.4
      vertex -1.263185277581215 -0.1118854433298111 9.4
    endloop
  endfacet
  facet normal 0 0 1
    outer loop
      vertex -1.263185277581215 -0.1118854433298111 9.4
      vertex -1.1002274975180626 -0.8627849966287613 9.4
      vertex -1.1987974718213081 -0.13904600590467453 9.4
    endloop
  endfacet
  facet normal 0 0 1
    outer loop
      vertex -1.1987974718213081 -0.13904600590467453 9.4
      vertex -1.1002274975180626 -0.8627849966287613 9.4
      vertex -1.129281260073185 -0.16588225215673447 9.4
    endloop
  endfacet
  facet normal 0 0 1
    outer loop
      vertex -0.5270558446645737 -1.5602008551359177 9.4
      vertex -0.6044875308871269 -0.3200889974832535 9.4
      vertex -0.5912436842918396 -1.5421260371804237 9.4
    endloop
  endfacet
  facet normal 0 0 1
    outer loop
      vertex -0.45900439471006393 -1.5749893486499786 9.4
      vertex -0.49907249957323074 -0.34465499967336655 9.4
      vertex -0.5270558446645737 -1.5602008551359177 9.4
    endloop
  endfacet
  facet normal 0 0 1
    outer loop
      vertex -0.3870893344283104 -1.586491510272026 9.4
      vertex -0.49907249957323074 -0.34465499967336655 9.4
      vertex -0.45900439471006393 -1.5749893486499786 9.4
    endloop
  endfacet
  facet normal 0 0 1
    outer loop
      vertex -0.31131066381931305 -1.59470734000206 9.4
      vertex -0.49907249957323074 -0.34465499967336655 9.4
      vertex -0.3870893344283104 -1.586491510272026 9.4
    endloop
  endfacet
  facet normal 0 0 1
    outer loop
      vertex -0.2316683903336525 -1.5996368378400803 9.4
      vertex -0.49907249957323074 -0.34465499967336655 9.4
      vertex -0.31131066381931305 -1.59470734000206 9.4
    endloop
  endfacet
  facet normal 0 0 1
    outer loop
      vertex -0.14816249907016754 -1.6012799963355064 9.4
      vertex -0.49907249957323074 -0.34465499967336655 9.4
      vertex -0.2316683903336525 -1.5996368378400803 9.4
    endloop
  endfacet
  facet normal 0 0 1
    outer loop
      vertex -0.09772761911153793 -1.6008467748761177 9.4
      vertex -0.49907249957323074 -0.34465499967336655 9.4
      vertex -0.14816249907016754 -1.6012799963355064 9.4
    endloop
  endfacet
  facet normal 0 0 1
    outer loop
      vertex -0.04877374321222305 -1.599547103047371 9.4
      vertex -0.023017503321170807 -0.4513949975371361 9.4
      vertex -0.09772761911153793 -1.6008467748761177 9.4
    endloop
  endfacet
  facet normal 0 0 1
    outer loop
      vertex -0.0013008713722229004 -1.5973809733986855 9.4
      vertex 0.03997983783483505 -0.4656386971473694 9.4
      vertex -0.04877374321222305 -1.599547103047371 9.4
    endloop
  endfacet
  facet normal 0 0 1
    outer loop
      vertex -0.9689324125647545 -1.2729496136307716 9.4
      vertex -0.6044875308871269 -0.3200889974832535 9.4
      vertex -0.9857464358210564 -1.2448696121573448 9.4
    endloop
  endfacet
  facet normal 0 0 1
    outer loop
      vertex -0.9857464358210564 -1.2448696121573448 9.4
      vertex -0.6044875308871269 -0.3200889974832535 9.4
      vertex -1.0015848353505135 -1.2149480804800987 9.4
    endloop
  endfacet
  facet normal 0 0 1
    outer loop
      vertex -1.0303347781300545 -1.1495803818106651 9.4
      vertex -0.6044875308871269 -0.3200889974832535 9.4
      vertex -1.0432463139295578 -1.1141342297196388 9.4
    endloop
  endfacet
  facet normal 0 0 1
    outer loop
      vertex -1.0015848353505135 -1.2149480804800987 9.4
      vertex -0.6044875308871269 -0.3200889974832535 9.4
      vertex -1.0164476186037064 -1.1831850036978722 9.4
    endloop
  endfacet
  facet normal 0 0 1
    outer loop
      vertex -1.0164476186037064 -1.1831850036978722 9.4
      vertex -0.6044875308871269 -0.3200889974832535 9.4
      vertex -1.0303347781300545 -1.1495803818106651 9.4
    endloop
  endfacet
  facet normal 0 0 1
    outer loop
      vertex -1.0931696891784668 -0.9092803820967674 9.4
      vertex -0.8899622038006783 -0.2444450557231903 9.4
      vertex -1.1002274975180626 -0.8627849966287613 9.4
    endloop
  endfacet
  facet normal 0 0 1
    outer loop
      vertex -1.0851362571120262 -0.9539342299103737 9.4
      vertex -0.7047741562128067 -0.2951986715197563 9.4
      vertex -1.0931696891784668 -0.9092803820967674 9.4
    endloop
  endfacet
  facet normal 0 0 1
    outer loop
      vertex -1.0761272013187408 -0.9967465400695801 9.4
      vertex -0.6044875308871269 -0.3200889974832535 9.4
      vertex -1.0851362571120262 -0.9539342299103737 9.4
    endloop
  endfacet
  facet normal 0 0 1
    outer loop
      vertex -1.0432463139295578 -1.1141342297196388 9.4
      vertex -0.6044875308871269 -0.3200889974832535 9.4
      vertex -1.055182233452797 -1.0768465399742126 9.4
    endloop
  endfacet
  facet normal 0 0 1
    outer loop
      vertex -1.055182233452797 -1.0768465399742126 9.4
      vertex -0.6044875308871269 -0.3200889974832535 9.4
      vertex -1.0661425292491913 -1.037717305123806 9.4
    endloop
  endfacet
  facet normal 0 0 1
    outer loop
      vertex -1.0661425292491913 -1.037717305123806 9.4
      vertex -0.6044875308871269 -0.3200889974832535 9.4
      vertex -1.0761272013187408 -0.9967465400695801 9.4
    endloop
  endfacet
  facet normal 0 0 1
    outer loop
      vertex -0.8542287424206734 -1.4024569541215897 9.4
      vertex -0.6044875308871269 -0.3200889974832535 9.4
      vertex -0.8952349275350571 -1.3646641448140144 9.4
    endloop
  endfacet
  facet normal 0 0 1
    outer loop
      vertex -0.8952349275350571 -1.3646641448140144 9.4
      vertex -0.6044875308871269 -0.3200889974832535 9.4
      vertex -0.932377502322197 -1.3235850036144257 9.4
    endloop
  endfacet
  facet normal 0 0 1
    outer loop
      vertex -0.7606255486607552 -1.4681835770606995 9.4
      vertex -0.6044875308871269 -0.3200889974832535 9.4
      vertex -0.8093589469790459 -1.4369634315371513 9.4
    endloop
  endfacet
  facet normal 0 0 1
    outer loop
      vertex -0.8093589469790459 -1.4369634315371513 9.4
      vertex -0.6044875308871269 -0.3200889974832535 9.4
      vertex -0.8542287424206734 -1.4024569541215897 9.4
    endloop
  endfacet
  facet normal 0 0 1
    outer loop
      vertex -0.9511427655816078 -1.2991880774497986 9.4
      vertex -0.6044875308871269 -0.3200889974832535 9.4
      vertex -0.9689324125647545 -1.2729496136307716 9.4
    endloop
  endfacet
  facet normal 0 0 1
    outer loop
      vertex -0.932377502322197 -1.3235850036144257 9.4
      vertex -0.6044875308871269 -0.3200889974832535 9.4
      vertex -0.9511427655816078 -1.2991880774497986 9.4
    endloop
  endfacet
  facet normal 0 0 1
    outer loop
      vertex -0.70802853256464 -1.4961173981428146 9.4
      vertex -0.6044875308871269 -0.3200889974832535 9.4
      vertex -0.7606255486607552 -1.4681835770606995 9.4
    endloop
  endfacet
  facet normal 0 0 1
    outer loop
      vertex -0.6515679135918617 -1.5207648798823357 9.4
      vertex -0.6044875308871269 -0.3200889974832535 9.4
      vertex -0.70802853256464 -1.4961173981428146 9.4
    endloop
  endfacet
  facet normal 0 0 1
    outer loop
      vertex -0.5912436842918396 -1.5421260371804237 9.4
      vertex -0.6044875308871269 -0.3200889974832535 9.4
      vertex -0.6515679135918617 -1.5207648798823357 9.4
    endloop
  endfacet
  facet normal 0 0 1
    outer loop
      vertex -1.0546366423368454 -0.1923941746354103 9.4
      vertex -1.1002274975180626 -0.8627849966287613 9.4
      vertex -0.97486362606287 -0.21858177334070206 9.4
    endloop
  endfacet
  facet normal 0 0 1
    outer loop
      vertex -1.129281260073185 -0.16588225215673447 9.4
      vertex -1.1002274975180626 -0.8627849966287613 9.4
      vertex -1.0546366423368454 -0.1923941746354103 9.4
    endloop
  endfacet
  facet normal 0 0 1
    outer loop
      vertex -0.97486362606287 -0.21858177334070206 9.4
      vertex -1.1002274975180626 -0.8627849966287613 9.4
      vertex -0.8899622038006783 -0.2444450557231903 9.4
    endloop
  endfacet
  facet normal 0 0 1
    outer loop
      vertex -1.0931696891784668 -0.9092803820967674 9.4
      vertex -0.7999323830008507 -0.26998402178287506 9.4
      vertex -0.8899622038006783 -0.2444450557231903 9.4
    endloop
  endfacet
  facet normal 0 0 1
    outer loop
      vertex -1.0931696891784668 -0.9092803820967674 9.4
      vertex -0.7047741562128067 -0.2951986715197563 9.4
      vertex -0.7999323830008507 -0.26998402178287506 9.4
    endloop
  endfacet
  facet normal 0 0 1
    outer loop
      vertex -1.0851362571120262 -0.9539342299103737 9.4
      vertex -0.6044875308871269 -0.3200889974832535 9.4
      vertex -0.7047741562128067 -0.2951986715197563 9.4
    endloop
  endfacet
  facet normal 0 0 1
    outer loop
      vertex -0.5270558446645737 -1.5602008551359177 9.4
      vertex -0.49907249957323074 -0.34465499967336655 9.4
      vertex -0.6044875308871269 -0.3200889974832535 9.4
    endloop
  endfacet
  facet normal 0 0 1
    outer loop
      vertex -0.09772761911153793 -1.6008467748761177 9.4
      vertex -0.023017503321170807 -0.4513949975371361 9.4
      vertex -0.49907249957323074 -0.34465499967336655 9.4
    endloop
  endfacet
  facet normal 0 0 1
    outer loop
      vertex -0.04877374321222305 -1.599547103047371 9.4
      vertex 0.03997983783483505 -0.4656386971473694 9.4
      vertex -0.023017503321170807 -0.4513949975371361 9.4
    endloop
  endfacet
  facet normal -1 0 0
    outer loop
      vertex -9.05 -9.05 0.002
      vertex -9.05 9.05 0.002
      vertex -9.05 9.05 0
    endloop
  endfacet
  facet normal 0 0 -1
    outer loop
      vertex -8.014882352941177 -8.014882352941177 0
      vertex -9.05 9.05 0
      vertex -8.014882352941177 8.014882352941177 0
    endloop
  endfacet
  facet normal -0.9526404687211404 0 0.3040988940373932
    outer loop
      vertex -9.05 -9.05 0.002
      vertex -6.050000000000001 6.050000000000001 9.4
      vertex -9.05 9.05 0.002
    endloop
  endfacet
  facet normal 0 1 0
    outer loop
      vertex -9.05 9.05 0.002
      vertex 9.05 9.05 0
      vertex -9.05 9.05 0
    endloop
  endfacet
  facet normal 0 0 -1
    outer loop
      vertex -9.05 9.05 0
      vertex 9.05 9.05 0
      vertex -8.014882352941177 8.014882352941177 0
    endloop
  endfacet
  facet normal 0 0 1
    outer loop
      vertex -6.050000000000001 6.050000000000001 9.4
      vertex -5.921977497637272 -2.252159997820854 9.4
      vertex -5.921977497637272 2.246399998664856 9.4
    endloop
  endfacet
  facet normal 0 0 1
    outer loop
      vertex -6.050000000000001 6.050000000000001 9.4
      vertex -5.921977497637272 2.246399998664856 9.4
      vertex -2.6232525035738945 2.246399998664856 9.4
    endloop
  endfacet
  facet normal 0 0 1
    outer loop
      vertex -5.0034374967217445 0.49248000234365463 9.4
      vertex -2.818552501499653 0.49248000234365463 9.4
      vertex -5.0034374967217445 1.4486399963498116 9.4
    endloop
  endfacet
  facet normal 0 0 1
    outer loop
      vertex -5.0034374967217445 1.4486399963498116 9.4
      vertex -2.818552501499653 0.49248000234365463 9.4
      vertex -2.6232525035738945 1.4486399963498116 9.4
    endloop
  endfacet
  facet normal 0 0 1
    outer loop
      vertex -2.6232525035738945 1.4486399963498116 9.4
      vertex -2.818552501499653 0.49248000234365463 9.4
      vertex -1.9241325035691261 0.9729899987578392 9.4
    endloop
  endfacet
  facet normal 0 0 1
    outer loop
      vertex -2.6232525035738945 1.4486399963498116 9.4
      vertex -1.8591288030147552 1.4072999134659767 9.4
      vertex -2.6232525035738945 2.246399998664856 9.4
    endloop
  endfacet
  facet normal 0 0 1
    outer loop
      vertex -6.050000000000001 6.050000000000001 9.4
      vertex -2.6232525035738945 2.246399998664856 9.4
      vertex -1.8591288030147552 1.4072999134659767 9.4
    endloop
  endfacet
  facet normal 0 0 1
    outer loop
      vertex -6.050000000000001 6.050000000000001 9.4
      vertex -1.8591288030147552 1.4072999134659767 9.4
      vertex -1.8305271714925766 1.4869070425629616 9.4
    endloop
  endfacet
  facet normal 0 0 1
    outer loop
      vertex -6.050000000000001 6.050000000000001 9.4
      vertex -1.8305271714925766 1.4869070425629616 9.4
      vertex -1.7967252507805824 1.5640958845615387 9.4
    endloop
  endfacet
  facet normal 0 0 1
    outer loop
      vertex -6.050000000000001 6.050000000000001 9.4
      vertex -1.7967252507805824 1.5640958845615387 9.4
      vertex -1.7577230334281921 1.6388664469122887 9.4
    endloop
  endfacet
  facet normal 0 0 1
    outer loop
      vertex -6.050000000000001 6.050000000000001 9.4
      vertex -1.7577230334281921 1.6388664469122887 9.4
      vertex -1.7135205194354057 1.7112187296152115 9.4
    endloop
  endfacet
  facet normal 0 0 1
    outer loop
      vertex -6.050000000000001 6.050000000000001 9.4
      vertex -1.7135205194354057 1.7112187296152115 9.4
      vertex -1.6641177088022232 1.7811527252197266 9.4
    endloop
  endfacet
  facet normal 0 0 1
    outer loop
      vertex -6.050000000000001 6.050000000000001 9.4
      vertex -1.6641177088022232 1.7811527252197266 9.4
      vertex -1.6095146015286446 1.848668433725834 9.4
    endloop
  endfacet
  facet normal 0 0 1
    outer loop
      vertex -6.050000000000001 6.050000000000001 9.4
      vertex -1.6095146015286446 1.848668433725834 9.4
      vertex -1.5497111976146698 1.9137658551335335 9.4
    endloop
  endfacet
  facet normal 0 0 1
    outer loop
      vertex -6.050000000000001 6.050000000000001 9.4
      vertex -1.5497111976146698 1.9137658551335335 9.4
      vertex -1.484707497060299 1.976444996893406 9.4
    endloop
  endfacet
  facet normal 0 0 1
    outer loop
      vertex -6.050000000000001 6.050000000000001 9.4
      vertex -1.484707497060299 1.976444996893406 9.4
      vertex -1.414666198194027 2.0355507656931877 9.4
    endloop
  endfacet
  facet normal 0 0 1
    outer loop
      vertex -6.050000000000001 6.050000000000001 9.4
      vertex -1.414666198194027 2.0355507656931877 9.4
      vertex -1.3397499844431877 2.089928075671196 9.4
    endloop
  endfacet
  facet normal 0 0 1
    outer loop
      vertex -6.050000000000001 6.050000000000001 9.4
      vertex -1.3397499844431877 2.089928075671196 9.4
      vertex -1.2599588632583618 2.13957691937685 9.4
    endloop
  endfacet
  facet normal 0 0 1
    outer loop
      vertex -6.050000000000001 6.050000000000001 9.4
      vertex -1.2599588632583618 2.13957691937685 9.4
      vertex -1.1752928271889687 2.1844973042607307 9.4
    endloop
  endfacet
  facet normal 0 0 1
    outer loop
      vertex -6.050000000000001 6.050000000000001 9.4
      vertex -1.1752928271889687 2.1844973042607307 9.4
      vertex -1.0857518762350082 2.224689230322838 9.4
    endloop
  endfacet
  facet normal 0 0 1
    outer loop
      vertex -6.050000000000001 6.050000000000001 9.4
      vertex -1.0857518762350082 2.224689230322838 9.4
      vertex -0.9913360178470612 2.260152690112591 9.4
    endloop
  endfacet
  facet normal 0 0 1
    outer loop
      vertex -6.050000000000001 6.050000000000001 9.4
      vertex -0.9913360178470612 2.260152690112591 9.4
      vertex -0.8920452520251274 2.29088769108057 9.4
    endloop
  endfacet
  facet normal 0 0 1
    outer loop
      vertex -6.050000000000001 6.050000000000001 9.4
      vertex -0.8920452520251274 2.29088769108057 9.4
      vertex -0.7878795713186264 2.316894233226776 9.4
    endloop
  endfacet
  facet normal 0 0 1
    outer loop
      vertex -6.050000000000001 6.050000000000001 9.4
      vertex -0.7878795713186264 2.316894233226776 9.4
      vertex -0.6788389757275581 2.338172309100628 9.4
    endloop
  endfacet
  facet normal 0 0 1
    outer loop
      vertex -1.6550910770893097 0.16227638721466064 9.4
      vertex -2.818552501499653 0.49248000234365463 9.4
      vertex -1.5985923781991005 0.10403361171483994 9.4
    endloop
  endfacet
  facet normal 0 0 1
    outer loop
      vertex -1.5985923781991005 0.10403361171483994 9.4
      vertex -2.818552501499653 0.49248000234365463 9.4
      vertex -1.5367128551006317 0.04994148015975952 9.4
    endloop
  endfacet
  facet normal 0 0 1
    outer loop
      vertex -1.8568721413612366 0.5157500579953194 9.4
      vertex -2.818552501499653 0.49248000234365463 9.4
      vertex -1.827277585864067 0.4367540255188942 9.4
    endloop
  endfacet
  facet normal 0 0 1
    outer loop
      vertex -1.827277585864067 0.4367540255188942 9.4
      vertex -2.818552501499653 0.49248000234365463 9.4
      vertex -1.792302206158638 0.3619086369872093 9.4
    endloop
  endfacet
  facet normal 0 0 1
    outer loop
      vertex -1.8810858726501465 0.5988967418670654 9.4
      vertex -2.818552501499653 0.49248000234365463 9.4
      vertex -1.8568721413612366 0.5157500579953194 9.4
    endloop
  endfacet
  facet normal 0 0 1
    outer loop
      vertex -1.7519459947943687 0.29121390730142593 9.4
      vertex -2.818552501499653 0.49248000234365463 9.4
      vertex -1.7062089517712593 0.22466982156038284 9.4
    endloop
  endfacet
  facet normal 0 0 1
    outer loop
      vertex -1.7062089517712593 0.22466982156038284 9.4
      vertex -2.818552501499653 0.49248000234365463 9.4
      vertex -1.6550910770893097 0.16227638721466064 9.4
    endloop
  endfacet
  facet normal 0 0 1
    outer loop
      vertex -1.792302206158638 0.3619086369872093 9.4
      vertex -2.818552501499653 0.49248000234365463 9.4
      vertex -1.7519459947943687 0.29121390730142593 9.4
    endloop
  endfacet
  facet normal 0 0 1
    outer loop
      vertex -1.5367128551006317 0.04994148015975952 9.4
      vertex -2.818552501499653 0.49248000234365463 9.4
      vertex -1.4694525003433228 0 9.4
    endloop
  endfacet
  facet normal 0 0 1
    outer loop
      vertex -1.4694525003433228 0 9.4
      vertex -2.818552501499653 0.49248000234365463 9.4
      vertex -1.4255782961845398 -0.028457842767238617 9.4
    endloop
  endfacet
  facet normal 0 0 1
    outer loop
      vertex -1.8999187722802162 0.686194084584713 9.4
      vertex -2.818552501499653 0.49248000234365463 9.4
      vertex -1.8810858726501465 0.5988967418670654 9.4
    endloop
  endfacet
  facet normal 0 0 1
    outer loop
      vertex -1.9133708402514458 0.7776420712471008 9.4
      vertex -2.818552501499653 0.49248000234365463 9.4
      vertex -1.8999187722802162 0.686194084584713 9.4
    endloop
  endfacet
  facet normal 0 0 1
    outer loop
      vertex -1.9214420840144157 0.8732407093048096 9.4
      vertex -2.818552501499653 0.49248000234365463 9.4
      vertex -1.9133708402514458 0.7776420712471008 9.4
    endloop
  endfacet
  facet normal 0 0 1
    outer loop
      vertex -1.9241325035691261 0.9729899987578392 9.4
      vertex -2.818552501499653 0.49248000234365463 9.4
      vertex -1.9214420840144157 0.8732407093048096 9.4
    endloop
  endfacet
  facet normal 0 0 1
    outer loop
      vertex -2.6232525035738945 1.4486399963498116 9.4
      vertex -1.9241325035691261 0.9729899987578392 9.4
      vertex -1.921532355248928 1.0646885484457016 9.4
    endloop
  endfacet
  facet normal 0 0 1
    outer loop
      vertex -2.6232525035738945 1.4486399963498116 9.4
      vertex -1.921532355248928 1.0646885484457016 9.4
      vertex -1.913731910288334 1.1539688184857368 9.4
    endloop
  endfacet
  facet normal 0 0 1
    outer loop
      vertex -2.6232525035738945 1.4486399963498116 9.4
      vertex -1.913731910288334 1.1539688184857368 9.4
      vertex -1.9007311686873436 1.2408308014273643 9.4
    endloop
  endfacet
  facet normal 0 0 1
    outer loop
      vertex -2.6232525035738945 1.4486399963498116 9.4
      vertex -1.9007311686873436 1.2408308014273643 9.4
      vertex -1.8825301304459572 1.325274497270584 9.4
    endloop
  endfacet
  facet normal 0 0 1
    outer loop
      vertex -2.6232525035738945 1.4486399963498116 9.4
      vertex -1.8825301304459572 1.325274497270584 9.4
      vertex -1.8591288030147552 1.4072999134659767 9.4
    endloop
  endfacet
  facet normal 0 0 1
    outer loop
      vertex -1.008958712220192 0.8438266888260841 9.4
      vertex -0.9925267919898033 0.8161343783140182 9.4
      vertex -0.9735668823122978 0.7898863330483437 9.4
    endloop
  endfacet
  facet normal 0 0 1
    outer loop
      vertex -1.0228626504540443 0.8729632571339607 9.4
      vertex -0.9520789757370949 0.7650825455784798 9.4
      vertex -1.0342385917901993 0.903544083237648 9.4
    endloop
  endfacet
  facet normal 0 0 1
    outer loop
      vertex -1.008958712220192 0.8438266888260841 9.4
      vertex -0.9735668823122978 0.7898863330483437 9.4
      vertex -1.0228626504540443 0.8729632571339607 9.4
    endloop
  endfacet
  facet normal 0 0 1
    outer loop
      vertex -0.9520789757370949 0.7650825455784798 9.4
      vertex -1.0228626504540443 0.8729632571339607 9.4
      vertex -0.9735668823122978 0.7898863330483437 9.4
    endloop
  endfacet
  facet normal 0 0 1
    outer loop
      vertex -0.9015192165970802 0.7198077514767647 9.4
      vertex -1.043086551129818 0.9355691745877266 9.4
      vertex -0.9280630946159363 0.7417230159044266 9.4
    endloop
  endfacet
  facet normal 0 0 1
    outer loop
      vertex -0.9280630946159363 0.7417230159044266 9.4
      vertex -1.0342385917901993 0.903544083237648 9.4
      vertex -0.9520789757370949 0.7650825455784798 9.4
    endloop
  endfacet
  facet normal 0 0 1
    outer loop
      vertex -0.8724473491311073 0.6993367448449135 9.4
      vertex -1.0494065210223198 0.9690385237336159 9.4
      vertex -0.9015192165970802 0.7198077514767647 9.4
    endloop
  endfacet
  facet normal 0 0 1
    outer loop
      vertex -0.8408474996685982 0.6803100034594536 9.4
      vertex -1.0531985089182854 1.0039521306753159 9.4
      vertex -0.8724473491311073 0.6993367448449135 9.4
    endloop
  endfacet
  facet normal 0 0 1
    outer loop
      vertex -0.7912228852510452 0.6552495285868645 9.4
      vertex -1.0531985089182854 1.0039521306753159 9.4
      vertex -0.8178767338395119 0.667942188680172 9.4
    endloop
  endfacet
  facet normal 0 0 1
    outer loop
      vertex -0.7608859613537788 0.6422320082783699 9.4
      vertex -1.0531985089182854 1.0039521306753159 9.4
      vertex -0.7912228852510452 0.6552495285868645 9.4
    endloop
  endfacet
  facet normal 0 0 1
    outer loop
      vertex -0.8178767338395119 0.667942188680172 9.4
      vertex -1.0531985089182854 1.0039521306753159 9.4
      vertex -0.8408474996685982 0.6803100034594536 9.4
    endloop
  endfacet
  facet normal 0 0 1
    outer loop
      vertex -1.0342385917901993 0.903544083237648 9.4
      vertex -0.9280630946159363 0.7417230159044266 9.4
      vertex -1.043086551129818 0.9355691745877266 9.4
    endloop
  endfacet
  facet normal 0 0 1
    outer loop
      vertex -1.043086551129818 0.9355691745877266 9.4
      vertex -0.9015192165970802 0.7198077514767647 9.4
      vertex -1.0494065210223198 0.9690385237336159 9.4
    endloop
  endfacet
  facet normal 0 0 1
    outer loop
      vertex -1.0494065210223198 0.9690385237336159 9.4
      vertex -0.8724473491311073 0.6993367448449135 9.4
      vertex -1.0531985089182854 1.0039521306753159 9.4
    endloop
  endfacet
  facet normal 0 0 1
    outer loop
      vertex -1.0531985089182854 1.0039521306753159 9.4
      vertex -0.7268659621477127 0.6288896426558495 9.4
      vertex -1.0544624999165535 1.0403100028634071 9.4
    endloop
  endfacet
  facet normal 0 0 1
    outer loop
      vertex -0.553955189883709 0.5722716599702835 9.4
      vertex -1.0531803965568542 1.0799856185913086 9.4
      vertex -1.0544624999165535 1.0403100028634071 9.4
    endloop
  endfacet
  facet normal 0 0 1
    outer loop
      vertex -0.553955189883709 0.5722716599702835 9.4
      vertex -1.049334093928337 1.1182894110679626 9.4
      vertex -1.0531803965568542 1.0799856185913086 9.4
    endloop
  endfacet
  facet normal 0 0 1
    outer loop
      vertex -0.553955189883709 0.5722716599702835 9.4
      vertex -1.042923592031002 1.1552213579416275 9.4
      vertex -1.049334093928337 1.1182894110679626 9.4
    endloop
  endfacet
  facet normal 0 0 1
    outer loop
      vertex -0.553955189883709 0.5722716599702835 9.4
      vertex -1.033948890864849 1.190781481564045 9.4
      vertex -1.042923592031002 1.1552213579416275 9.4
    endloop
  endfacet
  facet normal 0 0 1
    outer loop
      vertex -0.553955189883709 0.5722716599702835 9.4
      vertex -1.0224099829792976 1.2249697670340538 9.4
      vertex -1.033948890864849 1.190781481564045 9.4
    endloop
  endfacet
  facet normal 0 0 1
    outer loop
      vertex -0.553955189883709 0.5722716599702835 9.4
      vertex -1.0083068758249283 1.257786214351654 9.4
      vertex -1.0224099829792976 1.2249697670340538 9.4
    endloop
  endfacet
  facet normal 0 0 1
    outer loop
      vertex -0.553955189883709 0.5722716599702835 9.4
      vertex -0.991639569401741 1.2892308309674263 9.4
      vertex -1.0083068758249283 1.257786214351654 9.4
    endloop
  endfacet
  facet normal 0 0 1
    outer loop
      vertex -0.7268659621477127 0.6288896426558495 9.4
      vertex -1.0531985089182854 1.0039521306753159 9.4
      vertex -0.7608859613537788 0.6422320082783699 9.4
    endloop
  endfacet
  facet normal 0 0 1
    outer loop
      vertex -1.0544624999165535 1.0403100028634071 9.4
      vertex -0.7268659621477127 0.6288896426558495 9.4
      vertex -0.6891628876328468 0.6152224242687225 9.4
    endloop
  endfacet
  facet normal 0 0 1
    outer loop
      vertex -1.0544624999165535 1.0403100028634071 9.4
      vertex -0.6891628876328468 0.6152224242687225 9.4
      vertex -0.6477767303586006 0.6012303531169891 9.4
    endloop
  endfacet
  facet normal 0 0 1
    outer loop
      vertex -1.0544624999165535 1.0403100028634071 9.4
      vertex -0.6477767303586006 0.6012303531169891 9.4
      vertex -0.6027074977755547 0.5869134292006493 9.4
    endloop
  endfacet
  facet normal 0 0 1
    outer loop
      vertex -1.0544624999165535 1.0403100028634071 9.4
      vertex -0.6027074977755547 0.5869134292006493 9.4
      vertex -0.553955189883709 0.5722716599702835 9.4
    endloop
  endfacet
  facet normal 0 0 1
    outer loop
      vertex -0.553955189883709 0.5722716599702835 9.4
      vertex -0.9724080637097359 1.31930360943079 9.4
      vertex -0.991639569401741 1.2892308309674263 9.4
    endloop
  endfacet
  facet normal 0 0 1
    outer loop
      vertex -0.553955189883709 0.5722716599702835 9.4
      vertex -0.9506123512983322 1.3480045571923256 9.4
      vertex -0.9724080637097359 1.31930360943079 9.4
    endloop
  endfacet
  facet normal 0 0 1
    outer loop
      vertex -0.553955189883709 0.5722716599702835 9.4
      vertex -0.9262524396181107 1.3753336668014526 9.4
      vertex -0.9506123512983322 1.3480045571923256 9.4
    endloop
  endfacet
  facet normal 0 0 1
    outer loop
      vertex -0.553955189883709 0.5722716599702835 9.4
      vertex -0.8993283286690712 1.4012909457087517 9.4
      vertex -0.9262524396181107 1.3753336668014526 9.4
    endloop
  endfacet
  facet normal 0 0 1
    outer loop
      vertex -0.5015198066830635 0.5573050305247307 9.4
      vertex -0.5156577974557877 1.5738587602972984 9.4
      vertex -0.553955189883709 0.5722716599702835 9.4
    endloop
  endfacet
  facet normal 0 0 1
    outer loop
      vertex -0.4454013481736183 0.5420135483145714 9.4
      vertex -0.4675935357809067 1.5816568061709404 9.4
      vertex -0.5015198066830635 0.5573050305247307 9.4
    endloop
  endfacet
  facet normal 0 0 1
    outer loop
      vertex -0.3855998069047928 0.5263972207903862 9.4
      vertex -0.36626631766557693 1.5920542031526566 9.4
      vertex -0.4454013481736183 0.5420135483145714 9.4
    endloop
  endfacet
  facet normal 0 0 1
    outer loop
      vertex -0.3221151903271675 0.510456033051014 9.4
      vertex -0.3130033612251282 1.5946535468101501 9.4
      vertex -0.3855998069047928 0.5263972207903862 9.4
    endloop
  endfacet
  facet normal 0 0 1
    outer loop
      vertex -0.2549474984407425 0.4941899999976158 9.4
      vertex -0.2084055170416832 1.5948519259691238 9.4
      vertex -0.3221151903271675 0.510456033051014 9.4
    endloop
  endfacet
  facet normal 0 0 1
    outer loop
      vertex -0.553955189883709 0.5722716599702835 9.4
      vertex -0.8698400184512138 1.4258763939142227 9.4
      vertex -0.8993283286690712 1.4012909457087517 9.4
    endloop
  endfacet
  facet normal 0 0 1
    outer loop
      vertex -0.553955189883709 0.5722716599702835 9.4
      vertex -0.837787501513958 1.4490899965167046 9.4
      vertex -0.8698400184512138 1.4258763939142227 9.4
    endloop
  endfacet
  facet normal 0 0 1
    outer loop
      vertex -0.553955189883709 0.5722716599702835 9.4
      vertex -0.8035864382982254 1.470751240849495 9.4
      vertex -0.837787501513958 1.4490899965167046 9.4
    endloop
  endfacet
  facet normal 0 0 1
    outer loop
      vertex -0.553955189883709 0.5722716599702835 9.4
      vertex -0.7676524668931961 1.4906795844435692 9.4
      vertex -0.8035864382982254 1.470751240849495 9.4
    endloop
  endfacet
  facet normal 0 0 1
    outer loop
      vertex -0.553955189883709 0.5722716599702835 9.4
      vertex -0.7299856096506119 1.5088750272989273 9.4
      vertex -0.7676524668931961 1.4906795844435692 9.4
    endloop
  endfacet
  facet normal 0 0 1
    outer loop
      vertex -0.553955189883709 0.5722716599702835 9.4
      vertex -0.6905858442187309 1.52533757686615 9.4
      vertex -0.7299856096506119 1.5088750272989273 9.4
    endloop
  endfacet
  facet normal 0 0 1
    outer loop
      vertex -0.553955189883709 0.5722716599702835 9.4
      vertex -0.6494531780481339 1.5400672182440758 9.4
      vertex -0.6905858442187309 1.52533757686615 9.4
    endloop
  endfacet
  facet normal 0 0 1
    outer loop
      vertex -0.553955189883709 0.5722716599702835 9.4
      vertex -0.6065876185894012 1.5530639663338661 9.4
      vertex -0.6494531780481339 1.5400672182440758 9.4
    endloop
  endfacet
  facet normal 0 0 1
    outer loop
      vertex -0.553955189883709 0.5722716599702835 9.4
      vertex -0.5619891583919525 1.5643278136849403 9.4
      vertex -0.6065876185894012 1.5530639663338661 9.4
    endloop
  endfacet
  facet normal 0 0 1
    outer loop
      vertex -0.553955189883709 0.5722716599702835 9.4
      vertex -0.5156577974557877 1.5738587602972984 9.4
      vertex -0.5619891583919525 1.5643278136849403 9.4
    endloop
  endfacet
  facet normal 0 0 1
    outer loop
      vertex -0.5015198066830635 0.5573050305247307 9.4
      vertex -0.4675935357809067 1.5816568061709404 9.4
      vertex -0.5156577974557877 1.5738587602972984 9.4
    endloop
  endfacet
  facet normal 0 0 1
    outer loop
      vertex -0.4454013481736183 0.5420135483145714 9.4
      vertex -0.41779637336730957 1.5877219513058662 9.4
      vertex -0.4675935357809067 1.5816568061709404 9.4
    endloop
  endfacet
  facet normal 0 0 1
    outer loop
      vertex -0.4454013481736183 0.5420135483145714 9.4
      vertex -0.36626631766557693 1.5920542031526566 9.4
      vertex -0.41779637336730957 1.5877219513058662 9.4
    endloop
  endfacet
  facet normal 0 0 1
    outer loop
      vertex -0.3855998069047928 0.5263972207903862 9.4
      vertex -0.3130033612251282 1.5946535468101501 9.4
      vertex -0.36626631766557693 1.5920542031526566 9.4
    endloop
  endfacet
  facet normal 0 0 1
    outer loop
      vertex -0.3221151903271675 0.510456033051014 9.4
      vertex -0.2580074965953827 1.5955199971795082 9.4
      vertex -0.3130033612251282 1.5946535468101501 9.4
    endloop
  endfacet
  facet normal 0 0 1
    outer loop
      vertex -0.3221151903271675 0.510456033051014 9.4
      vertex -0.2084055170416832 1.5948519259691238 9.4
      vertex -0.2580074965953827 1.5955199971795082 9.4
    endloop
  endfacet
  facet normal 0 0 1
    outer loop
      vertex -0.2549474984407425 0.4941899999976158 9.4
      vertex -0.16006726026535034 1.592847689986229 9.4
      vertex -0.2084055170416832 1.5948519259691238 9.4
    endloop
  endfacet
  facet normal 0 0 1
    outer loop
      vertex -0.2549474984407425 0.4941899999976158 9.4
      vertex -0.11299273371696472 1.5895073041319847 9.4
      vertex -0.16006726026535034 1.592847689986229 9.4
    endloop
  endfacet
  facet normal 0 0 1
    outer loop
      vertex -0.2549474984407425 0.4941899999976158 9.4
      vertex -0.06718193739652634 1.5848307684063911 9.4
      vertex -0.11299273371696472 1.5895073041319847 9.4
    endloop
  endfacet
  facet normal 0 0.9526404687211405 0.3040988940373932
    outer loop
      vertex -9.05 9.05 0.002
      vertex -6.050000000000001 6.050000000000001 9.4
      vertex 6.050000000000001 6.050000000000001 9.4
    endloop
  endfacet
  facet normal 0 0 1
    outer loop
      vertex -6.050000000000001 6.050000000000001 9.4
      vertex -0.6788389757275581 2.338172309100628 9.4
      vertex 6.050000000000001 6.050000000000001 9.4
    endloop
  endfacet
  facet normal 0 0 -1
    outer loop
      vertex -9.05 -9.05 0
      vertex 8.014882352941177 -8.014882352941177 0
      vertex 9.05 -9.05 0
    endloop
  endfacet
  facet normal 0 -1 0
    outer loop
      vertex -9.05 -9.05 0.002
      vertex 9.05 -9.05 0
      vertex 9.05 -9.05 0.002
    endloop
  endfacet
  facet normal 0 -0.9526404687211404 0.3040988940373932
    outer loop
      vertex -9.05 -9.05 0.002
      vertex 9.05 -9.05 0.002
      vertex 6.050000000000001 -6.050000000000001 9.4
    endloop
  endfacet
  facet normal 1 0 0
    outer loop
      vertex 9.05 -9.05 0.002
      vertex 9.05 -9.05 0
      vertex 9.05 9.05 0
    endloop
  endfacet
  facet normal 0 0 -1
    outer loop
      vertex 8.014882352941177 -8.014882352941177 0
      vertex 9.05 9.05 0
      vertex 9.05 -9.05 0
    endloop
  endfacet
  facet normal 0 0 1
    outer loop
      vertex -6.050000000000001 -6.050000000000001 9.4
      vertex 6.050000000000001 -6.050000000000001 9.4
      vertex 0.3811924681067467 -2.3288037851452827 9.4
    endloop
  endfacet
  facet normal 0 0 1
    outer loop
      vertex 0.04469098895788193 -1.5943484008312225 9.4
      vertex 0.03997983783483505 -0.4656386971473694 9.4
      vertex -0.0013008713722229004 -1.5973809733986855 9.4
    endloop
  endfacet
  facet normal 0 0 1
    outer loop
      vertex 0.08920185267925262 -1.5904493778944016 9.4
      vertex 0.1003410816192627 -0.4802067130804062 9.4
      vertex 0.04469098895788193 -1.5943484008312225 9.4
    endloop
  endfacet
  facet normal 0 0 1
    outer loop
      vertex 0.132231704890728 -1.5856839045882225 9.4
      vertex 0.15806622803211212 -0.4950990527868271 9.4
      vertex 0.08920185267925262 -1.5904493778944016 9.4
    endloop
  endfacet
  facet normal 0 0 1
    outer loop
      vertex 0.17378054559230804 -1.5800519809126854 9.4
      vertex 0.15806622803211212 -0.4950990527868271 9.4
      vertex 0.132231704890728 -1.5856839045882225 9.4
    endloop
  endfacet
  facet normal 0 0 1
    outer loop
      vertex 0.21384838968515396 -1.5735536068677902 9.4
      vertex 0.21315528452396393 -0.5103157088160515 9.4
      vertex 0.17378054559230804 -1.5800519809126854 9.4
    endloop
  endfacet
  facet normal 0 0 1
    outer loop
      vertex 0.25243522226810455 -1.5661887899041176 9.4
      vertex 0.2656082361936569 -0.52585668861866 9.4
      vertex 0.21384838968515396 -1.5735536068677902 9.4
    endloop
  endfacet
  facet normal 0 0 1
    outer loop
      vertex 0.2895410507917404 -1.5579575151205063 9.4
      vertex 0.2656082361936569 -0.52585668861866 9.4
      vertex 0.25243522226810455 -1.5661887899041176 9.4
    endloop
  endfacet
  facet normal 0 0 1
    outer loop
      vertex 0.32516587525606155 -1.548859789967537 9.4
      vertex 0.3154251053929329 -0.541721984744072 9.4
      vertex 0.2895410507917404 -1.5579575151205063 9.4
    endloop
  endfacet
  facet normal 0 0 1
    outer loop
      vertex 0.35930968821048737 -1.53889562189579 9.4
      vertex 0.3154251053929329 -0.541721984744072 9.4
      vertex 0.32516587525606155 -1.548859789967537 9.4
    endloop
  endfacet
  facet normal 0 0 1
    outer loop
      vertex 0.39197249710559845 -1.5280650034546852 9.4
      vertex 0.36260586977005005 -0.5579115971922874 9.4
      vertex 0.35930968821048737 -1.53889562189579 9.4
    endloop
  endfacet
  facet normal 0 0 1
    outer loop
      vertex 0.4502062276005745 -1.5050532221794128 9.4
      vertex 0.36260586977005005 -0.5579115971922874 9.4
      vertex 0.39197249710559845 -1.5280650034546852 9.4
    endloop
  endfacet
  facet normal 0 0 1
    outer loop
      vertex 0.503781259059906 -1.479190208017826 9.4
      vertex 0.4071505442261696 -0.574425533413887 9.4
      vertex 0.4502062276005745 -1.5050532221794128 9.4
    endloop
  endfacet
  facet normal 0 0 1
    outer loop
      vertex 0.552697591483593 -1.4504759460687637 9.4
      vertex 0.4071505442261696 -0.574425533413887 9.4
      vertex 0.503781259059906 -1.479190208017826 9.4
    endloop
  endfacet
  facet normal 0 0 1
    outer loop
      vertex 0.5969552248716354 -1.4189104437828064 9.4
      vertex 0.4490591287612915 -0.5912637859582901 9.4
      vertex 0.552697591483593 -1.4504759460687637 9.4
    endloop
  endfacet
  facet normal 0 0 1
    outer loop
      vertex 0.6365541592240334 -1.384493701159954 9.4
      vertex 0.4490591287612915 -0.5912637859582901 9.4
      vertex 0.5969552248716354 -1.4189104437828064 9.4
    endloop
  endfacet
  facet normal 0 0 1
    outer loop
      vertex 0.7017759308218956 -1.3071064800024033 9.4
      vertex 0.7273987755179405 -1.2641360089182854 9.4
      vertex 0.7483629137277603 -1.218314290046692 9.4
    endloop
  endfacet
  facet normal 0 0 1
    outer loop
      vertex 0.7017759308218956 -1.3071064800024033 9.4
      vertex 0.7483629137277603 -1.218314290046692 9.4
      vertex 0.7646683603525162 -1.1696413308382034 9.4
    endloop
  endfacet
  facet normal 0 0 1
    outer loop
      vertex 0.7017759308218956 -1.3071064800024033 9.4
      vertex 0.7646683603525162 -1.1696413308382034 9.4
      vertex 0.7763151004910469 -1.11811713129282 9.4
    endloop
  endfacet
  facet normal 0 0 1
    outer loop
      vertex 0.7017759308218956 -1.3071064800024033 9.4
      vertex 0.7763151004910469 -1.11811713129282 9.4
      vertex 0.7833031490445137 -1.063741683959961 9.4
    endloop
  endfacet
  facet normal 0 0 1
    outer loop
      vertex 0.08920185267925262 -1.5904493778944016 9.4
      vertex 0.15806622803211212 -0.4950990527868271 9.4
      vertex 0.1003410816192627 -0.4802067130804062 9.4
    endloop
  endfacet
  facet normal 0 0 1
    outer loop
      vertex 0.17378054559230804 -1.5800519809126854 9.4
      vertex 0.21315528452396393 -0.5103157088160515 9.4
      vertex 0.15806622803211212 -0.4950990527868271 9.4
    endloop
  endfacet
  facet normal 0 0 1
    outer loop
      vertex 0.21384838968515396 -1.5735536068677902 9.4
      vertex 0.2656082361936569 -0.52585668861866 9.4
      vertex 0.21315528452396393 -0.5103157088160515 9.4
    endloop
  endfacet
  facet normal 0 0 1
    outer loop
      vertex 0.04469098895788193 -1.5943484008312225 9.4
      vertex 0.1003410816192627 -0.4802067130804062 9.4
      vertex 0.03997983783483505 -0.4656386971473694 9.4
    endloop
  endfacet
  facet normal 0 0 1
    outer loop
      vertex 0.2895410507917404 -1.5579575151205063 9.4
      vertex 0.3154251053929329 -0.541721984744072 9.4
      vertex 0.2656082361936569 -0.52585668861866 9.4
    endloop
  endfacet
  facet normal 0 0 1
    outer loop
      vertex 0.35930968821048737 -1.53889562189579 9.4
      vertex 0.36260586977005005 -0.5579115971922874 9.4
      vertex 0.3154251053929329 -0.541721984744072 9.4
    endloop
  endfacet
  facet normal 0 0 1
    outer loop
      vertex 0.4502062276005745 -1.5050532221794128 9.4
      vertex 0.4071505442261696 -0.574425533413887 9.4
      vertex 0.36260586977005005 -0.5579115971922874 9.4
    endloop
  endfacet
  facet normal 0 0 1
    outer loop
      vertex 0.552697591483593 -1.4504759460687637 9.4
      vertex 0.4490591287612915 -0.5912637859582901 9.4
      vertex 0.4071505442261696 -0.574425533413887 9.4
    endloop
  endfacet
  facet normal 0 0 1
    outer loop
      vertex 0.7017759308218956 -1.3071064800024033 9.4
      vertex 0.4883316159248352 -0.6084263622760773 9.4
      vertex 0.4490591287612915 -0.5912637859582901 9.4
    endloop
  endfacet
  facet normal 0 0 1
    outer loop
      vertex 0.6714943945407867 -1.3472257107496262 9.4
      vertex 0.4490591287612915 -0.5912637859582901 9.4
      vertex 0.6365541592240334 -1.384493701159954 9.4
    endloop
  endfacet
  facet normal 0 0 1
    outer loop
      vertex 0.7017759308218956 -1.3071064800024033 9.4
      vertex 0.4490591287612915 -0.5912637859582901 9.4
      vertex 0.6714943945407867 -1.3472257107496262 9.4
    endloop
  endfacet
  facet normal 0 0 1
    outer loop
      vertex 0.7017759308218956 -1.3071064800024033 9.4
      vertex 0.558968298137188 -0.6437244638800621 9.4
      vertex 0.5249680057168007 -0.6259132549166679 9.4
    endloop
  endfacet
  facet normal 0 0 1
    outer loop
      vertex 0.7017759308218956 -1.3071064800024033 9.4
      vertex 0.5903325006365776 -0.6618599966168404 9.4
      vertex 0.558968298137188 -0.6437244638800621 9.4
    endloop
  endfacet
  facet normal 0 0 1
    outer loop
      vertex 0.7017759308218956 -1.3071064800024033 9.4
      vertex 0.692027173936367 -0.7464642599225044 9.4
      vertex 0.6700703725218773 -0.7235262393951416 9.4
    endloop
  endfacet
  facet normal 0 0 1
    outer loop
      vertex 0.7017759308218956 -1.3071064800024033 9.4
      vertex 0.7116727381944656 -0.7705935835838318 9.4
      vertex 0.692027173936367 -0.7464642599225044 9.4
    endloop
  endfacet
  facet normal 0 0 1
    outer loop
      vertex 0.7017759308218956 -1.3071064800024033 9.4
      vertex 0.6458023190498352 -0.7017795294523239 9.4
      vertex 0.6192230358719826 -0.6812241151928902 9.4
    endloop
  endfacet
  facet normal 0 0 1
    outer loop
      vertex 0.7017759308218956 -1.3071064800024033 9.4
      vertex 0.6192230358719826 -0.6812241151928902 9.4
      vertex 0.5903325006365776 -0.6618599966168404 9.4
    endloop
  endfacet
  facet normal 0 0 1
    outer loop
      vertex 0.7017759308218956 -1.3071064800024033 9.4
      vertex 0.6700703725218773 -0.7235262393951416 9.4
      vertex 0.6458023190498352 -0.7017795294523239 9.4
    endloop
  endfacet
  facet normal 0 0 1
    outer loop
      vertex 0.7017759308218956 -1.3071064800024033 9.4
      vertex 0.7833031490445137 -1.063741683959961 9.4
      vertex 0.785632498562336 -1.006514996290207 9.4
    endloop
  endfacet
  facet normal 0 0 1
    outer loop
      vertex 0.7017759308218956 -1.3071064800024033 9.4
      vertex 0.785632498562336 -1.006514996290207 9.4
      vertex 0.7844768762588501 -0.972855269908905 9.4
    endloop
  endfacet
  facet normal 0 0 1
    outer loop
      vertex 0.7017759308218956 -1.3071064800024033 9.4
      vertex 0.7844768762588501 -0.972855269908905 9.4
      vertex 0.7810100167989731 -0.9403868317604065 9.4
    endloop
  endfacet
  facet normal 0 0 1
    outer loop
      vertex 0.7017759308218956 -1.3071064800024033 9.4
      vertex 0.7671425566077232 -0.8790238723158836 9.4
      vertex 0.7567419707775116 -0.8501293510198593 9.4
    endloop
  endfacet
  facet normal 0 0 1
    outer loop
      vertex 0.7017759308218956 -1.3071064800024033 9.4
      vertex 0.7567419707775116 -0.8501293510198593 9.4
      vertex 0.7440301328897476 -0.8224261254072189 9.4
    endloop
  endfacet
  facet normal 0 0 1
    outer loop
      vertex 0.7017759308218956 -1.3071064800024033 9.4
      vertex 0.7810100167989731 -0.9403868317604065 9.4
      vertex 0.7752319052815437 -0.9091097041964531 9.4
    endloop
  endfacet
  facet normal 0 0 1
    outer loop
      vertex 0.7017759308218956 -1.3071064800024033 9.4
      vertex 0.7752319052815437 -0.9091097041964531 9.4
      vertex 0.7671425566077232 -0.8790238723158836 9.4
    endloop
  endfacet
  facet normal 0 0 1
    outer loop
      vertex 0.7017759308218956 -1.3071064800024033 9.4
      vertex 0.7290070578455925 -0.7959142029285431 9.4
      vertex 0.7116727381944656 -0.7705935835838318 9.4
    endloop
  endfacet
  facet normal 0 0 1
    outer loop
      vertex 0.7017759308218956 -1.3071064800024033 9.4
      vertex 0.7440301328897476 -0.8224261254072189 9.4
      vertex 0.7290070578455925 -0.7959142029285431 9.4
    endloop
  endfacet
  facet normal 0 0 1
    outer loop
      vertex 0.7017759308218956 -1.3071064800024033 9.4
      vertex 0.5249680057168007 -0.6259132549166679 9.4
      vertex 0.4883316159248352 -0.6084263622760773 9.4
    endloop
  endfacet
  facet normal 0 0 1
    outer loop
      vertex 2.521325632929802 -1.4405764788389206 9.4
      vertex 1.6061300113797188 -0.44224535673856735 9.4
      vertex 2.590338595211506 -1.5504800602793694 9.4
    endloop
  endfacet
  facet normal 0 0 1
    outer loop
      vertex 2.3537227362394333 -1.077951304614544 9.4
      vertex 1.6061300113797188 -0.44224535673856735 9.4
      vertex 2.403017707169056 -1.2043121010065079 9.4
    endloop
  endfacet
  facet normal 0 0 1
    outer loop
      vertex 2.403017707169056 -1.2043121010065079 9.4
      vertex 1.6061300113797188 -0.44224535673856735 9.4
      vertex 2.4588853418827057 -1.325187161564827 9.4
    endloop
  endfacet
  facet normal 0 0 1
    outer loop
      vertex 2.4588853418827057 -1.325187161564827 9.4
      vertex 1.6061300113797188 -0.44224535673856735 9.4
      vertex 2.521325632929802 -1.4405764788389206 9.4
    endloop
  endfacet
  facet normal 0 0 1
    outer loop
      vertex 2.3110004290938377 -0.9461047649383545 9.4
      vertex 1.6061300113797188 -0.44224535673856735 9.4
      vertex 2.3537227362394333 -1.077951304614544 9.4
    endloop
  endfacet
  facet normal 0 0 1
    outer loop
      vertex 2.2748507857322693 -0.8087724819779396 9.4
      vertex 1.6061300113797188 -0.44224535673856735 9.4
      vertex 2.3110004290938377 -0.9461047649383545 9.4
    endloop
  endfacet
  facet normal 0 0 1
    outer loop
      vertex 2.2452737987041473 -0.6659544706344604 9.4
      vertex 1.6061300113797188 -0.44224535673856735 9.4
      vertex 2.2748507857322693 -0.8087724819779396 9.4
    endloop
  endfacet
  facet normal 0 0 1
    outer loop
      vertex 2.222269482910633 -0.5176507085561752 9.4
      vertex 1.6061300113797188 -0.44224535673856735 9.4
      vertex 2.2452737987041473 -0.6659544706344604 9.4
    endloop
  endfacet
  facet normal 0 0 1
    outer loop
      vertex 2.2058378234505653 -0.36386121064424515 9.4
      vertex 1.6061300113797188 -0.44224535673856735 9.4
      vertex 2.222269482910633 -0.5176507085561752 9.4
    endloop
  endfacet
  facet normal 0 0 1
    outer loop
      vertex 2.1959788277745247 -0.2045859768986702 9.4
      vertex 1.6061300113797188 -0.44224535673856735 9.4
      vertex 2.2058378234505653 -0.36386121064424515 9.4
    endloop
  endfacet
  facet normal 0 0 1
    outer loop
      vertex 2.1926925033330917 -0.03982499986886978 9.4
      vertex 1.6061300113797188 -0.44224535673856735 9.4
      vertex 2.1959788277745247 -0.2045859768986702 9.4
    endloop
  endfacet
  facet normal 0 0 1
    outer loop
      vertex 1.6061300113797188 -0.44224535673856735 9.4
      vertex 2.1926925033330917 -0.03982499986886978 9.4
      vertex 2.1964301615953445 0.1380954161286354 9.4
    endloop
  endfacet
  facet normal 0 0 1
    outer loop
      vertex 6.050000000000001 -6.050000000000001 9.4
      vertex 0.492862768471241 -2.3071159198880196 9.4
      vertex 0.3811924681067467 -2.3288037851452827 9.4
    endloop
  endfacet
  facet normal 0 0 1
    outer loop
      vertex 6.050000000000001 -6.050000000000001 9.4
      vertex 0.5999286845326424 -2.280608519911766 9.4
      vertex 0.492862768471241 -2.3071159198880196 9.4
    endloop
  endfacet
  facet normal 0 0 1
    outer loop
      vertex 6.050000000000001 -6.050000000000001 9.4
      vertex 0.7023902237415314 -2.2492816001176834 9.4
      vertex 0.5999286845326424 -2.280608519911766 9.4
    endloop
  endfacet
  facet normal 0 0 1
    outer loop
      vertex 6.050000000000001 -6.050000000000001 9.4
      vertex 0.8002473786473274 -2.2131351456046104 9.4
      vertex 0.7023902237415314 -2.2492816001176834 9.4
    endloop
  endfacet
  facet normal 0 0 1
    outer loop
      vertex 6.050000000000001 -6.050000000000001 9.4
      vertex 0.8935001641511917 -2.1721691712737083 9.4
      vertex 0.8002473786473274 -2.2131351456046104 9.4
    endloop
  endfacet
  facet normal 0 0 1
    outer loop
      vertex 6.050000000000001 -6.050000000000001 9.4
      vertex 0.982148565351963 -2.1263836696743965 9.4
      vertex 0.8935001641511917 -2.1721691712737083 9.4
    endloop
  endfacet
  facet normal 0 0 1
    outer loop
      vertex 6.050000000000001 -6.050000000000001 9.4
      vertex 1.066192589700222 -2.075778640806675 9.4
      vertex 0.982148565351963 -2.1263836696743965 9.4
    endloop
  endfacet
  facet normal 0 0 1
    outer loop
      vertex 6.050000000000001 -6.050000000000001 9.4
      vertex 1.1456322371959686 -2.0203540846705437 9.4
      vertex 1.066192589700222 -2.075778640806675 9.4
    endloop
  endfacet
  facet normal 0 0 1
    outer loop
      vertex 6.050000000000001 -6.050000000000001 9.4
      vertex 1.2204675003886223 -1.9601100012660027 9.4
      vertex 1.1456322371959686 -2.0203540846705437 9.4
    endloop
  endfacet
  facet normal 0 0 1
    outer loop
      vertex 6.050000000000001 -6.050000000000001 9.4
      vertex 1.2902108430862427 -1.8962129279971123 9.4
      vertex 1.2204675003886223 -1.9601100012660027 9.4
    endloop
  endfacet
  facet normal 0 0 1
    outer loop
      vertex 6.050000000000001 -6.050000000000001 9.4
      vertex 1.354374721646309 -1.8298432528972626 9.4
      vertex 1.2902108430862427 -1.8962129279971123 9.4
    endloop
  endfacet
  facet normal 0 0 1
    outer loop
      vertex 6.050000000000001 -6.050000000000001 9.4
      vertex 1.4129591286182404 -1.7610009759664536 9.4
      vertex 1.354374721646309 -1.8298432528972626 9.4
    endloop
  endfacet
  facet normal 0 0 1
    outer loop
      vertex 6.050000000000001 -6.050000000000001 9.4
      vertex 1.4659640714526176 -1.6896860972046852 9.4
      vertex 1.4129591286182404 -1.7610009759664536 9.4
    endloop
  endfacet
  facet normal 0 0 1
    outer loop
      vertex 6.050000000000001 -6.050000000000001 9.4
      vertex 1.5133895426988602 -1.615898609161377 9.4
      vertex 1.4659640714526176 -1.6896860972046852 9.4
    endloop
  endfacet
  facet normal 0 0 1
    outer loop
      vertex 6.050000000000001 -6.050000000000001 9.4
      vertex 1.5552355498075485 -1.5396385192871094 9.4
      vertex 1.5133895426988602 -1.615898609161377 9.4
    endloop
  endfacet
  facet normal 0 0 1
    outer loop
      vertex 6.050000000000001 -6.050000000000001 9.4
      vertex 1.5915020853281021 -1.4609058275818825 9.4
      vertex 1.5552355498075485 -1.5396385192871094 9.4
    endloop
  endfacet
  facet normal 0 0 1
    outer loop
      vertex 6.050000000000001 -6.050000000000001 9.4
      vertex 1.6221891567111015 -1.3797005340456963 9.4
      vertex 1.5915020853281021 -1.4609058275818825 9.4
    endloop
  endfacet
  facet normal 0 0 1
    outer loop
      vertex 6.050000000000001 -6.050000000000001 9.4
      vertex 1.6472967639565468 -1.2960226312279701 9.4
      vertex 1.6221891567111015 -1.3797005340456963 9.4
    endloop
  endfacet
  facet normal 0 0 1
    outer loop
      vertex 6.050000000000001 -6.050000000000001 9.4
      vertex 1.6668248996138573 -1.2098721265792847 9.4
      vertex 1.6472967639565468 -1.2960226312279701 9.4
    endloop
  endfacet
  facet normal 0 0 1
    outer loop
      vertex 6.050000000000001 -6.050000000000001 9.4
      vertex 1.6061300113797188 -0.44224535673856735 9.4
      vertex 1.6323474422097206 -0.516239732503891 9.4
    endloop
  endfacet
  facet normal 0 0 1
    outer loop
      vertex 6.050000000000001 -6.050000000000001 9.4
      vertex 1.680773563683033 -1.12124902009964 9.4
      vertex 1.6668248996138573 -1.2098721265792847 9.4
    endloop
  endfacet
  facet normal 0 0 1
    outer loop
      vertex 6.050000000000001 -6.050000000000001 9.4
      vertex 1.6891427636146545 -1.0301533117890358 9.4
      vertex 1.680773563683033 -1.12124902009964 9.4
    endloop
  endfacet
  facet normal 0 0 1
    outer loop
      vertex 6.050000000000001 -6.050000000000001 9.4
      vertex 1.691932499408722 -0.9365850016474724 9.4
      vertex 1.6891427636146545 -1.0301533117890358 9.4
    endloop
  endfacet
  facet normal 0 0 1
    outer loop
      vertex 6.050000000000001 -6.050000000000001 9.4
      vertex 1.689549095928669 -0.8457994982600212 9.4
      vertex 1.691932499408722 -0.9365850016474724 9.4
    endloop
  endfacet
  facet normal 0 0 1
    outer loop
      vertex 6.050000000000001 -6.050000000000001 9.4
      vertex 1.6823988929390907 -0.7583722174167633 9.4
      vertex 1.689549095928669 -0.8457994982600212 9.4
    endloop
  endfacet
  facet normal 0 0 1
    outer loop
      vertex 6.050000000000001 -6.050000000000001 9.4
      vertex 1.670481875538826 -0.6743031665682793 9.4
      vertex 1.6823988929390907 -0.7583722174167633 9.4
    endloop
  endfacet
  facet normal 0 0 1
    outer loop
      vertex 6.050000000000001 -6.050000000000001 9.4
      vertex 1.653798058629036 -0.5935923382639885 9.4
      vertex 1.670481875538826 -0.6743031665682793 9.4
    endloop
  endfacet
  facet normal 0 0 1
    outer loop
      vertex 6.050000000000001 -6.050000000000001 9.4
      vertex 1.6323474422097206 -0.516239732503891 9.4
      vertex 1.653798058629036 -0.5935923382639885 9.4
    endloop
  endfacet
  facet normal 0 0 1
    outer loop
      vertex 6.050000000000001 -6.050000000000001 9.4
      vertex 3.2366946265101433 -2.1403853222727776 9.4
      vertex 3.1291499584913254 -2.077800177037716 9.4
    endloop
  endfacet
  facet normal 0 0 1
    outer loop
      vertex 6.050000000000001 -6.050000000000001 9.4
      vertex 3.34915042668581 -2.195607513189316 9.4
      vertex 3.2366946265101433 -2.1403853222727776 9.4
    endloop
  endfacet
  facet normal 0 0 1
    outer loop
      vertex 6.050000000000001 -6.050000000000001 9.4
      vertex 3.466517351567745 -2.24346674233675 9.4
      vertex 3.34915042668581 -2.195607513189316 9.4
    endloop
  endfacet
  facet normal 0 0 1
    outer loop
      vertex 6.050000000000001 -6.050000000000001 9.4
      vertex 3.5887954011559486 -2.283963017165661 9.4
      vertex 3.466517351567745 -2.24346674233675 9.4
    endloop
  endfacet
  facet normal 0 0 1
    outer loop
      vertex 6.050000000000001 -6.050000000000001 9.4
      vertex 3.71598456799984 -2.3170963302254677 9.4
      vertex 3.5887954011559486 -2.283963017165661 9.4
    endloop
  endfacet
  facet normal 0 0 1
    outer loop
      vertex 6.050000000000001 -6.050000000000001 9.4
      vertex 2.9287939816713333 -1.9305410087108612 9.4
      vertex 2.8359826803207397 -1.8458669856190681 9.4
    endloop
  endfacet
  facet normal 0 0 1
    outer loop
      vertex 6.050000000000001 -6.050000000000001 9.4
      vertex 2.8359826803207397 -1.8458669856190681 9.4
      vertex 2.7480825036764145 -1.753830000758171 9.4
    endloop
  endfacet
  facet normal 0 0 1
    outer loop
      vertex 6.050000000000001 -6.050000000000001 9.4
      vertex 2.7480825036764145 -1.753830000758171 9.4
      vertex 1.6061300113797188 -0.44224535673856735 9.4
    endloop
  endfacet
  facet normal 0 0 1
    outer loop
      vertex 6.050000000000001 -6.050000000000001 9.4
      vertex 3.026516407728195 -2.0078520700335503 9.4
      vertex 2.9287939816713333 -1.9305410087108612 9.4
    endloop
  endfacet
  facet normal 0 0 1
    outer loop
      vertex 6.050000000000001 -6.050000000000001 9.4
      vertex 3.1291499584913254 -2.077800177037716 9.4
      vertex 3.026516407728195 -2.0078520700335503 9.4
    endloop
  endfacet
  facet normal 0 0 1
    outer loop
      vertex 2.6659242138266563 -1.6548978984355927 9.4
      vertex 1.6061300113797188 -0.44224535673856735 9.4
      vertex 2.7480825036764145 -1.753830000758171 9.4
    endloop
  endfacet
  facet normal 0 0 1
    outer loop
      vertex 2.590338595211506 -1.5504800602793694 9.4
      vertex 1.6061300113797188 -0.44224535673856735 9.4
      vertex 2.6659242138266563 -1.6548978984355927 9.4
    endloop
  endfacet
  facet normal 0 0 1
    outer loop
      vertex 4.336317293345928 -1.5619260370731354 9.4
      vertex 3.303835429251194 -0.919922485947609 9.4
      vertex 3.338996671140194 -0.9935416877269745 9.4
    endloop
  endfacet
  facet normal 0 0 1
    outer loop
      vertex 3.6752127036452293 -1.3834448531270027 9.4
      vertex 4.1173049584031105 -1.5549315959215164 9.4
      vertex 3.6200746595859528 -1.341129943728447 9.4
    endloop
  endfacet
  facet normal 0 0 1
    outer loop
      vertex 3.7915022894740105 -1.4547120705246925 9.4
      vertex 3.980970397591591 -1.528206393122673 9.4
      vertex 3.7323552519083023 -1.4213055595755577 9.4
    endloop
  endfacet
  facet normal 0 0 1
    outer loop
      vertex 3.7323552519083023 -1.4213055595755577 9.4
      vertex 4.048135429620743 -1.5437960922718048 9.4
      vertex 3.6752127036452293 -1.3834448531270027 9.4
    endloop
  endfacet
  facet normal 0 0 1
    outer loop
      vertex 3.9158098697662354 -1.50816248357296 9.4
      vertex 3.7915022894740105 -1.4547120705246925 9.4
      vertex 3.852653831243515 -1.4836643785238266 9.4
    endloop
  endfacet
  facet normal 0 0 1
    outer loop
      vertex 3.7915022894740105 -1.4547120705246925 9.4
      vertex 3.9158098697662354 -1.50816248357296 9.4
      vertex 3.980970397591591 -1.528206393122673 9.4
    endloop
  endfacet
  facet normal 0 0 1
    outer loop
      vertex 3.7323552519083023 -1.4213055595755577 9.4
      vertex 3.980970397591591 -1.528206393122673 9.4
      vertex 4.048135429620743 -1.5437960922718048 9.4
    endloop
  endfacet
  facet normal 0 0 1
    outer loop
      vertex 3.6752127036452293 -1.3834448531270027 9.4
      vertex 4.048135429620743 -1.5437960922718048 9.4
      vertex 4.1173049584031105 -1.5549315959215164 9.4
    endloop
  endfacet
  facet normal 0 0 1
    outer loop
      vertex 4.261657498776913 -1.563840001821518 9.4
      vertex 3.420422710478306 -1.1273104473948479 9.4
      vertex 3.466687500476837 -1.1874599978327751 9.4
    endloop
  endfacet
  facet normal 0 0 1
    outer loop
      vertex 3.566941112279892 -1.2943608313798904 9.4
      vertex 4.188478976488113 -1.5616128966212273 9.4
      vertex 3.5158120542764664 -1.2431375160813332 9.4
    endloop
  endfacet
  facet normal 0 0 1
    outer loop
      vertex 3.6200746595859528 -1.341129943728447 9.4
      vertex 4.188478976488113 -1.5616128966212273 9.4
      vertex 3.566941112279892 -1.2943608313798904 9.4
    endloop
  endfacet
  facet normal 0 0 1
    outer loop
      vertex 3.5158120542764664 -1.2431375160813332 9.4
      vertex 4.261657498776913 -1.563840001821518 9.4
      vertex 3.466687500476837 -1.1874599978327751 9.4
    endloop
  endfacet
  facet normal 0 0 1
    outer loop
      vertex 4.261657498776913 -1.563840001821518 9.4
      vertex 3.3778591006994247 -1.0626710057258606 9.4
      vertex 3.420422710478306 -1.1273104473948479 9.4
    endloop
  endfacet
  facet normal 0 0 1
    outer loop
      vertex 4.336317293345928 -1.5619260370731354 9.4
      vertex 3.338996671140194 -0.9935416877269745 9.4
      vertex 3.3778591006994247 -1.0626710057258606 9.4
    endloop
  endfacet
  facet normal 0 0 1
    outer loop
      vertex 3.6200746595859528 -1.341129943728447 9.4
      vertex 4.1173049584031105 -1.5549315959215164 9.4
      vertex 4.188478976488113 -1.5616128966212273 9.4
    endloop
  endfacet
  facet normal 0 0 1
    outer loop
      vertex 3.5158120542764664 -1.2431375160813332 9.4
      vertex 4.188478976488113 -1.5616128966212273 9.4
      vertex 4.261657498776913 -1.563840001821518 9.4
    endloop
  endfacet
  facet normal 0 0 1
    outer loop
      vertex 4.336317293345928 -1.5619260370731354 9.4
      vertex 3.3778591006994247 -1.0626710057258606 9.4
      vertex 4.261657498776913 -1.563840001821518 9.4
    endloop
  endfacet
  facet normal 0 0 1
    outer loop
      vertex 4.408196672797203 -1.5561841428279877 9.4
      vertex 3.303835429251194 -0.919922485947609 9.4
      vertex 4.336317293345928 -1.5619260370731354 9.4
    endloop
  endfacet
  facet normal 0 0 1
    outer loop
      vertex 4.477295637130737 -1.5466143190860748 9.4
      vertex 3.2723753675818443 -0.841813400387764 9.4
      vertex 4.408196672797203 -1.5561841428279877 9.4
    endloop
  endfacet
  facet normal 0 0 1
    outer loop
      vertex 4.543614186346531 -1.5332165658473969 9.4
      vertex 3.2446164935827255 -0.7592144384980202 9.4
      vertex 4.477295637130737 -1.5466143190860748 9.4
    endloop
  endfacet
  facet normal 0 0 1
    outer loop
      vertex 4.607152320444584 -1.5159908905625343 9.4
      vertex 3.220558799803257 -0.6721255928277969 9.4
      vertex 4.543614186346531 -1.5332165658473969 9.4
    endloop
  endfacet
  facet normal 0 0 1
    outer loop
      vertex 4.667910046875477 -1.494937278330326 9.4
      vertex 3.220558799803257 -0.6721255928277969 9.4
      vertex 4.607152320444584 -1.5159908905625343 9.4
    endloop
  endfacet
  facet normal 0 0 1
    outer loop
      vertex 4.7258873507380486 -1.4700557366013527 9.4
      vertex 3.220558799803257 -0.6721255928277969 9.4
      vertex 4.667910046875477 -1.494937278330326 9.4
    endloop
  endfacet
  facet normal 0 0 1
    outer loop
      vertex 4.78108424693346 -1.4413462728261948 9.4
      vertex 3.220558799803257 -0.6721255928277969 9.4
      vertex 4.7258873507380486 -1.4700557366013527 9.4
    endloop
  endfacet
  facet normal 0 0 1
    outer loop
      vertex 4.833500728011131 -1.408808872103691 9.4
      vertex 3.220558799803257 -0.6721255928277969 9.4
      vertex 4.78108424693346 -1.4413462728261948 9.4
    endloop
  endfacet
  facet normal 0 0 1
    outer loop
      vertex 4.883136786520481 -1.372443549335003 9.4
      vertex 3.220558799803257 -0.6721255928277969 9.4
      vertex 4.833500728011131 -1.408808872103691 9.4
    endloop
  endfacet
  facet normal 0 0 1
    outer loop
      vertex 4.408196672797203 -1.5561841428279877 9.4
      vertex 3.2723753675818443 -0.841813400387764 9.4
      vertex 3.303835429251194 -0.919922485947609 9.4
    endloop
  endfacet
  facet normal 0 0 1
    outer loop
      vertex 4.477295637130737 -1.5466143190860748 9.4
      vertex 3.2446164935827255 -0.7592144384980202 9.4
      vertex 3.2723753675818443 -0.841813400387764 9.4
    endloop
  endfacet
  facet normal 0 0 1
    outer loop
      vertex 4.543614186346531 -1.5332165658473969 9.4
      vertex 3.220558799803257 -0.6721255928277969 9.4
      vertex 3.2446164935827255 -0.7592144384980202 9.4
    endloop
  endfacet
  facet normal 0 0 1
    outer loop
      vertex 5.015362501144409 -1.2403799965977669 9.4
      vertex 3.2002022936940193 -0.5805468633770943 9.4
      vertex 3.220558799803257 -0.6721255928277969 9.4
    endloop
  endfacet
  facet normal 0 0 1
    outer loop
      vertex 3.2002022936940193 -0.5805468633770943 9.4
      vertex 5.253412500023842 -0.7185600027441978 9.4
      vertex 3.183546967804432 -0.48447825759649277 9.4
    endloop
  endfacet
  facet normal 0 0 1
    outer loop
      vertex 3.183546967804432 -0.48447825759649277 9.4
      vertex 5.253412500023842 -0.7185600027441978 9.4
      vertex 3.170592822134495 -0.38391976058483124 9.4
    endloop
  endfacet
  facet normal 0 0 1
    outer loop
      vertex 3.1613398641347885 -0.2788713872432709 9.4
      vertex 3.170592822134495 -0.38391976058483124 9.4
      vertex 5.253412500023842 -0.7185600027441978 9.4
    endloop
  endfacet
  facet normal 0 0 1
    outer loop
      vertex 3.1613398641347885 -0.2788713872432709 9.4
      vertex 5.253412500023842 -0.7185600027441978 9.4
      vertex 3.155788093805313 -0.16933313757181168 9.4
    endloop
  endfacet
  facet normal 0 0 1
    outer loop
      vertex 3.155788093805313 -0.16933313757181168 9.4
      vertex 5.253412500023842 -0.7185600027441978 9.4
      vertex 3.153937503695488 -0.05530499666929245 9.4
    endloop
  endfacet
  facet normal 0 0 1
    outer loop
      vertex 5.253412500023842 -0.7185600027441978 9.4
      vertex 3.1556887701153755 0.05894600600004196 9.4
      vertex 3.153937503695488 -0.05530499666929245 9.4
    endloop
  endfacet
  facet normal 0 0 1
    outer loop
      vertex 5.253412500023842 -0.7185600027441978 9.4
      vertex 3.16094259172678 0.16913902014493942 9.4
      vertex 3.1556887701153755 0.05894600600004196 9.4
    endloop
  endfacet
  facet normal 0 0 1
    outer loop
      vertex 5.253412500023842 -0.7185600027441978 9.4
      vertex 3.1696989461779594 0.27527405321598053 9.4
      vertex 3.16094259172678 0.16913902014493942 9.4
    endloop
  endfacet
  facet normal 0 0 1
    outer loop
      vertex 5.253412500023842 -0.7185600027441978 9.4
      vertex 3.181957855820656 0.3773510977625847 9.4
      vertex 3.1696989461779594 0.27527405321598053 9.4
    endloop
  endfacet
  facet normal 0 0 1
    outer loop
      vertex 4.929992437362671 -1.3322502970695496 9.4
      vertex 3.220558799803257 -0.6721255928277969 9.4
      vertex 4.883136786520481 -1.372443549335003 9.4
    endloop
  endfacet
  facet normal 0 0 1
    outer loop
      vertex 4.974067680537701 -1.288229115307331 9.4
      vertex 3.220558799803257 -0.6721255928277969 9.4
      vertex 4.929992437362671 -1.3322502970695496 9.4
    endloop
  endfacet
  facet normal 0 0 1
    outer loop
      vertex 5.015362501144409 -1.2403799965977669 9.4
      vertex 3.220558799803257 -0.6721255928277969 9.4
      vertex 4.974067680537701 -1.288229115307331 9.4
    endloop
  endfacet
  facet normal 0 0 1
    outer loop
      vertex 5.037144094705582 -1.212592899799347 9.4
      vertex 3.2002022936940193 -0.5805468633770943 9.4
      vertex 5.015362501144409 -1.2403799965977669 9.4
    endloop
  endfacet
  facet normal 0 0 1
    outer loop
      vertex 5.058347351849079 -1.182746984064579 9.4
      vertex 3.2002022936940193 -0.5805468633770943 9.4
      vertex 5.037144094705582 -1.212592899799347 9.4
    endloop
  endfacet
  facet normal 0 0 1
    outer loop
      vertex 3.2002022936940193 -0.5805468633770943 9.4
      vertex 5.058347351849079 -1.182746984064579 9.4
      vertex 5.078972265124321 -1.1508422493934631 9.4
    endloop
  endfacet
  facet normal 0 0 1
    outer loop
      vertex 3.2002022936940193 -0.5805468633770943 9.4
      vertex 5.078972265124321 -1.1508422493934631 9.4
      vertex 5.099018834531307 -1.1168786957859993 9.4
    endloop
  endfacet
  facet normal 0 0 1
    outer loop
      vertex 3.2002022936940193 -0.5805468633770943 9.4
      vertex 5.099018834531307 -1.1168786957859993 9.4
      vertex 5.118487052619457 -1.080856330692768 9.4
    endloop
  endfacet
  facet normal 0 0 1
    outer loop
      vertex 3.2002022936940193 -0.5805468633770943 9.4
      vertex 5.118487052619457 -1.080856330692768 9.4
      vertex 5.137376934289932 -1.042775146663189 9.4
    endloop
  endfacet
  facet normal 0 0 1
    outer loop
      vertex 3.2002022936940193 -0.5805468633770943 9.4
      vertex 5.137376934289932 -1.042775146663189 9.4
      vertex 5.155688479542732 -1.0026351511478424 9.4
    endloop
  endfacet
  facet normal 0 0 1
    outer loop
      vertex 3.2002022936940193 -0.5805468633770943 9.4
      vertex 5.155688479542732 -1.0026351511478424 9.4
      vertex 5.173421673476696 -0.9604363292455673 9.4
    endloop
  endfacet
  facet normal 0 0 1
    outer loop
      vertex 3.2002022936940193 -0.5805468633770943 9.4
      vertex 5.173421673476696 -0.9604363292455673 9.4
      vertex 5.190576523542404 -0.9161786958575249 9.4
    endloop
  endfacet
  facet normal 0.9526404687211406 0 0.3040988940373932
    outer loop
      vertex 9.05 -9.05 0.002
      vertex 6.050000000000001 -1.2038587626355814 9.4
      vertex 6.050000000000001 -6.050000000000001 9.4
    endloop
  endfacet
  facet normal 0.952640468721141 -6.843234564493121e-16 0.3040988940373913
    outer loop
      vertex 9.05 -9.05 0.002
      vertex 6.137627616524696 -0.9383517131209373 9.125491886633638
      vertex 6.107651226222515 -1.043375588953495 9.219397925320271
    endloop
  endfacet
  facet normal 0.9526404687211416 2.5861967951609567e-15 0.3040988940373899
    outer loop
      vertex 9.05 -9.05 0.002
      vertex 6.184147499501705 -0.7185600027441978 8.979760599894327
      vertex 6.16312637925148 -0.8300798535346985 9.0456127625982
    endloop
  endfacet
  facet normal 0.9526404687211403 9.138431997378886e-16 0.30409889403739415
    outer loop
      vertex 9.05 -9.05 0.002
      vertex 6.16312637925148 -0.8300798535346985 9.0456127625982
      vertex 6.137627616524696 -0.9383517131209373 9.125491886633638
    endloop
  endfacet
  facet normal 0.9526404687211404 1.5083562065933797e-15 0.30409889403739376
    outer loop
      vertex 9.05 -9.05 0.002
      vertex 6.073197200894356 -1.1451514810323715 9.327330901998284
      vertex 6.050000000000001 -1.2038587626355814 9.4
    endloop
  endfacet
  facet normal 0.9526404687211399 -3.8595989065112706e-16 0.30409889403739476
    outer loop
      vertex 9.05 -9.05 0.002
      vertex 6.107651226222515 -1.043375588953495 9.219397925320271
      vertex 6.073197200894356 -1.1451514810323715 9.327330901998284
    endloop
  endfacet
  facet normal 0.9526404687211405 -2.4885231276377154e-16 0.3040988940373933
    outer loop
      vertex 9.05 -9.05 0.002
      vertex 6.193282499909401 0.7452000007033348 8.951143688617153
      vertex 6.184147499501705 -0.7185600027441978 8.979760599894327
    endloop
  endfacet
  facet normal 0.9526404687211405 7.966104657014018e-18 0.30409889403739315
    outer loop
      vertex 9.05 -9.05 0.002
      vertex 6.050000000000001 6.050000000000001 9.4
      vertex 6.193282499909401 0.7452000007033348 8.951143688617153
    endloop
  endfacet
  facet normal 0 0 1
    outer loop
      vertex 6.050000000000001 -6.050000000000001 9.4
      vertex 3.84808486700058 -2.342866688966751 9.4
      vertex 3.71598456799984 -2.3170963302254677 9.4
    endloop
  endfacet
  facet normal 0 0 1
    outer loop
      vertex 6.050000000000001 -6.050000000000001 9.4
      vertex 3.9850962832570076 -2.3612740859389305 9.4
      vertex 3.84808486700058 -2.342866688966751 9.4
    endloop
  endfacet
  facet normal 0 0 1
    outer loop
      vertex 6.050000000000001 -6.050000000000001 9.4
      vertex 4.127018831670284 -2.372318521142006 9.4
      vertex 3.9850962832570076 -2.3612740859389305 9.4
    endloop
  endfacet
  facet normal 0 0 1
    outer loop
      vertex 6.050000000000001 -6.050000000000001 9.4
      vertex 4.273852497339249 -2.376000002026558 9.4
      vertex 4.127018831670284 -2.372318521142006 9.4
    endloop
  endfacet
  facet normal 0 0 1
    outer loop
      vertex 6.050000000000001 -6.050000000000001 9.4
      vertex 4.392846614122391 -2.3732720389962196 9.4
      vertex 4.273852497339249 -2.376000002026558 9.4
    endloop
  endfacet
  facet normal 0 0 1
    outer loop
      vertex 6.050000000000001 -6.050000000000001 9.4
      vertex 4.508518181741238 -2.365088164806366 9.4
      vertex 4.392846614122391 -2.3732720389962196 9.4
    endloop
  endfacet
  facet normal 0 0 1
    outer loop
      vertex 6.050000000000001 -6.050000000000001 9.4
      vertex 4.62086720764637 -2.3514483720064163 9.4
      vertex 4.508518181741238 -2.365088164806366 9.4
    endloop
  endfacet
  facet normal 0 0 1
    outer loop
      vertex 6.050000000000001 -6.050000000000001 9.4
      vertex 4.729893684387207 -2.3323526605963707 9.4
      vertex 4.62086720764637 -2.3514483720064163 9.4
    endloop
  endfacet
  facet normal 0 0 1
    outer loop
      vertex 6.050000000000001 -6.050000000000001 9.4
      vertex 4.8355976194143295 -2.3078010380268097 9.4
      vertex 4.729893684387207 -2.3323526605963707 9.4
    endloop
  endfacet
  facet normal 0 0 1
    outer loop
      vertex 6.050000000000001 -6.050000000000001 9.4
      vertex 4.937979005277157 -2.277793489396572 9.4
      vertex 4.8355976194143295 -2.3078010380268097 9.4
    endloop
  endfacet
  facet normal 0 0 1
    outer loop
      vertex 6.050000000000001 -6.050000000000001 9.4
      vertex 5.03703785687685 -2.242330029606819 9.4
      vertex 4.937979005277157 -2.277793489396572 9.4
    endloop
  endfacet
  facet normal 0 0 1
    outer loop
      vertex 6.050000000000001 -6.050000000000001 9.4
      vertex 5.132774159312248 -2.20141065120697 9.4
      vertex 5.03703785687685 -2.242330029606819 9.4
    endloop
  endfacet
  facet normal 0 0 1
    outer loop
      vertex 6.050000000000001 -6.050000000000001 9.4
      vertex 5.225187912583351 -2.1550353541970253 9.4
      vertex 5.132774159312248 -2.20141065120697 9.4
    endloop
  endfacet
  facet normal 0 0 1
    outer loop
      vertex 6.050000000000001 -6.050000000000001 9.4
      vertex 5.314279124140739 -2.1032041385769844 9.4
      vertex 5.225187912583351 -2.1550353541970253 9.4
    endloop
  endfacet
  facet normal 0 0 1
    outer loop
      vertex 6.050000000000001 -6.050000000000001 9.4
      vertex 5.400047793984413 -2.045917011797428 9.4
      vertex 5.314279124140739 -2.1032041385769844 9.4
    endloop
  endfacet
  facet normal 0 0 1
    outer loop
      vertex 6.050000000000001 -6.050000000000001 9.4
      vertex 5.482493922114372 -1.9831739664077759 9.4
      vertex 5.400047793984413 -2.045917011797428 9.4
    endloop
  endfacet
  facet normal 0 0 1
    outer loop
      vertex 6.050000000000001 -6.050000000000001 9.4
      vertex 5.561617501080036 -1.9149750024080276 9.4
      vertex 5.482493922114372 -1.9831739664077759 9.4
    endloop
  endfacet
  facet normal 0 0 1
    outer loop
      vertex 6.050000000000001 -6.050000000000001 9.4
      vertex 5.6363702192902565 -1.8424310088157654 9.4
      vertex 5.561617501080036 -1.9149750024080276 9.4
    endloop
  endfacet
  facet normal 0 0 1
    outer loop
      vertex 6.050000000000001 -6.050000000000001 9.4
      vertex 5.706645309925079 -1.7666390240192413 9.4
      vertex 5.6363702192902565 -1.8424310088157654 9.4
    endloop
  endfacet
  facet normal 0 0 1
    outer loop
      vertex 6.050000000000001 -6.050000000000001 9.4
      vertex 5.772442765533924 -1.687599055469036 9.4
      vertex 5.706645309925079 -1.7666390240192413 9.4
    endloop
  endfacet
  facet normal 0 0 1
    outer loop
      vertex 6.050000000000001 -6.050000000000001 9.4
      vertex 5.833762586116791 -1.605311095714569 9.4
      vertex 5.772442765533924 -1.687599055469036 9.4
    endloop
  endfacet
  facet normal 0 0 1
    outer loop
      vertex 6.050000000000001 -6.050000000000001 9.4
      vertex 5.89060477912426 -1.5197751447558403 9.4
      vertex 5.833762586116791 -1.605311095714569 9.4
    endloop
  endfacet
  facet normal 0 0 1
    outer loop
      vertex 6.050000000000001 -6.050000000000001 9.4
      vertex 5.942969337105751 -1.4309912100434303 9.4
      vertex 5.89060477912426 -1.5197751447558403 9.4
    endloop
  endfacet
  facet normal 0 0 1
    outer loop
      vertex 6.050000000000001 -6.050000000000001 9.4
      vertex 5.990856260061264 -1.3389592915773392 9.4
      vertex 5.942969337105751 -1.4309912100434303 9.4
    endloop
  endfacet
  facet normal 0 0 1
    outer loop
      vertex 6.050000000000001 -6.050000000000001 9.4
      vertex 6.034265547990799 -1.2436793819069862 9.4
      vertex 5.990856260061264 -1.3389592915773392 9.4
    endloop
  endfacet
  facet normal 0 0 1
    outer loop
      vertex 6.050000000000001 -6.050000000000001 9.4
      vertex 6.050000000000001 -1.2038587626355814 9.4
      vertex 6.034265547990799 -1.2436793819069862 9.4
    endloop
  endfacet
  facet normal 0 0 1
    outer loop
      vertex 3.2002022936940193 -0.5805468633770943 9.4
      vertex 5.190576523542404 -0.9161786958575249 9.4
      vertex 5.207153029739857 -0.8698622509837151 9.4
    endloop
  endfacet
  facet normal 0 0 1
    outer loop
      vertex 3.2002022936940193 -0.5805468633770943 9.4
      vertex 5.207153029739857 -0.8698622509837151 9.4
      vertex 5.223151199519634 -0.8214869797229767 9.4
    endloop
  endfacet
  facet normal 0 0 1
    outer loop
      vertex 3.2002022936940193 -0.5805468633770943 9.4
      vertex 5.223151199519634 -0.8214869797229767 9.4
      vertex 5.238571017980576 -0.771052896976471 9.4
    endloop
  endfacet
  facet normal 0 0 1
    outer loop
      vertex 3.2002022936940193 -0.5805468633770943 9.4
      vertex 5.238571017980576 -0.771052896976471 9.4
      vertex 5.253412500023842 -0.7185600027441978 9.4
    endloop
  endfacet
  facet normal 0 0 1
    outer loop
      vertex 6.050000000000001 -0.7185600027441978 9.4
      vertex 5.253412500023842 0.7452000007033348 9.4
      vertex 5.253412500023842 -0.7185600027441978 9.4
    endloop
  endfacet
  facet normal 0.9526404687211406 0 0.30409889403739276
    outer loop
      vertex 6.050000000000001 -0.7185600027441978 9.4
      vertex 6.184147499501705 -0.7185600027441978 8.979760599894327
      vertex 6.050000000000001 0.7452000007033348 9.4
    endloop
  endfacet
  facet normal 0 0 -1
    outer loop
      vertex -8.014882352941177 8.014882352941177 0
      vertex 9.05 9.05 0
      vertex 8.014882352941177 8.014882352941177 0
    endloop
  endfacet
  facet normal 0 1 0
    outer loop
      vertex -9.05 9.05 0.002
      vertex 9.05 9.05 0.002
      vertex 9.05 9.05 0
    endloop
  endfacet
  facet normal 0 0.9526404687211404 0.3040988940373932
    outer loop
      vertex -9.05 9.05 0.002
      vertex 6.050000000000001 6.050000000000001 9.4
      vertex 9.05 9.05 0.002
    endloop
  endfacet
  facet normal 0 0 -1
    outer loop
      vertex 8.014882352941177 -8.014882352941177 0
      vertex 8.014882352941177 8.014882352941177 0
      vertex 9.05 9.05 0
    endloop
  endfacet
  facet normal 1 0 0
    outer loop
      vertex 9.05 -9.05 0.002
      vertex 9.05 9.05 0
      vertex 9.05 9.05 0.002
    endloop
  endfacet
  facet normal 0.9526404687211404 0 0.3040988940373932
    outer loop
      vertex 9.05 -9.05 0.002
      vertex 9.05 9.05 0.002
      vertex 6.050000000000001 6.050000000000001 9.4
    endloop
  endfacet
  facet normal 0 0 1
    outer loop
      vertex -0.2549474984407425 0.4941899999976158 9.4
      vertex 0.5201324969530106 0.30811499804258347 9.4
      vertex -0.06718193739652634 1.5848307684063911 9.4
    endloop
  endfacet
  facet normal 0 0 1
    outer loop
      vertex 0.5201324969530106 0.30811499804258347 9.4
      vertex 0.1811445727944374 1.528712309896946 9.4
      vertex 0.14291613548994064 1.5414057672023773 9.4
    endloop
  endfacet
  facet normal 0 0 1
    outer loop
      vertex 0.5201324969530106 0.30811499804258347 9.4
      vertex 0.21810927242040634 1.5146826952695847 9.4
      vertex 0.1811445727944374 1.528712309896946 9.4
    endloop
  endfacet
  facet normal 0 0 1
    outer loop
      vertex 0.5201324969530106 0.30811499804258347 9.4
      vertex 0.25381024926900864 1.4993169233202934 9.4
      vertex 0.21810927242040634 1.5146826952695847 9.4
    endloop
  endfacet
  facet normal 0 0 1
    outer loop
      vertex 0.5201324969530106 0.30811499804258347 9.4
      vertex 0.33713986724615097 1.4549309462308884 9.4
      vertex 0.2882475033402443 1.4826150014996529 9.4
    endloop
  endfacet
  facet normal 0 0 1
    outer loop
      vertex 0.5201324969530106 0.30811499804258347 9.4
      vertex 0.2882475033402443 1.4826150014996529 9.4
      vertex 0.25381024926900864 1.4993169233202934 9.4
    endloop
  endfacet
  facet normal 0 0 1
    outer loop
      vertex 0.5201324969530106 0.30811499804258347 9.4
      vertex 0.3824215829372406 1.4244664758443832 9.4
      vertex 0.33713986724615097 1.4549309462308884 9.4
    endloop
  endfacet
  facet normal 0 0 1
    outer loop
      vertex 0.5201324969530106 0.30811499804258347 9.4
      vertex 0.5982953682541847 1.1333636119961739 9.4
      vertex 0.5782882124185562 1.1832909733057022 9.4
    endloop
  endfacet
  facet normal 0 0 1
    outer loop
      vertex 0.5201324969530106 0.30811499804258347 9.4
      vertex 0.5782882124185562 1.1832909733057022 9.4
      vertex 0.5546704009175301 1.2304379269480705 9.4
    endloop
  endfacet
  facet normal 0 0 1
    outer loop
      vertex 0.5201324969530106 0.30811499804258347 9.4
      vertex 0.5274419412016869 1.2748044654726982 9.4
      vertex 0.496602825820446 1.3163905888795853 9.4
    endloop
  endfacet
  facet normal 0 0 1
    outer loop
      vertex 0.5201324969530106 0.30811499804258347 9.4
      vertex 0.5546704009175301 1.2304379269480705 9.4
      vertex 0.5274419412016869 1.2748044654726982 9.4
    endloop
  endfacet
  facet normal 0 0 1
    outer loop
      vertex 0.5201324969530106 0.30811499804258347 9.4
      vertex 0.4240926504135132 1.391221597790718 9.4
      vertex 0.3824215829372406 1.4244664758443832 9.4
    endloop
  endfacet
  facet normal 0 0 1
    outer loop
      vertex 0.5201324969530106 0.30811499804258347 9.4
      vertex 0.4621530622243881 1.3551963046193123 9.4
      vertex 0.4240926504135132 1.391221597790718 9.4
    endloop
  endfacet
  facet normal 0 0 1
    outer loop
      vertex 0.5201324969530106 0.30811499804258347 9.4
      vertex 0.496602825820446 1.3163905888795853 9.4
      vertex 0.4621530622243881 1.3551963046193123 9.4
    endloop
  endfacet
  facet normal 0 0 1
    outer loop
      vertex 0.5970556065440178 0.288852334022522 9.4
      vertex 0.6422175019979477 0.905850000679493 9.4
      vertex 0.5201324969530106 0.30811499804258347 9.4
    endloop
  endfacet
  facet normal 0 0 1
    outer loop
      vertex 0.671017237007618 0.26861511915922165 9.4
      vertex 0.6422175019979477 0.905850000679493 9.4
      vertex 0.5970556065440178 0.288852334022522 9.4
    endloop
  endfacet
  facet normal 0 0 1
    outer loop
      vertex 0.7420173808932304 0.2474033460021019 9.4
      vertex 0.6422175019979477 0.905850000679493 9.4
      vertex 0.671017237007618 0.26861511915922165 9.4
    endloop
  endfacet
  facet normal 0 0 1
    outer loop
      vertex 0.8100560531020164 0.22521701455116272 9.4
      vertex 0.6422175019979477 0.905850000679493 9.4
      vertex 0.7420173808932304 0.2474033460021019 9.4
    endloop
  endfacet
  facet normal 0 0 1
    outer loop
      vertex 0.8751332387328148 0.2020561248064041 9.4
      vertex 0.6422175019979477 0.905850000679493 9.4
      vertex 0.8100560531020164 0.22521701455116272 9.4
    endloop
  endfacet
  facet normal 0 0 1
    outer loop
      vertex 0.9372489526867867 0.17792067676782608 9.4
      vertex 0.6422175019979477 0.905850000679493 9.4
      vertex 0.8751332387328148 0.2020561248064041 9.4
    endloop
  endfacet
  facet normal 0 0 1
    outer loop
      vertex 0.9964031800627708 0.15281067788600922 9.4
      vertex 0.6422175019979477 0.905850000679493 9.4
      vertex 0.9372489526867867 0.17792067676782608 9.4
    endloop
  endfacet
  facet normal 0 0 1
    outer loop
      vertex 1.052595928311348 0.12672612071037292 9.4
      vertex 0.6422175019979477 0.905850000679493 9.4
      vertex 0.9964031800627708 0.15281067788600922 9.4
    endloop
  endfacet
  facet normal 0 0 1
    outer loop
      vertex 1.1058272048830986 0.0996670126914978 9.4
      vertex 0.6422175019979477 0.905850000679493 9.4
      vertex 1.052595928311348 0.12672612071037292 9.4
    endloop
  endfacet
  facet normal 0 0 1
    outer loop
      vertex 1.1560969948768616 0.07163334637880325 9.4
      vertex 0.6422175019979477 0.905850000679493 9.4
      vertex 1.1058272048830986 0.0996670126914978 9.4
    endloop
  endfacet
  facet normal 0 0 1
    outer loop
      vertex 1.203405313193798 0.042625121772289276 9.4
      vertex 0.6422175019979477 0.905850000679493 9.4
      vertex 1.1560969948768616 0.07163334637880325 9.4
    endloop
  endfacet
  facet normal 0 0 1
    outer loop
      vertex 1.2477521449327469 0.012642338871955872 9.4
      vertex 0.6422175019979477 0.905850000679493 9.4
      vertex 1.203405313193798 0.042625121772289276 9.4
    endloop
  endfacet
  facet normal 0 0 1
    outer loop
      vertex 0.5201324969530106 0.30811499804258347 9.4
      vertex 0.6422175019979477 0.905850000679493 9.4
      vertex 0.636652946472168 0.9668990224599838 9.4
    endloop
  endfacet
  facet normal 0 0 1
    outer loop
      vertex 0.5201324969530106 0.30811499804258347 9.4
      vertex 0.636652946472168 0.9668990224599838 9.4
      vertex 0.6274777352809906 1.0251676365733147 9.4
    endloop
  endfacet
  facet normal 0 0 1
    outer loop
      vertex 0.5201324969530106 0.30811499804258347 9.4
      vertex 0.6274777352809906 1.0251676365733147 9.4
      vertex 0.6146918758749962 1.0806558281183243 9.4
    endloop
  endfacet
  facet normal 0 0 1
    outer loop
      vertex 0.5201324969530106 0.30811499804258347 9.4
      vertex 0.6146918758749962 1.0806558281183243 9.4
      vertex 0.5982953682541847 1.1333636119961739 9.4
    endloop
  endfacet
  facet normal 0 0 1
    outer loop
      vertex -0.06718193739652634 1.5848307684063911 9.4
      vertex 0.5201324969530106 0.30811499804258347 9.4
      vertex -0.02263486385345459 1.5788180753588676 9.4
    endloop
  endfacet
  facet normal 0 0 1
    outer loop
      vertex -0.02263486385345459 1.5788180753588676 9.4
      vertex 0.5201324969530106 0.30811499804258347 9.4
      vertex 0.020648479461669922 1.5714692324399948 9.4
    endloop
  endfacet
  facet normal 0 0 1
    outer loop
      vertex 0.020648479461669922 1.5714692324399948 9.4
      vertex 0.5201324969530106 0.30811499804258347 9.4
      vertex 0.0626680925488472 1.562784232199192 9.4
    endloop
  endfacet
  facet normal 0 0 1
    outer loop
      vertex 0.0626680925488472 1.562784232199192 9.4
      vertex 0.5201324969530106 0.30811499804258347 9.4
      vertex 0.10342398285865784 1.5527630746364594 9.4
    endloop
  endfacet
  facet normal 0 0 1
    outer loop
      vertex 0.14291613548994064 1.5414057672023773 9.4
      vertex 0.10342398285865784 1.5527630746364594 9.4
      vertex 0.5201324969530106 0.30811499804258347 9.4
    endloop
  endfacet
  facet normal 0 0 1
    outer loop
      vertex 1.3487225621938705 -0.06880180537700653 9.4
      vertex 1.5454574972391129 0.905850000679493 9.4
      vertex 1.2891374975442886 -0.01831500232219696 9.4
    endloop
  endfacet
  facet normal 0 0 1
    outer loop
      vertex 1.2477521449327469 0.012642338871955872 9.4
      vertex 1.2891374975442886 -0.01831500232219696 9.4
      vertex 1.5454574972391129 0.905850000679493 9.4
    endloop
  endfacet
  facet normal 0 0 1
    outer loop
      vertex 1.5751457810401917 -0.371609203517437 9.4
      vertex 1.5454574972391129 0.905850000679493 9.4
      vertex 1.5393947511911392 -0.3043312728404999 9.4
    endloop
  endfacet
  facet normal 0 0 1
    outer loop
      vertex 1.5393947511911392 -0.3043312728404999 9.4
      vertex 1.5454574972391129 0.905850000679493 9.4
      vertex 1.4988769069314003 -0.24041156470775604 9.4
    endloop
  endfacet
  facet normal 0 0 1
    outer loop
      vertex 1.453592263162136 -0.17985008656978607 9.4
      vertex 1.5454574972391129 0.905850000679493 9.4
      vertex 1.403540812432766 -0.12264683097600937 9.4
    endloop
  endfacet
  facet normal 0 0 1
    outer loop
      vertex 1.403540812432766 -0.12264683097600937 9.4
      vertex 1.5454574972391129 0.905850000679493 9.4
      vertex 1.3487225621938705 -0.06880180537700653 9.4
    endloop
  endfacet
  facet normal 0 0 1
    outer loop
      vertex 1.4988769069314003 -0.24041156470775604 9.4
      vertex 1.5454574972391129 0.905850000679493 9.4
      vertex 1.453592263162136 -0.17985008656978607 9.4
    endloop
  endfacet
  facet normal 0 0 1
    outer loop
      vertex 1.6061300113797188 -0.44224535673856735 9.4
      vertex 1.5454574972391129 0.905850000679493 9.4
      vertex 1.5751457810401917 -0.371609203517437 9.4
    endloop
  endfacet
  facet normal 0 0 1
    outer loop
      vertex 0.6422175019979477 0.905850000679493 9.4
      vertex 1.2477521449327469 0.012642338871955872 9.4
      vertex 1.5454574972391129 0.905850000679493 9.4
    endloop
  endfacet
  facet normal 0 0 1
    outer loop
      vertex 1.6061300113797188 -0.44224535673856735 9.4
      vertex 2.207643151283264 0.309627428650856 9.4
      vertex 1.5454574972391129 0.905850000679493 9.4
    endloop
  endfacet
  facet normal 0 0 1
    outer loop
      vertex 1.6061300113797188 -0.44224535673856735 9.4
      vertex 2.1964301615953445 0.1380954161286354 9.4
      vertex 2.207643151283264 0.309627428650856 9.4
    endloop
  endfacet
  facet normal 0 0 1
    outer loop
      vertex 2.22633146494627 0.47477103769779205 9.4
      vertex 1.5454574972391129 0.905850000679493 9.4
      vertex 2.207643151283264 0.309627428650856 9.4
    endloop
  endfacet
  facet normal 0 0 1
    outer loop
      vertex 2.252495102584362 0.6335262432694435 9.4
      vertex 1.5454574972391129 0.905850000679493 9.4
      vertex 2.22633146494627 0.47477103769779205 9.4
    endloop
  endfacet
  facet normal 0 0 1
    outer loop
      vertex 2.286134071648121 0.7858930453658104 9.4
      vertex 1.5454574972391129 0.905850000679493 9.4
      vertex 2.252495102584362 0.6335262432694435 9.4
    endloop
  endfacet
  facet normal 0 0 1
    outer loop
      vertex 2.3272483572363853 0.9318714514374733 9.4
      vertex 1.5454574972391129 0.905850000679493 9.4
      vertex 2.286134071648121 0.7858930453658104 9.4
    endloop
  endfacet
  facet normal 0 0 1
    outer loop
      vertex 2.3758379742503166 1.071461446583271 9.4
      vertex 1.5454574972391129 0.905850000679493 9.4
      vertex 2.3272483572363853 0.9318714514374733 9.4
    endloop
  endfacet
  facet normal 0 0 1
    outer loop
      vertex 2.431902915239334 1.2046630457043648 9.4
      vertex 1.5454574972391129 0.905850000679493 9.4
      vertex 2.3758379742503166 1.071461446583271 9.4
    endloop
  endfacet
  facet normal 0 0 1
    outer loop
      vertex 1.5454574972391129 0.905850000679493 9.4
      vertex 2.431902915239334 1.2046630457043648 9.4
      vertex 2.495443180203438 1.331476241350174 9.4
    endloop
  endfacet
  facet normal 0 0 1
    outer loop
      vertex 1.5454574972391129 0.905850000679493 9.4
      vertex 2.495443180203438 1.331476241350174 9.4
      vertex 2.5664587691426277 1.4519010335206985 9.4
    endloop
  endfacet
  facet normal 0 0 1
    outer loop
      vertex 1.5454574972391129 0.905850000679493 9.4
      vertex 2.5664587691426277 1.4519010335206985 9.4
      vertex 2.6449496895074844 1.5659374296665192 9.4
    endloop
  endfacet
  facet normal 0 0 1
    outer loop
      vertex 6.050000000000001 6.050000000000001 9.4
      vertex -0.6788389757275581 2.338172309100628 9.4
      vertex -0.5649234727025032 2.354721926152706 9.4
    endloop
  endfacet
  facet normal 0 0 1
    outer loop
      vertex 6.050000000000001 6.050000000000001 9.4
      vertex -0.5649234727025032 2.354721926152706 9.4
      vertex -0.4461330622434616 2.3665430769324303 9.4
    endloop
  endfacet
  facet normal 0 0 1
    outer loop
      vertex 6.050000000000001 6.050000000000001 9.4
      vertex -0.4461330622434616 2.3665430769324303 9.4
      vertex -0.32246773689985275 2.373635768890381 9.4
    endloop
  endfacet
  facet normal 0 0 1
    outer loop
      vertex 6.050000000000001 6.050000000000001 9.4
      vertex -0.32246773689985275 2.373635768890381 9.4
      vertex -0.19392749667167664 2.376000002026558 9.4
    endloop
  endfacet
  facet normal 0 0 1
    outer loop
      vertex 6.050000000000001 6.050000000000001 9.4
      vertex -0.19392749667167664 2.376000002026558 9.4
      vertex -0.08577306568622589 2.3737720996141434 9.4
    endloop
  endfacet
  facet normal 0 0 1
    outer loop
      vertex 6.050000000000001 6.050000000000001 9.4
      vertex -0.08577306568622589 2.3737720996141434 9.4
      vertex 0.01990717649459839 2.3670883998274803 9.4
    endloop
  endfacet
  facet normal 0 0 1
    outer loop
      vertex 6.050000000000001 6.050000000000001 9.4
      vertex 0.01990717649459839 2.3670883998274803 9.4
      vertex 0.12311320751905441 2.3559489026665688 9.4
    endloop
  endfacet
  facet normal 0 0 1
    outer loop
      vertex 6.050000000000001 6.050000000000001 9.4
      vertex 0.12311320751905441 2.3559489026665688 9.4
      vertex 0.22384504228830338 2.3403536081314087 9.4
    endloop
  endfacet
  facet normal 0 0 1
    outer loop
      vertex 6.050000000000001 6.050000000000001 9.4
      vertex 0.22384504228830338 2.3403536081314087 9.4
      vertex 0.3221026808023453 2.320302516222 9.4
    endloop
  endfacet
  facet normal 0 0 1
    outer loop
      vertex 1.5454574972391129 0.905850000679493 9.4
      vertex 2.6449496895074844 1.5659374296665192 9.4
      vertex 2.7309159338474274 1.6735854148864746 9.4
    endloop
  endfacet
  facet normal 0 0 1
    outer loop
      vertex 1.5454574972391129 0.905850000679493 9.4
      vertex 2.7309159338474274 1.6735854148864746 9.4
      vertex 2.8243575021624565 1.7748449966311455 9.4
    endloop
  endfacet
  facet normal 0 0 1
    outer loop
      vertex 1.5454574972391129 0.905850000679493 9.4
      vertex 2.8243575021624565 1.7748449966311455 9.4
      vertex 2.9106302186846733 1.8569566830992699 9.4
    endloop
  endfacet
  facet normal 0 0 1
    outer loop
      vertex 1.5454574972391129 0.905850000679493 9.4
      vertex 2.9106302186846733 1.8569566830992699 9.4
      vertex 3.000442236661911 1.9324994385242462 9.4
    endloop
  endfacet
  facet normal 0 0 1
    outer loop
      vertex 1.5454574972391129 0.905850000679493 9.4
      vertex 3.000442236661911 1.9324994385242462 9.4
      vertex 3.093793533742428 2.001473255455494 9.4
    endloop
  endfacet
  facet normal 0 0 1
    outer loop
      vertex 5.253412500023842 -0.7185600027441978 9.4
      vertex 3.197719305753708 0.4753701463341713 9.4
      vertex 3.181957855820656 0.3773510977625847 9.4
    endloop
  endfacet
  facet normal 0 0 1
    outer loop
      vertex 5.253412500023842 -0.7185600027441978 9.4
      vertex 3.2169832959771156 0.5693312138319016 9.4
      vertex 3.197719305753708 0.4753701463341713 9.4
    endloop
  endfacet
  facet normal 0 0 1
    outer loop
      vertex 5.253412500023842 -0.7185600027441978 9.4
      vertex 3.2397498339414597 0.6592342928051949 9.4
      vertex 3.2169832959771156 0.5693312138319016 9.4
    endloop
  endfacet
  facet normal 0 0 1
    outer loop
      vertex 5.253412500023842 -0.7185600027441978 9.4
      vertex 3.26601891964674 0.7450793758034706 9.4
      vertex 3.2397498339414597 0.6592342928051949 9.4
    endloop
  endfacet
  facet normal 0 0 1
    outer loop
      vertex 5.253412500023842 -0.7185600027441978 9.4
      vertex 3.295790545642376 0.82686647772789 9.4
      vertex 3.26601891964674 0.7450793758034706 9.4
    endloop
  endfacet
  facet normal 0 0 1
    outer loop
      vertex 5.253412500023842 -0.7185600027441978 9.4
      vertex 3.329064719378948 0.9045955911278725 9.4
      vertex 3.295790545642376 0.82686647772789 9.4
    endloop
  endfacet
  facet normal 0 0 1
    outer loop
      vertex 5.253412500023842 -0.7185600027441978 9.4
      vertex 3.365841433405876 0.978266716003418 9.4
      vertex 3.329064719378948 0.9045955911278725 9.4
    endloop
  endfacet
  facet normal 0 0 1
    outer loop
      vertex 5.253412500023842 -0.7185600027441978 9.4
      vertex 3.4061206951737404 1.0478798523545265 9.4
      vertex 3.365841433405876 0.978266716003418 9.4
    endloop
  endfacet
  facet normal 0 0 1
    outer loop
      vertex 5.253412500023842 -0.7185600027441978 9.4
      vertex 3.4499024972319603 1.1134350001811981 9.4
      vertex 3.4061206951737404 1.0478798523545265 9.4
    endloop
  endfacet
  facet normal 0 0 1
    outer loop
      vertex 5.253412500023842 -0.7185600027441978 9.4
      vertex 3.496724598109722 1.1745244935154915 9.4
      vertex 3.4499024972319603 1.1134350001811981 9.4
    endloop
  endfacet
  facet normal 0 0 1
    outer loop
      vertex 5.253412500023842 -0.7185600027441978 9.4
      vertex 3.5461109057068825 1.2307268306612968 9.4
      vertex 3.496724598109722 1.1745244935154915 9.4
    endloop
  endfacet
  facet normal 0 0 1
    outer loop
      vertex 5.253412500023842 -0.7185600027441978 9.4
      vertex 3.59806140512228 1.2820420116186142 9.4
      vertex 3.5461109057068825 1.2307268306612968 9.4
    endloop
  endfacet
  facet normal 0 0 1
    outer loop
      vertex 5.253412500023842 -0.7185600027441978 9.4
      vertex 3.6525761112570763 1.328470028936863 9.4
      vertex 3.59806140512228 1.2820420116186142 9.4
    endloop
  endfacet
  facet normal 0 0 1
    outer loop
      vertex 5.253412500023842 -0.7185600027441978 9.4
      vertex 3.7096550166606903 1.3700108900666237 9.4
      vertex 3.6525761112570763 1.328470028936863 9.4
    endloop
  endfacet
  facet normal 0 0 1
    outer loop
      vertex 5.253412500023842 -0.7185600027441978 9.4
      vertex 3.7692981213331223 1.4066645875573158 9.4
      vertex 3.7096550166606903 1.3700108900666237 9.4
    endloop
  endfacet
  facet normal 0 0 1
    outer loop
      vertex 5.253412500023842 -0.7185600027441978 9.4
      vertex 3.831505425274372 1.4384311214089394 9.4
      vertex 3.7692981213331223 1.4066645875573158 9.4
    endloop
  endfacet
  facet normal 0 0 1
    outer loop
      vertex 5.253412500023842 -0.7185600027441978 9.4
      vertex 3.8962769359350204 1.4653105065226555 9.4
      vertex 3.831505425274372 1.4384311214089394 9.4
    endloop
  endfacet
  facet normal 0 0 1
    outer loop
      vertex 5.253412500023842 -0.7185600027441978 9.4
      vertex 3.9636126458644867 1.4873027205467224 9.4
      vertex 3.8962769359350204 1.4653105065226555 9.4
    endloop
  endfacet
  facet normal 0 0 1
    outer loop
      vertex 5.253412500023842 -0.7185600027441978 9.4
      vertex 4.033512562513351 1.5044077783823013 9.4
      vertex 3.9636126458644867 1.4873027205467224 9.4
    endloop
  endfacet
  facet normal 0 0 1
    outer loop
      vertex 5.253412500023842 -0.7185600027441978 9.4
      vertex 4.1059766709804535 1.5166256800293922 9.4
      vertex 4.033512562513351 1.5044077783823013 9.4
    endloop
  endfacet
  facet normal 0 0 1
    outer loop
      vertex 5.253412500023842 -0.7185600027441978 9.4
      vertex 4.181004986166954 1.5239564180374146 9.4
      vertex 4.1059766709804535 1.5166256800293922 9.4
    endloop
  endfacet
  facet normal 0 0 1
    outer loop
      vertex 6.050000000000001 6.050000000000001 9.4
      vertex 0.9406284764409065 2.0551824867725372 9.4
      vertex 1.0190925002098083 1.9994850009679794 9.4
    endloop
  endfacet
  facet normal 0 0 1
    outer loop
      vertex 6.050000000000001 6.050000000000001 9.4
      vertex 1.1622425615787506 1.8755725771188736 9.4
      vertex 1.2253397479653358 1.8075701147317886 9.4
    endloop
  endfacet
  facet normal 0 0 1
    outer loop
      vertex 6.050000000000001 6.050000000000001 9.4
      vertex 1.0190925002098083 1.9994850009679794 9.4
      vertex 1.093493476510048 1.9395442008972168 9.4
    endloop
  endfacet
  facet normal 0 0 1
    outer loop
      vertex 6.050000000000001 6.050000000000001 9.4
      vertex 1.093493476510048 1.9395442008972168 9.4
      vertex 1.1622425615787506 1.8755725771188736 9.4
    endloop
  endfacet
  facet normal 0 0 1
    outer loop
      vertex 6.050000000000001 6.050000000000001 9.4
      vertex 1.538879245519638 1.0141607373952866 9.4
      vertex 1.5454574972391129 0.905850000679493 9.4
    endloop
  endfacet
  facet normal 0 0 1
    outer loop
      vertex 6.050000000000001 6.050000000000001 9.4
      vertex 1.5266490951180458 1.1184406504034996 9.4
      vertex 1.538879245519638 1.0141607373952866 9.4
    endloop
  endfacet
  facet normal 0 0 1
    outer loop
      vertex 6.050000000000001 6.050000000000001 9.4
      vertex 1.5087670534849167 1.2186897322535515 9.4
      vertex 1.5266490951180458 1.1184406504034996 9.4
    endloop
  endfacet
  facet normal 0 0 1
    outer loop
      vertex 6.050000000000001 6.050000000000001 9.4
      vertex 1.3345784470438957 1.659472718834877 9.4
      vertex 1.3807199522852898 1.5793777778744698 9.4
    endloop
  endfacet
  facet normal 0 0 1
    outer loop
      vertex 6.050000000000001 6.050000000000001 9.4
      vertex 1.3807199522852898 1.5793777778744698 9.4
      vertex 1.4212095737457275 1.495252013206482 9.4
    endloop
  endfacet
  facet normal 0 0 1
    outer loop
      vertex 6.050000000000001 6.050000000000001 9.4
      vertex 1.4852331206202507 1.3149079903960228 9.4
      vertex 1.5087670534849167 1.2186897322535515 9.4
    endloop
  endfacet
  facet normal 0 0 1
    outer loop
      vertex 6.050000000000001 6.050000000000001 9.4
      vertex 1.4560472965240479 1.407095417380333 9.4
      vertex 1.4852331206202507 1.3149079903960228 9.4
    endloop
  endfacet
  facet normal 0 0 1
    outer loop
      vertex 6.050000000000001 6.050000000000001 9.4
      vertex 1.4212095737457275 1.495252013206482 9.4
      vertex 1.4560472965240479 1.407095417380333 9.4
    endloop
  endfacet
  facet normal 0 0 1
    outer loop
      vertex 6.050000000000001 6.050000000000001 9.4
      vertex 1.2827850431203842 1.7355368360877037 9.4
      vertex 1.3345784470438957 1.659472718834877 9.4
    endloop
  endfacet
  facet normal 0 0 1
    outer loop
      vertex 6.050000000000001 6.050000000000001 9.4
      vertex 1.2253397479653358 1.8075701147317886 9.4
      vertex 1.2827850431203842 1.7355368360877037 9.4
    endloop
  endfacet
  facet normal 0 0 1
    outer loop
      vertex 6.050000000000001 6.050000000000001 9.4
      vertex 0.5111953392624855 2.2668329253792763 9.4
      vertex 0.6020303666591644 2.233414441347122 9.4
    endloop
  endfacet
  facet normal 0 0 1
    outer loop
      vertex 6.050000000000001 6.050000000000001 9.4
      vertex 0.3221026808023453 2.320302516222 9.4
      vertex 0.4178861081600189 2.2957956194877625 9.4
    endloop
  endfacet
  facet normal 0 0 1
    outer loop
      vertex 6.050000000000001 6.050000000000001 9.4
      vertex 0.4178861081600189 2.2957956194877625 9.4
      vertex 0.5111953392624855 2.2668329253792763 9.4
    endloop
  endfacet
  facet normal 0 0 1
    outer loop
      vertex 6.050000000000001 6.050000000000001 9.4
      vertex 0.6020303666591644 2.233414441347122 9.4
      vertex 0.6903911978006363 2.1955401450395584 9.4
    endloop
  endfacet
  facet normal 0 0 1
    outer loop
      vertex 6.050000000000001 6.050000000000001 9.4
      vertex 0.6903911978006363 2.1955401450395584 9.4
      vertex 0.7762778252363205 2.1532100588083267 9.4
    endloop
  endfacet
  facet normal 0 0 1
    outer loop
      vertex 6.050000000000001 6.050000000000001 9.4
      vertex 0.7762778252363205 2.1532100588083267 9.4
      vertex 0.859690248966217 2.1064241752028465 9.4
    endloop
  endfacet
  facet normal 0 0 1
    outer loop
      vertex 6.050000000000001 6.050000000000001 9.4
      vertex 0.859690248966217 2.1064241752028465 9.4
      vertex 0.9406284764409065 2.0551824867725372 9.4
    endloop
  endfacet
  facet normal 0 0 1
    outer loop
      vertex 6.050000000000001 6.050000000000001 9.4
      vertex 1.5454574972391129 0.905850000679493 9.4
      vertex 3.093793533742428 2.001473255455494 9.4
    endloop
  endfacet
  facet normal 0 0 1
    outer loop
      vertex 6.050000000000001 6.050000000000001 9.4
      vertex 3.093793533742428 2.001473255455494 9.4
      vertex 3.190684124827385 2.063878133893013 9.4
    endloop
  endfacet
  facet normal 0 0 1
    outer loop
      vertex 6.050000000000001 6.050000000000001 9.4
      vertex 3.190684124827385 2.063878133893013 9.4
      vertex 3.2911140099167824 2.119714081287384 9.4
    endloop
  endfacet
  facet normal 0 0 1
    outer loop
      vertex 6.050000000000001 6.050000000000001 9.4
      vertex 3.2911140099167824 2.119714081287384 9.4
      vertex 3.3950831815600395 2.168981097638607 9.4
    endloop
  endfacet
  facet normal 0 0 1
    outer loop
      vertex 6.050000000000001 6.050000000000001 9.4
      vertex 3.3950831815600395 2.168981097638607 9.4
      vertex 3.5025916397571564 2.211679168045521 9.4
    endloop
  endfacet
  facet normal 0 0 1
    outer loop
      vertex 6.050000000000001 6.050000000000001 9.4
      vertex 3.5025916397571564 2.211679168045521 9.4
      vertex 3.6136393919587135 2.247808314859867 9.4
    endloop
  endfacet
  facet normal 0 0 1
    outer loop
      vertex 6.050000000000001 6.050000000000001 9.4
      vertex 3.6136393919587135 2.247808314859867 9.4
      vertex 3.728226438164711 2.2773685231804848 9.4
    endloop
  endfacet
  facet normal 0 0 1
    outer loop
      vertex 5.253412500023842 -0.7185600027441978 9.4
      vertex 4.2585975006222725 1.5263999998569489 9.4
      vertex 4.181004986166954 1.5239564180374146 9.4
    endloop
  endfacet
  facet normal 0 0 1
    outer loop
      vertex 5.253412500023842 -0.7185600027441978 9.4
      vertex 4.334597177803516 1.5246665701270103 9.4
      vertex 4.2585975006222725 1.5263999998569489 9.4
    endloop
  endfacet
  facet normal 0 0 1
    outer loop
      vertex 5.253412500023842 -0.7185600027441978 9.4
      vertex 4.407671585679054 1.5194662734866142 9.4
      vertex 4.334597177803516 1.5246665701270103 9.4
    endloop
  endfacet
  facet normal 0 0 1
    outer loop
      vertex 5.253412500023842 -0.7185600027441978 9.4
      vertex 4.477820724248886 1.5107991099357605 9.4
      vertex 4.407671585679054 1.5194662734866142 9.4
    endloop
  endfacet
  facet normal 0 0 1
    outer loop
      vertex 5.253412500023842 -0.7185600027441978 9.4
      vertex 4.5450446009635925 1.4986650869250298 9.4
      vertex 4.477820724248886 1.5107991099357605 9.4
    endloop
  endfacet
  facet normal 0 0 1
    outer loop
      vertex 5.253412500023842 -0.7185600027441978 9.4
      vertex 4.609343208372593 1.483064204454422 9.4
      vertex 4.5450446009635925 1.4986650869250298 9.4
    endloop
  endfacet
  facet normal 0 0 1
    outer loop
      vertex 5.253412500023842 -0.7185600027441978 9.4
      vertex 4.670716553926468 1.463996447622776 9.4
      vertex 4.609343208372593 1.483064204454422 9.4
    endloop
  endfacet
  facet normal 0 0 1
    outer loop
      vertex 5.253412500023842 -0.7185600027441978 9.4
      vertex 4.729164630174637 1.441461831331253 9.4
      vertex 4.670716553926468 1.463996447622776 9.4
    endloop
  endfacet
  facet normal 0 0 1
    outer loop
      vertex 5.253412500023842 -0.7185600027441978 9.4
      vertex 4.7846874371171 1.415460355579853 9.4
      vertex 4.729164630174637 1.441461831331253 9.4
    endloop
  endfacet
  facet normal 0 0 1
    outer loop
      vertex 5.253412500023842 -0.7185600027441978 9.4
      vertex 4.837284982204437 1.3859920129179955 9.4
      vertex 4.7846874371171 1.415460355579853 9.4
    endloop
  endfacet
  facet normal 0 0 1
    outer loop
      vertex 5.253412500023842 -0.7185600027441978 9.4
      vertex 4.886957265436649 1.3530568033456802 9.4
      vertex 4.837284982204437 1.3859920129179955 9.4
    endloop
  endfacet
  facet normal 0 0 1
    outer loop
      vertex 5.253412500023842 -0.7185600027441978 9.4
      vertex 4.977526023983955 1.2767857983708382 9.4
      vertex 4.933704271912575 1.316654734313488 9.4
    endloop
  endfacet
  facet normal 0 0 1
    outer loop
      vertex 5.253412500023842 -0.7185600027441978 9.4
      vertex 5.018422499299049 1.2334500029683113 9.4
      vertex 4.977526023983955 1.2767857983708382 9.4
    endloop
  endfacet
  facet normal 0 0 1
    outer loop
      vertex 5.253412500023842 -0.7185600027441978 9.4
      vertex 4.933704271912575 1.316654734313488 9.4
      vertex 4.886957265436649 1.3530568033456802 9.4
    endloop
  endfacet
  facet normal 0 0 1
    outer loop
      vertex 5.253412500023842 -0.7185600027441978 9.4
      vertex 5.253412500023842 0.7452000007033348 9.4
      vertex 5.23901729285717 0.7940241992473602 9.4
    endloop
  endfacet
  facet normal 0 0 1
    outer loop
      vertex 5.253412500023842 -0.7185600027441978 9.4
      vertex 5.224008597433567 0.8409706503152847 9.4
      vertex 5.208386406302452 0.8860393464565277 9.4
    endloop
  endfacet
  facet normal 0 0 1
    outer loop
      vertex 5.253412500023842 -0.7185600027441978 9.4
      vertex 5.175301551818848 0.9705434888601303 9.4
      vertex 5.157838888466358 1.00997893512249 9.4
    endloop
  endfacet
  facet normal 0 0 1
    outer loop
      vertex 5.253412500023842 -0.7185600027441978 9.4
      vertex 5.208386406302452 0.8860393464565277 9.4
      vertex 5.192150726914406 0.9292302951216698 9.4
    endloop
  endfacet
  facet normal 0 0 1
    outer loop
      vertex 5.253412500023842 -0.7185600027441978 9.4
      vertex 5.192150726914406 0.9292302951216698 9.4
      vertex 5.175301551818848 0.9705434888601303 9.4
    endloop
  endfacet
  facet normal 0 0 1
    outer loop
      vertex 5.253412500023842 -0.7185600027441978 9.4
      vertex 5.121073089540005 1.0832165703177452 9.4
      vertex 5.101769953966141 1.1170187592506409 9.4
    endloop
  endfacet
  facet normal 0 0 1
    outer loop
      vertex 5.253412500023842 -0.7185600027441978 9.4
      vertex 5.061323210597038 1.1789898797869682 9.4
      vertex 5.0401796028018 1.2071588188409805 9.4
    endloop
  endfacet
  facet normal 0 0 1
    outer loop
      vertex 5.253412500023842 -0.7185600027441978 9.4
      vertex 5.101769953966141 1.1170187592506409 9.4
      vertex 5.0818533301353455 1.148943193256855 9.4
    endloop
  endfacet
  facet normal 0 0 1
    outer loop
      vertex 5.253412500023842 -0.7185600027441978 9.4
      vertex 5.0818533301353455 1.148943193256855 9.4
      vertex 5.061323210597038 1.1789898797869682 9.4
    endloop
  endfacet
  facet normal 0 0 1
    outer loop
      vertex 5.253412500023842 -0.7185600027441978 9.4
      vertex 5.157838888466358 1.00997893512249 9.4
      vertex 5.139762736856937 1.047536626458168 9.4
    endloop
  endfacet
  facet normal 0 0 1
    outer loop
      vertex 5.253412500023842 -0.7185600027441978 9.4
      vertex 5.139762736856937 1.047536626458168 9.4
      vertex 5.121073089540005 1.0832165703177452 9.4
    endloop
  endfacet
  facet normal 0 0 1
    outer loop
      vertex 5.253412500023842 -0.7185600027441978 9.4
      vertex 5.23901729285717 0.7940241992473602 9.4
      vertex 5.224008597433567 0.8409706503152847 9.4
    endloop
  endfacet
  facet normal 0 0 1
    outer loop
      vertex 5.253412500023842 -0.7185600027441978 9.4
      vertex 5.0401796028018 1.2071588188409805 9.4
      vertex 5.018422499299049 1.2334500029683113 9.4
    endloop
  endfacet
  facet normal 0 0 1
    outer loop
      vertex 6.050000000000001 0.7452000007033348 9.4
      vertex 5.253412500023842 0.7452000007033348 9.4
      vertex 6.050000000000001 -0.7185600027441978 9.4
    endloop
  endfacet
  facet normal 0.9526404687211405 -1.6632391400513085e-16 0.3040988940373934
    outer loop
      vertex 6.184147499501705 -0.7185600027441978 8.979760599894327
      vertex 6.193282499909401 0.7452000007033348 8.951143688617153
      vertex 6.050000000000001 0.7452000007033348 9.4
    endloop
  endfacet
  facet normal 0 0 1
    outer loop
      vertex 6.050000000000001 6.050000000000001 9.4
      vertex 5.387984067201614 2.0476118326187134 9.4
      vertex 5.501235485076904 1.9726237282156944 9.4
    endloop
  endfacet
  facet normal 0 0 1
    outer loop
      vertex 6.050000000000001 6.050000000000001 9.4
      vertex 3.728226438164711 2.2773685231804848 9.4
      vertex 3.8463527634739876 2.300359793007374 9.4
    endloop
  endfacet
  facet normal 0 0 1
    outer loop
      vertex 6.050000000000001 6.050000000000001 9.4
      vertex 3.8463527634739876 2.300359793007374 9.4
      vertex 3.968018390238285 2.316782131791115 9.4
    endloop
  endfacet
  facet normal 0 0 1
    outer loop
      vertex 6.050000000000001 6.050000000000001 9.4
      vertex 3.968018390238285 2.316782131791115 9.4
      vertex 4.093223296105862 2.326635532081127 9.4
    endloop
  endfacet
  facet normal 0 0 1
    outer loop
      vertex 6.050000000000001 6.050000000000001 9.4
      vertex 4.093223296105862 2.326635532081127 9.4
      vertex 4.221967503428459 2.3299200013279915 9.4
    endloop
  endfacet
  facet normal 0 0 1
    outer loop
      vertex 6.050000000000001 6.050000000000001 9.4
      vertex 4.221967503428459 2.3299200013279915 9.4
      vertex 4.392997853457928 2.325508937239647 9.4
    endloop
  endfacet
  facet normal 0 0 1
    outer loop
      vertex 6.050000000000001 6.050000000000001 9.4
      vertex 4.392997853457928 2.325508937239647 9.4
      vertex 4.556805841624737 2.3122757375240326 9.4
    endloop
  endfacet
  facet normal 0 0 1
    outer loop
      vertex 6.050000000000001 6.050000000000001 9.4
      vertex 4.713391467928886 2.2902204170823097 9.4
      vertex 4.862754717469215 2.259342961013317 9.4
    endloop
  endfacet
  facet normal 0 0 1
    outer loop
      vertex 6.050000000000001 6.050000000000001 9.4
      vertex 4.556805841624737 2.3122757375240326 9.4
      vertex 4.713391467928886 2.2902204170823097 9.4
    endloop
  endfacet
  facet normal 0 0 1
    outer loop
      vertex 6.050000000000001 6.050000000000001 9.4
      vertex 4.862754717469215 2.259342961013317 9.4
      vertex 5.004895605146885 2.2196433693170547 9.4
    endloop
  endfacet
  facet normal 0 0 1
    outer loop
      vertex 6.050000000000001 6.050000000000001 9.4
      vertex 5.004895605146885 2.2196433693170547 9.4
      vertex 5.139814123511314 2.171121656894684 9.4
    endloop
  endfacet
  facet normal 0 0 1
    outer loop
      vertex 6.050000000000001 6.050000000000001 9.4
      vertex 5.139814123511314 2.171121656894684 9.4
      vertex 5.267510280013084 2.113777808845043 9.4
    endloop
  endfacet
  facet normal 0 0 1
    outer loop
      vertex 6.050000000000001 6.050000000000001 9.4
      vertex 5.267510280013084 2.113777808845043 9.4
      vertex 5.387984067201614 2.0476118326187134 9.4
    endloop
  endfacet
  facet normal 0.9526404687211345 -1.5470558720576919e-15 0.3040988940374117
    outer loop
      vertex 6.050000000000001 6.050000000000001 9.4
      vertex 6.188405193388462 0.8099685832858086 8.966422664178413
      vertex 6.193282499909401 0.7452000007033348 8.951143688617153
    endloop
  endfacet
  facet normal 0.9526404687211432 7.37421500002717e-16 0.3040988940373847
    outer loop
      vertex 6.050000000000001 6.050000000000001 9.4
      vertex 6.180350191891193 0.874702014029026 8.991656298868858
      vertex 6.188405193388462 0.8099685832858086 8.966422664178413
    endloop
  endfacet
  facet normal 0.9526404687211422 5.03067364438337e-16 0.30409889403738793
    outer loop
      vertex 6.050000000000001 6.050000000000001 9.4
      vertex 6.1691175028681755 0.9394002929329872 9.026844569348299
      vertex 6.180350191891193 0.874702014029026 8.991656298868858
    endloop
  endfacet
  facet normal 0.9526404687211406 6.140461668181997e-17 0.3040988940373932
    outer loop
      vertex 6.050000000000001 6.050000000000001 9.4
      vertex 6.154707118868828 1.0040634348988533 9.071987498956922
      vertex 6.1691175028681755 0.9394002929329872 9.026844569348299
    endloop
  endfacet
  facet normal 0.9526404687211395 -1.7187340235526867e-16 0.3040988940373962
    outer loop
      vertex 6.050000000000001 6.050000000000001 9.4
      vertex 6.13711903989315 1.0686914175748825 9.127085087694727
      vertex 6.154707118868828 1.0040634348988533 9.071987498956922
    endloop
  endfacet
  facet normal 0.9526404687211413 1.867773240054788e-16 0.3040988940373903
    outer loop
      vertex 6.050000000000001 6.050000000000001 9.4
      vertex 6.116353265941143 1.1332842633128166 9.192137335561716
      vertex 6.13711903989315 1.0686914175748825 9.127085087694727
    endloop
  endfacet
  facet normal 0.9526404687211392 -1.4902402346810208e-16 0.3040988940373975
    outer loop
      vertex 6.050000000000001 6.050000000000001 9.4
      vertex 6.0924098044633865 1.1978419497609138 9.2671442192177
      vertex 6.116353265941143 1.1332842633128166 9.192137335561716
    endloop
  endfacet
  facet normal 0 0 1
    outer loop
      vertex 6.050000000000001 6.050000000000001 9.4
      vertex 5.7976555451750755 1.694726623594761 9.4
      vertex 5.882017500698566 1.5844499990344048 9.4
    endloop
  endfacet
  facet normal 0 0 1
    outer loop
      vertex 6.050000000000001 6.050000000000001 9.4
      vertex 5.607264541089535 1.8888134881854057 9.4
      vertex 5.706071227788925 1.7961811274290085 9.4
    endloop
  endfacet
  facet normal 0 0 1
    outer loop
      vertex 6.050000000000001 6.050000000000001 9.4
      vertex 5.501235485076904 1.9726237282156944 9.4
      vertex 5.607264541089535 1.8888134881854057 9.4
    endloop
  endfacet
  facet normal 0 0 1
    outer loop
      vertex 6.050000000000001 6.050000000000001 9.4
      vertex 5.706071227788925 1.7961811274290085 9.4
      vertex 5.7976555451750755 1.694726623594761 9.4
    endloop
  endfacet
  facet normal 0 0 1
    outer loop
      vertex 6.050000000000001 6.050000000000001 9.4
      vertex 5.964859038591385 1.4557212442159653 9.4
      vertex 6.00151327252388 1.3913041427731514 9.4
    endloop
  endfacet
  facet normal 0.9526404687211412 4.577878661648905e-17 0.30409889403739104
    outer loop
      vertex 6.050000000000001 6.050000000000001 9.4
      vertex 6.065288655459881 1.262364499270916 9.352105738662683
      vertex 6.0924098044633865 1.1978419497609138 9.2671442192177
    endloop
  endfacet
  facet normal 0 0 1
    outer loop
      vertex 6.050000000000001 6.050000000000001 9.4
      vertex 6.034989804029465 1.3268518969416618 9.4
      vertex 6.050000000000001 1.2949045315806083 9.4
    endloop
  endfacet
  facet normal 0.9526404687211399 0 0.3040988940373952
    outer loop
      vertex 6.050000000000001 6.050000000000001 9.4
      vertex 6.050000000000001 1.2949045315806083 9.4
      vertex 6.065288655459881 1.262364499270916 9.352105738662683
    endloop
  endfacet
  facet normal 0 0 1
    outer loop
      vertex 6.050000000000001 6.050000000000001 9.4
      vertex 6.00151327252388 1.3913041427731514 9.4
      vertex 6.034989804029465 1.3268518969416618 9.4
    endloop
  endfacet
  facet normal 0 0 1
    outer loop
      vertex 6.050000000000001 6.050000000000001 9.4
      vertex 5.925027117133141 1.5201031938195229 9.4
      vertex 5.964859038591385 1.4557212442159653 9.4
    endloop
  endfacet
  facet normal 0 0 1
    outer loop
      vertex 6.050000000000001 6.050000000000001 9.4
      vertex 5.882017500698566 1.5844499990344048 9.4
      vertex 5.925027117133141 1.5201031938195229 9.4
    endloop
  endfacet
  facet normal 0 0.9429903335828895 -0.3328201177351374
    outer loop
      vertex -8.014882352941177 -8.014882352941177 0
      vertex -5.050000000000001 -5.050000000000001 8.400500000000001
      vertex 8.014882352941177 -8.014882352941177 0
    endloop
  endfacet
  facet normal 0.9429903335828895 -8.580343265003687e-18 -0.3328201177351374
    outer loop
      vertex -8.014882352941177 -8.014882352941177 0
      vertex -5.050000000000001 5.050000000000001 8.400500000000001
      vertex -5.050000000000001 -5.050000000000001 8.400500000000001
    endloop
  endfacet
  facet normal 0 0 -1
    outer loop
      vertex -5.050000000000001 -5.050000000000001 8.400500000000001
      vertex -2.05 -1.335 8.400500000000001
      vertex -1.335 -2.05 8.400500000000001
    endloop
  endfacet
  facet normal 0 0 -1
    outer loop
      vertex -5.050000000000001 -5.050000000000001 8.400500000000001
      vertex -5.050000000000001 5.050000000000001 8.400500000000001
      vertex -2.05 -1.335 8.400500000000001
    endloop
  endfacet
  facet normal 0 0 -1
    outer loop
      vertex -5.050000000000001 -5.050000000000001 8.400500000000001
      vertex -1.335 -2.05 8.400500000000001
      vertex 1.335 -2.05 8.400500000000001
    endloop
  endfacet
  facet normal 0 0 -1
    outer loop
      vertex -2.05 -1.335 8.400500000000001
      vertex -1.335 -1.335 8.400500000000001
      vertex -1.335 -2.05 8.400500000000001
    endloop
  endfacet
  facet normal 0.9429903335828895 0 -0.3328201177351374
    outer loop
      vertex -8.014882352941177 -8.014882352941177 0
      vertex -8.014882352941177 8.014882352941177 0
      vertex -5.050000000000001 5.050000000000001 8.400500000000001
    endloop
  endfacet
  facet normal 0 0 -1
    outer loop
      vertex -2.05 -1.335 8.400500000000001
      vertex -5.050000000000001 5.050000000000001 8.400500000000001
      vertex -2.05 1.335 8.400500000000001
    endloop
  endfacet
  facet normal 0 0 -1
    outer loop
      vertex -5.050000000000001 5.050000000000001 8.400500000000001
      vertex -1.3350000000000004 1.335 8.400500000000001
      vertex -2.05 1.335 8.400500000000001
    endloop
  endfacet
  facet normal 0 0 -1
    outer loop
      vertex -5.050000000000001 5.050000000000001 8.400500000000001
      vertex -1.335 2.05 8.400500000000001
      vertex -1.3350000000000004 1.335 8.400500000000001
    endloop
  endfacet
  facet normal 0 0 -1
    outer loop
      vertex -5.050000000000001 5.050000000000001 8.400500000000001
      vertex 5.050000000000001 5.050000000000001 8.400500000000001
      vertex -1.335 2.05 8.400500000000001
    endloop
  endfacet
  facet normal 8.580343265003687e-18 -0.9429903335828895 -0.3328201177351374
    outer loop
      vertex -8.014882352941177 8.014882352941177 0
      vertex 5.050000000000001 5.050000000000001 8.400500000000001
      vertex -5.050000000000001 5.050000000000001 8.400500000000001
    endloop
  endfacet
  facet normal -0.9429903335828895 0 -0.3328201177351374
    outer loop
      vertex 8.014882352941177 -8.014882352941177 0
      vertex 5.050000000000001 -5.050000000000001 8.400500000000001
      vertex 8.014882352941177 8.014882352941177 0
    endloop
  endfacet
  facet normal 0 0.9429903335828895 -0.3328201177351374
    outer loop
      vertex -5.050000000000001 -5.050000000000001 8.400500000000001
      vertex 5.050000000000001 -5.050000000000001 8.400500000000001
      vertex 8.014882352941177 -8.014882352941177 0
    endloop
  endfacet
  facet normal 0 0 -1
    outer loop
      vertex -5.050000000000001 -5.050000000000001 8.400500000000001
      vertex 1.335 -2.05 8.400500000000001
      vertex 5.050000000000001 -5.050000000000001 8.400500000000001
    endloop
  endfacet
  facet normal 0 0 -1
    outer loop
      vertex 1.335 -2.05 8.400500000000001
      vertex 1.3350000000000004 -1.335 8.400500000000001
      vertex 5.050000000000001 -5.050000000000001 8.400500000000001
    endloop
  endfacet
  facet normal 0 0 -1
    outer loop
      vertex 1.3350000000000004 -1.335 8.400500000000001
      vertex 2.05 -1.335 8.400500000000001
      vertex 5.050000000000001 -5.050000000000001 8.400500000000001
    endloop
  endfacet
  facet normal 0 0 -1
    outer loop
      vertex 2.05 -1.335 8.400500000000001
      vertex 2.05 1.335 8.400500000000001
      vertex 5.050000000000001 -5.050000000000001 8.400500000000001
    endloop
  endfacet
  facet normal 0 -0.9429903335828895 -0.3328201177351374
    outer loop
      vertex -8.014882352941177 8.014882352941177 0
      vertex 8.014882352941177 8.014882352941177 0
      vertex 5.050000000000001 5.050000000000001 8.400500000000001
    endloop
  endfacet
  facet normal 0 0 -1
    outer loop
      vertex 1.335 1.335 8.400500000000001
      vertex 1.335 2.05 8.400500000000001
      vertex 2.05 1.335 8.400500000000001
    endloop
  endfacet
  facet normal 0 0 -1
    outer loop
      vertex -1.335 2.05 8.400500000000001
      vertex 5.050000000000001 5.050000000000001 8.400500000000001
      vertex 1.335 2.05 8.400500000000001
    endloop
  endfacet
  facet normal 0 0 -1
    outer loop
      vertex 5.050000000000001 -5.050000000000001 8.400500000000001
      vertex 2.05 1.335 8.400500000000001
      vertex 5.050000000000001 5.050000000000001 8.400500000000001
    endloop
  endfacet
  facet normal 0 0 -1
    outer loop
      vertex 1.335 2.05 8.400500000000001
      vertex 5.050000000000001 5.050000000000001 8.400500000000001
      vertex 2.05 1.335 8.400500000000001
    endloop
  endfacet
  facet normal -0.9429903335828895 0 -0.3328201177351374
    outer loop
      vertex 5.050000000000001 -5.050000000000001 8.400500000000001
      vertex 5.050000000000001 5.050000000000001 8.400500000000001
      vertex 8.014882352941177 8.014882352941177 0
    endloop
  endfacet
  facet normal 0 0 -1
    outer loop
      vertex -2.05 -1.335 0
      vertex -2.05 -0.635 0
      vertex -1.335 -0.635 0
    endloop
  endfacet
  facet normal 0 0 -1
    outer loop
      vertex -2.05 -1.335 0
      vertex -1.335 -0.635 0
      vertex -1.335 -1.335 0
    endloop
  endfacet
  facet normal 0 -1 0
    outer loop
      vertex -2.05 -1.335 0
      vertex -1.335 -1.335 0
      vertex -1.335 -1.335 8.400500000000001
    endloop
  endfacet
  facet normal -1 0 0
    outer loop
      vertex -2.05 -1.335 0
      vertex -2.05 -1.335 8.400500000000001
      vertex -2.05 -0.635 0
    endloop
  endfacet
  facet normal 0 -1 0
    outer loop
      vertex -2.05 -1.335 0
      vertex -1.335 -1.335 8.400500000000001
      vertex -2.05 -1.335 8.400500000000001
    endloop
  endfacet
  facet normal -1 0 0
    outer loop
      vertex -2.05 -1.335 8.400500000000001
      vertex -2.05 -0.635 8.049999999999999
      vertex -2.05 -0.635 0
    endloop
  endfacet
  facet normal -1 0 0
    outer loop
      vertex -2.05 -1.335 8.400500000000001
      vertex -2.05 1.335 8.400500000000001
      vertex -2.05 -0.635 8.049999999999999
    endloop
  endfacet
  facet normal 0 0 -1
    outer loop
      vertex -2.05 1.335 0
      vertex -1.335 1.335 0
      vertex -2.05 0.635 0
    endloop
  endfacet
  facet normal 0 0 -1
    outer loop
      vertex -1.335 1.335 0
      vertex -1.335 0.635 0
      vertex -2.05 0.635 0
    endloop
  endfacet
  facet normal -1 0 0
    outer loop
      vertex -2.05 1.335 0
      vertex -2.05 0.635 0
      vertex -2.05 0.635 8.049999999999999
    endloop
  endfacet
  facet normal 0 1 0
    outer loop
      vertex -2.05 1.335 0
      vertex -2.05 1.335 8.400500000000001
      vertex -1.335 1.335 0
    endloop
  endfacet
  facet normal -1 0 0
    outer loop
      vertex -2.05 1.335 0
      vertex -2.05 0.635 8.049999999999999
      vertex -2.05 1.335 8.400500000000001
    endloop
  endfacet
  facet normal 0 1 0
    outer loop
      vertex -1.335 1.335 0
      vertex -2.05 1.335 8.400500000000001
      vertex -1.3350000000000004 1.335 8.400500000000001
    endloop
  endfacet
  facet normal -1 0 0
    outer loop
      vertex -2.05 1.335 8.400500000000001
      vertex -2.05 0.635 8.049999999999999
      vertex -2.05 -0.635 8.049999999999999
    endloop
  endfacet
  facet normal 0 0 -1
    outer loop
      vertex 1.335 -1.335 0
      vertex 1.335 -0.635 0
      vertex 2.05 -0.635 0
    endloop
  endfacet
  facet normal 0 0 -1
    outer loop
      vertex 1.335 -1.335 0
      vertex 2.05 -0.635 0
      vertex 2.05 -1.335 0
    endloop
  endfacet
  facet normal 0 -1 0
    outer loop
      vertex 1.335 -1.335 0
      vertex 2.05 -1.335 0
      vertex 2.05 -1.335 8.400500000000001
    endloop
  endfacet
  facet normal 1 0 0
    outer loop
      vertex 2.05 -1.335 0
      vertex 2.05 -0.635 0
      vertex 2.05 -0.635 8.049999999999999
    endloop
  endfacet
  facet normal 0 -1 0
    outer loop
      vertex 1.335 -1.335 0
      vertex 2.05 -1.335 8.400500000000001
      vertex 1.3350000000000004 -1.335 8.400500000000001
    endloop
  endfacet
  facet normal 1 0 0
    outer loop
      vertex 2.05 -1.335 0
      vertex 2.05 -0.635 8.049999999999999
      vertex 2.05 -1.335 8.400500000000001
    endloop
  endfacet
  facet normal 1 0 0
    outer loop
      vertex 2.05 -1.335 8.400500000000001
      vertex 2.05 -0.635 8.049999999999999
      vertex 2.05 0.635 8.049999999999999
    endloop
  endfacet
  facet normal 0 0 -1
    outer loop
      vertex 1.335 1.335 0
      vertex 2.05 1.335 0
      vertex 1.335 0.635 0
    endloop
  endfacet
  facet normal 0 0 -1
    outer loop
      vertex 2.05 1.335 0
      vertex 2.05 0.635 0
      vertex 1.335 0.635 0
    endloop
  endfacet
  facet normal 1 0 0
    outer loop
      vertex 2.05 1.335 0
      vertex 2.05 1.335 8.400500000000001
      vertex 2.05 0.635 0
    endloop
  endfacet
  facet normal 0 1 0
    outer loop
      vertex 1.335 1.335 0
      vertex 1.335 1.335 8.400500000000001
      vertex 2.05 1.335 0
    endloop
  endfacet
  facet normal 1 0 0
    outer loop
      vertex 2.05 1.335 8.400500000000001
      vertex 2.05 0.635 8.049999999999999
      vertex 2.05 0.635 0
    endloop
  endfacet
  facet normal 0 1 0
    outer loop
      vertex 2.05 1.335 0
      vertex 1.335 1.335 8.400500000000001
      vertex 2.05 1.335 8.400500000000001
    endloop
  endfacet
  facet normal 1 0 0
    outer loop
      vertex 2.05 -1.335 8.400500000000001
      vertex 2.05 0.635 8.049999999999999
      vertex 2.05 1.335 8.400500000000001
    endloop
  endfacet
  facet normal 0 0 -1
    outer loop
      vertex -1.335 -2.05 0
      vertex -1.335 -1.335 0
      vertex -0.635 -2.05 0
    endloop
  endfacet
  facet normal 0 0 -1
    outer loop
      vertex -1.335 -1.335 0
      vertex -0.635 -0.635 0
      vertex -0.635 -2.05 0
    endloop
  endfacet
  facet normal 0 0 -1
    outer loop
      vertex -1.335 -1.335 0
      vertex -1.335 -0.635 0
      vertex -0.635 -0.635 0
    endloop
  endfacet
  facet normal -1 0 0
    outer loop
      vertex -1.335 -2.05 0
      vertex -1.335 -2.05 8.400500000000001
      vertex -1.335 -1.335 0
    endloop
  endfacet
  facet normal 0 -1 0
    outer loop
      vertex -1.335 -2.05 0
      vertex -0.635 -2.05 0
      vertex -0.635 -2.05 8.049999999999999
    endloop
  endfacet
  facet normal -1 0 0
    outer loop
      vertex -1.335 -1.335 0
      vertex -1.335 -2.05 8.400500000000001
      vertex -1.335 -1.335 8.400500000000001
    endloop
  endfacet
  facet normal 0 -1 0
    outer loop
      vertex -1.335 -2.05 0
      vertex -0.635 -2.05 8.049999999999999
      vertex -1.335 -2.05 8.400500000000001
    endloop
  endfacet
  facet normal 0 -1 0
    outer loop
      vertex -1.335 -2.05 8.400500000000001
      vertex -0.635 -2.05 8.049999999999999
      vertex 0.635 -2.05 8.049999999999999
    endloop
  endfacet
  facet normal 0 0 -1
    outer loop
      vertex -1.335 1.335 0
      vertex -0.635 0.635 0
      vertex -1.335 0.635 0
    endloop
  endfacet
  facet normal 0 0 -1
    outer loop
      vertex -1.335 1.335 0
      vertex -1.335 2.05 0
      vertex -0.635 0.635 0
    endloop
  endfacet
  facet normal 0 0 -1
    outer loop
      vertex -1.335 2.05 0
      vertex -0.635 2.05 0
      vertex -0.635 0.635 0
    endloop
  endfacet
  facet normal -1 0 -5.286461637403281e-17
    outer loop
      vertex -1.335 1.335 0
      vertex -1.3350000000000004 1.335 8.400500000000001
      vertex -1.335 2.05 0
    endloop
  endfacet
  facet normal 0 1 0
    outer loop
      vertex -1.335 2.05 0
      vertex -1.335 2.05 8.400500000000001
      vertex -0.635 2.05 0
    endloop
  endfacet
  facet normal -1 6.211037900000877e-16 0
    outer loop
      vertex -1.335 2.05 0
      vertex -1.3350000000000004 1.335 8.400500000000001
      vertex -1.335 2.05 8.400500000000001
    endloop
  endfacet
  facet normal 0 1 0
    outer loop
      vertex -1.335 2.05 8.400500000000001
      vertex -0.635 2.05 8.049999999999999
      vertex -0.635 2.05 0
    endloop
  endfacet
  facet normal 0 1 0
    outer loop
      vertex -1.335 2.05 8.400500000000001
      vertex 1.335 2.05 8.400500000000001
      vertex -0.635 2.05 8.049999999999999
    endloop
  endfacet
  facet normal 0 0 -1
    outer loop
      vertex 1.335 -2.05 0
      vertex 0.635 -2.05 0
      vertex 0.635 -0.635 0
    endloop
  endfacet
  facet normal 0 0 -1
    outer loop
      vertex 1.335 -2.05 0
      vertex 0.635 -0.635 0
      vertex 1.335 -1.335 0
    endloop
  endfacet
  facet normal 0 0 -1
    outer loop
      vertex 1.335 -1.335 0
      vertex 0.635 -0.635 0
      vertex 1.335 -0.635 0
    endloop
  endfacet
  facet normal 0 -1 0
    outer loop
      vertex 1.335 -2.05 0
      vertex 1.335 -2.05 8.400500000000001
      vertex 0.635 -2.05 0
    endloop
  endfacet
  facet normal 1 0 -5.286461637403281e-17
    outer loop
      vertex 1.335 -2.05 0
      vertex 1.335 -1.335 0
      vertex 1.3350000000000004 -1.335 8.400500000000001
    endloop
  endfacet
  facet normal 0 -1 0
    outer loop
      vertex 1.335 -2.05 8.400500000000001
      vertex 0.635 -2.05 8.049999999999999
      vertex 0.635 -2.05 0
    endloop
  endfacet
  facet normal 1 -6.211037900000877e-16 0
    outer loop
      vertex 1.335 -2.05 0
      vertex 1.3350000000000004 -1.335 8.400500000000001
      vertex 1.335 -2.05 8.400500000000001
    endloop
  endfacet
  facet normal 0 -1 0
    outer loop
      vertex -1.335 -2.05 8.400500000000001
      vertex 0.635 -2.05 8.049999999999999
      vertex 1.335 -2.05 8.400500000000001
    endloop
  endfacet
  facet normal 0 0 -1
    outer loop
      vertex 1.335 1.335 0
      vertex 1.335 0.635 0
      vertex 0.635 0.635 0
    endloop
  endfacet
  facet normal 0 0 -1
    outer loop
      vertex 1.335 1.335 0
      vertex 0.635 0.635 0
      vertex 0.635 2.05 0
    endloop
  endfacet
  facet normal 0 0 -1
    outer loop
      vertex 1.335 1.335 0
      vertex 0.635 2.05 0
      vertex 1.335 2.05 0
    endloop
  endfacet
  facet normal 0 1 0
    outer loop
      vertex 1.335 2.05 0
      vertex 0.635 2.05 0
      vertex 0.635 2.05 8.049999999999999
    endloop
  endfacet
  facet normal 1 0 0
    outer loop
      vertex 1.335 1.335 0
      vertex 1.335 2.05 0
      vertex 1.335 2.05 8.400500000000001
    endloop
  endfacet
  facet normal 0 1 0
    outer loop
      vertex 1.335 2.05 0
      vertex 0.635 2.05 8.049999999999999
      vertex 1.335 2.05 8.400500000000001
    endloop
  endfacet
  facet normal 1 0 0
    outer loop
      vertex 1.335 1.335 0
      vertex 1.335 2.05 8.400500000000001
      vertex 1.335 1.335 8.400500000000001
    endloop
  endfacet
  facet normal 0 1 0
    outer loop
      vertex 1.335 2.05 8.400500000000001
      vertex 0.635 2.05 8.049999999999999
      vertex -0.635 2.05 8.049999999999999
    endloop
  endfacet
  facet normal 0 1 0
    outer loop
      vertex -0.635 -0.635 8.049999999999999
      vertex -1.335 -0.635 0
      vertex -2.05 -0.635 0
    endloop
  endfacet
  facet normal 0 1 0
    outer loop
      vertex -0.635 -0.635 8.049999999999999
      vertex -0.635 -0.635 0
      vertex -1.335 -0.635 0
    endloop
  endfacet
  facet normal 0 1 0
    outer loop
      vertex -0.635 -0.635 8.049999999999999
      vertex -2.05 -0.635 0
      vertex -2.05 -0.635 8.049999999999999
    endloop
  endfacet
  facet normal 0 0 -1
    outer loop
      vertex -0.635 -0.635 8.049999999999999
      vertex -2.05 -0.635 8.049999999999999
      vertex -2.05 0.635 8.049999999999999
    endloop
  endfacet
  facet normal 0 0 -1
    outer loop
      vertex -0.635 -0.635 8.049999999999999
      vertex -2.05 0.635 8.049999999999999
      vertex 0.635 -0.635 8.049999999999999
    endloop
  endfacet
  facet normal 0 -1 0
    outer loop
      vertex -2.05 0.635 8.049999999999999
      vertex -2.05 0.635 0
      vertex -1.335 0.635 0
    endloop
  endfacet
  facet normal 0 -1 0
    outer loop
      vertex -0.635 0.635 8.049999999999999
      vertex -1.335 0.635 0
      vertex -0.635 0.635 0
    endloop
  endfacet
  facet normal 0 -1 0
    outer loop
      vertex -0.635 0.635 8.049999999999999
      vertex -2.05 0.635 8.049999999999999
      vertex -1.335 0.635 0
    endloop
  endfacet
  facet normal 0 0 -1
    outer loop
      vertex -0.635 0.635 8.049999999999999
      vertex 2.05 -0.635 8.049999999999999
      vertex -2.05 0.635 8.049999999999999
    endloop
  endfacet
  facet normal 0 1 0
    outer loop
      vertex 0.635 -0.635 8.049999999999999
      vertex 1.335 -0.635 0
      vertex 0.635 -0.635 0
    endloop
  endfacet
  facet normal 0 1 0
    outer loop
      vertex 1.335 -0.635 0
      vertex 2.05 -0.635 8.049999999999999
      vertex 2.05 -0.635 0
    endloop
  endfacet
  facet normal 0 1 0
    outer loop
      vertex 0.635 -0.635 8.049999999999999
      vertex 2.05 -0.635 8.049999999999999
      vertex 1.335 -0.635 0
    endloop
  endfacet
  facet normal 0 0 -1
    outer loop
      vertex 0.635 -0.635 8.049999999999999
      vertex -2.05 0.635 8.049999999999999
      vertex 2.05 -0.635 8.049999999999999
    endloop
  endfacet
  facet normal 0 -1 0
    outer loop
      vertex 0.635 0.635 8.049999999999999
      vertex 0.635 0.635 0
      vertex 1.335 0.635 0
    endloop
  endfacet
  facet normal 0 -1 0
    outer loop
      vertex 0.635 0.635 8.049999999999999
      vertex 1.335 0.635 0
      vertex 2.05 0.635 0
    endloop
  endfacet
  facet normal 0 -1 0
    outer loop
      vertex 0.635 0.635 8.049999999999999
      vertex 2.05 0.635 0
      vertex 2.05 0.635 8.049999999999999
    endloop
  endfacet
  facet normal 0 0 -1
    outer loop
      vertex -0.635 0.635 8.049999999999999
      vertex 0.635 0.635 8.049999999999999
      vertex 2.05 -0.635 8.049999999999999
    endloop
  endfacet
  facet normal 0 0 -1
    outer loop
      vertex 0.635 0.635 8.049999999999999
      vertex 2.05 0.635 8.049999999999999
      vertex 2.05 -0.635 8.049999999999999
    endloop
  endfacet
  facet normal 1 0 0
    outer loop
      vertex -0.635 -0.635 8.049999999999999
      vertex -0.635 -2.05 0
      vertex -0.635 -0.635 0
    endloop
  endfacet
  facet normal 1 0 0
    outer loop
      vertex -0.635 -0.635 8.049999999999999
      vertex -0.635 -2.05 8.049999999999999
      vertex -0.635 -2.05 0
    endloop
  endfacet
  facet normal 0 0 -1
    outer loop
      vertex -0.635 -0.635 8.049999999999999
      vertex 0.635 -0.635 8.049999999999999
      vertex -0.635 -2.05 8.049999999999999
    endloop
  endfacet
  facet normal 1 0 0
    outer loop
      vertex -0.635 2.05 0
      vertex -0.635 2.05 8.049999999999999
      vertex -0.635 0.635 0
    endloop
  endfacet
  facet normal 1 0 0
    outer loop
      vertex -0.635 0.635 8.049999999999999
      vertex -0.635 0.635 0
      vertex -0.635 2.05 8.049999999999999
    endloop
  endfacet
  facet normal 0 0 -1
    outer loop
      vertex -0.635 0.635 8.049999999999999
      vertex -0.635 2.05 8.049999999999999
      vertex 0.635 2.05 8.049999999999999
    endloop
  endfacet
  facet normal -1 0 0
    outer loop
      vertex 0.635 -2.05 0
      vertex 0.635 -2.05 8.049999999999999
      vertex 0.635 -0.635 0
    endloop
  endfacet
  facet normal -1 0 0
    outer loop
      vertex 0.635 -0.635 8.049999999999999
      vertex 0.635 -0.635 0
      vertex 0.635 -2.05 8.049999999999999
    endloop
  endfacet
  facet normal 0 0 -1
    outer loop
      vertex 0.635 -0.635 8.049999999999999
      vertex 0.635 -2.05 8.049999999999999
      vertex -0.635 -2.05 8.049999999999999
    endloop
  endfacet
  facet normal -1 0 0
    outer loop
      vertex 0.635 0.635 8.049999999999999
      vertex 0.635 2.05 0
      vertex 0.635 0.635 0
    endloop
  endfacet
  facet normal -1 0 0
    outer loop
      vertex 0.635 0.635 8.049999999999999
      vertex 0.635 2.05 8.049999999999999
      vertex 0.635 2.05 0
    endloop
  endfacet
  facet normal 0 0 -1
    outer loop
      vertex -0.635 0.635 8.049999999999999
      vertex 0.635 2.05 8.049999999999999
      vertex 0.635 0.635 8.049999999999999
    endloop
  endfacet
  facet normal 1 0 0
    outer loop
      vertex -5.921977497637272 -2.252159997820854 8.950000000000001
      vertex -5.921977497637272 2.246399998664856 9.4
      vertex -5.921977497637272 -2.252159997820854 9.4
    endloop
  endfacet
  facet normal 0 0 1
    outer loop
      vertex -5.921977497637272 -2.252159997820854 8.950000000000001
      vertex -5.0034374967217445 -1.4428799971938133 8.950000000000001
      vertex -5.0034374967217445 -0.2880000025033951 8.950000000000001
    endloop
  endfacet
  facet normal 0 1 0
    outer loop
      vertex -5.921977497637272 -2.252159997820854 8.950000000000001
      vertex -5.921977497637272 -2.252159997820854 9.4
      vertex -2.5133624970912933 -2.252159997820854 8.950000000000001
    endloop
  endfacet
  facet normal 0 0 1
    outer loop
      vertex -5.921977497637272 -2.252159997820854 8.950000000000001
      vertex -5.0034374967217445 -0.2880000025033951 8.950000000000001
      vertex -5.0034374967217445 0.49248000234365463 8.950000000000001
    endloop
  endfacet
  facet normal -1 0 0
    outer loop
      vertex -5.0034374967217445 -1.4428799971938133 8.950000000000001
      vertex -5.0034374967217445 -1.4428799971938133 9.4
      vertex -5.0034374967217445 -0.2880000025033951 8.950000000000001
    endloop
  endfacet
  facet normal -1 0 0
    outer loop
      vertex -5.0034374967217445 -0.2880000025033951 8.950000000000001
      vertex -5.0034374967217445 -1.4428799971938133 9.4
      vertex -5.0034374967217445 -0.2880000025033951 9.4
    endloop
  endfacet
  facet normal 0 0 1
    outer loop
      vertex -5.921977497637272 -2.252159997820854 8.950000000000001
      vertex -2.5133624970912933 -2.252159997820854 8.950000000000001
      vertex -5.0034374967217445 -1.4428799971938133 8.950000000000001
    endloop
  endfacet
  facet normal 0 -1 0
    outer loop
      vertex -5.0034374967217445 -1.4428799971938133 8.950000000000001
      vertex -2.5133624970912933 -1.4428799971938133 9.4
      vertex -5.0034374967217445 -1.4428799971938133 9.4
    endloop
  endfacet
  facet normal 0 1 0
    outer loop
      vertex -2.5133624970912933 -2.252159997820854 8.950000000000001
      vertex -5.921977497637272 -2.252159997820854 9.4
      vertex -2.5133624970912933 -2.252159997820854 9.4
    endloop
  endfacet
  facet normal 0 1 0
    outer loop
      vertex -5.0034374967217445 -0.2880000025033951 8.950000000000001
      vertex -5.0034374967217445 -0.2880000025033951 9.4
      vertex -2.818552501499653 -0.2880000025033951 8.950000000000001
    endloop
  endfacet
  facet normal 0 0 1
    outer loop
      vertex -5.0034374967217445 -0.2880000025033951 8.950000000000001
      vertex -2.818552501499653 -0.2880000025033951 8.950000000000001
      vertex -2.818552501499653 0.49248000234365463 8.950000000000001
    endloop
  endfacet
  facet normal 0 1 0
    outer loop
      vertex -2.818552501499653 -0.2880000025033951 8.950000000000001
      vertex -5.0034374967217445 -0.2880000025033951 9.4
      vertex -2.818552501499653 -0.2880000025033951 9.4
    endloop
  endfacet
  facet normal 0 0 1
    outer loop
      vertex -5.0034374967217445 -1.4428799971938133 8.950000000000001
      vertex -2.5133624970912933 -2.252159997820854 8.950000000000001
      vertex -2.5133624970912933 -1.4428799971938133 8.950000000000001
    endloop
  endfacet
  facet normal 0 -1 0
    outer loop
      vertex -5.0034374967217445 -1.4428799971938133 8.950000000000001
      vertex -2.5133624970912933 -1.4428799971938133 8.950000000000001
      vertex -2.5133624970912933 -1.4428799971938133 9.4
    endloop
  endfacet
  facet normal -1 0 0
    outer loop
      vertex -2.5133624970912933 -2.252159997820854 8.950000000000001
      vertex -2.5133624970912933 -2.252159997820854 9.4
      vertex -2.5133624970912933 -1.4428799971938133 8.950000000000001
    endloop
  endfacet
  facet normal -1 0 0
    outer loop
      vertex -2.5133624970912933 -1.4428799971938133 8.950000000000001
      vertex -2.5133624970912933 -2.252159997820854 9.4
      vertex -2.5133624970912933 -1.4428799971938133 9.4
    endloop
  endfacet
  facet normal -1 0 0
    outer loop
      vertex -2.818552501499653 -0.2880000025033951 8.950000000000001
      vertex -2.818552501499653 -0.2880000025033951 9.4
      vertex -2.818552501499653 0.49248000234365463 8.950000000000001
    endloop
  endfacet
  facet normal 0.22952657731416454 0.9733023940720812 0
    outer loop
      vertex -0.8428235054016113 -2.2818642631173134 8.950000000000001
      vertex -0.8428235054016113 -2.2818642631173134 9.4
      vertex -0.73204655200243 -2.3079879581928253 8.950000000000001
    endloop
  endfacet
  facet normal 0.182395351078134 0.9832252722062651 0
    outer loop
      vertex -0.73204655200243 -2.3079879581928253 8.950000000000001
      vertex -0.73204655200243 -2.3079879581928253 9.4
      vertex -0.6168276444077492 -2.329361893236637 8.950000000000001
    endloop
  endfacet
  facet normal 0.13760582357708184 0.9904870707473535 0
    outer loop
      vertex -0.6168276444077492 -2.329361893236637 8.950000000000001
      vertex -0.6168276444077492 -2.329361893236637 9.4
      vertex -0.49716679006814957 -2.345986068248749 8.950000000000001
    endloop
  endfacet
  facet normal 0.27882694637803046 0.960341363252413 0
    outer loop
      vertex -0.8428235054016113 -2.2818642631173134 8.950000000000001
      vertex -0.9491585046052933 -2.2509908005595207 9.4
      vertex -0.8428235054016113 -2.2818642631173134 9.4
    endloop
  endfacet
  facet normal 0.22952657731416454 0.9733023940720812 0
    outer loop
      vertex -0.73204655200243 -2.3079879581928253 8.950000000000001
      vertex -0.8428235054016113 -2.2818642631173134 9.4
      vertex -0.73204655200243 -2.3079879581928253 9.4
    endloop
  endfacet
  facet normal 0.182395351078134 0.9832252722062651 0
    outer loop
      vertex -0.6168276444077492 -2.329361893236637 8.950000000000001
      vertex -0.73204655200243 -2.3079879581928253 9.4
      vertex -0.6168276444077492 -2.329361893236637 9.4
    endloop
  endfacet
  facet normal 0.09524701875897587 0.9954536681420825 0
    outer loop
      vertex -0.49716679006814957 -2.345986068248749 8.950000000000001
      vertex -0.49716679006814957 -2.345986068248749 9.4
      vertex -0.37306398153305054 -2.3578604757785797 8.950000000000001
    endloop
  endfacet
  facet normal 0.055340425406994215 0.9984675444478768 0
    outer loop
      vertex -0.37306398153305054 -2.3578604757785797 8.950000000000001
      vertex -0.37306398153305054 -2.3578604757785797 9.4
      vertex -0.2445192188024521 -2.36498511582613 8.950000000000001
    endloop
  endfacet
  facet normal 0.017855233386931648 0.9998405826133976 0
    outer loop
      vertex -0.2445192188024521 -2.36498511582613 8.950000000000001
      vertex -0.2445192188024521 -2.36498511582613 9.4
      vertex -0.11153250187635422 -2.3673600032925606 8.950000000000001
    endloop
  endfacet
  facet normal -0.018520952859137466 0.9998284724417431 0
    outer loop
      vertex -0.11153250187635422 -2.3673600032925606 8.950000000000001
      vertex -0.11153250187635422 -2.3673600032925606 9.4
      vertex 0.01855531334877014 -2.3649502396583557 8.950000000000001
    endloop
  endfacet
  facet normal 0.13760582357708184 0.9904870707473535 0
    outer loop
      vertex -0.49716679006814957 -2.345986068248749 8.950000000000001
      vertex -0.6168276444077492 -2.329361893236637 9.4
      vertex -0.49716679006814957 -2.345986068248749 9.4
    endloop
  endfacet
  facet normal 0.09524701875897587 0.9954536681420825 0
    outer loop
      vertex -0.37306398153305054 -2.3578604757785797 8.950000000000001
      vertex -0.49716679006814957 -2.345986068248749 9.4
      vertex -0.37306398153305054 -2.3578604757785797 9.4
    endloop
  endfacet
  facet normal 0.055340425406994215 0.9984675444478768 0
    outer loop
      vertex -0.2445192188024521 -2.36498511582613 8.950000000000001
      vertex -0.37306398153305054 -2.3578604757785797 9.4
      vertex -0.2445192188024521 -2.36498511582613 9.4
    endloop
  endfacet
  facet normal 0.017855233386931648 0.9998405826133976 0
    outer loop
      vertex -0.11153250187635422 -2.3673600032925606 8.950000000000001
      vertex -0.2445192188024521 -2.36498511582613 9.4
      vertex -0.11153250187635422 -2.3673600032925606 9.4
    endloop
  endfacet
  facet normal -0.018520952859137466 0.9998284724417431 0
    outer loop
      vertex 0.01855531334877014 -2.3649502396583557 8.950000000000001
      vertex -0.11153250187635422 -2.3673600032925606 9.4
      vertex 0.01855531334877014 -2.3649502396583557 9.4
    endloop
  endfacet
  facet normal 0.7950273294676873 0.6065736108663791 0
    outer loop
      vertex -1.699460543692112 -1.7647607401013374 8.950000000000001
      vertex -1.756067618727684 -1.6905666589736938 8.950000000000001
      vertex -1.756067618727684 -1.6905666589736938 9.4
    endloop
  endfacet
  facet normal 0.7950273294676873 0.6065736108663791 0
    outer loop
      vertex -1.699460543692112 -1.7647607401013374 8.950000000000001
      vertex -1.756067618727684 -1.6905666589736938 9.4
      vertex -1.699460543692112 -1.7647607401013374 9.4
    endloop
  endfacet
  facet normal 0.9097312833255594 0.4151975338785514 0
    outer loop
      vertex -1.851405844092369 -1.5315094962716103 8.950000000000001
      vertex -1.890136994421482 -1.4466464221477509 8.950000000000001
      vertex -1.890136994421482 -1.4466464221477509 9.4
    endloop
  endfacet
  facet normal 0.8378982725730008 0.5458264237092056 0
    outer loop
      vertex -1.8067160472273827 -1.6128162443637848 8.950000000000001
      vertex -1.8067160472273827 -1.6128162443637848 9.4
      vertex -1.756067618727684 -1.6905666589736938 8.950000000000001
    endloop
  endfacet
  facet normal 0.876347474731953 0.48167946139619583 0
    outer loop
      vertex -1.8067160472273827 -1.6128162443637848 8.950000000000001
      vertex -1.851405844092369 -1.5315094962716103 8.950000000000001
      vertex -1.851405844092369 -1.5315094962716103 9.4
    endloop
  endfacet
  facet normal 0.9376638016436972 0.34754365925317865 0
    outer loop
      vertex -1.890136994421482 -1.4466464221477509 8.950000000000001
      vertex -1.9229095131158829 -1.358227014541626 8.950000000000001
      vertex -1.9229095131158829 -1.358227014541626 9.4
    endloop
  endfacet
  facet normal 0.9600347431847035 0.27988085300406035 0
    outer loop
      vertex -1.9229095131158829 -1.358227014541626 8.950000000000001
      vertex -1.9497233852744102 -1.2662512734532356 8.950000000000001
      vertex -1.9497233852744102 -1.2662512734532356 9.4
    endloop
  endfacet
  facet normal 0.9769904536641688 0.21328303600868456 0
    outer loop
      vertex -1.9497233852744102 -1.2662512734532356 8.950000000000001
      vertex -1.9705786257982254 -1.1707191988825798 8.950000000000001
      vertex -1.9705786257982254 -1.1707191988825798 9.4
    endloop
  endfacet
  facet normal 0.9097312833255594 0.4151975338785514 0
    outer loop
      vertex -1.851405844092369 -1.5315094962716103 8.950000000000001
      vertex -1.890136994421482 -1.4466464221477509 9.4
      vertex -1.851405844092369 -1.5315094962716103 9.4
    endloop
  endfacet
  facet normal 0.9376638016436972 0.34754365925317865 0
    outer loop
      vertex -1.890136994421482 -1.4466464221477509 8.950000000000001
      vertex -1.9229095131158829 -1.358227014541626 9.4
      vertex -1.890136994421482 -1.4466464221477509 9.4
    endloop
  endfacet
  facet normal 0.8378982725730008 0.5458264237092056 0
    outer loop
      vertex -1.756067618727684 -1.6905666589736938 8.950000000000001
      vertex -1.8067160472273827 -1.6128162443637848 9.4
      vertex -1.756067618727684 -1.6905666589736938 9.4
    endloop
  endfacet
  facet normal 0.876347474731953 0.48167946139619583 0
    outer loop
      vertex -1.8067160472273827 -1.6128162443637848 8.950000000000001
      vertex -1.851405844092369 -1.5315094962716103 9.4
      vertex -1.8067160472273827 -1.6128162443637848 9.4
    endloop
  endfacet
  facet normal 0.9600347431847035 0.27988085300406035 0
    outer loop
      vertex -1.9229095131158829 -1.358227014541626 8.950000000000001
      vertex -1.9497233852744102 -1.2662512734532356 9.4
      vertex -1.9229095131158829 -1.358227014541626 9.4
    endloop
  endfacet
  facet normal 0.9769904536641688 0.21328303600868456 0
    outer loop
      vertex -1.9497233852744102 -1.2662512734532356 8.950000000000001
      vertex -1.9705786257982254 -1.1707191988825798 9.4
      vertex -1.9497233852744102 -1.2662512734532356 9.4
    endloop
  endfacet
  facet normal 0.9888874972962178 0.1486657919335274 0
    outer loop
      vertex -1.9705786257982254 -1.1707191988825798 8.950000000000001
      vertex -1.9854752197861671 -1.071630798280239 9.4
      vertex -1.9705786257982254 -1.1707191988825798 9.4
    endloop
  endfacet
  facet normal 0.5974825410694681 0.8018819196846699 0
    outer loop
      vertex -1.414204217493534 -2.025377042591572 8.950000000000001
      vertex -1.4938874989748 -1.9660049974918365 8.950000000000001
      vertex -1.4938874989748 -1.9660049974918365 9.4
    endloop
  endfacet
  facet normal 0.6995431535537281 0.7145903555996995 0
    outer loop
      vertex -1.5683704912662506 -1.9024799093604088 8.950000000000001
      vertex -1.6368948370218277 -1.8353984877467155 8.950000000000001
      vertex -1.6368948370218277 -1.8353984877467155 9.4
    endloop
  endfacet
  facet normal 0.7485837382704548 0.6630402603138298 0
    outer loop
      vertex -1.6368948370218277 -1.8353984877467155 8.950000000000001
      vertex -1.699460543692112 -1.7647607401013374 8.950000000000001
      vertex -1.699460543692112 -1.7647607401013374 9.4
    endloop
  endfacet
  facet normal 0.6489198604447135 0.7608567636029883 0
    outer loop
      vertex -1.4938874989748 -1.9660049974918365 8.950000000000001
      vertex -1.5683704912662506 -1.9024799093604088 8.950000000000001
      vertex -1.5683704912662506 -1.9024799093604088 9.4
    endloop
  endfacet
  facet normal 0.5445738932416757 0.8387128679110653 0
    outer loop
      vertex -1.414204217493534 -2.025377042591572 8.950000000000001
      vertex -1.414204217493534 -2.025377042591572 9.4
      vertex -1.3300789818167686 -2.0799993202090263 8.950000000000001
    endloop
  endfacet
  facet normal 0.490660826303795 0.8713506490104181 0
    outer loop
      vertex -1.3300789818167686 -2.0799993202090263 8.950000000000001
      vertex -1.3300789818167686 -2.0799993202090263 9.4
      vertex -1.2415117919445038 -2.1298718377947807 8.950000000000001
    endloop
  endfacet
  facet normal 0.4364881546948448 0.8997100037295845 0
    outer loop
      vertex -1.2415117919445038 -2.1298718377947807 8.950000000000001
      vertex -1.2415117919445038 -2.1298718377947807 9.4
      vertex -1.1485026478767395 -2.1749945878982544 8.950000000000001
    endloop
  endfacet
  facet normal 0 0 1
    outer loop
      vertex -1.4938874989748 -1.9660049974918365 8.950000000000001
      vertex -0.932377502322197 -1.3235850036144257 8.950000000000001
      vertex -1.5683704912662506 -1.9024799093604088 8.950000000000001
    endloop
  endfacet
  facet normal 0 0 1
    outer loop
      vertex -1.414204217493534 -2.025377042591572 8.950000000000001
      vertex -0.8952349275350571 -1.3646641448140144 8.950000000000001
      vertex -1.4938874989748 -1.9660049974918365 8.950000000000001
    endloop
  endfacet
  facet normal 0 0 1
    outer loop
      vertex -1.414204217493534 -2.025377042591572 8.950000000000001
      vertex -1.3300789818167686 -2.0799993202090263 8.950000000000001
      vertex -0.8542287424206734 -1.4024569541215897 8.950000000000001
    endloop
  endfacet
  facet normal 0.5974825410694681 0.8018819196846699 0
    outer loop
      vertex -1.414204217493534 -2.025377042591572 8.950000000000001
      vertex -1.4938874989748 -1.9660049974918365 9.4
      vertex -1.414204217493534 -2.025377042591572 9.4
    endloop
  endfacet
  facet normal 0.6995431535537281 0.7145903555996995 0
    outer loop
      vertex -1.5683704912662506 -1.9024799093604088 8.950000000000001
      vertex -1.6368948370218277 -1.8353984877467155 9.4
      vertex -1.5683704912662506 -1.9024799093604088 9.4
    endloop
  endfacet
  facet normal 0.7485837382704548 0.6630402603138298 0
    outer loop
      vertex -1.6368948370218277 -1.8353984877467155 8.950000000000001
      vertex -1.699460543692112 -1.7647607401013374 9.4
      vertex -1.6368948370218277 -1.8353984877467155 9.4
    endloop
  endfacet
  facet normal 0.6489198604447135 0.7608567636029883 0
    outer loop
      vertex -1.4938874989748 -1.9660049974918365 8.950000000000001
      vertex -1.5683704912662506 -1.9024799093604088 9.4
      vertex -1.4938874989748 -1.9660049974918365 9.4
    endloop
  endfacet
  facet normal 0.5445738932416757 0.8387128679110653 0
    outer loop
      vertex -1.3300789818167686 -2.0799993202090263 8.950000000000001
      vertex -1.414204217493534 -2.025377042591572 9.4
      vertex -1.3300789818167686 -2.0799993202090263 9.4
    endloop
  endfacet
  facet normal 0.4364881546948448 0.8997100037295845 0
    outer loop
      vertex -1.1485026478767395 -2.1749945878982544 8.950000000000001
      vertex -1.2415117919445038 -2.1298718377947807 9.4
      vertex -1.1485026478767395 -2.1749945878982544 9.4
    endloop
  endfacet
  facet normal 0.490660826303795 0.8713506490104181 0
    outer loop
      vertex -1.2415117919445038 -2.1298718377947807 8.950000000000001
      vertex -1.3300789818167686 -2.0799993202090263 9.4
      vertex -1.2415117919445038 -2.1298718377947807 9.4
    endloop
  endfacet
  facet normal 0 0 1
    outer loop
      vertex -1.8067160472273827 -1.6128162443637848 8.950000000000001
      vertex -1.0164476186037064 -1.1831850036978722 8.950000000000001
      vertex -1.851405844092369 -1.5315094962716103 8.950000000000001
    endloop
  endfacet
  facet normal 0 0 1
    outer loop
      vertex -1.699460543692112 -1.7647607401013374 8.950000000000001
      vertex -0.9857464358210564 -1.2448696121573448 8.950000000000001
      vertex -1.756067618727684 -1.6905666589736938 8.950000000000001
    endloop
  endfacet
  facet normal 0 0 1
    outer loop
      vertex -1.6368948370218277 -1.8353984877467155 8.950000000000001
      vertex -0.9689324125647545 -1.2729496136307716 8.950000000000001
      vertex -1.699460543692112 -1.7647607401013374 8.950000000000001
    endloop
  endfacet
  facet normal 0 0 1
    outer loop
      vertex -1.8067160472273827 -1.6128162443637848 8.950000000000001
      vertex -1.756067618727684 -1.6905666589736938 8.950000000000001
      vertex -1.0015848353505135 -1.2149480804800987 8.950000000000001
    endloop
  endfacet
  facet normal 0 0 1
    outer loop
      vertex -1.851405844092369 -1.5315094962716103 8.950000000000001
      vertex -1.0303347781300545 -1.1495803818106651 8.950000000000001
      vertex -1.890136994421482 -1.4466464221477509 8.950000000000001
    endloop
  endfacet
  facet normal 0 0 1
    outer loop
      vertex -1.890136994421482 -1.4466464221477509 8.950000000000001
      vertex -1.0432463139295578 -1.1141342297196388 8.950000000000001
      vertex -1.9229095131158829 -1.358227014541626 8.950000000000001
    endloop
  endfacet
  facet normal 0 0 1
    outer loop
      vertex -1.9229095131158829 -1.358227014541626 8.950000000000001
      vertex -1.0661425292491913 -1.037717305123806 8.950000000000001
      vertex -1.9497233852744102 -1.2662512734532356 8.950000000000001
    endloop
  endfacet
  facet normal 0 0 1
    outer loop
      vertex -1.9497233852744102 -1.2662512734532356 8.950000000000001
      vertex -1.0761272013187408 -0.9967465400695801 8.950000000000001
      vertex -1.9705786257982254 -1.1707191988825798 8.950000000000001
    endloop
  endfacet
  facet normal 0 0 1
    outer loop
      vertex -1.5683704912662506 -1.9024799093604088 8.950000000000001
      vertex -0.9511427655816078 -1.2991880774497986 8.950000000000001
      vertex -1.6368948370218277 -1.8353984877467155 8.950000000000001
    endloop
  endfacet
  facet normal 0 0 1
    outer loop
      vertex -1.699460543692112 -1.7647607401013374 8.950000000000001
      vertex -0.9689324125647545 -1.2729496136307716 8.950000000000001
      vertex -0.9857464358210564 -1.2448696121573448 8.950000000000001
    endloop
  endfacet
  facet normal 0 0 1
    outer loop
      vertex -1.5683704912662506 -1.9024799093604088 8.950000000000001
      vertex -0.932377502322197 -1.3235850036144257 8.950000000000001
      vertex -0.9511427655816078 -1.2991880774497986 8.950000000000001
    endloop
  endfacet
  facet normal 0 0 1
    outer loop
      vertex -1.6368948370218277 -1.8353984877467155 8.950000000000001
      vertex -0.9511427655816078 -1.2991880774497986 8.950000000000001
      vertex -0.9689324125647545 -1.2729496136307716 8.950000000000001
    endloop
  endfacet
  facet normal 0 0 1
    outer loop
      vertex -1.8067160472273827 -1.6128162443637848 8.950000000000001
      vertex -1.0015848353505135 -1.2149480804800987 8.950000000000001
      vertex -1.0164476186037064 -1.1831850036978722 8.950000000000001
    endloop
  endfacet
  facet normal 0 0 1
    outer loop
      vertex -1.851405844092369 -1.5315094962716103 8.950000000000001
      vertex -1.0164476186037064 -1.1831850036978722 8.950000000000001
      vertex -1.0303347781300545 -1.1495803818106651 8.950000000000001
    endloop
  endfacet
  facet normal 0 0 1
    outer loop
      vertex -1.9229095131158829 -1.358227014541626 8.950000000000001
      vertex -1.055182233452797 -1.0768465399742126 8.950000000000001
      vertex -1.0661425292491913 -1.037717305123806 8.950000000000001
    endloop
  endfacet
  facet normal 0 0 1
    outer loop
      vertex -1.890136994421482 -1.4466464221477509 8.950000000000001
      vertex -1.0303347781300545 -1.1495803818106651 8.950000000000001
      vertex -1.0432463139295578 -1.1141342297196388 8.950000000000001
    endloop
  endfacet
  facet normal 0 0 1
    outer loop
      vertex -1.9229095131158829 -1.358227014541626 8.950000000000001
      vertex -1.0432463139295578 -1.1141342297196388 8.950000000000001
      vertex -1.055182233452797 -1.0768465399742126 8.950000000000001
    endloop
  endfacet
  facet normal 0 0 1
    outer loop
      vertex -1.756067618727684 -1.6905666589736938 8.950000000000001
      vertex -0.9857464358210564 -1.2448696121573448 8.950000000000001
      vertex -1.0015848353505135 -1.2149480804800987 8.950000000000001
    endloop
  endfacet
  facet normal 0.9888874972962178 0.1486657919335274 0
    outer loop
      vertex -1.9705786257982254 -1.1707191988825798 8.950000000000001
      vertex -1.9854752197861671 -1.071630798280239 8.950000000000001
      vertex -1.9854752197861671 -1.071630798280239 9.4
    endloop
  endfacet
  facet normal 0.9962302503332808 0.08674841970254252 0
    outer loop
      vertex -1.9854752197861671 -1.071630798280239 8.950000000000001
      vertex -1.9944131821393967 -0.9689860641956329 8.950000000000001
      vertex -1.9944131821393967 -0.9689860641956329 9.4
    endloop
  endfacet
  facet normal 0.9996067315795618 0.028042506678714718 0
    outer loop
      vertex -1.9944131821393967 -0.9689860641956329 8.950000000000001
      vertex -1.9973924979567528 -0.8627849966287613 8.950000000000001
      vertex -1.9973924979567528 -0.8627849966287613 9.4
    endloop
  endfacet
  facet normal 0 0 1
    outer loop
      vertex -1.9944131821393967 -0.9689860641956329 8.950000000000001
      vertex -1.1002274975180626 -0.8627849966287613 8.950000000000001
      vertex -1.9973924979567528 -0.8627849966287613 8.950000000000001
    endloop
  endfacet
  facet normal 0.9962302503332808 0.08674841970254252 0
    outer loop
      vertex -1.9854752197861671 -1.071630798280239 8.950000000000001
      vertex -1.9944131821393967 -0.9689860641956329 9.4
      vertex -1.9854752197861671 -1.071630798280239 9.4
    endloop
  endfacet
  facet normal 0.9996067315795618 0.028042506678714718 0
    outer loop
      vertex -1.9944131821393967 -0.9689860641956329 8.950000000000001
      vertex -1.9973924979567528 -0.8627849966287613 9.4
      vertex -1.9944131821393967 -0.9689860641956329 9.4
    endloop
  endfacet
  facet normal 0 -1 0
    outer loop
      vertex -1.9973924979567528 -0.8627849966287613 8.950000000000001
      vertex -1.1002274975180626 -0.8627849966287613 9.4
      vertex -1.9973924979567528 -0.8627849966287613 9.4
    endloop
  endfacet
  facet normal 0 0 1
    outer loop
      vertex -1.9705786257982254 -1.1707191988825798 8.950000000000001
      vertex -1.0851362571120262 -0.9539342299103737 8.950000000000001
      vertex -1.9854752197861671 -1.071630798280239 8.950000000000001
    endloop
  endfacet
  facet normal 0 0 1
    outer loop
      vertex -1.9854752197861671 -1.071630798280239 8.950000000000001
      vertex -1.1002274975180626 -0.8627849966287613 8.950000000000001
      vertex -1.9944131821393967 -0.9689860641956329 8.950000000000001
    endloop
  endfacet
  facet normal 0 0 1
    outer loop
      vertex -1.9497233852744102 -1.2662512734532356 8.950000000000001
      vertex -1.0661425292491913 -1.037717305123806 8.950000000000001
      vertex -1.0761272013187408 -0.9967465400695801 8.950000000000001
    endloop
  endfacet
  facet normal 0 0 1
    outer loop
      vertex -1.9705786257982254 -1.1707191988825798 8.950000000000001
      vertex -1.0761272013187408 -0.9967465400695801 8.950000000000001
      vertex -1.0851362571120262 -0.9539342299103737 8.950000000000001
    endloop
  endfacet
  facet normal 0 0 1
    outer loop
      vertex -1.9854752197861671 -1.071630798280239 8.950000000000001
      vertex -1.0851362571120262 -0.9539342299103737 8.950000000000001
      vertex -1.0931696891784668 -0.9092803820967674 8.950000000000001
    endloop
  endfacet
  facet normal 0 0 1
    outer loop
      vertex -1.9854752197861671 -1.071630798280239 8.950000000000001
      vertex -1.0931696891784668 -0.9092803820967674 8.950000000000001
      vertex -1.1002274975180626 -0.8627849966287613 8.950000000000001
    endloop
  endfacet
  facet normal 0 -1 0
    outer loop
      vertex -1.9973924979567528 -0.8627849966287613 8.950000000000001
      vertex -1.1002274975180626 -0.8627849966287613 8.950000000000001
      vertex -1.1002274975180626 -0.8627849966287613 9.4
    endloop
  endfacet
  facet normal 0.5441762934800553 0.838970894378529 0
    outer loop
      vertex -1.4255782961845398 -0.028457842767238617 8.950000000000001
      vertex -1.4694525003433228 0 8.950000000000001
      vertex -1.4694525003433228 0 9.4
    endloop
  endfacet
  facet normal 0.4978994009352202 0.8672347932067467 0
    outer loop
      vertex -1.4255782961845398 -0.028457842767238617 8.950000000000001
      vertex -1.4255782961845398 -0.028457842767238617 9.4
      vertex -1.376575693488121 -0.05659136176109314 8.950000000000001
    endloop
  endfacet
  facet normal 0.4569633432323407 0.8894855271121178 0
    outer loop
      vertex -1.3224446922540665 -0.08440056443214417 8.950000000000001
      vertex -1.376575693488121 -0.05659136176109314 8.950000000000001
      vertex -1.376575693488121 -0.05659136176109314 9.4
    endloop
  endfacet
  facet normal 0.4207533480476253 0.9071750768769575 0
    outer loop
      vertex -1.3224446922540665 -0.08440056443214417 8.950000000000001
      vertex -1.3224446922540665 -0.08440056443214417 9.4
      vertex -1.263185277581215 -0.1118854433298111 8.950000000000001
    endloop
  endfacet
  facet normal 0.3601389881516726 0.9328986596694677 0
    outer loop
      vertex -1.129281260073185 -0.16588225215673447 8.950000000000001
      vertex -1.1987974718213081 -0.13904600590467453 8.950000000000001
      vertex -1.1987974718213081 -0.13904600590467453 9.4
    endloop
  endfacet
  facet normal 0.3886635395746481 0.9213797550441978 0
    outer loop
      vertex -1.263185277581215 -0.1118854433298111 8.950000000000001
      vertex -1.263185277581215 -0.1118854433298111 9.4
      vertex -1.1987974718213081 -0.13904600590467453 8.950000000000001
    endloop
  endfacet
  facet normal 0.5441762934800553 0.838970894378529 0
    outer loop
      vertex -1.4255782961845398 -0.028457842767238617 8.950000000000001
      vertex -1.4694525003433228 0 9.4
      vertex -1.4255782961845398 -0.028457842767238617 9.4
    endloop
  endfacet
  facet normal 0.4978994009352202 0.8672347932067467 0
    outer loop
      vertex -1.376575693488121 -0.05659136176109314 8.950000000000001
      vertex -1.4255782961845398 -0.028457842767238617 9.4
      vertex -1.376575693488121 -0.05659136176109314 9.4
    endloop
  endfacet
  facet normal 0.4569633432323407 0.8894855271121178 0
    outer loop
      vertex -1.3224446922540665 -0.08440056443214417 8.950000000000001
      vertex -1.376575693488121 -0.05659136176109314 9.4
      vertex -1.3224446922540665 -0.08440056443214417 9.4
    endloop
  endfacet
  facet normal 0.4207533480476253 0.9071750768769575 0
    outer loop
      vertex -1.263185277581215 -0.1118854433298111 8.950000000000001
      vertex -1.3224446922540665 -0.08440056443214417 9.4
      vertex -1.263185277581215 -0.1118854433298111 9.4
    endloop
  endfacet
  facet normal 0.3601389881516726 0.9328986596694677 0
    outer loop
      vertex -1.129281260073185 -0.16588225215673447 8.950000000000001
      vertex -1.1987974718213081 -0.13904600590467453 9.4
      vertex -1.129281260073185 -0.16588225215673447 9.4
    endloop
  endfacet
  facet normal 0.3886635395746481 0.9213797550441978 0
    outer loop
      vertex -1.1987974718213081 -0.13904600590467453 8.950000000000001
      vertex -1.263185277581215 -0.1118854433298111 9.4
      vertex -1.1987974718213081 -0.13904600590467453 9.4
    endloop
  endfacet
  facet normal 0 0 1
    outer loop
      vertex -1.0510515496134758 -2.2153675705194473 8.950000000000001
      vertex -0.9491585046052933 -2.2509908005595207 8.950000000000001
      vertex -0.70802853256464 -1.4961173981428146 8.950000000000001
    endloop
  endfacet
  facet normal 0.3827434411124608 0.9238546737909551 0
    outer loop
      vertex -1.1485026478767395 -2.1749945878982544 8.950000000000001
      vertex -1.1485026478767395 -2.1749945878982544 9.4
      vertex -1.0510515496134758 -2.2153675705194473 8.950000000000001
    endloop
  endfacet
  facet normal 0.3300257553316661 0.9439719279818459 0
    outer loop
      vertex -1.0510515496134758 -2.2153675705194473 8.950000000000001
      vertex -1.0510515496134758 -2.2153675705194473 9.4
      vertex -0.9491585046052933 -2.2509908005595207 8.950000000000001
    endloop
  endfacet
  facet normal 0.27882694637803046 0.960341363252413 0
    outer loop
      vertex -0.9491585046052933 -2.2509908005595207 8.950000000000001
      vertex -0.9491585046052933 -2.2509908005595207 9.4
      vertex -0.8428235054016113 -2.2818642631173134 8.950000000000001
    endloop
  endfacet
  facet normal 0 0 1
    outer loop
      vertex -1.2415117919445038 -2.1298718377947807 8.950000000000001
      vertex -1.1485026478767395 -2.1749945878982544 8.950000000000001
      vertex -0.8093589469790459 -1.4369634315371513 8.950000000000001
    endloop
  endfacet
  facet normal 0 0 1
    outer loop
      vertex -1.3300789818167686 -2.0799993202090263 8.950000000000001
      vertex -1.2415117919445038 -2.1298718377947807 8.950000000000001
      vertex -0.8093589469790459 -1.4369634315371513 8.950000000000001
    endloop
  endfacet
  facet normal 0 0 1
    outer loop
      vertex -1.1485026478767395 -2.1749945878982544 8.950000000000001
      vertex -1.0510515496134758 -2.2153675705194473 8.950000000000001
      vertex -0.7606255486607552 -1.4681835770606995 8.950000000000001
    endloop
  endfacet
  facet normal 0 0 1
    outer loop
      vertex -0.9491585046052933 -2.2509908005595207 8.950000000000001
      vertex -0.8428235054016113 -2.2818642631173134 8.950000000000001
      vertex -0.6515679135918617 -1.5207648798823357 8.950000000000001
    endloop
  endfacet
  facet normal 0 0 1
    outer loop
      vertex -0.8428235054016113 -2.2818642631173134 8.950000000000001
      vertex -0.73204655200243 -2.3079879581928253 8.950000000000001
      vertex -0.5912436842918396 -1.5421260371804237 8.950000000000001
    endloop
  endfacet
  facet normal 0 0 1
    outer loop
      vertex -0.73204655200243 -2.3079879581928253 8.950000000000001
      vertex -0.6168276444077492 -2.329361893236637 8.950000000000001
      vertex -0.5270558446645737 -1.5602008551359177 8.950000000000001
    endloop
  endfacet
  facet normal 0 0 1
    outer loop
      vertex -1.0510515496134758 -2.2153675705194473 8.950000000000001
      vertex -0.70802853256464 -1.4961173981428146 8.950000000000001
      vertex -0.7606255486607552 -1.4681835770606995 8.950000000000001
    endloop
  endfacet
  facet normal 0 0 1
    outer loop
      vertex -0.9491585046052933 -2.2509908005595207 8.950000000000001
      vertex -0.6515679135918617 -1.5207648798823357 8.950000000000001
      vertex -0.70802853256464 -1.4961173981428146 8.950000000000001
    endloop
  endfacet
  facet normal 0 0 1
    outer loop
      vertex -0.8428235054016113 -2.2818642631173134 8.950000000000001
      vertex -0.5912436842918396 -1.5421260371804237 8.950000000000001
      vertex -0.6515679135918617 -1.5207648798823357 8.950000000000001
    endloop
  endfacet
  facet normal 0 0 1
    outer loop
      vertex -0.73204655200243 -2.3079879581928253 8.950000000000001
      vertex -0.5270558446645737 -1.5602008551359177 8.950000000000001
      vertex -0.5912436842918396 -1.5421260371804237 8.950000000000001
    endloop
  endfacet
  facet normal 0.3827434411124608 0.9238546737909551 0
    outer loop
      vertex -1.0510515496134758 -2.2153675705194473 8.950000000000001
      vertex -1.1485026478767395 -2.1749945878982544 9.4
      vertex -1.0510515496134758 -2.2153675705194473 9.4
    endloop
  endfacet
  facet normal 0.3300257553316661 0.9439719279818459 0
    outer loop
      vertex -0.9491585046052933 -2.2509908005595207 8.950000000000001
      vertex -1.0510515496134758 -2.2153675705194473 9.4
      vertex -0.9491585046052933 -2.2509908005595207 9.4
    endloop
  endfacet
  facet normal 0 0 1
    outer loop
      vertex -1.3300789818167686 -2.0799993202090263 8.950000000000001
      vertex -0.8093589469790459 -1.4369634315371513 8.950000000000001
      vertex -0.8542287424206734 -1.4024569541215897 8.950000000000001
    endloop
  endfacet
  facet normal 0 0 1
    outer loop
      vertex -1.414204217493534 -2.025377042591572 8.950000000000001
      vertex -0.8542287424206734 -1.4024569541215897 8.950000000000001
      vertex -0.8952349275350571 -1.3646641448140144 8.950000000000001
    endloop
  endfacet
  facet normal 0 0 1
    outer loop
      vertex -1.4938874989748 -1.9660049974918365 8.950000000000001
      vertex -0.8952349275350571 -1.3646641448140144 8.950000000000001
      vertex -0.932377502322197 -1.3235850036144257 8.950000000000001
    endloop
  endfacet
  facet normal 0 0 1
    outer loop
      vertex -1.1485026478767395 -2.1749945878982544 8.950000000000001
      vertex -0.7606255486607552 -1.4681835770606995 8.950000000000001
      vertex -0.8093589469790459 -1.4369634315371513 8.950000000000001
    endloop
  endfacet
  facet normal -0.8838173676408804 -0.46783208596284304 0
    outer loop
      vertex -1.0015848353505135 -1.2149480804800987 8.950000000000001
      vertex -0.9857464358210564 -1.2448696121573448 8.950000000000001
      vertex -0.9857464358210564 -1.2448696121573448 9.4
    endloop
  endfacet
  facet normal -0.9057454001352894 -0.42382221524333114 0
    outer loop
      vertex -1.0015848353505135 -1.2149480804800987 8.950000000000001
      vertex -1.0015848353505135 -1.2149480804800987 9.4
      vertex -1.0164476186037064 -1.1831850036978722 8.950000000000001
    endloop
  endfacet
  facet normal -0.9396057638648871 -0.34225868653970154 0
    outer loop
      vertex -1.0303347781300545 -1.1495803818106651 8.950000000000001
      vertex -1.0303347781300545 -1.1495803818106651 9.4
      vertex -1.0432463139295578 -1.1141342297196388 8.950000000000001
    endloop
  endfacet
  facet normal -0.9241935848871697 -0.3819243611677601 0
    outer loop
      vertex -1.0164476186037064 -1.1831850036978722 8.950000000000001
      vertex -1.0164476186037064 -1.1831850036978722 9.4
      vertex -1.0303347781300545 -1.1495803818106651 8.950000000000001
    endloop
  endfacet
  facet normal -0.8276959273142429 -0.5611768454840379 0
    outer loop
      vertex -0.9689324125647545 -1.2729496136307716 8.950000000000001
      vertex -0.9511427655816078 -1.2991880774497986 8.950000000000001
      vertex -0.9511427655816078 -1.2991880774497986 9.4
    endloop
  endfacet
  facet normal -0.792649158022306 -0.6096780398591781 0
    outer loop
      vertex -0.932377502322197 -1.3235850036144257 8.950000000000001
      vertex -0.932377502322197 -1.3235850036144257 9.4
      vertex -0.9511427655816078 -1.2991880774497986 8.950000000000001
    endloop
  endfacet
  facet normal -0.7417537404789357 -0.6706723406295413 0
    outer loop
      vertex -0.8952349275350571 -1.3646641448140144 8.950000000000001
      vertex -0.8952349275350571 -1.3646641448140144 9.4
      vertex -0.932377502322197 -1.3235850036144257 8.950000000000001
    endloop
  endfacet
  facet normal -0.6777081235463805 -0.7353310134077331 0
    outer loop
      vertex -0.8542287424206734 -1.4024569541215897 8.950000000000001
      vertex -0.8542287424206734 -1.4024569541215897 9.4
      vertex -0.8952349275350571 -1.3646641448140144 8.950000000000001
    endloop
  endfacet
  facet normal -0.8579505912944172 -0.5137322093246248 0
    outer loop
      vertex -0.9689324125647545 -1.2729496136307716 8.950000000000001
      vertex -0.9689324125647545 -1.2729496136307716 9.4
      vertex -0.9857464358210564 -1.2448696121573448 8.950000000000001
    endloop
  endfacet
  facet normal -0.6096136406850543 -0.7926986874536337 0
    outer loop
      vertex -0.8542287424206734 -1.4024569541215897 8.950000000000001
      vertex -0.8093589469790459 -1.4369634315371513 8.950000000000001
      vertex -0.8093589469790459 -1.4369634315371513 9.4
    endloop
  endfacet
  facet normal -0.46904595765320356 -0.8831737595791607 0
    outer loop
      vertex -0.70802853256464 -1.4961173981428146 8.950000000000001
      vertex -0.70802853256464 -1.4961173981428146 9.4
      vertex -0.7606255486607552 -1.4681835770606995 8.950000000000001
    endloop
  endfacet
  facet normal -0.5394308156399154 -0.8420299253221678 0
    outer loop
      vertex -0.7606255486607552 -1.4681835770606995 8.950000000000001
      vertex -0.7606255486607552 -1.4681835770606995 9.4
      vertex -0.8093589469790459 -1.4369634315371513 8.950000000000001
    endloop
  endfacet
  facet normal -0.40008245532757025 -0.9164791481201647 0
    outer loop
      vertex -0.70802853256464 -1.4961173981428146 8.950000000000001
      vertex -0.6515679135918617 -1.5207648798823357 8.950000000000001
      vertex -0.6515679135918617 -1.5207648798823357 9.4
    endloop
  endfacet
  facet normal -0.33379613058780244 -0.9426452902362642 0
    outer loop
      vertex -0.6515679135918617 -1.5207648798823357 8.950000000000001
      vertex -0.5912436842918396 -1.5421260371804237 8.950000000000001
      vertex -0.5912436842918396 -1.5421260371804237 9.4
    endloop
  endfacet
  facet normal -0.8838173676408804 -0.46783208596284304 0
    outer loop
      vertex -1.0015848353505135 -1.2149480804800987 8.950000000000001
      vertex -0.9857464358210564 -1.2448696121573448 9.4
      vertex -1.0015848353505135 -1.2149480804800987 9.4
    endloop
  endfacet
  facet normal -0.9241935848871697 -0.3819243611677601 0
    outer loop
      vertex -1.0303347781300545 -1.1495803818106651 8.950000000000001
      vertex -1.0164476186037064 -1.1831850036978722 9.4
      vertex -1.0303347781300545 -1.1495803818106651 9.4
    endloop
  endfacet
  facet normal -0.9057454001352894 -0.42382221524333114 0
    outer loop
      vertex -1.0164476186037064 -1.1831850036978722 8.950000000000001
      vertex -1.0015848353505135 -1.2149480804800987 9.4
      vertex -1.0164476186037064 -1.1831850036978722 9.4
    endloop
  endfacet
  facet normal -0.8276959273142429 -0.5611768454840379 0
    outer loop
      vertex -0.9689324125647545 -1.2729496136307716 8.950000000000001
      vertex -0.9511427655816078 -1.2991880774497986 9.4
      vertex -0.9689324125647545 -1.2729496136307716 9.4
    endloop
  endfacet
  facet normal -0.7417537404789357 -0.6706723406295413 0
    outer loop
      vertex -0.932377502322197 -1.3235850036144257 8.950000000000001
      vertex -0.8952349275350571 -1.3646641448140144 9.4
      vertex -0.932377502322197 -1.3235850036144257 9.4
    endloop
  endfacet
  facet normal -0.792649158022306 -0.6096780398591781 0
    outer loop
      vertex -0.9511427655816078 -1.2991880774497986 8.950000000000001
      vertex -0.932377502322197 -1.3235850036144257 9.4
      vertex -0.9511427655816078 -1.2991880774497986 9.4
    endloop
  endfacet
  facet normal -0.6777081235463805 -0.7353310134077331 0
    outer loop
      vertex -0.8952349275350571 -1.3646641448140144 8.950000000000001
      vertex -0.8542287424206734 -1.4024569541215897 9.4
      vertex -0.8952349275350571 -1.3646641448140144 9.4
    endloop
  endfacet
  facet normal -0.8579505912944172 -0.5137322093246248 0
    outer loop
      vertex -0.9857464358210564 -1.2448696121573448 8.950000000000001
      vertex -0.9689324125647545 -1.2729496136307716 9.4
      vertex -0.9857464358210564 -1.2448696121573448 9.4
    endloop
  endfacet
  facet normal -0.5394308156399154 -0.8420299253221678 0
    outer loop
      vertex -0.8093589469790459 -1.4369634315371513 8.950000000000001
      vertex -0.7606255486607552 -1.4681835770606995 9.4
      vertex -0.8093589469790459 -1.4369634315371513 9.4
    endloop
  endfacet
  facet normal -0.46904595765320356 -0.8831737595791607 0
    outer loop
      vertex -0.7606255486607552 -1.4681835770606995 8.950000000000001
      vertex -0.70802853256464 -1.4961173981428146 9.4
      vertex -0.7606255486607552 -1.4681835770606995 9.4
    endloop
  endfacet
  facet normal -0.40008245532757025 -0.9164791481201647 0
    outer loop
      vertex -0.70802853256464 -1.4961173981428146 8.950000000000001
      vertex -0.6515679135918617 -1.5207648798823357 9.4
      vertex -0.70802853256464 -1.4961173981428146 9.4
    endloop
  endfacet
  facet normal -0.33379613058780244 -0.9426452902362642 0
    outer loop
      vertex -0.6515679135918617 -1.5207648798823357 8.950000000000001
      vertex -0.5912436842918396 -1.5421260371804237 9.4
      vertex -0.6515679135918617 -1.5207648798823357 9.4
    endloop
  endfacet
  facet normal -0.27105112706594836 -0.9625649518428765 0
    outer loop
      vertex -0.5912436842918396 -1.5421260371804237 8.950000000000001
      vertex -0.5270558446645737 -1.5602008551359177 9.4
      vertex -0.5912436842918396 -1.5421260371804237 9.4
    endloop
  endfacet
  facet normal -0.6096136406850543 -0.7926986874536337 0
    outer loop
      vertex -0.8542287424206734 -1.4024569541215897 8.950000000000001
      vertex -0.8093589469790459 -1.4369634315371513 9.4
      vertex -0.8542287424206734 -1.4024569541215897 9.4
    endloop
  endfacet
  facet normal 0 0 1
    outer loop
      vertex -0.6168276444077492 -2.329361893236637 8.950000000000001
      vertex -0.49716679006814957 -2.345986068248749 8.950000000000001
      vertex -0.45900439471006393 -1.5749893486499786 8.950000000000001
    endloop
  endfacet
  facet normal 0 0 1
    outer loop
      vertex -0.49716679006814957 -2.345986068248749 8.950000000000001
      vertex -0.37306398153305054 -2.3578604757785797 8.950000000000001
      vertex -0.3870893344283104 -1.586491510272026 8.950000000000001
    endloop
  endfacet
  facet normal 0 0 1
    outer loop
      vertex -0.37306398153305054 -2.3578604757785797 8.950000000000001
      vertex -0.2445192188024521 -2.36498511582613 8.950000000000001
      vertex -0.31131066381931305 -1.59470734000206 8.950000000000001
    endloop
  endfacet
  facet normal 0 0 1
    outer loop
      vertex -0.6168276444077492 -2.329361893236637 8.950000000000001
      vertex -0.45900439471006393 -1.5749893486499786 8.950000000000001
      vertex -0.5270558446645737 -1.5602008551359177 8.950000000000001
    endloop
  endfacet
  facet normal 0 0 1
    outer loop
      vertex -0.49716679006814957 -2.345986068248749 8.950000000000001
      vertex -0.3870893344283104 -1.586491510272026 8.950000000000001
      vertex -0.45900439471006393 -1.5749893486499786 8.950000000000001
    endloop
  endfacet
  facet normal 0 0 1
    outer loop
      vertex -0.37306398153305054 -2.3578604757785797 8.950000000000001
      vertex -0.31131066381931305 -1.59470734000206 8.950000000000001
      vertex -0.3870893344283104 -1.586491510272026 8.950000000000001
    endloop
  endfacet
  facet normal 0 0 1
    outer loop
      vertex -0.2445192188024521 -2.36498511582613 8.950000000000001
      vertex -0.11153250187635422 -2.3673600032925606 8.950000000000001
      vertex -0.14816249907016754 -1.6012799963355064 8.950000000000001
    endloop
  endfacet
  facet normal 0 0 1
    outer loop
      vertex -0.11153250187635422 -2.3673600032925606 8.950000000000001
      vertex 0.01855531334877014 -2.3649502396583557 8.950000000000001
      vertex -0.09772761911153793 -1.6008467748761177 8.950000000000001
    endloop
  endfacet
  facet normal 0 0 1
    outer loop
      vertex -0.2445192188024521 -2.36498511582613 8.950000000000001
      vertex -0.2316683903336525 -1.5996368378400803 8.950000000000001
      vertex -0.31131066381931305 -1.59470734000206 8.950000000000001
    endloop
  endfacet
  facet normal 0 0 1
    outer loop
      vertex -0.2445192188024521 -2.36498511582613 8.950000000000001
      vertex -0.14816249907016754 -1.6012799963355064 8.950000000000001
      vertex -0.2316683903336525 -1.5996368378400803 8.950000000000001
    endloop
  endfacet
  facet normal 0 0 1
    outer loop
      vertex -0.11153250187635422 -2.3673600032925606 8.950000000000001
      vertex -0.09772761911153793 -1.6008467748761177 8.950000000000001
      vertex -0.14816249907016754 -1.6012799963355064 8.950000000000001
    endloop
  endfacet
  facet normal 0 0 1
    outer loop
      vertex 0.01855531334877014 -2.3649502396583557 8.950000000000001
      vertex -0.04877374321222305 -1.599547103047371 8.950000000000001
      vertex -0.09772761911153793 -1.6008467748761177 8.950000000000001
    endloop
  endfacet
  facet normal 0 0 1
    outer loop
      vertex 0.01855531334877014 -2.3649502396583557 8.950000000000001
      vertex -0.0013008713722229004 -1.5973809733986855 8.950000000000001
      vertex -0.04877374321222305 -1.599547103047371 8.950000000000001
    endloop
  endfacet
  facet normal -0.21235697282941526 -0.9771921592454204 0
    outer loop
      vertex -0.5270558446645737 -1.5602008551359177 8.950000000000001
      vertex -0.45900439471006393 -1.5749893486499786 8.950000000000001
      vertex -0.45900439471006393 -1.5749893486499786 9.4
    endloop
  endfacet
  facet normal -0.27105112706594836 -0.9625649518428765 0
    outer loop
      vertex -0.5270558446645737 -1.5602008551359177 8.950000000000001
      vertex -0.5270558446645737 -1.5602008551359177 9.4
      vertex -0.5912436842918396 -1.5421260371804237 8.950000000000001
    endloop
  endfacet
  facet normal -0.15793362812490147 -0.9874497299140375 0
    outer loop
      vertex -0.45900439471006393 -1.5749893486499786 8.950000000000001
      vertex -0.3870893344283104 -1.586491510272026 8.950000000000001
      vertex -0.3870893344283104 -1.586491510272026 9.4
    endloop
  endfacet
  facet normal -0.10778711505501525 -0.994173997763026 0
    outer loop
      vertex -0.3870893344283104 -1.586491510272026 8.950000000000001
      vertex -0.31131066381931305 -1.59470734000206 8.950000000000001
      vertex -0.31131066381931305 -1.59470734000206 9.4
    endloop
  endfacet
  facet normal -0.06177727086380003 -0.9980899602764376 0
    outer loop
      vertex -0.31131066381931305 -1.59470734000206 8.950000000000001
      vertex -0.2316683903336525 -1.5996368378400803 8.950000000000001
      vertex -0.2316683903336525 -1.5996368378400803 9.4
    endloop
  endfacet
  facet normal -0.01967334825416651 -0.9998064609555543 0
    outer loop
      vertex -0.2316683903336525 -1.5996368378400803 8.950000000000001
      vertex -0.14816249907016754 -1.6012799963355064 8.950000000000001
      vertex -0.14816249907016754 -1.6012799963355064 9.4
    endloop
  endfacet
  facet normal 0.008589402381427432 -0.9999631104029437 0
    outer loop
      vertex -0.14816249907016754 -1.6012799963355064 8.950000000000001
      vertex -0.09772761911153793 -1.6008467748761177 8.950000000000001
      vertex -0.09772761911153793 -1.6008467748761177 9.4
    endloop
  endfacet
  facet normal 0.026539554093971105 -0.9996477639991465 0
    outer loop
      vertex -0.09772761911153793 -1.6008467748761177 8.950000000000001
      vertex -0.04877374321222305 -1.599547103047371 8.950000000000001
      vertex -0.04877374321222305 -1.599547103047371 9.4
    endloop
  endfacet
  facet normal 0.045581363704171755 -0.9989606294959117 0
    outer loop
      vertex -0.04877374321222305 -1.599547103047371 8.950000000000001
      vertex -0.0013008713722229004 -1.5973809733986855 8.950000000000001
      vertex -0.0013008713722229004 -1.5973809733986855 9.4
    endloop
  endfacet
  facet normal -0.21235697282941526 -0.9771921592454204 0
    outer loop
      vertex -0.5270558446645737 -1.5602008551359177 8.950000000000001
      vertex -0.45900439471006393 -1.5749893486499786 9.4
      vertex -0.5270558446645737 -1.5602008551359177 9.4
    endloop
  endfacet
  facet normal -0.15793362812490147 -0.9874497299140375 0
    outer loop
      vertex -0.45900439471006393 -1.5749893486499786 8.950000000000001
      vertex -0.3870893344283104 -1.586491510272026 9.4
      vertex -0.45900439471006393 -1.5749893486499786 9.4
    endloop
  endfacet
  facet normal -0.10778711505501525 -0.994173997763026 0
    outer loop
      vertex -0.3870893344283104 -1.586491510272026 8.950000000000001
      vertex -0.31131066381931305 -1.59470734000206 9.4
      vertex -0.3870893344283104 -1.586491510272026 9.4
    endloop
  endfacet
  facet normal -0.06177727086380003 -0.9980899602764376 0
    outer loop
      vertex -0.31131066381931305 -1.59470734000206 8.950000000000001
      vertex -0.2316683903336525 -1.5996368378400803 9.4
      vertex -0.31131066381931305 -1.59470734000206 9.4
    endloop
  endfacet
  facet normal -0.01967334825416651 -0.9998064609555543 0
    outer loop
      vertex -0.2316683903336525 -1.5996368378400803 8.950000000000001
      vertex -0.14816249907016754 -1.6012799963355064 9.4
      vertex -0.2316683903336525 -1.5996368378400803 9.4
    endloop
  endfacet
  facet normal 0.008589402381427432 -0.9999631104029437 0
    outer loop
      vertex -0.14816249907016754 -1.6012799963355064 8.950000000000001
      vertex -0.09772761911153793 -1.6008467748761177 9.4
      vertex -0.14816249907016754 -1.6012799963355064 9.4
    endloop
  endfacet
  facet normal 0.026539554093971105 -0.9996477639991465 0
    outer loop
      vertex -0.09772761911153793 -1.6008467748761177 8.950000000000001
      vertex -0.04877374321222305 -1.599547103047371 9.4
      vertex -0.09772761911153793 -1.6008467748761177 9.4
    endloop
  endfacet
  facet normal 0.045581363704171755 -0.9989606294959117 0
    outer loop
      vertex -0.04877374321222305 -1.599547103047371 8.950000000000001
      vertex -0.0013008713722229004 -1.5973809733986855 9.4
      vertex -0.04877374321222305 -1.599547103047371 9.4
    endloop
  endfacet
  facet normal -0.9715650718499226 -0.2367726993579597 0
    outer loop
      vertex -1.0661425292491913 -1.037717305123806 8.950000000000001
      vertex -1.0661425292491913 -1.037717305123806 9.4
      vertex -1.0761272013187408 -0.9967465400695801 8.950000000000001
    endloop
  endfacet
  facet normal -0.9523955331618429 -0.30486513151452577 0
    outer loop
      vertex -1.0432463139295578 -1.1141342297196388 8.950000000000001
      vertex -1.0432463139295578 -1.1141342297196388 9.4
      vertex -1.055182233452797 -1.0768465399742126 8.950000000000001
    endloop
  endfacet
  facet normal -0.962937753565018 -0.269723715603869 0
    outer loop
      vertex -1.055182233452797 -1.0768465399742126 8.950000000000001
      vertex -1.055182233452797 -1.0768465399742126 9.4
      vertex -1.0661425292491913 -1.037717305123806 8.950000000000001
    endloop
  endfacet
  facet normal -0.9785684985045429 -0.2059215718048124 0
    outer loop
      vertex -1.0761272013187408 -0.9967465400695801 8.950000000000001
      vertex -1.0761272013187408 -0.9967465400695801 9.4
      vertex -1.0851362571120262 -0.9539342299103737 8.950000000000001
    endloop
  endfacet
  facet normal -0.9841996922137977 -0.17706203954056834 0
    outer loop
      vertex -1.0851362571120262 -0.9539342299103737 8.950000000000001
      vertex -1.0851362571120262 -0.9539342299103737 9.4
      vertex -1.0931696891784668 -0.9092803820967674 8.950000000000001
    endloop
  endfacet
  facet normal -0.9886743566269297 -0.15007670221698852 0
    outer loop
      vertex -1.0931696891784668 -0.9092803820967674 8.950000000000001
      vertex -1.0931696891784668 -0.9092803820967674 9.4
      vertex -1.1002274975180626 -0.8627849966287613 8.950000000000001
    endloop
  endfacet
  facet normal -0.962937753565018 -0.269723715603869 0
    outer loop
      vertex -1.0661425292491913 -1.037717305123806 8.950000000000001
      vertex -1.055182233452797 -1.0768465399742126 9.4
      vertex -1.0661425292491913 -1.037717305123806 9.4
    endloop
  endfacet
  facet normal -0.9715650718499226 -0.2367726993579597 0
    outer loop
      vertex -1.0761272013187408 -0.9967465400695801 8.950000000000001
      vertex -1.0661425292491913 -1.037717305123806 9.4
      vertex -1.0761272013187408 -0.9967465400695801 9.4
    endloop
  endfacet
  facet normal -0.9396057638648871 -0.34225868653970154 0
    outer loop
      vertex -1.0432463139295578 -1.1141342297196388 8.950000000000001
      vertex -1.0303347781300545 -1.1495803818106651 9.4
      vertex -1.0432463139295578 -1.1141342297196388 9.4
    endloop
  endfacet
  facet normal -0.9523955331618429 -0.30486513151452577 0
    outer loop
      vertex -1.055182233452797 -1.0768465399742126 8.950000000000001
      vertex -1.0432463139295578 -1.1141342297196388 9.4
      vertex -1.055182233452797 -1.0768465399742126 9.4
    endloop
  endfacet
  facet normal -0.9785684985045429 -0.2059215718048124 0
    outer loop
      vertex -1.0851362571120262 -0.9539342299103737 8.950000000000001
      vertex -1.0761272013187408 -0.9967465400695801 9.4
      vertex -1.0851362571120262 -0.9539342299103737 9.4
    endloop
  endfacet
  facet normal -0.9841996922137977 -0.17706203954056834 0
    outer loop
      vertex -1.0931696891784668 -0.9092803820967674 8.950000000000001
      vertex -1.0851362571120262 -0.9539342299103737 9.4
      vertex -1.0931696891784668 -0.9092803820967674 9.4
    endloop
  endfacet
  facet normal -0.9886743566269297 -0.15007670221698852 0
    outer loop
      vertex -1.1002274975180626 -0.8627849966287613 8.950000000000001
      vertex -1.0931696891784668 -0.9092803820967674 9.4
      vertex -1.1002274975180626 -0.8627849966287613 9.4
    endloop
  endfacet
  facet normal 0.3346915159512472 0.9423277503874413 0
    outer loop
      vertex -1.129281260073185 -0.16588225215673447 8.950000000000001
      vertex -1.129281260073185 -0.16588225215673447 9.4
      vertex -1.0546366423368454 -0.1923941746354103 8.950000000000001
    endloop
  endfacet
  facet normal 0.3119002814290871 0.9501148427661027 0
    outer loop
      vertex -1.0546366423368454 -0.1923941746354103 8.950000000000001
      vertex -1.0546366423368454 -0.1923941746354103 9.4
      vertex -0.97486362606287 -0.21858177334070206 8.950000000000001
    endloop
  endfacet
  facet normal 0.29140619751456054 0.9565994083471434 0
    outer loop
      vertex -0.8899622038006783 -0.2444450557231903 8.950000000000001
      vertex -0.97486362606287 -0.21858177334070206 8.950000000000001
      vertex -0.97486362606287 -0.21858177334070206 9.4
    endloop
  endfacet
  facet normal 0.2729044230115046 0.9620411508354296 0
    outer loop
      vertex -0.8899622038006783 -0.2444450557231903 8.950000000000001
      vertex -0.8899622038006783 -0.2444450557231903 9.4
      vertex -0.7999323830008507 -0.26998402178287506 8.950000000000001
    endloop
  endfacet
  facet normal 0.24088362251383083 0.9705540069489251 0
    outer loop
      vertex -0.7047741562128067 -0.2951986715197563 8.950000000000001
      vertex -0.7047741562128067 -0.2951986715197563 9.4
      vertex -0.6044875308871269 -0.3200889974832535 8.950000000000001
    endloop
  endfacet
  facet normal 0.2269594086047782 0.9739042185172879 0
    outer loop
      vertex -0.6044875308871269 -0.3200889974832535 8.950000000000001
      vertex -0.6044875308871269 -0.3200889974832535 9.4
      vertex -0.49907249957323074 -0.34465499967336655 8.950000000000001
    endloop
  endfacet
  facet normal 0 0 1
    outer loop
      vertex -0.7999323830008507 -0.26998402178287506 8.950000000000001
      vertex -0.7047741562128067 -0.2951986715197563 8.950000000000001
      vertex -0.5015198066830635 0.5573050305247307 8.950000000000001
    endloop
  endfacet
  facet normal 0 0 1
    outer loop
      vertex -0.7047741562128067 -0.2951986715197563 8.950000000000001
      vertex -0.6044875308871269 -0.3200889974832535 8.950000000000001
      vertex -0.4454013481736183 0.5420135483145714 8.950000000000001
    endloop
  endfacet
  facet normal 0.25613659393214094 0.966640597765706 0
    outer loop
      vertex -0.7999323830008507 -0.26998402178287506 8.950000000000001
      vertex -0.7999323830008507 -0.26998402178287506 9.4
      vertex -0.7047741562128067 -0.2951986715197563 8.950000000000001
    endloop
  endfacet
  facet normal 0.3346915159512472 0.9423277503874413 0
    outer loop
      vertex -1.0546366423368454 -0.1923941746354103 8.950000000000001
      vertex -1.129281260073185 -0.16588225215673447 9.4
      vertex -1.0546366423368454 -0.1923941746354103 9.4
    endloop
  endfacet
  facet normal 0.3119002814290871 0.9501148427661027 0
    outer loop
      vertex -0.97486362606287 -0.21858177334070206 8.950000000000001
      vertex -1.0546366423368454 -0.1923941746354103 9.4
      vertex -0.97486362606287 -0.21858177334070206 9.4
    endloop
  endfacet
  facet normal 0.29140619751456054 0.9565994083471434 0
    outer loop
      vertex -0.8899622038006783 -0.2444450557231903 8.950000000000001
      vertex -0.97486362606287 -0.21858177334070206 9.4
      vertex -0.8899622038006783 -0.2444450557231903 9.4
    endloop
  endfacet
  facet normal 0.25613659393214094 0.966640597765706 0
    outer loop
      vertex -0.7047741562128067 -0.2951986715197563 8.950000000000001
      vertex -0.7999323830008507 -0.26998402178287506 9.4
      vertex -0.7047741562128067 -0.2951986715197563 9.4
    endloop
  endfacet
  facet normal 0.24088362251383083 0.9705540069489251 0
    outer loop
      vertex -0.6044875308871269 -0.3200889974832535 8.950000000000001
      vertex -0.7047741562128067 -0.2951986715197563 9.4
      vertex -0.6044875308871269 -0.3200889974832535 9.4
    endloop
  endfacet
  facet normal 0.2729044230115046 0.9620411508354296 0
    outer loop
      vertex -0.7999323830008507 -0.26998402178287506 8.950000000000001
      vertex -0.8899622038006783 -0.2444450557231903 9.4
      vertex -0.7999323830008507 -0.26998402178287506 9.4
    endloop
  endfacet
  facet normal 0.21878565045627382 0.9757729444673208 0
    outer loop
      vertex -0.49907249957323074 -0.34465499967336655 8.950000000000001
      vertex -0.49907249957323074 -0.34465499967336655 9.4
      vertex -0.023017503321170807 -0.4513949975371361 8.950000000000001
    endloop
  endfacet
  facet normal 0 0 1
    outer loop
      vertex -0.6044875308871269 -0.3200889974832535 8.950000000000001
      vertex -0.49907249957323074 -0.34465499967336655 8.950000000000001
      vertex -0.3221151903271675 0.510456033051014 8.950000000000001
    endloop
  endfacet
  facet normal 0.2205333044975236 0.9753794449379188 0
    outer loop
      vertex -0.023017503321170807 -0.4513949975371361 8.950000000000001
      vertex -0.023017503321170807 -0.4513949975371361 9.4
      vertex 0.03997983783483505 -0.4656386971473694 8.950000000000001
    endloop
  endfacet
  facet normal 0 0 1
    outer loop
      vertex -0.49907249957323074 -0.34465499967336655 8.950000000000001
      vertex -0.023017503321170807 -0.4513949975371361 8.950000000000001
      vertex -0.2549474984407425 0.4941899999976158 8.950000000000001
    endloop
  endfacet
  facet normal 0.2269594086047782 0.9739042185172879 0
    outer loop
      vertex -0.49907249957323074 -0.34465499967336655 8.950000000000001
      vertex -0.6044875308871269 -0.3200889974832535 9.4
      vertex -0.49907249957323074 -0.34465499967336655 9.4
    endloop
  endfacet
  facet normal 0.21878565045627382 0.9757729444673208 0
    outer loop
      vertex -0.023017503321170807 -0.4513949975371361 8.950000000000001
      vertex -0.49907249957323074 -0.34465499967336655 9.4
      vertex -0.023017503321170807 -0.4513949975371361 9.4
    endloop
  endfacet
  facet normal 1 0 0
    outer loop
      vertex -5.921977497637272 -2.252159997820854 8.950000000000001
      vertex -5.921977497637272 2.246399998664856 8.950000000000001
      vertex -5.921977497637272 2.246399998664856 9.4
    endloop
  endfacet
  facet normal 0 0 1
    outer loop
      vertex -5.921977497637272 -2.252159997820854 8.950000000000001
      vertex -5.0034374967217445 0.49248000234365463 8.950000000000001
      vertex -5.921977497637272 2.246399998664856 8.950000000000001
    endloop
  endfacet
  facet normal -1 0 0
    outer loop
      vertex -5.0034374967217445 0.49248000234365463 8.950000000000001
      vertex -5.0034374967217445 0.49248000234365463 9.4
      vertex -5.0034374967217445 1.4486399963498116 8.950000000000001
    endloop
  endfacet
  facet normal -1 0 0
    outer loop
      vertex -5.0034374967217445 1.4486399963498116 8.950000000000001
      vertex -5.0034374967217445 0.49248000234365463 9.4
      vertex -5.0034374967217445 1.4486399963498116 9.4
    endloop
  endfacet
  facet normal 0 0 1
    outer loop
      vertex -5.0034374967217445 0.49248000234365463 8.950000000000001
      vertex -5.0034374967217445 1.4486399963498116 8.950000000000001
      vertex -5.921977497637272 2.246399998664856 8.950000000000001
    endloop
  endfacet
  facet normal 0 -1 0
    outer loop
      vertex -5.921977497637272 2.246399998664856 8.950000000000001
      vertex -2.6232525035738945 2.246399998664856 9.4
      vertex -5.921977497637272 2.246399998664856 9.4
    endloop
  endfacet
  facet normal 0 0 1
    outer loop
      vertex -5.0034374967217445 -0.2880000025033951 8.950000000000001
      vertex -2.818552501499653 0.49248000234365463 8.950000000000001
      vertex -5.0034374967217445 0.49248000234365463 8.950000000000001
    endloop
  endfacet
  facet normal 0 -1 0
    outer loop
      vertex -5.0034374967217445 0.49248000234365463 8.950000000000001
      vertex -2.818552501499653 0.49248000234365463 9.4
      vertex -5.0034374967217445 0.49248000234365463 9.4
    endloop
  endfacet
  facet normal 0 -1 0
    outer loop
      vertex -5.0034374967217445 0.49248000234365463 8.950000000000001
      vertex -2.818552501499653 0.49248000234365463 8.950000000000001
      vertex -2.818552501499653 0.49248000234365463 9.4
    endloop
  endfacet
  facet normal 0 1 0
    outer loop
      vertex -5.0034374967217445 1.4486399963498116 8.950000000000001
      vertex -5.0034374967217445 1.4486399963498116 9.4
      vertex -2.6232525035738945 1.4486399963498116 8.950000000000001
    endloop
  endfacet
  facet normal 0 0 1
    outer loop
      vertex -5.0034374967217445 1.4486399963498116 8.950000000000001
      vertex -2.6232525035738945 2.246399998664856 8.950000000000001
      vertex -5.921977497637272 2.246399998664856 8.950000000000001
    endloop
  endfacet
  facet normal 0 1 0
    outer loop
      vertex -2.6232525035738945 1.4486399963498116 8.950000000000001
      vertex -5.0034374967217445 1.4486399963498116 9.4
      vertex -2.6232525035738945 1.4486399963498116 9.4
    endloop
  endfacet
  facet normal 0 -1 0
    outer loop
      vertex -5.921977497637272 2.246399998664856 8.950000000000001
      vertex -2.6232525035738945 2.246399998664856 8.950000000000001
      vertex -2.6232525035738945 2.246399998664856 9.4
    endloop
  endfacet
  facet normal 0 0 1
    outer loop
      vertex -5.0034374967217445 1.4486399963498116 8.950000000000001
      vertex -2.6232525035738945 1.4486399963498116 8.950000000000001
      vertex -2.6232525035738945 2.246399998664856 8.950000000000001
    endloop
  endfacet
  facet normal -1 0 0
    outer loop
      vertex -2.818552501499653 0.49248000234365463 8.950000000000001
      vertex -2.818552501499653 -0.2880000025033951 9.4
      vertex -2.818552501499653 0.49248000234365463 9.4
    endloop
  endfacet
  facet normal -1 0 0
    outer loop
      vertex -2.6232525035738945 1.4486399963498116 8.950000000000001
      vertex -2.6232525035738945 1.4486399963498116 9.4
      vertex -2.6232525035738945 2.246399998664856 8.950000000000001
    endloop
  endfacet
  facet normal -1 0 0
    outer loop
      vertex -2.6232525035738945 2.246399998664856 8.950000000000001
      vertex -2.6232525035738945 1.4486399963498116 9.4
      vertex -2.6232525035738945 2.246399998664856 9.4
    endloop
  endfacet
  facet normal 0.8241113892258362 0.5664277695772535 0
    outer loop
      vertex -1.7062089517712593 0.22466982156038284 8.950000000000001
      vertex -1.7519459947943687 0.29121390730142593 8.950000000000001
      vertex -1.7519459947943687 0.29121390730142593 9.4
    endloop
  endfacet
  facet normal 0.9364419821181612 0.3508224823562615 0
    outer loop
      vertex -1.827277585864067 0.4367540255188942 8.950000000000001
      vertex -1.8568721413612366 0.5157500579953194 8.950000000000001
      vertex -1.8568721413612366 0.5157500579953194 9.4
    endloop
  endfacet
  facet normal 0.8684588455969244 0.4957612666439943 0
    outer loop
      vertex -1.7519459947943687 0.29121390730142593 8.950000000000001
      vertex -1.792302206158638 0.3619086369872093 8.950000000000001
      vertex -1.792302206158638 0.3619086369872093 9.4
    endloop
  endfacet
  facet normal 0.9059625376992653 0.42335786314359053 0
    outer loop
      vertex -1.792302206158638 0.3619086369872093 8.950000000000001
      vertex -1.827277585864067 0.4367540255188942 8.950000000000001
      vertex -1.827277585864067 0.4367540255188942 9.4
    endloop
  endfacet
  facet normal 0.8241113892258362 0.5664277695772535 0
    outer loop
      vertex -1.7062089517712593 0.22466982156038284 8.950000000000001
      vertex -1.7519459947943687 0.29121390730142593 9.4
      vertex -1.7062089517712593 0.22466982156038284 9.4
    endloop
  endfacet
  facet normal 0.9601159564466348 0.2796021283476996 0
    outer loop
      vertex -1.8568721413612366 0.5157500579953194 8.950000000000001
      vertex -1.8810858726501465 0.5988967418670654 9.4
      vertex -1.8568721413612366 0.5157500579953194 9.4
    endloop
  endfacet
  facet normal 0.9059625376992653 0.42335786314359053 0
    outer loop
      vertex -1.792302206158638 0.3619086369872093 8.950000000000001
      vertex -1.827277585864067 0.4367540255188942 9.4
      vertex -1.792302206158638 0.3619086369872093 9.4
    endloop
  endfacet
  facet normal 0.8684588455969244 0.4957612666439943 0
    outer loop
      vertex -1.7519459947943687 0.29121390730142593 8.950000000000001
      vertex -1.792302206158638 0.3619086369872093 9.4
      vertex -1.7519459947943687 0.29121390730142593 9.4
    endloop
  endfacet
  facet normal 0.9364419821181612 0.3508224823562615 0
    outer loop
      vertex -1.827277585864067 0.4367540255188942 8.950000000000001
      vertex -1.8568721413612366 0.5157500579953194 9.4
      vertex -1.827277585864067 0.4367540255188942 9.4
    endloop
  endfacet
  facet normal 0.9601159564466348 0.2796021283476996 0
    outer loop
      vertex -1.8568721413612366 0.5157500579953194 8.950000000000001
      vertex -1.8810858726501465 0.5988967418670654 8.950000000000001
      vertex -1.8810858726501465 0.5988967418670654 9.4
    endloop
  endfacet
  facet normal 0.9775116711839407 0.21088132373251886 0
    outer loop
      vertex -1.8810858726501465 0.5988967418670654 8.950000000000001
      vertex -1.8999187722802162 0.686194084584713 8.950000000000001
      vertex -1.8999187722802162 0.686194084584713 9.4
    endloop
  endfacet
  facet normal 0.9964548608848768 0.08412912824284365 0
    outer loop
      vertex -1.9133708402514458 0.7776420712471008 8.950000000000001
      vertex -1.9214420840144157 0.8732407093048096 8.950000000000001
      vertex -1.9214420840144157 0.8732407093048096 9.4
    endloop
  endfacet
  facet normal 0.9893531627947605 0.14553459818202782 0
    outer loop
      vertex -1.8999187722802162 0.686194084584713 8.950000000000001
      vertex -1.9133708402514458 0.7776420712471008 8.950000000000001
      vertex -1.9133708402514458 0.7776420712471008 9.4
    endloop
  endfacet
  facet normal 0.9996364588903138 0.02696201137218489 0
    outer loop
      vertex -1.9214420840144157 0.8732407093048096 8.950000000000001
      vertex -1.9241325035691261 0.9729899987578392 8.950000000000001
      vertex -1.9241325035691261 0.9729899987578392 9.4
    endloop
  endfacet
  facet normal 0.9995982281336144 -0.028343999579075154 0
    outer loop
      vertex -1.9241325035691261 0.9729899987578392 8.950000000000001
      vertex -1.921532355248928 1.0646885484457016 8.950000000000001
      vertex -1.921532355248928 1.0646885484457016 9.4
    endloop
  endfacet
  facet normal 0.9962049280718241 -0.08703873439688666 0
    outer loop
      vertex -1.921532355248928 1.0646885484457016 8.950000000000001
      vertex -1.913731910288334 1.1539688184857368 8.950000000000001
      vertex -1.913731910288334 1.1539688184857368 9.4
    endloop
  endfacet
  facet normal 0.9775116711839407 0.21088132373251886 0
    outer loop
      vertex -1.8810858726501465 0.5988967418670654 8.950000000000001
      vertex -1.8999187722802162 0.686194084584713 9.4
      vertex -1.8810858726501465 0.5988967418670654 9.4
    endloop
  endfacet
  facet normal 0.9964548608848768 0.08412912824284365 0
    outer loop
      vertex -1.9133708402514458 0.7776420712471008 8.950000000000001
      vertex -1.9214420840144157 0.8732407093048096 9.4
      vertex -1.9133708402514458 0.7776420712471008 9.4
    endloop
  endfacet
  facet normal 0.9893531627947605 0.14553459818202782 0
    outer loop
      vertex -1.8999187722802162 0.686194084584713 8.950000000000001
      vertex -1.9133708402514458 0.7776420712471008 9.4
      vertex -1.8999187722802162 0.686194084584713 9.4
    endloop
  endfacet
  facet normal 0.9996364588903138 0.02696201137218489 0
    outer loop
      vertex -1.9214420840144157 0.8732407093048096 8.950000000000001
      vertex -1.9241325035691261 0.9729899987578392 9.4
      vertex -1.9214420840144157 0.8732407093048096 9.4
    endloop
  endfacet
  facet normal 0.9995982281336144 -0.028343999579075154 0
    outer loop
      vertex -1.9241325035691261 0.9729899987578392 8.950000000000001
      vertex -1.921532355248928 1.0646885484457016 9.4
      vertex -1.9241325035691261 0.9729899987578392 9.4
    endloop
  endfacet
  facet normal 0.9962049280718241 -0.08703873439688666 0
    outer loop
      vertex -1.921532355248928 1.0646885484457016 8.950000000000001
      vertex -1.913731910288334 1.1539688184857368 9.4
      vertex -1.921532355248928 1.0646885484457016 9.4
    endloop
  endfacet
  facet normal 0.6581430864200706 0.752892872723247 0
    outer loop
      vertex -1.5985923781991005 0.10403361171483994 8.950000000000001
      vertex -1.5985923781991005 0.10403361171483994 9.4
      vertex -1.5367128551006317 0.04994148015975952 8.950000000000001
    endloop
  endfacet
  facet normal 0.7735396936010398 0.6337478539794902 0
    outer loop
      vertex -1.6550910770893097 0.16227638721466064 8.950000000000001
      vertex -1.7062089517712593 0.22466982156038284 8.950000000000001
      vertex -1.7062089517712593 0.22466982156038284 9.4
    endloop
  endfacet
  facet normal 0.7177719296479422 0.6962782899168043 0
    outer loop
      vertex -1.5985923781991005 0.10403361171483994 8.950000000000001
      vertex -1.6550910770893097 0.16227638721466064 8.950000000000001
      vertex -1.6550910770893097 0.16227638721466064 9.4
    endloop
  endfacet
  facet normal 0.596144339312953 0.8028772799781562 0
    outer loop
      vertex -1.5367128551006317 0.04994148015975952 8.950000000000001
      vertex -1.5367128551006317 0.04994148015975952 9.4
      vertex -1.4694525003433228 0 8.950000000000001
    endloop
  endfacet
  facet normal 0 0 1
    outer loop
      vertex -1.6550910770893097 0.16227638721466064 8.950000000000001
      vertex -0.9735668823122978 0.7898863330483437 8.950000000000001
      vertex -1.7062089517712593 0.22466982156038284 8.950000000000001
    endloop
  endfacet
  facet normal 0 0 1
    outer loop
      vertex -1.7519459947943687 0.29121390730142593 8.950000000000001
      vertex -0.9925267919898033 0.8161343783140182 8.950000000000001
      vertex -1.792302206158638 0.3619086369872093 8.950000000000001
    endloop
  endfacet
  facet normal 0 0 1
    outer loop
      vertex -1.792302206158638 0.3619086369872093 8.950000000000001
      vertex -1.008958712220192 0.8438266888260841 8.950000000000001
      vertex -1.827277585864067 0.4367540255188942 8.950000000000001
    endloop
  endfacet
  facet normal 0 0 1
    outer loop
      vertex -1.7062089517712593 0.22466982156038284 8.950000000000001
      vertex -0.9925267919898033 0.8161343783140182 8.950000000000001
      vertex -1.7519459947943687 0.29121390730142593 8.950000000000001
    endloop
  endfacet
  facet normal 0 0 1
    outer loop
      vertex -1.5367128551006317 0.04994148015975952 8.950000000000001
      vertex -1.4694525003433228 0 8.950000000000001
      vertex -0.9280630946159363 0.7417230159044266 8.950000000000001
    endloop
  endfacet
  facet normal 0 0 1
    outer loop
      vertex -1.4255782961845398 -0.028457842767238617 8.950000000000001
      vertex -1.376575693488121 -0.05659136176109314 8.950000000000001
      vertex -0.9015192165970802 0.7198077514767647 8.950000000000001
    endloop
  endfacet
  facet normal 0 0 1
    outer loop
      vertex -1.4255782961845398 -0.028457842767238617 8.950000000000001
      vertex -0.9015192165970802 0.7198077514767647 8.950000000000001
      vertex -1.4694525003433228 0 8.950000000000001
    endloop
  endfacet
  facet normal 0 0 1
    outer loop
      vertex -1.3224446922540665 -0.08440056443214417 8.950000000000001
      vertex -0.8724473491311073 0.6993367448449135 8.950000000000001
      vertex -1.376575693488121 -0.05659136176109314 8.950000000000001
    endloop
  endfacet
  facet normal 0 0 1
    outer loop
      vertex -1.3224446922540665 -0.08440056443214417 8.950000000000001
      vertex -1.263185277581215 -0.1118854433298111 8.950000000000001
      vertex -0.8724473491311073 0.6993367448449135 8.950000000000001
    endloop
  endfacet
  facet normal 0 0 1
    outer loop
      vertex -1.5985923781991005 0.10403361171483994 8.950000000000001
      vertex -0.9520789757370949 0.7650825455784798 8.950000000000001
      vertex -1.6550910770893097 0.16227638721466064 8.950000000000001
    endloop
  endfacet
  facet normal 0 0 1
    outer loop
      vertex -1.5985923781991005 0.10403361171483994 8.950000000000001
      vertex -1.5367128551006317 0.04994148015975952 8.950000000000001
      vertex -0.9280630946159363 0.7417230159044266 8.950000000000001
    endloop
  endfacet
  facet normal 0 0 1
    outer loop
      vertex -1.5985923781991005 0.10403361171483994 8.950000000000001
      vertex -0.9280630946159363 0.7417230159044266 8.950000000000001
      vertex -0.9520789757370949 0.7650825455784798 8.950000000000001
    endloop
  endfacet
  facet normal 0.6581430864200706 0.752892872723247 0
    outer loop
      vertex -1.5367128551006317 0.04994148015975952 8.950000000000001
      vertex -1.5985923781991005 0.10403361171483994 9.4
      vertex -1.5367128551006317 0.04994148015975952 9.4
    endloop
  endfacet
  facet normal 0.7177719296479422 0.6962782899168043 0
    outer loop
      vertex -1.5985923781991005 0.10403361171483994 8.950000000000001
      vertex -1.6550910770893097 0.16227638721466064 9.4
      vertex -1.5985923781991005 0.10403361171483994 9.4
    endloop
  endfacet
  facet normal 0.7735396936010398 0.6337478539794902 0
    outer loop
      vertex -1.6550910770893097 0.16227638721466064 8.950000000000001
      vertex -1.7062089517712593 0.22466982156038284 9.4
      vertex -1.6550910770893097 0.16227638721466064 9.4
    endloop
  endfacet
  facet normal 0.596144339312953 0.8028772799781562 0
    outer loop
      vertex -1.4694525003433228 0 8.950000000000001
      vertex -1.5367128551006317 0.04994148015975952 9.4
      vertex -1.4694525003433228 0 9.4
    endloop
  endfacet
  facet normal 0 0 1
    outer loop
      vertex -1.827277585864067 0.4367540255188942 8.950000000000001
      vertex -1.008958712220192 0.8438266888260841 8.950000000000001
      vertex -1.8568721413612366 0.5157500579953194 8.950000000000001
    endloop
  endfacet
  facet normal 0 0 1
    outer loop
      vertex -1.8568721413612366 0.5157500579953194 8.950000000000001
      vertex -1.0228626504540443 0.8729632571339607 8.950000000000001
      vertex -1.8810858726501465 0.5988967418670654 8.950000000000001
    endloop
  endfacet
  facet normal 0 0 1
    outer loop
      vertex -1.8810858726501465 0.5988967418670654 8.950000000000001
      vertex -1.0342385917901993 0.903544083237648 8.950000000000001
      vertex -1.8999187722802162 0.686194084584713 8.950000000000001
    endloop
  endfacet
  facet normal 0 0 1
    outer loop
      vertex -1.8999187722802162 0.686194084584713 8.950000000000001
      vertex -1.043086551129818 0.9355691745877266 8.950000000000001
      vertex -1.9133708402514458 0.7776420712471008 8.950000000000001
    endloop
  endfacet
  facet normal 0 0 1
    outer loop
      vertex -1.9133708402514458 0.7776420712471008 8.950000000000001
      vertex -1.0494065210223198 0.9690385237336159 8.950000000000001
      vertex -1.9214420840144157 0.8732407093048096 8.950000000000001
    endloop
  endfacet
  facet normal 0 0 1
    outer loop
      vertex -1.9214420840144157 0.8732407093048096 8.950000000000001
      vertex -1.0531985089182854 1.0039521306753159 8.950000000000001
      vertex -1.9241325035691261 0.9729899987578392 8.950000000000001
    endloop
  endfacet
  facet normal 0 0 1
    outer loop
      vertex -1.9241325035691261 0.9729899987578392 8.950000000000001
      vertex -1.0544624999165535 1.0403100028634071 8.950000000000001
      vertex -1.921532355248928 1.0646885484457016 8.950000000000001
    endloop
  endfacet
  facet normal 0 0 1
    outer loop
      vertex -1.921532355248928 1.0646885484457016 8.950000000000001
      vertex -1.0531803965568542 1.0799856185913086 8.950000000000001
      vertex -1.913731910288334 1.1539688184857368 8.950000000000001
    endloop
  endfacet
  facet normal 0 0 1
    outer loop
      vertex -1.8568721413612366 0.5157500579953194 8.950000000000001
      vertex -1.008958712220192 0.8438266888260841 8.950000000000001
      vertex -1.0228626504540443 0.8729632571339607 8.950000000000001
    endloop
  endfacet
  facet normal 0 0 1
    outer loop
      vertex -1.8810858726501465 0.5988967418670654 8.950000000000001
      vertex -1.0228626504540443 0.8729632571339607 8.950000000000001
      vertex -1.0342385917901993 0.903544083237648 8.950000000000001
    endloop
  endfacet
  facet normal 0 0 1
    outer loop
      vertex -1.8999187722802162 0.686194084584713 8.950000000000001
      vertex -1.0342385917901993 0.903544083237648 8.950000000000001
      vertex -1.043086551129818 0.9355691745877266 8.950000000000001
    endloop
  endfacet
  facet normal 0 0 1
    outer loop
      vertex -1.7062089517712593 0.22466982156038284 8.950000000000001
      vertex -0.9735668823122978 0.7898863330483437 8.950000000000001
      vertex -0.9925267919898033 0.8161343783140182 8.950000000000001
    endloop
  endfacet
  facet normal 0 0 1
    outer loop
      vertex -1.792302206158638 0.3619086369872093 8.950000000000001
      vertex -0.9925267919898033 0.8161343783140182 8.950000000000001
      vertex -1.008958712220192 0.8438266888260841 8.950000000000001
    endloop
  endfacet
  facet normal 0 0 1
    outer loop
      vertex -1.6550910770893097 0.16227638721466064 8.950000000000001
      vertex -0.9520789757370949 0.7650825455784798 8.950000000000001
      vertex -0.9735668823122978 0.7898863330483437 8.950000000000001
    endloop
  endfacet
  facet normal 0 0 1
    outer loop
      vertex -1.9133708402514458 0.7776420712471008 8.950000000000001
      vertex -1.043086551129818 0.9355691745877266 8.950000000000001
      vertex -1.0494065210223198 0.9690385237336159 8.950000000000001
    endloop
  endfacet
  facet normal 0 0 1
    outer loop
      vertex -1.9214420840144157 0.8732407093048096 8.950000000000001
      vertex -1.0494065210223198 0.9690385237336159 8.950000000000001
      vertex -1.0531985089182854 1.0039521306753159 8.950000000000001
    endloop
  endfacet
  facet normal 0 0 1
    outer loop
      vertex -1.9241325035691261 0.9729899987578392 8.950000000000001
      vertex -1.0531985089182854 1.0039521306753159 8.950000000000001
      vertex -1.0544624999165535 1.0403100028634071 8.950000000000001
    endloop
  endfacet
  facet normal 0 0 1
    outer loop
      vertex -1.921532355248928 1.0646885484457016 8.950000000000001
      vertex -1.0544624999165535 1.0403100028634071 8.950000000000001
      vertex -1.0531803965568542 1.0799856185913086 8.950000000000001
    endloop
  endfacet
  facet normal 0 0 1
    outer loop
      vertex -1.913731910288334 1.1539688184857368 8.950000000000001
      vertex -1.0531803965568542 1.0799856185913086 8.950000000000001
      vertex -1.049334093928337 1.1182894110679626 8.950000000000001
    endloop
  endfacet
  facet normal 0.9889839977988063 -0.14802247159769627 0
    outer loop
      vertex -1.913731910288334 1.1539688184857368 8.950000000000001
      vertex -1.9007311686873436 1.2408308014273643 8.950000000000001
      vertex -1.9007311686873436 1.2408308014273643 9.4
    endloop
  endfacet
  facet normal 0.9775503996928319 -0.21070172296491704 0
    outer loop
      vertex -1.9007311686873436 1.2408308014273643 8.950000000000001
      vertex -1.8825301304459572 1.325274497270584 8.950000000000001
      vertex -1.8825301304459572 1.325274497270584 9.4
    endloop
  endfacet
  facet normal 0.9616307320940505 -0.27434710695077613 0
    outer loop
      vertex -1.8825301304459572 1.325274497270584 8.950000000000001
      vertex -1.8591288030147552 1.4072999134659767 8.950000000000001
      vertex -1.8591288030147552 1.4072999134659767 9.4
    endloop
  endfacet
  facet normal 0.9411017301571297 -0.3381235476793311 0
    outer loop
      vertex -1.8591288030147552 1.4072999134659767 8.950000000000001
      vertex -1.8305271714925766 1.4869070425629616 8.950000000000001
      vertex -1.8305271714925766 1.4869070425629616 9.4
    endloop
  endfacet
  facet normal 0.9160186916879625 -0.40113558366003094 0
    outer loop
      vertex -1.8305271714925766 1.4869070425629616 8.950000000000001
      vertex -1.7967252507805824 1.5640958845615387 8.950000000000001
      vertex -1.7967252507805824 1.5640958845615387 9.4
    endloop
  endfacet
  facet normal 0.8866262307550198 -0.46248667757801043 0
    outer loop
      vertex -1.7967252507805824 1.5640958845615387 8.950000000000001
      vertex -1.7577230334281921 1.6388664469122887 8.950000000000001
      vertex -1.7577230334281921 1.6388664469122887 9.4
    endloop
  endfacet
  facet normal 0.8533488407383629 -0.5213403456577018 0
    outer loop
      vertex -1.7577230334281921 1.6388664469122887 8.950000000000001
      vertex -1.7135205194354057 1.7112187296152115 8.950000000000001
      vertex -1.7135205194354057 1.7112187296152115 9.4
    endloop
  endfacet
  facet normal 0.9889839977988063 -0.14802247159769627 0
    outer loop
      vertex -1.913731910288334 1.1539688184857368 8.950000000000001
      vertex -1.9007311686873436 1.2408308014273643 9.4
      vertex -1.913731910288334 1.1539688184857368 9.4
    endloop
  endfacet
  facet normal 0.9775503996928319 -0.21070172296491704 0
    outer loop
      vertex -1.9007311686873436 1.2408308014273643 8.950000000000001
      vertex -1.8825301304459572 1.325274497270584 9.4
      vertex -1.9007311686873436 1.2408308014273643 9.4
    endloop
  endfacet
  facet normal 0.9616307320940505 -0.27434710695077613 0
    outer loop
      vertex -1.8825301304459572 1.325274497270584 8.950000000000001
      vertex -1.8591288030147552 1.4072999134659767 9.4
      vertex -1.8825301304459572 1.325274497270584 9.4
    endloop
  endfacet
  facet normal 0.9411017301571297 -0.3381235476793311 0
    outer loop
      vertex -1.8591288030147552 1.4072999134659767 8.950000000000001
      vertex -1.8305271714925766 1.4869070425629616 9.4
      vertex -1.8591288030147552 1.4072999134659767 9.4
    endloop
  endfacet
  facet normal 0.9160186916879625 -0.40113558366003094 0
    outer loop
      vertex -1.8305271714925766 1.4869070425629616 8.950000000000001
      vertex -1.7967252507805824 1.5640958845615387 9.4
      vertex -1.8305271714925766 1.4869070425629616 9.4
    endloop
  endfacet
  facet normal 0.8866262307550198 -0.46248667757801043 0
    outer loop
      vertex -1.7967252507805824 1.5640958845615387 8.950000000000001
      vertex -1.7577230334281921 1.6388664469122887 9.4
      vertex -1.7967252507805824 1.5640958845615387 9.4
    endloop
  endfacet
  facet normal 0.8533488407383629 -0.5213403456577018 0
    outer loop
      vertex -1.7577230334281921 1.6388664469122887 8.950000000000001
      vertex -1.7135205194354057 1.7112187296152115 9.4
      vertex -1.7577230334281921 1.6388664469122887 9.4
    endloop
  endfacet
  facet normal 0.8167607169130585 -0.5769765431173668 0
    outer loop
      vertex -1.7135205194354057 1.7112187296152115 8.950000000000001
      vertex -1.6641177088022232 1.7811527252197266 9.4
      vertex -1.7135205194354057 1.7112187296152115 9.4
    endloop
  endfacet
  facet normal 0 0 1
    outer loop
      vertex -1.913731910288334 1.1539688184857368 8.950000000000001
      vertex -1.049334093928337 1.1182894110679626 8.950000000000001
      vertex -1.9007311686873436 1.2408308014273643 8.950000000000001
    endloop
  endfacet
  facet normal 0 0 1
    outer loop
      vertex -1.042923592031002 1.1552213579416275 8.950000000000001
      vertex -1.8825301304459572 1.325274497270584 8.950000000000001
      vertex -1.9007311686873436 1.2408308014273643 8.950000000000001
    endloop
  endfacet
  facet normal 0 0 1
    outer loop
      vertex -1.042923592031002 1.1552213579416275 8.950000000000001
      vertex -1.8591288030147552 1.4072999134659767 8.950000000000001
      vertex -1.8825301304459572 1.325274497270584 8.950000000000001
    endloop
  endfacet
  facet normal 0 0 1
    outer loop
      vertex -1.8591288030147552 1.4072999134659767 8.950000000000001
      vertex -1.033948890864849 1.190781481564045 8.950000000000001
      vertex -1.8305271714925766 1.4869070425629616 8.950000000000001
    endloop
  endfacet
  facet normal 0 0 1
    outer loop
      vertex -1.8305271714925766 1.4869070425629616 8.950000000000001
      vertex -1.0224099829792976 1.2249697670340538 8.950000000000001
      vertex -1.7967252507805824 1.5640958845615387 8.950000000000001
    endloop
  endfacet
  facet normal 0 0 1
    outer loop
      vertex -1.7967252507805824 1.5640958845615387 8.950000000000001
      vertex -1.0083068758249283 1.257786214351654 8.950000000000001
      vertex -1.7577230334281921 1.6388664469122887 8.950000000000001
    endloop
  endfacet
  facet normal 0 0 1
    outer loop
      vertex -1.7577230334281921 1.6388664469122887 8.950000000000001
      vertex -0.991639569401741 1.2892308309674263 8.950000000000001
      vertex -1.7135205194354057 1.7112187296152115 8.950000000000001
    endloop
  endfacet
  facet normal 0 0 1
    outer loop
      vertex -1.7135205194354057 1.7112187296152115 8.950000000000001
      vertex -0.991639569401741 1.2892308309674263 8.950000000000001
      vertex -1.6641177088022232 1.7811527252197266 8.950000000000001
    endloop
  endfacet
  facet normal 0 0 1
    outer loop
      vertex -1.6641177088022232 1.7811527252197266 8.950000000000001
      vertex -0.9724080637097359 1.31930360943079 8.950000000000001
      vertex -1.6095146015286446 1.848668433725834 8.950000000000001
    endloop
  endfacet
  facet normal 0 0 1
    outer loop
      vertex -1.049334093928337 1.1182894110679626 8.950000000000001
      vertex -1.042923592031002 1.1552213579416275 8.950000000000001
      vertex -1.9007311686873436 1.2408308014273643 8.950000000000001
    endloop
  endfacet
  facet normal 0 0 1
    outer loop
      vertex -1.042923592031002 1.1552213579416275 8.950000000000001
      vertex -1.033948890864849 1.190781481564045 8.950000000000001
      vertex -1.8591288030147552 1.4072999134659767 8.950000000000001
    endloop
  endfacet
  facet normal 0 0 1
    outer loop
      vertex -1.8305271714925766 1.4869070425629616 8.950000000000001
      vertex -1.033948890864849 1.190781481564045 8.950000000000001
      vertex -1.0224099829792976 1.2249697670340538 8.950000000000001
    endloop
  endfacet
  facet normal 0 0 1
    outer loop
      vertex -1.7967252507805824 1.5640958845615387 8.950000000000001
      vertex -1.0224099829792976 1.2249697670340538 8.950000000000001
      vertex -1.0083068758249283 1.257786214351654 8.950000000000001
    endloop
  endfacet
  facet normal 0 0 1
    outer loop
      vertex -1.7577230334281921 1.6388664469122887 8.950000000000001
      vertex -1.0083068758249283 1.257786214351654 8.950000000000001
      vertex -0.991639569401741 1.2892308309674263 8.950000000000001
    endloop
  endfacet
  facet normal 0 0 1
    outer loop
      vertex -1.6641177088022232 1.7811527252197266 8.950000000000001
      vertex -0.991639569401741 1.2892308309674263 8.950000000000001
      vertex -0.9724080637097359 1.31930360943079 8.950000000000001
    endloop
  endfacet
  facet normal 0 0 1
    outer loop
      vertex -1.6095146015286446 1.848668433725834 8.950000000000001
      vertex -0.9724080637097359 1.31930360943079 8.950000000000001
      vertex -0.9506123512983322 1.3480045571923256 8.950000000000001
    endloop
  endfacet
  facet normal 0 0 1
    outer loop
      vertex -1.5497111976146698 1.9137658551335335 8.950000000000001
      vertex -0.9506123512983322 1.3480045571923256 8.950000000000001
      vertex -0.9262524396181107 1.3753336668014526 8.950000000000001
    endloop
  endfacet
  facet normal 0.8167607169130585 -0.5769765431173668 0
    outer loop
      vertex -1.7135205194354057 1.7112187296152115 8.950000000000001
      vertex -1.6641177088022232 1.7811527252197266 8.950000000000001
      vertex -1.6641177088022232 1.7811527252197266 9.4
    endloop
  endfacet
  facet normal 0.7775402756059999 -0.6288331414696156 0
    outer loop
      vertex -1.6641177088022232 1.7811527252197266 8.950000000000001
      vertex -1.6095146015286446 1.848668433725834 8.950000000000001
      vertex -1.6095146015286446 1.848668433725834 9.4
    endloop
  endfacet
  facet normal 0.7364168364264472 -0.6765280799993918 0
    outer loop
      vertex -1.6095146015286446 1.848668433725834 8.950000000000001
      vertex -1.5497111976146698 1.9137658551335335 8.950000000000001
      vertex -1.5497111976146698 1.9137658551335335 9.4
    endloop
  endfacet
  facet normal 0.6941183664424153 -0.7198608847321216 0
    outer loop
      vertex -1.5497111976146698 1.9137658551335335 8.950000000000001
      vertex -1.484707497060299 1.976444996893406 8.950000000000001
      vertex -1.484707497060299 1.976444996893406 9.4
    endloop
  endfacet
  facet normal 0.6449246232190197 -0.7642461843972828 0
    outer loop
      vertex -1.484707497060299 1.976444996893406 8.950000000000001
      vertex -1.414666198194027 2.0355507656931877 8.950000000000001
      vertex -1.414666198194027 2.0355507656931877 9.4
    endloop
  endfacet
  facet normal 0 0 1
    outer loop
      vertex -1.6095146015286446 1.848668433725834 8.950000000000001
      vertex -0.9506123512983322 1.3480045571923256 8.950000000000001
      vertex -1.5497111976146698 1.9137658551335335 8.950000000000001
    endloop
  endfacet
  facet normal 0 0 1
    outer loop
      vertex -1.5497111976146698 1.9137658551335335 8.950000000000001
      vertex -0.9262524396181107 1.3753336668014526 8.950000000000001
      vertex -1.484707497060299 1.976444996893406 8.950000000000001
    endloop
  endfacet
  facet normal 0 0 1
    outer loop
      vertex -1.484707497060299 1.976444996893406 8.950000000000001
      vertex -0.8993283286690712 1.4012909457087517 8.950000000000001
      vertex -1.414666198194027 2.0355507656931877 8.950000000000001
    endloop
  endfacet
  facet normal 0 0 1
    outer loop
      vertex -1.414666198194027 2.0355507656931877 8.950000000000001
      vertex -0.8698400184512138 1.4258763939142227 8.950000000000001
      vertex -1.3397499844431877 2.089928075671196 8.950000000000001
    endloop
  endfacet
  facet normal 0 0 1
    outer loop
      vertex -0.837787501513958 1.4490899965167046 8.950000000000001
      vertex -1.2599588632583618 2.13957691937685 8.950000000000001
      vertex -1.3397499844431877 2.089928075671196 8.950000000000001
    endloop
  endfacet
  facet normal 0.5874139584298206 -0.809286625023427 0
    outer loop
      vertex -1.414666198194027 2.0355507656931877 8.950000000000001
      vertex -1.3397499844431877 2.089928075671196 8.950000000000001
      vertex -1.3397499844431877 2.089928075671196 9.4
    endloop
  endfacet
  facet normal 0.5283098260278128 -0.8490516637534268 0
    outer loop
      vertex -1.3397499844431877 2.089928075671196 8.950000000000001
      vertex -1.2599588632583618 2.13957691937685 8.950000000000001
      vertex -1.2599588632583618 2.13957691937685 9.4
    endloop
  endfacet
  facet normal 0.4686795726969374 -0.8833682460540544 0
    outer loop
      vertex -1.2599588632583618 2.13957691937685 8.950000000000001
      vertex -1.1752928271889687 2.1844973042607307 8.950000000000001
      vertex -1.1752928271889687 2.1844973042607307 9.4
    endloop
  endfacet
  facet normal 0.7775402756059999 -0.6288331414696156 0
    outer loop
      vertex -1.6641177088022232 1.7811527252197266 8.950000000000001
      vertex -1.6095146015286446 1.848668433725834 9.4
      vertex -1.6641177088022232 1.7811527252197266 9.4
    endloop
  endfacet
  facet normal 0.7364168364264472 -0.6765280799993918 0
    outer loop
      vertex -1.6095146015286446 1.848668433725834 8.950000000000001
      vertex -1.5497111976146698 1.9137658551335335 9.4
      vertex -1.6095146015286446 1.848668433725834 9.4
    endloop
  endfacet
  facet normal 0.6941183664424153 -0.7198608847321216 0
    outer loop
      vertex -1.5497111976146698 1.9137658551335335 8.950000000000001
      vertex -1.484707497060299 1.976444996893406 9.4
      vertex -1.5497111976146698 1.9137658551335335 9.4
    endloop
  endfacet
  facet normal 0.6449246232190197 -0.7642461843972828 0
    outer loop
      vertex -1.484707497060299 1.976444996893406 8.950000000000001
      vertex -1.414666198194027 2.0355507656931877 9.4
      vertex -1.484707497060299 1.976444996893406 9.4
    endloop
  endfacet
  facet normal 0.5874139584298206 -0.809286625023427 0
    outer loop
      vertex -1.414666198194027 2.0355507656931877 8.950000000000001
      vertex -1.3397499844431877 2.089928075671196 9.4
      vertex -1.414666198194027 2.0355507656931877 9.4
    endloop
  endfacet
  facet normal 0.5283098260278128 -0.8490516637534268 0
    outer loop
      vertex -1.3397499844431877 2.089928075671196 8.950000000000001
      vertex -1.2599588632583618 2.13957691937685 9.4
      vertex -1.3397499844431877 2.089928075671196 9.4
    endloop
  endfacet
  facet normal 0.4686795726969374 -0.8833682460540544 0
    outer loop
      vertex -1.2599588632583618 2.13957691937685 8.950000000000001
      vertex -1.1752928271889687 2.1844973042607307 9.4
      vertex -1.2599588632583618 2.13957691937685 9.4
    endloop
  endfacet
  facet normal 0.4095044743859234 -0.912308108841475 0
    outer loop
      vertex -1.1752928271889687 2.1844973042607307 8.950000000000001
      vertex -1.0857518762350082 2.224689230322838 9.4
      vertex -1.1752928271889687 2.1844973042607307 9.4
    endloop
  endfacet
  facet normal 0 0 1
    outer loop
      vertex -1.129281260073185 -0.16588225215673447 8.950000000000001
      vertex -0.8178767338395119 0.667942188680172 8.950000000000001
      vertex -1.1987974718213081 -0.13904600590467453 8.950000000000001
    endloop
  endfacet
  facet normal 0 0 1
    outer loop
      vertex -1.263185277581215 -0.1118854433298111 8.950000000000001
      vertex -1.1987974718213081 -0.13904600590467453 8.950000000000001
      vertex -0.8408474996685982 0.6803100034594536 8.950000000000001
    endloop
  endfacet
  facet normal 0 0 1
    outer loop
      vertex -1.129281260073185 -0.16588225215673447 8.950000000000001
      vertex -1.0546366423368454 -0.1923941746354103 8.950000000000001
      vertex -0.7608859613537788 0.6422320082783699 8.950000000000001
    endloop
  endfacet
  facet normal 0 0 1
    outer loop
      vertex -1.0546366423368454 -0.1923941746354103 8.950000000000001
      vertex -0.97486362606287 -0.21858177334070206 8.950000000000001
      vertex -0.7268659621477127 0.6288896426558495 8.950000000000001
    endloop
  endfacet
  facet normal 0 0 1
    outer loop
      vertex -1.263185277581215 -0.1118854433298111 8.950000000000001
      vertex -0.8408474996685982 0.6803100034594536 8.950000000000001
      vertex -0.8724473491311073 0.6993367448449135 8.950000000000001
    endloop
  endfacet
  facet normal 0 0 1
    outer loop
      vertex -1.4694525003433228 0 8.950000000000001
      vertex -0.9015192165970802 0.7198077514767647 8.950000000000001
      vertex -0.9280630946159363 0.7417230159044266 8.950000000000001
    endloop
  endfacet
  facet normal 0 0 1
    outer loop
      vertex -1.376575693488121 -0.05659136176109314 8.950000000000001
      vertex -0.8724473491311073 0.6993367448449135 8.950000000000001
      vertex -0.9015192165970802 0.7198077514767647 8.950000000000001
    endloop
  endfacet
  facet normal 0 0 1
    outer loop
      vertex -1.1987974718213081 -0.13904600590467453 8.950000000000001
      vertex -0.8178767338395119 0.667942188680172 8.950000000000001
      vertex -0.8408474996685982 0.6803100034594536 8.950000000000001
    endloop
  endfacet
  facet normal 0 0 1
    outer loop
      vertex -1.129281260073185 -0.16588225215673447 8.950000000000001
      vertex -0.7912228852510452 0.6552495285868645 8.950000000000001
      vertex -0.8178767338395119 0.667942188680172 8.950000000000001
    endloop
  endfacet
  facet normal 0 0 1
    outer loop
      vertex -1.129281260073185 -0.16588225215673447 8.950000000000001
      vertex -0.7608859613537788 0.6422320082783699 8.950000000000001
      vertex -0.7912228852510452 0.6552495285868645 8.950000000000001
    endloop
  endfacet
  facet normal 0 0 1
    outer loop
      vertex -0.8899622038006783 -0.2444450557231903 8.950000000000001
      vertex -0.6477767303586006 0.6012303531169891 8.950000000000001
      vertex -0.97486362606287 -0.21858177334070206 8.950000000000001
    endloop
  endfacet
  facet normal 0 0 1
    outer loop
      vertex -0.8899622038006783 -0.2444450557231903 8.950000000000001
      vertex -0.7999323830008507 -0.26998402178287506 8.950000000000001
      vertex -0.6027074977755547 0.5869134292006493 8.950000000000001
    endloop
  endfacet
  facet normal 0 0 1
    outer loop
      vertex -0.97486362606287 -0.21858177334070206 8.950000000000001
      vertex -0.6891628876328468 0.6152224242687225 8.950000000000001
      vertex -0.7268659621477127 0.6288896426558495 8.950000000000001
    endloop
  endfacet
  facet normal 0 0 1
    outer loop
      vertex -1.0546366423368454 -0.1923941746354103 8.950000000000001
      vertex -0.7268659621477127 0.6288896426558495 8.950000000000001
      vertex -0.7608859613537788 0.6422320082783699 8.950000000000001
    endloop
  endfacet
  facet normal 0 0 1
    outer loop
      vertex -0.97486362606287 -0.21858177334070206 8.950000000000001
      vertex -0.6477767303586006 0.6012303531169891 8.950000000000001
      vertex -0.6891628876328468 0.6152224242687225 8.950000000000001
    endloop
  endfacet
  facet normal 0 0 1
    outer loop
      vertex -0.8899622038006783 -0.2444450557231903 8.950000000000001
      vertex -0.6027074977755547 0.5869134292006493 8.950000000000001
      vertex -0.6477767303586006 0.6012303531169891 8.950000000000001
    endloop
  endfacet
  facet normal 0 0 1
    outer loop
      vertex -0.7999323830008507 -0.26998402178287506 8.950000000000001
      vertex -0.553955189883709 0.5722716599702835 8.950000000000001
      vertex -0.6027074977755547 0.5869134292006493 8.950000000000001
    endloop
  endfacet
  facet normal 0 0 1
    outer loop
      vertex -0.7999323830008507 -0.26998402178287506 8.950000000000001
      vertex -0.5015198066830635 0.5573050305247307 8.950000000000001
      vertex -0.553955189883709 0.5722716599702835 8.950000000000001
    endloop
  endfacet
  facet normal -0.8599963457749019 -0.5103001913127362 0
    outer loop
      vertex -1.008958712220192 0.8438266888260841 8.950000000000001
      vertex -0.9925267919898033 0.8161343783140182 8.950000000000001
      vertex -0.9925267919898033 0.8161343783140182 9.4
    endloop
  endfacet
  facet normal -0.5757383950676347 -0.8176339648308062 0
    outer loop
      vertex -0.8724473491311073 0.6993367448449135 8.950000000000001
      vertex -0.8724473491311073 0.6993367448449135 9.4
      vertex -0.9015192165970802 0.7198077514767647 8.950000000000001
    endloop
  endfacet
  facet normal -0.5158273780228882 -0.8566925446635055 0
    outer loop
      vertex -0.8724473491311073 0.6993367448449135 8.950000000000001
      vertex -0.8408474996685982 0.6803100034594536 8.950000000000001
      vertex -0.8408474996685982 0.6803100034594536 9.4
    endloop
  endfacet
  facet normal -0.7558204142020464 -0.6547789714670493 0
    outer loop
      vertex -0.9520789757370949 0.7650825455784798 8.950000000000001
      vertex -0.9520789757370949 0.7650825455784798 9.4
      vertex -0.9735668823122978 0.7898863330483437 8.950000000000001
    endloop
  endfacet
  facet normal -0.6972434257204102 -0.7168344336662872 0
    outer loop
      vertex -0.9280630946159363 0.7417230159044266 8.950000000000001
      vertex -0.9280630946159363 0.7417230159044266 9.4
      vertex -0.9520789757370949 0.7650825455784798 8.950000000000001
    endloop
  endfacet
  facet normal -0.8106354243064434 -0.5855512008864062 0
    outer loop
      vertex -0.9735668823122978 0.7898863330483437 8.950000000000001
      vertex -0.9735668823122978 0.7898863330483437 9.4
      vertex -0.9925267919898033 0.8161343783140182 8.950000000000001
    endloop
  endfacet
  facet normal -0.6366692558223465 -0.7711369908716735 0
    outer loop
      vertex -0.9280630946159363 0.7417230159044266 8.950000000000001
      vertex -0.9015192165970802 0.7198077514767647 8.950000000000001
      vertex -0.9015192165970802 0.7198077514767647 9.4
    endloop
  endfacet
  facet normal -0.9372516055583436 -0.348653736360744 0
    outer loop
      vertex -1.0228626504540443 0.8729632571339607 8.950000000000001
      vertex -1.0228626504540443 0.8729632571339607 9.4
      vertex -1.0342385917901993 0.903544083237648 8.950000000000001
    endloop
  endfacet
  facet normal -0.9638887578228091 -0.266305205624678 0
    outer loop
      vertex -1.0342385917901993 0.903544083237648 8.950000000000001
      vertex -1.0342385917901993 0.903544083237648 9.4
      vertex -1.043086551129818 0.9355691745877266 8.950000000000001
    endloop
  endfacet
  facet normal -0.902506938126003 -0.43067531463322445 0
    outer loop
      vertex -1.008958712220192 0.8438266888260841 8.950000000000001
      vertex -1.008958712220192 0.8438266888260841 9.4
      vertex -1.0228626504540443 0.8729632571339607 8.950000000000001
    endloop
  endfacet
  facet normal -0.9826349070523455 -0.1855495606090954 0
    outer loop
      vertex -1.043086551129818 0.9355691745877266 8.950000000000001
      vertex -1.043086551129818 0.9355691745877266 9.4
      vertex -1.0494065210223198 0.9690385237336159 8.950000000000001
    endloop
  endfacet
  facet normal -0.9941535426917164 -0.10797561555050057 0
    outer loop
      vertex -1.0494065210223198 0.9690385237336159 8.950000000000001
      vertex -1.0494065210223198 0.9690385237336159 9.4
      vertex -1.0531985089182854 1.0039521306753159 8.950000000000001
    endloop
  endfacet
  facet normal -0.9993962354730799 -0.03474427322935545 0
    outer loop
      vertex -1.0531985089182854 1.0039521306753159 8.950000000000001
      vertex -1.0531985089182854 1.0039521306753159 9.4
      vertex -1.0544624999165535 1.0403100028634071 8.950000000000001
    endloop
  endfacet
  facet normal -0.999478290477972 0.032297784184534155 0
    outer loop
      vertex -1.0544624999165535 1.0403100028634071 8.950000000000001
      vertex -1.0544624999165535 1.0403100028634071 9.4
      vertex -1.0531803965568542 1.0799856185913086 8.950000000000001
    endloop
  endfacet
  facet normal -0.9949961521945542 0.09991324796057556 0
    outer loop
      vertex -1.0531803965568542 1.0799856185913086 8.950000000000001
      vertex -1.0531803965568542 1.0799856185913086 9.4
      vertex -1.049334093928337 1.1182894110679626 8.950000000000001
    endloop
  endfacet
  facet normal -0.9852677490282423 0.17101889581218885 0
    outer loop
      vertex -1.049334093928337 1.1182894110679626 8.950000000000001
      vertex -1.049334093928337 1.1182894110679626 9.4
      vertex -1.042923592031002 1.1552213579416275 8.950000000000001
    endloop
  endfacet
  facet normal -0.47406835054447743 -0.8804880459222819 0
    outer loop
      vertex -0.8178767338395119 0.667942188680172 8.950000000000001
      vertex -0.8178767338395119 0.667942188680172 9.4
      vertex -0.8408474996685982 0.6803100034594536 8.950000000000001
    endloop
  endfacet
  facet normal -0.4299432788962496 -0.9028559004248362 0
    outer loop
      vertex -0.8178767338395119 0.667942188680172 8.950000000000001
      vertex -0.7912228852510452 0.6552495285868645 8.950000000000001
      vertex -0.7912228852510452 0.6552495285868645 9.4
    endloop
  endfacet
  facet normal -0.36511573995177854 -0.9309621348043461 0
    outer loop
      vertex -0.7268659621477127 0.6288896426558495 8.950000000000001
      vertex -0.7268659621477127 0.6288896426558495 9.4
      vertex -0.7608859613537788 0.6422320082783699 8.950000000000001
    endloop
  endfacet
  facet normal -0.3943282518794651 -0.9189696566098824 0
    outer loop
      vertex -0.7912228852510452 0.6552495285868645 8.950000000000001
      vertex -0.7608859613537788 0.6422320082783699 8.950000000000001
      vertex -0.7608859613537788 0.6422320082783699 9.4
    endloop
  endfacet
  facet normal -0.34079610315141434 -0.9401372325766121 0
    outer loop
      vertex -0.7268659621477127 0.6288896426558495 8.950000000000001
      vertex -0.6891628876328468 0.6152224242687225 8.950000000000001
      vertex -0.6891628876328468 0.6152224242687225 9.4
    endloop
  endfacet
  facet normal -0.32027677555113243 -0.9473240137580012 0
    outer loop
      vertex -0.6891628876328468 0.6152224242687225 8.950000000000001
      vertex -0.6477767303586006 0.6012303531169891 8.950000000000001
      vertex -0.6477767303586006 0.6012303531169891 9.4
    endloop
  endfacet
  facet normal -0.3027564616157656 -0.9530679540042785 0
    outer loop
      vertex -0.6027074977755547 0.5869134292006493 8.950000000000001
      vertex -0.6027074977755547 0.5869134292006493 9.4
      vertex -0.6477767303586006 0.6012303531169891 8.950000000000001
    endloop
  endfacet
  facet normal -0.287637624753111 -0.9577393156941969 0
    outer loop
      vertex -0.6027074977755547 0.5869134292006493 8.950000000000001
      vertex -0.553955189883709 0.5722716599702835 8.950000000000001
      vertex -0.553955189883709 0.5722716599702835 9.4
    endloop
  endfacet
  facet normal -0.8599963457749019 -0.5103001913127362 0
    outer loop
      vertex -1.008958712220192 0.8438266888260841 8.950000000000001
      vertex -0.9925267919898033 0.8161343783140182 9.4
      vertex -1.008958712220192 0.8438266888260841 9.4
    endloop
  endfacet
  facet normal -0.5158273780228882 -0.8566925446635055 0
    outer loop
      vertex -0.8724473491311073 0.6993367448449135 8.950000000000001
      vertex -0.8408474996685982 0.6803100034594536 9.4
      vertex -0.8724473491311073 0.6993367448449135 9.4
    endloop
  endfacet
  facet normal -0.6366692558223465 -0.7711369908716735 0
    outer loop
      vertex -0.9280630946159363 0.7417230159044266 8.950000000000001
      vertex -0.9015192165970802 0.7198077514767647 9.4
      vertex -0.9280630946159363 0.7417230159044266 9.4
    endloop
  endfacet
  facet normal -0.6972434257204102 -0.7168344336662872 0
    outer loop
      vertex -0.9520789757370949 0.7650825455784798 8.950000000000001
      vertex -0.9280630946159363 0.7417230159044266 9.4
      vertex -0.9520789757370949 0.7650825455784798 9.4
    endloop
  endfacet
  facet normal -0.8106354243064434 -0.5855512008864062 0
    outer loop
      vertex -0.9925267919898033 0.8161343783140182 8.950000000000001
      vertex -0.9735668823122978 0.7898863330483437 9.4
      vertex -0.9925267919898033 0.8161343783140182 9.4
    endloop
  endfacet
  facet normal -0.7558204142020464 -0.6547789714670493 0
    outer loop
      vertex -0.9735668823122978 0.7898863330483437 8.950000000000001
      vertex -0.9520789757370949 0.7650825455784798 9.4
      vertex -0.9735668823122978 0.7898863330483437 9.4
    endloop
  endfacet
  facet normal -0.5757383950676347 -0.8176339648308062 0
    outer loop
      vertex -0.9015192165970802 0.7198077514767647 8.950000000000001
      vertex -0.8724473491311073 0.6993367448449135 9.4
      vertex -0.9015192165970802 0.7198077514767647 9.4
    endloop
  endfacet
  facet normal -0.9372516055583436 -0.348653736360744 0
    outer loop
      vertex -1.0342385917901993 0.903544083237648 8.950000000000001
      vertex -1.0228626504540443 0.8729632571339607 9.4
      vertex -1.0342385917901993 0.903544083237648 9.4
    endloop
  endfacet
  facet normal -0.902506938126003 -0.43067531463322445 0
    outer loop
      vertex -1.0228626504540443 0.8729632571339607 8.950000000000001
      vertex -1.008958712220192 0.8438266888260841 9.4
      vertex -1.0228626504540443 0.8729632571339607 9.4
    endloop
  endfacet
  facet normal -0.9638887578228091 -0.266305205624678 0
    outer loop
      vertex -1.043086551129818 0.9355691745877266 8.950000000000001
      vertex -1.0342385917901993 0.903544083237648 9.4
      vertex -1.043086551129818 0.9355691745877266 9.4
    endloop
  endfacet
  facet normal -0.9826349070523455 -0.1855495606090954 0
    outer loop
      vertex -1.0494065210223198 0.9690385237336159 8.950000000000001
      vertex -1.043086551129818 0.9355691745877266 9.4
      vertex -1.0494065210223198 0.9690385237336159 9.4
    endloop
  endfacet
  facet normal -0.9941535426917164 -0.10797561555050057 0
    outer loop
      vertex -1.0531985089182854 1.0039521306753159 8.950000000000001
      vertex -1.0494065210223198 0.9690385237336159 9.4
      vertex -1.0531985089182854 1.0039521306753159 9.4
    endloop
  endfacet
  facet normal -0.9993962354730799 -0.03474427322935545 0
    outer loop
      vertex -1.0544624999165535 1.0403100028634071 8.950000000000001
      vertex -1.0531985089182854 1.0039521306753159 9.4
      vertex -1.0544624999165535 1.0403100028634071 9.4
    endloop
  endfacet
  facet normal -0.999478290477972 0.032297784184534155 0
    outer loop
      vertex -1.0531803965568542 1.0799856185913086 8.950000000000001
      vertex -1.0544624999165535 1.0403100028634071 9.4
      vertex -1.0531803965568542 1.0799856185913086 9.4
    endloop
  endfacet
  facet normal -0.9949961521945542 0.09991324796057556 0
    outer loop
      vertex -1.049334093928337 1.1182894110679626 8.950000000000001
      vertex -1.0531803965568542 1.0799856185913086 9.4
      vertex -1.049334093928337 1.1182894110679626 9.4
    endloop
  endfacet
  facet normal -0.47406835054447743 -0.8804880459222819 0
    outer loop
      vertex -0.8408474996685982 0.6803100034594536 8.950000000000001
      vertex -0.8178767338395119 0.667942188680172 9.4
      vertex -0.8408474996685982 0.6803100034594536 9.4
    endloop
  endfacet
  facet normal -0.4299432788962496 -0.9028559004248362 0
    outer loop
      vertex -0.8178767338395119 0.667942188680172 8.950000000000001
      vertex -0.7912228852510452 0.6552495285868645 9.4
      vertex -0.8178767338395119 0.667942188680172 9.4
    endloop
  endfacet
  facet normal -0.3943282518794651 -0.9189696566098824 0
    outer loop
      vertex -0.7912228852510452 0.6552495285868645 8.950000000000001
      vertex -0.7608859613537788 0.6422320082783699 9.4
      vertex -0.7912228852510452 0.6552495285868645 9.4
    endloop
  endfacet
  facet normal -0.34079610315141434 -0.9401372325766121 0
    outer loop
      vertex -0.7268659621477127 0.6288896426558495 8.950000000000001
      vertex -0.6891628876328468 0.6152224242687225 9.4
      vertex -0.7268659621477127 0.6288896426558495 9.4
    endloop
  endfacet
  facet normal -0.36511573995177854 -0.9309621348043461 0
    outer loop
      vertex -0.7608859613537788 0.6422320082783699 8.950000000000001
      vertex -0.7268659621477127 0.6288896426558495 9.4
      vertex -0.7608859613537788 0.6422320082783699 9.4
    endloop
  endfacet
  facet normal -0.32027677555113243 -0.9473240137580012 0
    outer loop
      vertex -0.6891628876328468 0.6152224242687225 8.950000000000001
      vertex -0.6477767303586006 0.6012303531169891 9.4
      vertex -0.6891628876328468 0.6152224242687225 9.4
    endloop
  endfacet
  facet normal -0.3027564616157656 -0.9530679540042785 0
    outer loop
      vertex -0.6477767303586006 0.6012303531169891 8.950000000000001
      vertex -0.6027074977755547 0.5869134292006493 9.4
      vertex -0.6477767303586006 0.6012303531169891 9.4
    endloop
  endfacet
  facet normal -0.287637624753111 -0.9577393156941969 0
    outer loop
      vertex -0.6027074977755547 0.5869134292006493 8.950000000000001
      vertex -0.553955189883709 0.5722716599702835 9.4
      vertex -0.6027074977755547 0.5869134292006493 9.4
    endloop
  endfacet
  facet normal 0 0 1
    outer loop
      vertex -0.7047741562128067 -0.2951986715197563 8.950000000000001
      vertex -0.4454013481736183 0.5420135483145714 8.950000000000001
      vertex -0.5015198066830635 0.5573050305247307 8.950000000000001
    endloop
  endfacet
  facet normal 0 0 1
    outer loop
      vertex -0.6044875308871269 -0.3200889974832535 8.950000000000001
      vertex -0.3855998069047928 0.5263972207903862 8.950000000000001
      vertex -0.4454013481736183 0.5420135483145714 8.950000000000001
    endloop
  endfacet
  facet normal 0 0 1
    outer loop
      vertex -0.6044875308871269 -0.3200889974832535 8.950000000000001
      vertex -0.3221151903271675 0.510456033051014 8.950000000000001
      vertex -0.3855998069047928 0.5263972207903862 8.950000000000001
    endloop
  endfacet
  facet normal 0 0 1
    outer loop
      vertex -0.49907249957323074 -0.34465499967336655 8.950000000000001
      vertex -0.2549474984407425 0.4941899999976158 8.950000000000001
      vertex -0.3221151903271675 0.510456033051014 8.950000000000001
    endloop
  endfacet
  facet normal -0.2744683483171124 -0.9615961344411053 0
    outer loop
      vertex -0.553955189883709 0.5722716599702835 8.950000000000001
      vertex -0.5015198066830635 0.5573050305247307 8.950000000000001
      vertex -0.5015198066830635 0.5573050305247307 9.4
    endloop
  endfacet
  facet normal -0.2629005363666605 -0.9648229412581991 0
    outer loop
      vertex -0.4454013481736183 0.5420135483145714 8.950000000000001
      vertex -0.4454013481736183 0.5420135483145714 9.4
      vertex -0.5015198066830635 0.5573050305247307 8.950000000000001
    endloop
  endfacet
  facet normal -0.25266313635726895 -0.9675543083083803 0
    outer loop
      vertex -0.4454013481736183 0.5420135483145714 8.950000000000001
      vertex -0.3855998069047928 0.5263972207903862 8.950000000000001
      vertex -0.3855998069047928 0.5263972207903862 9.4
    endloop
  endfacet
  facet normal -0.24354249923042912 -0.9698902262981087 0
    outer loop
      vertex -0.3221151903271675 0.510456033051014 8.950000000000001
      vertex -0.3221151903271675 0.510456033051014 9.4
      vertex -0.3855998069047928 0.5263972207903862 8.950000000000001
    endloop
  endfacet
  facet normal -0.23536708733608475 -0.9719065460212354 0
    outer loop
      vertex -0.3221151903271675 0.510456033051014 8.950000000000001
      vertex -0.2549474984407425 0.4941899999976158 8.950000000000001
      vertex -0.2549474984407425 0.4941899999976158 9.4
    endloop
  endfacet
  facet normal -0.2629005363666605 -0.9648229412581991 0
    outer loop
      vertex -0.5015198066830635 0.5573050305247307 8.950000000000001
      vertex -0.4454013481736183 0.5420135483145714 9.4
      vertex -0.5015198066830635 0.5573050305247307 9.4
    endloop
  endfacet
  facet normal -0.25266313635726895 -0.9675543083083803 0
    outer loop
      vertex -0.4454013481736183 0.5420135483145714 8.950000000000001
      vertex -0.3855998069047928 0.5263972207903862 9.4
      vertex -0.4454013481736183 0.5420135483145714 9.4
    endloop
  endfacet
  facet normal -0.24354249923042912 -0.9698902262981087 0
    outer loop
      vertex -0.3855998069047928 0.5263972207903862 8.950000000000001
      vertex -0.3221151903271675 0.510456033051014 9.4
      vertex -0.3855998069047928 0.5263972207903862 9.4
    endloop
  endfacet
  facet normal -0.23536708733608475 -0.9719065460212354 0
    outer loop
      vertex -0.3221151903271675 0.510456033051014 8.950000000000001
      vertex -0.2549474984407425 0.4941899999976158 9.4
      vertex -0.3221151903271675 0.510456033051014 9.4
    endloop
  endfacet
  facet normal -0.2744683483171124 -0.9615961344411053 0
    outer loop
      vertex -0.553955189883709 0.5722716599702835 8.950000000000001
      vertex -0.5015198066830635 0.5573050305247307 9.4
      vertex -0.553955189883709 0.5722716599702835 9.4
    endloop
  endfacet
  facet normal -0.9695968541665323 0.2447078674468074 0
    outer loop
      vertex -1.042923592031002 1.1552213579416275 8.950000000000001
      vertex -1.042923592031002 1.1552213579416275 9.4
      vertex -1.033948890864849 1.190781481564045 8.950000000000001
    endloop
  endfacet
  facet normal -0.9474892431122948 0.3197876392021599 0
    outer loop
      vertex -1.033948890864849 1.190781481564045 8.950000000000001
      vertex -1.033948890864849 1.190781481564045 9.4
      vertex -1.0224099829792976 1.2249697670340538 8.950000000000001
    endloop
  endfacet
  facet normal -0.9187500944469067 0.39483954203422916 0
    outer loop
      vertex -1.0224099829792976 1.2249697670340538 8.950000000000001
      vertex -1.0224099829792976 1.2249697670340538 9.4
      vertex -1.0083068758249283 1.257786214351654 8.950000000000001
    endloop
  endfacet
  facet normal -0.8835536037622848 0.4683300431092157 0
    outer loop
      vertex -1.0083068758249283 1.257786214351654 8.950000000000001
      vertex -1.0083068758249283 1.257786214351654 9.4
      vertex -0.991639569401741 1.2892308309674263 8.950000000000001
    endloop
  endfacet
  facet normal -0.8424630585548215 0.5387541136459708 0
    outer loop
      vertex -0.991639569401741 1.2892308309674263 8.950000000000001
      vertex -0.991639569401741 1.2892308309674263 9.4
      vertex -0.9724080637097359 1.31930360943079 8.950000000000001
    endloop
  endfacet
  facet normal -0.7963894886501138 0.6047840791287501 0
    outer loop
      vertex -0.9724080637097359 1.31930360943079 8.950000000000001
      vertex -0.9724080637097359 1.31930360943079 9.4
      vertex -0.9506123512983322 1.3480045571923256 8.950000000000001
    endloop
  endfacet
  facet normal -0.7464948538950611 0.6653911880301628 0
    outer loop
      vertex -0.9506123512983322 1.3480045571923256 8.950000000000001
      vertex -0.9506123512983322 1.3480045571923256 9.4
      vertex -0.9262524396181107 1.3753336668014526 8.950000000000001
    endloop
  endfacet
  facet normal -0.694062734430622 0.7199145231724998 0
    outer loop
      vertex -0.9262524396181107 1.3753336668014526 8.950000000000001
      vertex -0.9262524396181107 1.3753336668014526 9.4
      vertex -0.8993283286690712 1.4012909457087517 8.950000000000001
    endloop
  endfacet
  facet normal -0.6403666345742263 0.7680693805406382 0
    outer loop
      vertex -0.8993283286690712 1.4012909457087517 8.950000000000001
      vertex -0.8993283286690712 1.4012909457087517 9.4
      vertex -0.8698400184512138 1.4258763939142227 8.950000000000001
    endloop
  endfacet
  facet normal 0 0 1
    outer loop
      vertex -1.484707497060299 1.976444996893406 8.950000000000001
      vertex -0.9262524396181107 1.3753336668014526 8.950000000000001
      vertex -0.8993283286690712 1.4012909457087517 8.950000000000001
    endloop
  endfacet
  facet normal 0 0 1
    outer loop
      vertex -1.414666198194027 2.0355507656931877 8.950000000000001
      vertex -0.8993283286690712 1.4012909457087517 8.950000000000001
      vertex -0.8698400184512138 1.4258763939142227 8.950000000000001
    endloop
  endfacet
  facet normal 0 0 1
    outer loop
      vertex -0.8698400184512138 1.4258763939142227 8.950000000000001
      vertex -0.837787501513958 1.4490899965167046 8.950000000000001
      vertex -1.3397499844431877 2.089928075671196 8.950000000000001
    endloop
  endfacet
  facet normal 0 0 1
    outer loop
      vertex -0.837787501513958 1.4490899965167046 8.950000000000001
      vertex -0.8035864382982254 1.470751240849495 8.950000000000001
      vertex -1.2599588632583618 2.13957691937685 8.950000000000001
    endloop
  endfacet
  facet normal -0.5865621795030381 0.8099041977769011 0
    outer loop
      vertex -0.8698400184512138 1.4258763939142227 8.950000000000001
      vertex -0.8698400184512138 1.4258763939142227 9.4
      vertex -0.837787501513958 1.4490899965167046 8.950000000000001
    endloop
  endfacet
  facet normal -0.5350621471268332 0.8448127003732977 0
    outer loop
      vertex -0.837787501513958 1.4490899965167046 8.950000000000001
      vertex -0.837787501513958 1.4490899965167046 9.4
      vertex -0.8035864382982254 1.470751240849495 8.950000000000001
    endloop
  endfacet
  facet normal -0.48499238803239725 0.8745183723345283 0
    outer loop
      vertex -0.8035864382982254 1.470751240849495 8.950000000000001
      vertex -0.8035864382982254 1.470751240849495 9.4
      vertex -0.7676524668931961 1.4906795844435692 8.950000000000001
    endloop
  endfacet
  facet normal -0.434970896488029 0.9004445120097077 0
    outer loop
      vertex -0.7676524668931961 1.4906795844435692 8.950000000000001
      vertex -0.7676524668931961 1.4906795844435692 9.4
      vertex -0.7299856096506119 1.5088750272989273 8.950000000000001
    endloop
  endfacet
  facet normal -0.3855327132920866 0.9226941676317465 0
    outer loop
      vertex -0.7299856096506119 1.5088750272989273 8.950000000000001
      vertex -0.7299856096506119 1.5088750272989273 9.4
      vertex -0.6905858442187309 1.52533757686615 8.950000000000001
    endloop
  endfacet
  facet normal -0.33713613071540816 0.9414559094117172 0
    outer loop
      vertex -0.6905858442187309 1.52533757686615 8.950000000000001
      vertex -0.6905858442187309 1.52533757686615 9.4
      vertex -0.6494531780481339 1.5400672182440758 8.950000000000001
    endloop
  endfacet
  facet normal -0.2901542993709252 0.9569798757322787 0
    outer loop
      vertex -0.6494531780481339 1.5400672182440758 8.950000000000001
      vertex -0.6494531780481339 1.5400672182440758 9.4
      vertex -0.6065876185894012 1.5530639663338661 8.950000000000001
    endloop
  endfacet
  facet normal -0.24487221188451028 0.9695553619297804 0
    outer loop
      vertex -0.6065876185894012 1.5530639663338661 8.950000000000001
      vertex -0.6065876185894012 1.5530639663338661 9.4
      vertex -0.5619891583919525 1.5643278136849403 8.950000000000001
    endloop
  endfacet
  facet normal -0.9852677490282423 0.17101889581218885 0
    outer loop
      vertex -1.042923592031002 1.1552213579416275 8.950000000000001
      vertex -1.049334093928337 1.1182894110679626 9.4
      vertex -1.042923592031002 1.1552213579416275 9.4
    endloop
  endfacet
  facet normal -0.9695968541665323 0.2447078674468074 0
    outer loop
      vertex -1.033948890864849 1.190781481564045 8.950000000000001
      vertex -1.042923592031002 1.1552213579416275 9.4
      vertex -1.033948890864849 1.190781481564045 9.4
    endloop
  endfacet
  facet normal -0.9474892431122948 0.3197876392021599 0
    outer loop
      vertex -1.0224099829792976 1.2249697670340538 8.950000000000001
      vertex -1.033948890864849 1.190781481564045 9.4
      vertex -1.0224099829792976 1.2249697670340538 9.4
    endloop
  endfacet
  facet normal -0.9187500944469067 0.39483954203422916 0
    outer loop
      vertex -1.0083068758249283 1.257786214351654 8.950000000000001
      vertex -1.0224099829792976 1.2249697670340538 9.4
      vertex -1.0083068758249283 1.257786214351654 9.4
    endloop
  endfacet
  facet normal -0.8835536037622848 0.4683300431092157 0
    outer loop
      vertex -0.991639569401741 1.2892308309674263 8.950000000000001
      vertex -1.0083068758249283 1.257786214351654 9.4
      vertex -0.991639569401741 1.2892308309674263 9.4
    endloop
  endfacet
  facet normal -0.8424630585548215 0.5387541136459708 0
    outer loop
      vertex -0.9724080637097359 1.31930360943079 8.950000000000001
      vertex -0.991639569401741 1.2892308309674263 9.4
      vertex -0.9724080637097359 1.31930360943079 9.4
    endloop
  endfacet
  facet normal -0.7963894886501138 0.6047840791287501 0
    outer loop
      vertex -0.9506123512983322 1.3480045571923256 8.950000000000001
      vertex -0.9724080637097359 1.31930360943079 9.4
      vertex -0.9506123512983322 1.3480045571923256 9.4
    endloop
  endfacet
  facet normal -0.7464948538950611 0.6653911880301628 0
    outer loop
      vertex -0.9262524396181107 1.3753336668014526 8.950000000000001
      vertex -0.9506123512983322 1.3480045571923256 9.4
      vertex -0.9262524396181107 1.3753336668014526 9.4
    endloop
  endfacet
  facet normal -0.694062734430622 0.7199145231724998 0
    outer loop
      vertex -0.8993283286690712 1.4012909457087517 8.950000000000001
      vertex -0.9262524396181107 1.3753336668014526 9.4
      vertex -0.8993283286690712 1.4012909457087517 9.4
    endloop
  endfacet
  facet normal -0.6403666345742263 0.7680693805406382 0
    outer loop
      vertex -0.8698400184512138 1.4258763939142227 8.950000000000001
      vertex -0.8993283286690712 1.4012909457087517 9.4
      vertex -0.8698400184512138 1.4258763939142227 9.4
    endloop
  endfacet
  facet normal -0.5865621795030381 0.8099041977769011 0
    outer loop
      vertex -0.837787501513958 1.4490899965167046 8.950000000000001
      vertex -0.8698400184512138 1.4258763939142227 9.4
      vertex -0.837787501513958 1.4490899965167046 9.4
    endloop
  endfacet
  facet normal -0.5350621471268332 0.8448127003732977 0
    outer loop
      vertex -0.8035864382982254 1.470751240849495 8.950000000000001
      vertex -0.837787501513958 1.4490899965167046 9.4
      vertex -0.8035864382982254 1.470751240849495 9.4
    endloop
  endfacet
  facet normal -0.48499238803239725 0.8745183723345283 0
    outer loop
      vertex -0.7676524668931961 1.4906795844435692 8.950000000000001
      vertex -0.8035864382982254 1.470751240849495 9.4
      vertex -0.7676524668931961 1.4906795844435692 9.4
    endloop
  endfacet
  facet normal -0.434970896488029 0.9004445120097077 0
    outer loop
      vertex -0.7299856096506119 1.5088750272989273 8.950000000000001
      vertex -0.7676524668931961 1.4906795844435692 9.4
      vertex -0.7299856096506119 1.5088750272989273 9.4
    endloop
  endfacet
  facet normal -0.3855327132920866 0.9226941676317465 0
    outer loop
      vertex -0.6905858442187309 1.52533757686615 8.950000000000001
      vertex -0.7299856096506119 1.5088750272989273 9.4
      vertex -0.6905858442187309 1.52533757686615 9.4
    endloop
  endfacet
  facet normal -0.33713613071540816 0.9414559094117172 0
    outer loop
      vertex -0.6494531780481339 1.5400672182440758 8.950000000000001
      vertex -0.6905858442187309 1.52533757686615 9.4
      vertex -0.6494531780481339 1.5400672182440758 9.4
    endloop
  endfacet
  facet normal -0.2901542993709252 0.9569798757322787 0
    outer loop
      vertex -0.6065876185894012 1.5530639663338661 8.950000000000001
      vertex -0.6494531780481339 1.5400672182440758 9.4
      vertex -0.6065876185894012 1.5530639663338661 9.4
    endloop
  endfacet
  facet normal -0.24487221188451028 0.9695553619297804 0
    outer loop
      vertex -0.5619891583919525 1.5643278136849403 8.950000000000001
      vertex -0.6065876185894012 1.5530639663338661 9.4
      vertex -0.5619891583919525 1.5643278136849403 9.4
    endloop
  endfacet
  facet normal 0 0 1
    outer loop
      vertex -0.8035864382982254 1.470751240849495 8.950000000000001
      vertex -1.1752928271889687 2.1844973042607307 8.950000000000001
      vertex -1.2599588632583618 2.13957691937685 8.950000000000001
    endloop
  endfacet
  facet normal 0 0 1
    outer loop
      vertex -0.7676524668931961 1.4906795844435692 8.950000000000001
      vertex -1.0857518762350082 2.224689230322838 8.950000000000001
      vertex -1.1752928271889687 2.1844973042607307 8.950000000000001
    endloop
  endfacet
  facet normal 0 0 1
    outer loop
      vertex -0.8035864382982254 1.470751240849495 8.950000000000001
      vertex -0.7676524668931961 1.4906795844435692 8.950000000000001
      vertex -1.1752928271889687 2.1844973042607307 8.950000000000001
    endloop
  endfacet
  facet normal 0 0 1
    outer loop
      vertex -0.7676524668931961 1.4906795844435692 8.950000000000001
      vertex -0.7299856096506119 1.5088750272989273 8.950000000000001
      vertex -1.0857518762350082 2.224689230322838 8.950000000000001
    endloop
  endfacet
  facet normal 0 0 1
    outer loop
      vertex -0.7299856096506119 1.5088750272989273 8.950000000000001
      vertex -0.9913360178470612 2.260152690112591 8.950000000000001
      vertex -1.0857518762350082 2.224689230322838 8.950000000000001
    endloop
  endfacet
  facet normal 0.4095044743859234 -0.912308108841475 0
    outer loop
      vertex -1.1752928271889687 2.1844973042607307 8.950000000000001
      vertex -1.0857518762350082 2.224689230322838 8.950000000000001
      vertex -1.0857518762350082 2.224689230322838 9.4
    endloop
  endfacet
  facet normal 0.3516233327286842 -0.9361415661537378 0
    outer loop
      vertex -1.0857518762350082 2.224689230322838 8.950000000000001
      vertex -0.9913360178470612 2.260152690112591 8.950000000000001
      vertex -0.9913360178470612 2.260152690112591 9.4
    endloop
  endfacet
  facet normal 0 0 1
    outer loop
      vertex -0.7299856096506119 1.5088750272989273 8.950000000000001
      vertex -0.6905858442187309 1.52533757686615 8.950000000000001
      vertex -0.9913360178470612 2.260152690112591 8.950000000000001
    endloop
  endfacet
  facet normal 0 0 1
    outer loop
      vertex -0.6905858442187309 1.52533757686615 8.950000000000001
      vertex -0.6494531780481339 1.5400672182440758 8.950000000000001
      vertex -0.9913360178470612 2.260152690112591 8.950000000000001
    endloop
  endfacet
  facet normal 0 0 1
    outer loop
      vertex -0.6494531780481339 1.5400672182440758 8.950000000000001
      vertex -0.6065876185894012 1.5530639663338661 8.950000000000001
      vertex -0.8920452520251274 2.29088769108057 8.950000000000001
    endloop
  endfacet
  facet normal 0 0 1
    outer loop
      vertex -0.6065876185894012 1.5530639663338661 8.950000000000001
      vertex -0.5619891583919525 1.5643278136849403 8.950000000000001
      vertex -0.7878795713186264 2.316894233226776 8.950000000000001
    endloop
  endfacet
  facet normal 0 0 1
    outer loop
      vertex -0.5619891583919525 1.5643278136849403 8.950000000000001
      vertex -0.5156577974557877 1.5738587602972984 8.950000000000001
      vertex -0.6788389757275581 2.338172309100628 8.950000000000001
    endloop
  endfacet
  facet normal 0 0 1
    outer loop
      vertex -0.6494531780481339 1.5400672182440758 8.950000000000001
      vertex -0.8920452520251274 2.29088769108057 8.950000000000001
      vertex -0.9913360178470612 2.260152690112591 8.950000000000001
    endloop
  endfacet
  facet normal 0 0 1
    outer loop
      vertex -0.6065876185894012 1.5530639663338661 8.950000000000001
      vertex -0.7878795713186264 2.316894233226776 8.950000000000001
      vertex -0.8920452520251274 2.29088769108057 8.950000000000001
    endloop
  endfacet
  facet normal 0 0 1
    outer loop
      vertex -0.5619891583919525 1.5643278136849403 8.950000000000001
      vertex -0.6788389757275581 2.338172309100628 8.950000000000001
      vertex -0.7878795713186264 2.316894233226776 8.950000000000001
    endloop
  endfacet
  facet normal 0 0 1
    outer loop
      vertex -0.4675935357809067 1.5816568061709404 8.950000000000001
      vertex -0.5649234727025032 2.354721926152706 8.950000000000001
      vertex -0.6788389757275581 2.338172309100628 8.950000000000001
    endloop
  endfacet
  facet normal 0.3516233327286842 -0.9361415661537378 0
    outer loop
      vertex -1.0857518762350082 2.224689230322838 8.950000000000001
      vertex -0.9913360178470612 2.260152690112591 9.4
      vertex -1.0857518762350082 2.224689230322838 9.4
    endloop
  endfacet
  facet normal -0.20149344633680938 0.9794898626751148 0
    outer loop
      vertex -0.5619891583919525 1.5643278136849403 8.950000000000001
      vertex -0.5619891583919525 1.5643278136849403 9.4
      vertex -0.5156577974557877 1.5738587602972984 8.950000000000001
    endloop
  endfacet
  facet normal -0.1601480248382713 0.9870930098731326 0
    outer loop
      vertex -0.5156577974557877 1.5738587602972984 8.950000000000001
      vertex -0.5156577974557877 1.5738587602972984 9.4
      vertex -0.4675935357809067 1.5816568061709404 8.950000000000001
    endloop
  endfacet
  facet normal -0.12090353193144834 0.9926642614532374 0
    outer loop
      vertex -0.4675935357809067 1.5816568061709404 8.950000000000001
      vertex -0.4675935357809067 1.5816568061709404 9.4
      vertex -0.41779637336730957 1.5877219513058662 8.950000000000001
    endloop
  endfacet
  facet normal -0.08377677761729292 0.9964845465595854 0
    outer loop
      vertex -0.41779637336730957 1.5877219513058662 8.950000000000001
      vertex -0.41779637336730957 1.5877219513058662 9.4
      vertex -0.36626631766557693 1.5920542031526566 8.950000000000001
    endloop
  endfacet
  facet normal -0.0487440801886997 0.998811300820409 0
    outer loop
      vertex -0.36626631766557693 1.5920542031526566 8.950000000000001
      vertex -0.36626631766557693 1.5920542031526566 9.4
      vertex -0.3130033612251282 1.5946535468101501 8.950000000000001
    endloop
  endfacet
  facet normal -0.0157528727367284 0.9998759158018261 0
    outer loop
      vertex -0.3130033612251282 1.5946535468101501 8.950000000000001
      vertex -0.3130033612251282 1.5946535468101501 9.4
      vertex -0.2580074965953827 1.5955199971795082 8.950000000000001
    endloop
  endfacet
  facet normal 0.01346741862228298 0.9999093102055067 0
    outer loop
      vertex -0.2580074965953827 1.5955199971795082 8.950000000000001
      vertex -0.2580074965953827 1.5955199971795082 9.4
      vertex -0.2084055170416832 1.5948519259691238 8.950000000000001
    endloop
  endfacet
  facet normal 0.04142713319902707 0.9991415278302218 0
    outer loop
      vertex -0.2084055170416832 1.5948519259691238 8.950000000000001
      vertex -0.2084055170416832 1.5948519259691238 9.4
      vertex -0.16006726026535034 1.592847689986229 8.950000000000001
    endloop
  endfacet
  facet normal 0.070781543228878 0.9974918411386322 0
    outer loop
      vertex -0.16006726026535034 1.592847689986229 8.950000000000001
      vertex -0.16006726026535034 1.592847689986229 9.4
      vertex -0.11299273371696472 1.5895073041319847 8.950000000000001
    endloop
  endfacet
  facet normal 0.10155591319692313 0.9948298329336225 0
    outer loop
      vertex -0.11299273371696472 1.5895073041319847 8.950000000000001
      vertex -0.11299273371696472 1.5895073041319847 9.4
      vertex -0.06718193739652634 1.5848307684063911 8.950000000000001
    endloop
  endfacet
  facet normal 0.13376099114470255 0.9910136211213177 0
    outer loop
      vertex -0.06718193739652634 1.5848307684063911 8.950000000000001
      vertex -0.06718193739652634 1.5848307684063911 9.4
      vertex -0.02263486385345459 1.5788180753588676 8.950000000000001
    endloop
  endfacet
  facet normal 0.16738904521999362 0.9858909207109775 0
    outer loop
      vertex -0.02263486385345459 1.5788180753588676 8.950000000000001
      vertex -0.02263486385345459 1.5788180753588676 9.4
      vertex 0.020648479461669922 1.5714692324399948 8.950000000000001
    endloop
  endfacet
  facet normal -0.20149344633680938 0.9794898626751148 0
    outer loop
      vertex -0.5156577974557877 1.5738587602972984 8.950000000000001
      vertex -0.5619891583919525 1.5643278136849403 9.4
      vertex -0.5156577974557877 1.5738587602972984 9.4
    endloop
  endfacet
  facet normal -0.1601480248382713 0.9870930098731326 0
    outer loop
      vertex -0.4675935357809067 1.5816568061709404 8.950000000000001
      vertex -0.5156577974557877 1.5738587602972984 9.4
      vertex -0.4675935357809067 1.5816568061709404 9.4
    endloop
  endfacet
  facet normal -0.12090353193144834 0.9926642614532374 0
    outer loop
      vertex -0.41779637336730957 1.5877219513058662 8.950000000000001
      vertex -0.4675935357809067 1.5816568061709404 9.4
      vertex -0.41779637336730957 1.5877219513058662 9.4
    endloop
  endfacet
  facet normal -0.08377677761729292 0.9964845465595854 0
    outer loop
      vertex -0.36626631766557693 1.5920542031526566 8.950000000000001
      vertex -0.41779637336730957 1.5877219513058662 9.4
      vertex -0.36626631766557693 1.5920542031526566 9.4
    endloop
  endfacet
  facet normal -0.0487440801886997 0.998811300820409 0
    outer loop
      vertex -0.3130033612251282 1.5946535468101501 8.950000000000001
      vertex -0.36626631766557693 1.5920542031526566 9.4
      vertex -0.3130033612251282 1.5946535468101501 9.4
    endloop
  endfacet
  facet normal -0.0157528727367284 0.9998759158018261 0
    outer loop
      vertex -0.2580074965953827 1.5955199971795082 8.950000000000001
      vertex -0.3130033612251282 1.5946535468101501 9.4
      vertex -0.2580074965953827 1.5955199971795082 9.4
    endloop
  endfacet
  facet normal 0.01346741862228298 0.9999093102055067 0
    outer loop
      vertex -0.2084055170416832 1.5948519259691238 8.950000000000001
      vertex -0.2580074965953827 1.5955199971795082 9.4
      vertex -0.2084055170416832 1.5948519259691238 9.4
    endloop
  endfacet
  facet normal 0.04142713319902707 0.9991415278302218 0
    outer loop
      vertex -0.16006726026535034 1.592847689986229 8.950000000000001
      vertex -0.2084055170416832 1.5948519259691238 9.4
      vertex -0.16006726026535034 1.592847689986229 9.4
    endloop
  endfacet
  facet normal 0.070781543228878 0.9974918411386322 0
    outer loop
      vertex -0.11299273371696472 1.5895073041319847 8.950000000000001
      vertex -0.16006726026535034 1.592847689986229 9.4
      vertex -0.11299273371696472 1.5895073041319847 9.4
    endloop
  endfacet
  facet normal 0.10155591319692313 0.9948298329336225 0
    outer loop
      vertex -0.06718193739652634 1.5848307684063911 8.950000000000001
      vertex -0.11299273371696472 1.5895073041319847 9.4
      vertex -0.06718193739652634 1.5848307684063911 9.4
    endloop
  endfacet
  facet normal 0.13376099114470255 0.9910136211213177 0
    outer loop
      vertex -0.02263486385345459 1.5788180753588676 8.950000000000001
      vertex -0.06718193739652634 1.5848307684063911 9.4
      vertex -0.02263486385345459 1.5788180753588676 9.4
    endloop
  endfacet
  facet normal 0 0 1
    outer loop
      vertex -0.5156577974557877 1.5738587602972984 8.950000000000001
      vertex -0.4675935357809067 1.5816568061709404 8.950000000000001
      vertex -0.6788389757275581 2.338172309100628 8.950000000000001
    endloop
  endfacet
  facet normal 0 0 1
    outer loop
      vertex -0.4675935357809067 1.5816568061709404 8.950000000000001
      vertex -0.41779637336730957 1.5877219513058662 8.950000000000001
      vertex -0.5649234727025032 2.354721926152706 8.950000000000001
    endloop
  endfacet
  facet normal 0 0 1
    outer loop
      vertex -0.41779637336730957 1.5877219513058662 8.950000000000001
      vertex -0.36626631766557693 1.5920542031526566 8.950000000000001
      vertex -0.4461330622434616 2.3665430769324303 8.950000000000001
    endloop
  endfacet
  facet normal 0 0 1
    outer loop
      vertex -0.36626631766557693 1.5920542031526566 8.950000000000001
      vertex -0.3130033612251282 1.5946535468101501 8.950000000000001
      vertex -0.4461330622434616 2.3665430769324303 8.950000000000001
    endloop
  endfacet
  facet normal 0 0 1
    outer loop
      vertex -0.3130033612251282 1.5946535468101501 8.950000000000001
      vertex -0.2580074965953827 1.5955199971795082 8.950000000000001
      vertex -0.32246773689985275 2.373635768890381 8.950000000000001
    endloop
  endfacet
  facet normal 0 0 1
    outer loop
      vertex -0.41779637336730957 1.5877219513058662 8.950000000000001
      vertex -0.4461330622434616 2.3665430769324303 8.950000000000001
      vertex -0.5649234727025032 2.354721926152706 8.950000000000001
    endloop
  endfacet
  facet normal 0 0 1
    outer loop
      vertex -0.3130033612251282 1.5946535468101501 8.950000000000001
      vertex -0.32246773689985275 2.373635768890381 8.950000000000001
      vertex -0.4461330622434616 2.3665430769324303 8.950000000000001
    endloop
  endfacet
  facet normal 0 0 1
    outer loop
      vertex -0.2580074965953827 1.5955199971795082 8.950000000000001
      vertex -0.2084055170416832 1.5948519259691238 8.950000000000001
      vertex -0.19392749667167664 2.376000002026558 8.950000000000001
    endloop
  endfacet
  facet normal 0 0 1
    outer loop
      vertex -0.2084055170416832 1.5948519259691238 8.950000000000001
      vertex -0.16006726026535034 1.592847689986229 8.950000000000001
      vertex -0.19392749667167664 2.376000002026558 8.950000000000001
    endloop
  endfacet
  facet normal 0 0 1
    outer loop
      vertex -0.16006726026535034 1.592847689986229 8.950000000000001
      vertex -0.11299273371696472 1.5895073041319847 8.950000000000001
      vertex -0.08577306568622589 2.3737720996141434 8.950000000000001
    endloop
  endfacet
  facet normal 0 0 1
    outer loop
      vertex -0.11299273371696472 1.5895073041319847 8.950000000000001
      vertex -0.06718193739652634 1.5848307684063911 8.950000000000001
      vertex 0.01990717649459839 2.3670883998274803 8.950000000000001
    endloop
  endfacet
  facet normal 0 0 1
    outer loop
      vertex -0.06718193739652634 1.5848307684063911 8.950000000000001
      vertex -0.02263486385345459 1.5788180753588676 8.950000000000001
      vertex 0.01990717649459839 2.3670883998274803 8.950000000000001
    endloop
  endfacet
  facet normal 0 0 1
    outer loop
      vertex -0.2580074965953827 1.5955199971795082 8.950000000000001
      vertex -0.19392749667167664 2.376000002026558 8.950000000000001
      vertex -0.32246773689985275 2.373635768890381 8.950000000000001
    endloop
  endfacet
  facet normal 0 0 1
    outer loop
      vertex -0.16006726026535034 1.592847689986229 8.950000000000001
      vertex -0.08577306568622589 2.3737720996141434 8.950000000000001
      vertex -0.19392749667167664 2.376000002026558 8.950000000000001
    endloop
  endfacet
  facet normal 0 0 1
    outer loop
      vertex -0.11299273371696472 1.5895073041319847 8.950000000000001
      vertex 0.01990717649459839 2.3670883998274803 8.950000000000001
      vertex -0.08577306568622589 2.3737720996141434 8.950000000000001
    endloop
  endfacet
  facet normal 0.29570255980476234 -0.955280061618011 0
    outer loop
      vertex -0.9913360178470612 2.260152690112591 8.950000000000001
      vertex -0.8920452520251274 2.29088769108057 8.950000000000001
      vertex -0.8920452520251274 2.29088769108057 9.4
    endloop
  endfacet
  facet normal 0.2422298618525934 -0.9702188897495624 0
    outer loop
      vertex -0.8920452520251274 2.29088769108057 8.950000000000001
      vertex -0.7878795713186264 2.316894233226776 8.950000000000001
      vertex -0.7878795713186264 2.316894233226776 9.4
    endloop
  endfacet
  facet normal 0.1915265056488686 -0.9814874414040834 0
    outer loop
      vertex -0.7878795713186264 2.316894233226776 8.950000000000001
      vertex -0.6788389757275581 2.338172309100628 8.950000000000001
      vertex -0.6788389757275581 2.338172309100628 9.4
    endloop
  endfacet
  facet normal 0.14377045864369412 -0.9896110626005461 0
    outer loop
      vertex -0.6788389757275581 2.338172309100628 8.950000000000001
      vertex -0.5649234727025032 2.354721926152706 8.950000000000001
      vertex -0.5649234727025032 2.354721926152706 9.4
    endloop
  endfacet
  facet normal 0.29570255980476234 -0.955280061618011 0
    outer loop
      vertex -0.9913360178470612 2.260152690112591 8.950000000000001
      vertex -0.8920452520251274 2.29088769108057 9.4
      vertex -0.9913360178470612 2.260152690112591 9.4
    endloop
  endfacet
  facet normal 0.2422298618525934 -0.9702188897495624 0
    outer loop
      vertex -0.8920452520251274 2.29088769108057 8.950000000000001
      vertex -0.7878795713186264 2.316894233226776 9.4
      vertex -0.8920452520251274 2.29088769108057 9.4
    endloop
  endfacet
  facet normal 0.1915265056488686 -0.9814874414040834 0
    outer loop
      vertex -0.7878795713186264 2.316894233226776 8.950000000000001
      vertex -0.6788389757275581 2.338172309100628 9.4
      vertex -0.7878795713186264 2.316894233226776 9.4
    endloop
  endfacet
  facet normal 0.14377045864369412 -0.9896110626005461 0
    outer loop
      vertex -0.6788389757275581 2.338172309100628 8.950000000000001
      vertex -0.5649234727025032 2.354721926152706 9.4
      vertex -0.6788389757275581 2.338172309100628 9.4
    endloop
  endfacet
  facet normal 0.09902357283259129 -0.9950850878309194 0
    outer loop
      vertex -0.5649234727025032 2.354721926152706 8.950000000000001
      vertex -0.4461330622434616 2.3665430769324303 8.950000000000001
      vertex -0.4461330622434616 2.3665430769324303 9.4
    endloop
  endfacet
  facet normal 0.05725982631769845 -0.9983593102135457 0
    outer loop
      vertex -0.4461330622434616 2.3665430769324303 8.950000000000001
      vertex -0.32246773689985275 2.373635768890381 8.950000000000001
      vertex -0.32246773689985275 2.373635768890381 9.4
    endloop
  endfacet
  facet normal 0.018389831254615366 -0.9998308927545831 0
    outer loop
      vertex -0.32246773689985275 2.373635768890381 8.950000000000001
      vertex -0.19392749667167664 2.376000002026558 8.950000000000001
      vertex -0.19392749667167664 2.376000002026558 9.4
    endloop
  endfacet
  facet normal -0.020594901749545775 -0.9997879025182924 0
    outer loop
      vertex -0.19392749667167664 2.376000002026558 8.950000000000001
      vertex -0.08577306568622589 2.3737720996141434 8.950000000000001
      vertex -0.08577306568622589 2.3737720996141434 9.4
    endloop
  endfacet
  facet normal -0.06311844710297579 -0.9980060428851666 0
    outer loop
      vertex -0.08577306568622589 2.3737720996141434 8.950000000000001
      vertex 0.01990717649459839 2.3670883998274803 8.950000000000001
      vertex 0.01990717649459839 2.3670883998274803 9.4
    endloop
  endfacet
  facet normal 0.09902357283259129 -0.9950850878309194 0
    outer loop
      vertex -0.5649234727025032 2.354721926152706 8.950000000000001
      vertex -0.4461330622434616 2.3665430769324303 9.4
      vertex -0.5649234727025032 2.354721926152706 9.4
    endloop
  endfacet
  facet normal 0.05725982631769845 -0.9983593102135457 0
    outer loop
      vertex -0.4461330622434616 2.3665430769324303 8.950000000000001
      vertex -0.32246773689985275 2.373635768890381 9.4
      vertex -0.4461330622434616 2.3665430769324303 9.4
    endloop
  endfacet
  facet normal 0.018389831254615366 -0.9998308927545831 0
    outer loop
      vertex -0.32246773689985275 2.373635768890381 8.950000000000001
      vertex -0.19392749667167664 2.376000002026558 9.4
      vertex -0.32246773689985275 2.373635768890381 9.4
    endloop
  endfacet
  facet normal -0.020594901749545775 -0.9997879025182924 0
    outer loop
      vertex -0.19392749667167664 2.376000002026558 8.950000000000001
      vertex -0.08577306568622589 2.3737720996141434 9.4
      vertex -0.19392749667167664 2.376000002026558 9.4
    endloop
  endfacet
  facet normal -0.06311844710297579 -0.9980060428851666 0
    outer loop
      vertex -0.08577306568622589 2.3737720996141434 8.950000000000001
      vertex 0.01990717649459839 2.3670883998274803 9.4
      vertex -0.08577306568622589 2.3737720996141434 9.4
    endloop
  endfacet
  facet normal -0.05751614623307536 0.9983445762473473 0
    outer loop
      vertex 0.01855531334877014 -2.3649502396583557 8.950000000000001
      vertex 0.01855531334877014 -2.3649502396583557 9.4
      vertex 0.14403874427080154 -2.357720948755741 8.950000000000001
    endloop
  endfacet
  facet normal -0.09918513595967178 0.9950689970070725 0
    outer loop
      vertex 0.14403874427080154 -2.357720948755741 8.950000000000001
      vertex 0.14403874427080154 -2.357720948755741 9.4
      vertex 0.2649177983403206 -2.345672130584717 8.950000000000001
    endloop
  endfacet
  facet normal -0.1435703185293173 0.9896401182436929 0
    outer loop
      vertex 0.2649177983403206 -2.345672130584717 8.950000000000001
      vertex 0.2649177983403206 -2.345672130584717 9.4
      vertex 0.3811924681067467 -2.3288037851452827 8.950000000000001
    endloop
  endfacet
  facet normal -0.1906510813469126 0.9816578656442645 0
    outer loop
      vertex 0.3811924681067467 -2.3288037851452827 8.950000000000001
      vertex 0.3811924681067467 -2.3288037851452827 9.4
      vertex 0.492862768471241 -2.3071159198880196 8.950000000000001
    endloop
  endfacet
  facet normal -0.24032427477464083 0.970692661429993 0
    outer loop
      vertex 0.492862768471241 -2.3071159198880196 8.950000000000001
      vertex 0.492862768471241 -2.3071159198880196 9.4
      vertex 0.5999286845326424 -2.280608519911766 8.950000000000001
    endloop
  endfacet
  facet normal -0.05751614623307536 0.9983445762473473 0
    outer loop
      vertex 0.14403874427080154 -2.357720948755741 8.950000000000001
      vertex 0.01855531334877014 -2.3649502396583557 9.4
      vertex 0.14403874427080154 -2.357720948755741 9.4
    endloop
  endfacet
  facet normal -0.09918513595967178 0.9950689970070725 0
    outer loop
      vertex 0.2649177983403206 -2.345672130584717 8.950000000000001
      vertex 0.14403874427080154 -2.357720948755741 9.4
      vertex 0.2649177983403206 -2.345672130584717 9.4
    endloop
  endfacet
  facet normal -0.1435703185293173 0.9896401182436929 0
    outer loop
      vertex 0.3811924681067467 -2.3288037851452827 8.950000000000001
      vertex 0.2649177983403206 -2.345672130584717 9.4
      vertex 0.3811924681067467 -2.3288037851452827 9.4
    endloop
  endfacet
  facet normal -0.1906510813469126 0.9816578656442645 0
    outer loop
      vertex 0.492862768471241 -2.3071159198880196 8.950000000000001
      vertex 0.3811924681067467 -2.3288037851452827 9.4
      vertex 0.492862768471241 -2.3071159198880196 9.4
    endloop
  endfacet
  facet normal -0.24032427477464083 0.970692661429993 0
    outer loop
      vertex 0.5999286845326424 -2.280608519911766 8.950000000000001
      vertex 0.492862768471241 -2.3071159198880196 9.4
      vertex 0.5999286845326424 -2.280608519911766 9.4
    endloop
  endfacet
  facet normal -0.2923826607117629 0.956301406312419 0
    outer loop
      vertex 0.5999286845326424 -2.280608519911766 8.950000000000001
      vertex 0.5999286845326424 -2.280608519911766 9.4
      vertex 0.7023902237415314 -2.2492816001176834 8.950000000000001
    endloop
  endfacet
  facet normal 0 0 1
    outer loop
      vertex 0.01855531334877014 -2.3649502396583557 8.950000000000001
      vertex 0.14403874427080154 -2.357720948755741 8.950000000000001
      vertex -0.0013008713722229004 -1.5973809733986855 8.950000000000001
    endloop
  endfacet
  facet normal 0 0 1
    outer loop
      vertex 0.08920185267925262 -1.5904493778944016 8.950000000000001
      vertex 0.14403874427080154 -2.357720948755741 8.950000000000001
      vertex 0.2649177983403206 -2.345672130584717 8.950000000000001
    endloop
  endfacet
  facet normal 0 0 1
    outer loop
      vertex 0.2649177983403206 -2.345672130584717 8.950000000000001
      vertex 0.3811924681067467 -2.3288037851452827 8.950000000000001
      vertex 0.17378054559230804 -1.5800519809126854 8.950000000000001
    endloop
  endfacet
  facet normal 0 0 1
    outer loop
      vertex -0.0013008713722229004 -1.5973809733986855 8.950000000000001
      vertex 0.14403874427080154 -2.357720948755741 8.950000000000001
      vertex 0.04469098895788193 -1.5943484008312225 8.950000000000001
    endloop
  endfacet
  facet normal 0 0 1
    outer loop
      vertex 0.04469098895788193 -1.5943484008312225 8.950000000000001
      vertex 0.14403874427080154 -2.357720948755741 8.950000000000001
      vertex 0.08920185267925262 -1.5904493778944016 8.950000000000001
    endloop
  endfacet
  facet normal 0 0 1
    outer loop
      vertex 0.08920185267925262 -1.5904493778944016 8.950000000000001
      vertex 0.2649177983403206 -2.345672130584717 8.950000000000001
      vertex 0.132231704890728 -1.5856839045882225 8.950000000000001
    endloop
  endfacet
  facet normal 0 0 1
    outer loop
      vertex 0.132231704890728 -1.5856839045882225 8.950000000000001
      vertex 0.2649177983403206 -2.345672130584717 8.950000000000001
      vertex 0.17378054559230804 -1.5800519809126854 8.950000000000001
    endloop
  endfacet
  facet normal 0 0 1
    outer loop
      vertex 0.3811924681067467 -2.3288037851452827 8.950000000000001
      vertex 0.21384838968515396 -1.5735536068677902 8.950000000000001
      vertex 0.17378054559230804 -1.5800519809126854 8.950000000000001
    endloop
  endfacet
  facet normal 0 0 1
    outer loop
      vertex 0.3811924681067467 -2.3288037851452827 8.950000000000001
      vertex 0.25243522226810455 -1.5661887899041176 8.950000000000001
      vertex 0.21384838968515396 -1.5735536068677902 8.950000000000001
    endloop
  endfacet
  facet normal 0 0 1
    outer loop
      vertex 0.3811924681067467 -2.3288037851452827 8.950000000000001
      vertex 0.492862768471241 -2.3071159198880196 8.950000000000001
      vertex 0.25243522226810455 -1.5661887899041176 8.950000000000001
    endloop
  endfacet
  facet normal 0 0 1
    outer loop
      vertex 0.492862768471241 -2.3071159198880196 8.950000000000001
      vertex 0.5999286845326424 -2.280608519911766 8.950000000000001
      vertex 0.32516587525606155 -1.548859789967537 8.950000000000001
    endloop
  endfacet
  facet normal 0 0 1
    outer loop
      vertex 0.5999286845326424 -2.280608519911766 8.950000000000001
      vertex 0.7023902237415314 -2.2492816001176834 8.950000000000001
      vertex 0.39197249710559845 -1.5280650034546852 8.950000000000001
    endloop
  endfacet
  facet normal 0 0 1
    outer loop
      vertex 0.492862768471241 -2.3071159198880196 8.950000000000001
      vertex 0.2895410507917404 -1.5579575151205063 8.950000000000001
      vertex 0.25243522226810455 -1.5661887899041176 8.950000000000001
    endloop
  endfacet
  facet normal 0 0 1
    outer loop
      vertex 0.492862768471241 -2.3071159198880196 8.950000000000001
      vertex 0.32516587525606155 -1.548859789967537 8.950000000000001
      vertex 0.2895410507917404 -1.5579575151205063 8.950000000000001
    endloop
  endfacet
  facet normal 0 0 1
    outer loop
      vertex 0.5999286845326424 -2.280608519911766 8.950000000000001
      vertex 0.35930968821048737 -1.53889562189579 8.950000000000001
      vertex 0.32516587525606155 -1.548859789967537 8.950000000000001
    endloop
  endfacet
  facet normal 0 0 1
    outer loop
      vertex 0.5999286845326424 -2.280608519911766 8.950000000000001
      vertex 0.39197249710559845 -1.5280650034546852 8.950000000000001
      vertex 0.35930968821048737 -1.53889562189579 8.950000000000001
    endloop
  endfacet
  facet normal 0 0 1
    outer loop
      vertex 0.7023902237415314 -2.2492816001176834 8.950000000000001
      vertex 0.4502062276005745 -1.5050532221794128 8.950000000000001
      vertex 0.39197249710559845 -1.5280650034546852 8.950000000000001
    endloop
  endfacet
  facet normal 0.06579428605812863 -0.9978332084682796 0
    outer loop
      vertex -0.0013008713722229004 -1.5973809733986855 8.950000000000001
      vertex 0.04469098895788193 -1.5943484008312225 8.950000000000001
      vertex 0.04469098895788193 -1.5943484008312225 9.4
    endloop
  endfacet
  facet normal 0.08726295242549335 -0.9961853126471932 0
    outer loop
      vertex 0.04469098895788193 -1.5943484008312225 8.950000000000001
      vertex 0.08920185267925262 -1.5904493778944016 8.950000000000001
      vertex 0.08920185267925262 -1.5904493778944016 9.4
    endloop
  endfacet
  facet normal 0.11007508944171888 -0.9939232740430208 0
    outer loop
      vertex 0.08920185267925262 -1.5904493778944016 8.950000000000001
      vertex 0.132231704890728 -1.5856839045882225 8.950000000000001
      vertex 0.132231704890728 -1.5856839045882225 9.4
    endloop
  endfacet
  facet normal 0.134321109622384 -0.9909378585510857 0
    outer loop
      vertex 0.132231704890728 -1.5856839045882225 8.950000000000001
      vertex 0.17378054559230804 -1.5800519809126854 8.950000000000001
      vertex 0.17378054559230804 -1.5800519809126854 9.4
    endloop
  endfacet
  facet normal 0.16009242205554097 -0.9871020293771007 0
    outer loop
      vertex 0.17378054559230804 -1.5800519809126854 8.950000000000001
      vertex 0.21384838968515396 -1.5735536068677902 8.950000000000001
      vertex 0.21384838968515396 -1.5735536068677902 9.4
    endloop
  endfacet
  facet normal 0.1874791936579863 -0.9822685742429873 0
    outer loop
      vertex 0.21384838968515396 -1.5735536068677902 8.950000000000001
      vertex 0.25243522226810455 -1.5661887899041176 8.950000000000001
      vertex 0.25243522226810455 -1.5661887899041176 9.4
    endloop
  endfacet
  facet normal 0.2165677759527952 -0.9762675854594682 0
    outer loop
      vertex 0.25243522226810455 -1.5661887899041176 8.950000000000001
      vertex 0.2895410507917404 -1.5579575151205063 8.950000000000001
      vertex 0.2895410507917404 -1.5579575151205063 9.4
    endloop
  endfacet
  facet normal 0.24743495665854606 -0.9689045062457824 0
    outer loop
      vertex 0.2895410507917404 -1.5579575151205063 8.950000000000001
      vertex 0.32516587525606155 -1.548859789967537 8.950000000000001
      vertex 0.32516587525606155 -1.548859789967537 9.4
    endloop
  endfacet
  facet normal 0.2801439568370257 -0.9599580008769628 0
    outer loop
      vertex 0.32516587525606155 -1.548859789967537 8.950000000000001
      vertex 0.35930968821048737 -1.53889562189579 8.950000000000001
      vertex 0.35930968821048737 -1.53889562189579 9.4
    endloop
  endfacet
  facet normal 0.31473700617823874 -0.9491789172447728 0
    outer loop
      vertex 0.35930968821048737 -1.53889562189579 8.950000000000001
      vertex 0.39197249710559845 -1.5280650034546852 8.950000000000001
      vertex 0.39197249710559845 -1.5280650034546852 9.4
    endloop
  endfacet
  facet normal 0.3675089398614133 -0.9300199885604289 0
    outer loop
      vertex 0.39197249710559845 -1.5280650034546852 8.950000000000001
      vertex 0.4502062276005745 -1.5050532221794128 8.950000000000001
      vertex 0.4502062276005745 -1.5050532221794128 9.4
    endloop
  endfacet
  facet normal 0.43473824007281403 -0.9005568625125192 0
    outer loop
      vertex 0.4502062276005745 -1.5050532221794128 8.950000000000001
      vertex 0.503781259059906 -1.479190208017826 8.950000000000001
      vertex 0.503781259059906 -1.479190208017826 9.4
    endloop
  endfacet
  facet normal 0.5062333708798568 -0.8623965295660793 0
    outer loop
      vertex 0.503781259059906 -1.479190208017826 8.950000000000001
      vertex 0.552697591483593 -1.4504759460687637 8.950000000000001
      vertex 0.552697591483593 -1.4504759460687637 9.4
    endloop
  endfacet
  facet normal 0.06579428605812863 -0.9978332084682796 0
    outer loop
      vertex -0.0013008713722229004 -1.5973809733986855 8.950000000000001
      vertex 0.04469098895788193 -1.5943484008312225 9.4
      vertex -0.0013008713722229004 -1.5973809733986855 9.4
    endloop
  endfacet
  facet normal 0.08726295242549335 -0.9961853126471932 0
    outer loop
      vertex 0.04469098895788193 -1.5943484008312225 8.950000000000001
      vertex 0.08920185267925262 -1.5904493778944016 9.4
      vertex 0.04469098895788193 -1.5943484008312225 9.4
    endloop
  endfacet
  facet normal 0.11007508944171888 -0.9939232740430208 0
    outer loop
      vertex 0.08920185267925262 -1.5904493778944016 8.950000000000001
      vertex 0.132231704890728 -1.5856839045882225 9.4
      vertex 0.08920185267925262 -1.5904493778944016 9.4
    endloop
  endfacet
  facet normal 0.134321109622384 -0.9909378585510857 0
    outer loop
      vertex 0.132231704890728 -1.5856839045882225 8.950000000000001
      vertex 0.17378054559230804 -1.5800519809126854 9.4
      vertex 0.132231704890728 -1.5856839045882225 9.4
    endloop
  endfacet
  facet normal 0.16009242205554097 -0.9871020293771007 0
    outer loop
      vertex 0.17378054559230804 -1.5800519809126854 8.950000000000001
      vertex 0.21384838968515396 -1.5735536068677902 9.4
      vertex 0.17378054559230804 -1.5800519809126854 9.4
    endloop
  endfacet
  facet normal 0.1874791936579863 -0.9822685742429873 0
    outer loop
      vertex 0.21384838968515396 -1.5735536068677902 8.950000000000001
      vertex 0.25243522226810455 -1.5661887899041176 9.4
      vertex 0.21384838968515396 -1.5735536068677902 9.4
    endloop
  endfacet
  facet normal 0.2165677759527952 -0.9762675854594682 0
    outer loop
      vertex 0.25243522226810455 -1.5661887899041176 8.950000000000001
      vertex 0.2895410507917404 -1.5579575151205063 9.4
      vertex 0.25243522226810455 -1.5661887899041176 9.4
    endloop
  endfacet
  facet normal 0.24743495665854606 -0.9689045062457824 0
    outer loop
      vertex 0.2895410507917404 -1.5579575151205063 8.950000000000001
      vertex 0.32516587525606155 -1.548859789967537 9.4
      vertex 0.2895410507917404 -1.5579575151205063 9.4
    endloop
  endfacet
  facet normal 0.2801439568370257 -0.9599580008769628 0
    outer loop
      vertex 0.32516587525606155 -1.548859789967537 8.950000000000001
      vertex 0.35930968821048737 -1.53889562189579 9.4
      vertex 0.32516587525606155 -1.548859789967537 9.4
    endloop
  endfacet
  facet normal 0.31473700617823874 -0.9491789172447728 0
    outer loop
      vertex 0.35930968821048737 -1.53889562189579 8.950000000000001
      vertex 0.39197249710559845 -1.5280650034546852 9.4
      vertex 0.35930968821048737 -1.53889562189579 9.4
    endloop
  endfacet
  facet normal 0.3675089398614133 -0.9300199885604289 0
    outer loop
      vertex 0.39197249710559845 -1.5280650034546852 8.950000000000001
      vertex 0.4502062276005745 -1.5050532221794128 9.4
      vertex 0.39197249710559845 -1.5280650034546852 9.4
    endloop
  endfacet
  facet normal 0.43473824007281403 -0.9005568625125192 0
    outer loop
      vertex 0.4502062276005745 -1.5050532221794128 8.950000000000001
      vertex 0.503781259059906 -1.479190208017826 9.4
      vertex 0.4502062276005745 -1.5050532221794128 9.4
    endloop
  endfacet
  facet normal 0.5062333708798568 -0.8623965295660793 0
    outer loop
      vertex 0.503781259059906 -1.479190208017826 8.950000000000001
      vertex 0.552697591483593 -1.4504759460687637 9.4
      vertex 0.503781259059906 -1.479190208017826 9.4
    endloop
  endfacet
  facet normal 0 0 1
    outer loop
      vertex 0.7023902237415314 -2.2492816001176834 8.950000000000001
      vertex 0.8002473786473274 -2.2131351456046104 8.950000000000001
      vertex 0.4502062276005745 -1.5050532221794128 8.950000000000001
    endloop
  endfacet
  facet normal -0.3464970907893046 0.9380510466251549 0
    outer loop
      vertex 0.7023902237415314 -2.2492816001176834 8.950000000000001
      vertex 0.7023902237415314 -2.2492816001176834 9.4
      vertex 0.8002473786473274 -2.2131351456046104 8.950000000000001
    endloop
  endfacet
  facet normal -0.4022018209947431 0.9155510336341237 0
    outer loop
      vertex 0.8002473786473274 -2.2131351456046104 8.950000000000001
      vertex 0.8002473786473274 -2.2131351456046104 9.4
      vertex 0.8935001641511917 -2.1721691712737083 8.950000000000001
    endloop
  endfacet
  facet normal 0 0 1
    outer loop
      vertex 0.8002473786473274 -2.2131351456046104 8.950000000000001
      vertex 0.503781259059906 -1.479190208017826 8.950000000000001
      vertex 0.4502062276005745 -1.5050532221794128 8.950000000000001
    endloop
  endfacet
  facet normal 0 0 1
    outer loop
      vertex 0.8935001641511917 -2.1721691712737083 8.950000000000001
      vertex 0.552697591483593 -1.4504759460687637 8.950000000000001
      vertex 0.503781259059906 -1.479190208017826 8.950000000000001
    endloop
  endfacet
  facet normal 0 0 1
    outer loop
      vertex 0.8002473786473274 -2.2131351456046104 8.950000000000001
      vertex 0.8935001641511917 -2.1721691712737083 8.950000000000001
      vertex 0.503781259059906 -1.479190208017826 8.950000000000001
    endloop
  endfacet
  facet normal 0 0 1
    outer loop
      vertex 0.8935001641511917 -2.1721691712737083 8.950000000000001
      vertex 0.982148565351963 -2.1263836696743965 8.950000000000001
      vertex 0.552697591483593 -1.4504759460687637 8.950000000000001
    endloop
  endfacet
  facet normal -0.4588921094894314 0.8884919987531344 0
    outer loop
      vertex 0.8935001641511917 -2.1721691712737083 8.950000000000001
      vertex 0.8935001641511917 -2.1721691712737083 9.4
      vertex 0.982148565351963 -2.1263836696743965 8.950000000000001
    endloop
  endfacet
  facet normal -0.5158338596170339 0.8566886419654426 0
    outer loop
      vertex 0.982148565351963 -2.1263836696743965 8.950000000000001
      vertex 0.982148565351963 -2.1263836696743965 9.4
      vertex 1.066192589700222 -2.075778640806675 8.950000000000001
    endloop
  endfacet
  facet normal -0.5721923329812704 0.8201194632963242 0
    outer loop
      vertex 1.066192589700222 -2.075778640806675 8.950000000000001
      vertex 1.066192589700222 -2.075778640806675 9.4
      vertex 1.1456322371959686 -2.0203540846705437 8.950000000000001
    endloop
  endfacet
  facet normal 0 0 1
    outer loop
      vertex 0.982148565351963 -2.1263836696743965 8.950000000000001
      vertex 1.066192589700222 -2.075778640806675 8.950000000000001
      vertex 0.552697591483593 -1.4504759460687637 8.950000000000001
    endloop
  endfacet
  facet normal 0 0 1
    outer loop
      vertex 1.066192589700222 -2.075778640806675 8.950000000000001
      vertex 1.1456322371959686 -2.0203540846705437 8.950000000000001
      vertex 0.5969552248716354 -1.4189104437828064 8.950000000000001
    endloop
  endfacet
  facet normal 0 0 1
    outer loop
      vertex 1.1456322371959686 -2.0203540846705437 8.950000000000001
      vertex 1.2204675003886223 -1.9601100012660027 8.950000000000001
      vertex 0.6365541592240334 -1.384493701159954 8.950000000000001
    endloop
  endfacet
  facet normal 0 0 1
    outer loop
      vertex 1.2204675003886223 -1.9601100012660027 8.950000000000001
      vertex 1.2902108430862427 -1.8962129279971123 8.950000000000001
      vertex 0.6714943945407867 -1.3472257107496262 8.950000000000001
    endloop
  endfacet
  facet normal -0.2923826607117629 0.956301406312419 0
    outer loop
      vertex 0.7023902237415314 -2.2492816001176834 8.950000000000001
      vertex 0.5999286845326424 -2.280608519911766 9.4
      vertex 0.7023902237415314 -2.2492816001176834 9.4
    endloop
  endfacet
  facet normal -0.3464970907893046 0.9380510466251549 0
    outer loop
      vertex 0.8002473786473274 -2.2131351456046104 8.950000000000001
      vertex 0.7023902237415314 -2.2492816001176834 9.4
      vertex 0.8002473786473274 -2.2131351456046104 9.4
    endloop
  endfacet
  facet normal -0.4022018209947431 0.9155510336341237 0
    outer loop
      vertex 0.8935001641511917 -2.1721691712737083 8.950000000000001
      vertex 0.8002473786473274 -2.2131351456046104 9.4
      vertex 0.8935001641511917 -2.1721691712737083 9.4
    endloop
  endfacet
  facet normal -0.4588921094894314 0.8884919987531344 0
    outer loop
      vertex 0.982148565351963 -2.1263836696743965 8.950000000000001
      vertex 0.8935001641511917 -2.1721691712737083 9.4
      vertex 0.982148565351963 -2.1263836696743965 9.4
    endloop
  endfacet
  facet normal -0.5158338596170339 0.8566886419654426 0
    outer loop
      vertex 1.066192589700222 -2.075778640806675 8.950000000000001
      vertex 0.982148565351963 -2.1263836696743965 9.4
      vertex 1.066192589700222 -2.075778640806675 9.4
    endloop
  endfacet
  facet normal -0.5721923329812704 0.8201194632963242 0
    outer loop
      vertex 1.1456322371959686 -2.0203540846705437 8.950000000000001
      vertex 1.066192589700222 -2.075778640806675 9.4
      vertex 1.1456322371959686 -2.0203540846705437 9.4
    endloop
  endfacet
  facet normal 0 0 1
    outer loop
      vertex 1.066192589700222 -2.075778640806675 8.950000000000001
      vertex 0.5969552248716354 -1.4189104437828064 8.950000000000001
      vertex 0.552697591483593 -1.4504759460687637 8.950000000000001
    endloop
  endfacet
  facet normal 0 0 1
    outer loop
      vertex 1.1456322371959686 -2.0203540846705437 8.950000000000001
      vertex 0.6365541592240334 -1.384493701159954 8.950000000000001
      vertex 0.5969552248716354 -1.4189104437828064 8.950000000000001
    endloop
  endfacet
  facet normal 0 0 1
    outer loop
      vertex 1.2204675003886223 -1.9601100012660027 8.950000000000001
      vertex 0.6714943945407867 -1.3472257107496262 8.950000000000001
      vertex 0.6365541592240334 -1.384493701159954 8.950000000000001
    endloop
  endfacet
  facet normal 0.5806644175956632 -0.8141430059506065 0
    outer loop
      vertex 0.552697591483593 -1.4504759460687637 8.950000000000001
      vertex 0.5969552248716354 -1.4189104437828064 8.950000000000001
      vertex 0.5969552248716354 -1.4189104437828064 9.4
    endloop
  endfacet
  facet normal 0.6559929556462974 -0.7547670118271166 0
    outer loop
      vertex 0.5969552248716354 -1.4189104437828064 8.950000000000001
      vertex 0.6365541592240334 -1.384493701159954 8.950000000000001
      vertex 0.6365541592240334 -1.384493701159954 9.4
    endloop
  endfacet
  facet normal 0.7295226088160839 -0.6839566968940176 0
    outer loop
      vertex 0.6365541592240334 -1.384493701159954 8.950000000000001
      vertex 0.6714943945407867 -1.3472257107496262 8.950000000000001
      vertex 0.6714943945407867 -1.3472257107496262 9.4
    endloop
  endfacet
  facet normal 0.7981616798692798 -0.6024433025507457 0
    outer loop
      vertex 0.6714943945407867 -1.3472257107496262 8.950000000000001
      vertex 0.7017759308218956 -1.3071064800024033 8.950000000000001
      vertex 0.7017759308218956 -1.3071064800024033 9.4
    endloop
  endfacet
  facet normal 0.8588956884968877 -0.5121505601690358 0
    outer loop
      vertex 0.7017759308218956 -1.3071064800024033 8.950000000000001
      vertex 0.7273987755179405 -1.2641360089182854 8.950000000000001
      vertex 0.7273987755179405 -1.2641360089182854 9.4
    endloop
  endfacet
  facet normal 0.9093463642885806 -0.4160398896201423 0
    outer loop
      vertex 0.7273987755179405 -1.2641360089182854 8.950000000000001
      vertex 0.7483629137277603 -1.218314290046692 8.950000000000001
      vertex 0.7483629137277603 -1.218314290046692 9.4
    endloop
  endfacet
  facet normal 0.9482080967465426 -0.3176498154639781 0
    outer loop
      vertex 0.7483629137277603 -1.218314290046692 8.950000000000001
      vertex 0.7646683603525162 -1.1696413308382034 8.950000000000001
      vertex 0.7646683603525162 -1.1696413308382034 9.4
    endloop
  endfacet
  facet normal 0.9753911793163943 -0.22048139901536692 0
    outer loop
      vertex 0.7646683603525162 -1.1696413308382034 8.950000000000001
      vertex 0.7763151004910469 -1.11811713129282 8.950000000000001
      vertex 0.7763151004910469 -1.11811713129282 9.4
    endloop
  endfacet
  facet normal 0 0 1
    outer loop
      vertex 1.354374721646309 -1.8298432528972626 8.950000000000001
      vertex 0.7017759308218956 -1.3071064800024033 8.950000000000001
      vertex 0.6714943945407867 -1.3472257107496262 8.950000000000001
    endloop
  endfacet
  facet normal 0 0 1
    outer loop
      vertex 0.7017759308218956 -1.3071064800024033 8.950000000000001
      vertex 1.4129591286182404 -1.7610009759664536 8.950000000000001
      vertex 0.7273987755179405 -1.2641360089182854 8.950000000000001
    endloop
  endfacet
  facet normal 0 0 1
    outer loop
      vertex 1.2902108430862427 -1.8962129279971123 8.950000000000001
      vertex 1.354374721646309 -1.8298432528972626 8.950000000000001
      vertex 0.6714943945407867 -1.3472257107496262 8.950000000000001
    endloop
  endfacet
  facet normal 0 0 1
    outer loop
      vertex 0.7273987755179405 -1.2641360089182854 8.950000000000001
      vertex 1.5133895426988602 -1.615898609161377 8.950000000000001
      vertex 0.7483629137277603 -1.218314290046692 8.950000000000001
    endloop
  endfacet
  facet normal 0 0 1
    outer loop
      vertex 0.7483629137277603 -1.218314290046692 8.950000000000001
      vertex 1.5915020853281021 -1.4609058275818825 8.950000000000001
      vertex 0.7646683603525162 -1.1696413308382034 8.950000000000001
    endloop
  endfacet
  facet normal 0 0 1
    outer loop
      vertex 1.6221891567111015 -1.3797005340456963 8.950000000000001
      vertex 0.7763151004910469 -1.11811713129282 8.950000000000001
      vertex 0.7646683603525162 -1.1696413308382034 8.950000000000001
    endloop
  endfacet
  facet normal 0.5806644175956632 -0.8141430059506065 0
    outer loop
      vertex 0.552697591483593 -1.4504759460687637 8.950000000000001
      vertex 0.5969552248716354 -1.4189104437828064 9.4
      vertex 0.552697591483593 -1.4504759460687637 9.4
    endloop
  endfacet
  facet normal 0.6559929556462974 -0.7547670118271166 0
    outer loop
      vertex 0.5969552248716354 -1.4189104437828064 8.950000000000001
      vertex 0.6365541592240334 -1.384493701159954 9.4
      vertex 0.5969552248716354 -1.4189104437828064 9.4
    endloop
  endfacet
  facet normal 0.7295226088160839 -0.6839566968940176 0
    outer loop
      vertex 0.6365541592240334 -1.384493701159954 8.950000000000001
      vertex 0.6714943945407867 -1.3472257107496262 9.4
      vertex 0.6365541592240334 -1.384493701159954 9.4
    endloop
  endfacet
  facet normal 0.7981616798692798 -0.6024433025507457 0
    outer loop
      vertex 0.6714943945407867 -1.3472257107496262 8.950000000000001
      vertex 0.7017759308218956 -1.3071064800024033 9.4
      vertex 0.6714943945407867 -1.3472257107496262 9.4
    endloop
  endfacet
  facet normal 0.8588956884968877 -0.5121505601690358 0
    outer loop
      vertex 0.7017759308218956 -1.3071064800024033 8.950000000000001
      vertex 0.7273987755179405 -1.2641360089182854 9.4
      vertex 0.7017759308218956 -1.3071064800024033 9.4
    endloop
  endfacet
  facet normal 0.9093463642885806 -0.4160398896201423 0
    outer loop
      vertex 0.7273987755179405 -1.2641360089182854 8.950000000000001
      vertex 0.7483629137277603 -1.218314290046692 9.4
      vertex 0.7273987755179405 -1.2641360089182854 9.4
    endloop
  endfacet
  facet normal 0.9482080967465426 -0.3176498154639781 0
    outer loop
      vertex 0.7483629137277603 -1.218314290046692 8.950000000000001
      vertex 0.7646683603525162 -1.1696413308382034 9.4
      vertex 0.7483629137277603 -1.218314290046692 9.4
    endloop
  endfacet
  facet normal 0.9753911793163943 -0.22048139901536692 0
    outer loop
      vertex 0.7646683603525162 -1.1696413308382034 8.950000000000001
      vertex 0.7763151004910469 -1.11811713129282 9.4
      vertex 0.7646683603525162 -1.1696413308382034 9.4
    endloop
  endfacet
  facet normal 0.3728183171521331 0.9279043605867209 0
    outer loop
      vertex 0.4071505442261696 -0.574425533413887 8.950000000000001
      vertex 0.4071505442261696 -0.574425533413887 9.4
      vertex 0.4490591287612915 -0.5912637859582901 8.950000000000001
    endloop
  endfacet
  facet normal 0.4004440267443702 0.9163212217583713 0
    outer loop
      vertex 0.4883316159248352 -0.6084263622760773 8.950000000000001
      vertex 0.4490591287612915 -0.5912637859582901 8.950000000000001
      vertex 0.4490591287612915 -0.5912637859582901 9.4
    endloop
  endfacet
  facet normal 0.4307565299434319 0.9024681777830691 0
    outer loop
      vertex 0.4883316159248352 -0.6084263622760773 8.950000000000001
      vertex 0.4883316159248352 -0.6084263622760773 9.4
      vertex 0.5249680057168007 -0.6259132549166679 8.950000000000001
    endloop
  endfacet
  facet normal 0.4640383139782846 0.8858151292229044 0
    outer loop
      vertex 0.558968298137188 -0.6437244638800621 8.950000000000001
      vertex 0.5249680057168007 -0.6259132549166679 8.950000000000001
      vertex 0.5249680057168007 -0.6259132549166679 9.4
    endloop
  endfacet
  facet normal 0.3476088123024629 0.9376396501906642 0
    outer loop
      vertex 0.4071505442261696 -0.574425533413887 8.950000000000001
      vertex 0.36260586977005005 -0.5579115971922874 9.4
      vertex 0.4071505442261696 -0.574425533413887 9.4
    endloop
  endfacet
  facet normal 0.3728183171521331 0.9279043605867209 0
    outer loop
      vertex 0.4490591287612915 -0.5912637859582901 8.950000000000001
      vertex 0.4071505442261696 -0.574425533413887 9.4
      vertex 0.4490591287612915 -0.5912637859582901 9.4
    endloop
  endfacet
  facet normal 0.4004440267443702 0.9163212217583713 0
    outer loop
      vertex 0.4883316159248352 -0.6084263622760773 8.950000000000001
      vertex 0.4490591287612915 -0.5912637859582901 9.4
      vertex 0.4883316159248352 -0.6084263622760773 9.4
    endloop
  endfacet
  facet normal 0.4640383139782846 0.8858151292229044 0
    outer loop
      vertex 0.558968298137188 -0.6437244638800621 8.950000000000001
      vertex 0.5249680057168007 -0.6259132549166679 9.4
      vertex 0.558968298137188 -0.6437244638800621 9.4
    endloop
  endfacet
  facet normal 0.4307565299434319 0.9024681777830691 0
    outer loop
      vertex 0.5249680057168007 -0.6259132549166679 8.950000000000001
      vertex 0.4883316159248352 -0.6084263622760773 9.4
      vertex 0.5249680057168007 -0.6259132549166679 9.4
    endloop
  endfacet
  facet normal 0.23461101848891555 0.9720893323165283 0
    outer loop
      vertex 0.03997983783483505 -0.4656386971473694 8.950000000000001
      vertex 0.03997983783483505 -0.4656386971473694 9.4
      vertex 0.1003410816192627 -0.4802067130804062 8.950000000000001
    endloop
  endfacet
  facet normal 0.24980768352303037 0.9682954720811502 0
    outer loop
      vertex 0.1003410816192627 -0.4802067130804062 8.950000000000001
      vertex 0.1003410816192627 -0.4802067130804062 9.4
      vertex 0.15806622803211212 -0.4950990527868271 8.950000000000001
    endloop
  endfacet
  facet normal 0.2662488944712809 0.9639043138158583 0
    outer loop
      vertex 0.15806622803211212 -0.4950990527868271 8.950000000000001
      vertex 0.15806622803211212 -0.4950990527868271 9.4
      vertex 0.21315528452396393 -0.5103157088160515 8.950000000000001
    endloop
  endfacet
  facet normal 0.28407765060694523 0.9588012768168587 0
    outer loop
      vertex 0.2656082361936569 -0.52585668861866 8.950000000000001
      vertex 0.21315528452396393 -0.5103157088160515 8.950000000000001
      vertex 0.21315528452396393 -0.5103157088160515 9.4
    endloop
  endfacet
  facet normal 0.3034550414270883 0.952845757629473 0
    outer loop
      vertex 0.2656082361936569 -0.52585668861866 8.950000000000001
      vertex 0.2656082361936569 -0.52585668861866 9.4
      vertex 0.3154251053929329 -0.541721984744072 8.950000000000001
    endloop
  endfacet
  facet normal 0 0 1
    outer loop
      vertex -0.023017503321170807 -0.4513949975371361 8.950000000000001
      vertex 0.03997983783483505 -0.4656386971473694 8.950000000000001
      vertex 0.5201324969530106 0.30811499804258347 8.950000000000001
    endloop
  endfacet
  facet normal 0 0 1
    outer loop
      vertex 0.03997983783483505 -0.4656386971473694 8.950000000000001
      vertex 0.1003410816192627 -0.4802067130804062 8.950000000000001
      vertex 0.5201324969530106 0.30811499804258347 8.950000000000001
    endloop
  endfacet
  facet normal 0 0 1
    outer loop
      vertex 0.1003410816192627 -0.4802067130804062 8.950000000000001
      vertex 0.15806622803211212 -0.4950990527868271 8.950000000000001
      vertex 0.5201324969530106 0.30811499804258347 8.950000000000001
    endloop
  endfacet
  facet normal 0 0 1
    outer loop
      vertex 0.36260586977005005 -0.5579115971922874 8.950000000000001
      vertex 0.4071505442261696 -0.574425533413887 8.950000000000001
      vertex 0.671017237007618 0.26861511915922165 8.950000000000001
    endloop
  endfacet
  facet normal 0 0 1
    outer loop
      vertex 0.4071505442261696 -0.574425533413887 8.950000000000001
      vertex 0.4490591287612915 -0.5912637859582901 8.950000000000001
      vertex 0.7420173808932304 0.2474033460021019 8.950000000000001
    endloop
  endfacet
  facet normal 0.32456380524783146 0.9458638043201822 0
    outer loop
      vertex 0.3154251053929329 -0.541721984744072 8.950000000000001
      vertex 0.3154251053929329 -0.541721984744072 9.4
      vertex 0.36260586977005005 -0.5579115971922874 8.950000000000001
    endloop
  endfacet
  facet normal 0.3476088123024629 0.9376396501906642 0
    outer loop
      vertex 0.36260586977005005 -0.5579115971922874 8.950000000000001
      vertex 0.36260586977005005 -0.5579115971922874 9.4
      vertex 0.4071505442261696 -0.574425533413887 8.950000000000001
    endloop
  endfacet
  facet normal 0 0 1
    outer loop
      vertex 0.15806622803211212 -0.4950990527868271 8.950000000000001
      vertex 0.21315528452396393 -0.5103157088160515 8.950000000000001
      vertex 0.5201324969530106 0.30811499804258347 8.950000000000001
    endloop
  endfacet
  facet normal 0 0 1
    outer loop
      vertex 0.2656082361936569 -0.52585668861866 8.950000000000001
      vertex 0.5201324969530106 0.30811499804258347 8.950000000000001
      vertex 0.21315528452396393 -0.5103157088160515 8.950000000000001
    endloop
  endfacet
  facet normal 0 0 1
    outer loop
      vertex 0.2656082361936569 -0.52585668861866 8.950000000000001
      vertex 0.3154251053929329 -0.541721984744072 8.950000000000001
      vertex 0.5201324969530106 0.30811499804258347 8.950000000000001
    endloop
  endfacet
  facet normal 0 0 1
    outer loop
      vertex 0.3154251053929329 -0.541721984744072 8.950000000000001
      vertex 0.36260586977005005 -0.5579115971922874 8.950000000000001
      vertex 0.5970556065440178 0.288852334022522 8.950000000000001
    endloop
  endfacet
  facet normal 0 0 1
    outer loop
      vertex 0.36260586977005005 -0.5579115971922874 8.950000000000001
      vertex 0.671017237007618 0.26861511915922165 8.950000000000001
      vertex 0.5970556065440178 0.288852334022522 8.950000000000001
    endloop
  endfacet
  facet normal 0.2205333044975236 0.9753794449379188 0
    outer loop
      vertex 0.03997983783483505 -0.4656386971473694 8.950000000000001
      vertex -0.023017503321170807 -0.4513949975371361 9.4
      vertex 0.03997983783483505 -0.4656386971473694 9.4
    endloop
  endfacet
  facet normal 0.23461101848891555 0.9720893323165283 0
    outer loop
      vertex 0.1003410816192627 -0.4802067130804062 8.950000000000001
      vertex 0.03997983783483505 -0.4656386971473694 9.4
      vertex 0.1003410816192627 -0.4802067130804062 9.4
    endloop
  endfacet
  facet normal 0.24980768352303037 0.9682954720811502 0
    outer loop
      vertex 0.15806622803211212 -0.4950990527868271 8.950000000000001
      vertex 0.1003410816192627 -0.4802067130804062 9.4
      vertex 0.15806622803211212 -0.4950990527868271 9.4
    endloop
  endfacet
  facet normal 0.2662488944712809 0.9639043138158583 0
    outer loop
      vertex 0.21315528452396393 -0.5103157088160515 8.950000000000001
      vertex 0.15806622803211212 -0.4950990527868271 9.4
      vertex 0.21315528452396393 -0.5103157088160515 9.4
    endloop
  endfacet
  facet normal 0.28407765060694523 0.9588012768168587 0
    outer loop
      vertex 0.2656082361936569 -0.52585668861866 8.950000000000001
      vertex 0.21315528452396393 -0.5103157088160515 9.4
      vertex 0.2656082361936569 -0.52585668861866 9.4
    endloop
  endfacet
  facet normal 0.3034550414270883 0.952845757629473 0
    outer loop
      vertex 0.3154251053929329 -0.541721984744072 8.950000000000001
      vertex 0.2656082361936569 -0.52585668861866 9.4
      vertex 0.3154251053929329 -0.541721984744072 9.4
    endloop
  endfacet
  facet normal 0.32456380524783146 0.9458638043201822 0
    outer loop
      vertex 0.36260586977005005 -0.5579115971922874 8.950000000000001
      vertex 0.3154251053929329 -0.541721984744072 9.4
      vertex 0.36260586977005005 -0.5579115971922874 9.4
    endloop
  endfacet
  facet normal 0.9918428804945876 -0.12746646779525653 0
    outer loop
      vertex 0.7763151004910469 -1.11811713129282 8.950000000000001
      vertex 0.7833031490445137 -1.063741683959961 8.950000000000001
      vertex 0.7833031490445137 -1.063741683959961 9.4
    endloop
  endfacet
  facet normal 0.9991726241190536 -0.04067022511671658 0
    outer loop
      vertex 0.7833031490445137 -1.063741683959961 8.950000000000001
      vertex 0.785632498562336 -1.006514996290207 8.950000000000001
      vertex 0.785632498562336 -1.006514996290207 9.4
    endloop
  endfacet
  facet normal 0.9833604363632237 0.18166522010426273 0
    outer loop
      vertex 0.7810100167989731 -0.9403868317604065 8.950000000000001
      vertex 0.7752319052815437 -0.9091097041964531 8.950000000000001
      vertex 0.7752319052815437 -0.9091097041964531 9.4
    endloop
  endfacet
  facet normal 0.9657017865398546 0.2596537299438102 0
    outer loop
      vertex 0.7752319052815437 -0.9091097041964531 8.950000000000001
      vertex 0.7671425566077232 -0.8790238723158836 8.950000000000001
      vertex 0.7671425566077232 -0.8790238723158836 9.4
    endloop
  endfacet
  facet normal 0.9409023740944767 0.338677903653866 0
    outer loop
      vertex 0.7671425566077232 -0.8790238723158836 8.950000000000001
      vertex 0.7567419707775116 -0.8501293510198593 8.950000000000001
      vertex 0.7567419707775116 -0.8501293510198593 9.4
    endloop
  endfacet
  facet normal 0.9994111604860215 0.03431227617025188 0
    outer loop
      vertex 0.785632498562336 -1.006514996290207 8.950000000000001
      vertex 0.7844768762588501 -0.972855269908905 8.950000000000001
      vertex 0.7844768762588501 -0.972855269908905 9.4
    endloop
  endfacet
  facet normal 0.994347698152199 0.10617276100499154 0
    outer loop
      vertex 0.7844768762588501 -0.972855269908905 8.950000000000001
      vertex 0.7810100167989731 -0.9403868317604065 8.950000000000001
      vertex 0.7810100167989731 -0.9403868317604065 9.4
    endloop
  endfacet
  facet normal 0.6673603165974875 0.744734991678853 0
    outer loop
      vertex 0.6700703725218773 -0.7235262393951416 8.950000000000001
      vertex 0.6458023190498352 -0.7017795294523239 8.950000000000001
      vertex 0.6458023190498352 -0.7017795294523239 9.4
    endloop
  endfacet
  facet normal 0.775476760755706 0.6313761109891928 0
    outer loop
      vertex 0.692027173936367 -0.7464642599225044 8.950000000000001
      vertex 0.692027173936367 -0.7464642599225044 9.4
      vertex 0.7116727381944656 -0.7705935835838318 8.950000000000001
    endloop
  endfacet
  facet normal 0.7223887579784739 0.6914871526979499 0
    outer loop
      vertex 0.692027173936367 -0.7464642599225044 8.950000000000001
      vertex 0.6700703725218773 -0.7235262393951416 8.950000000000001
      vertex 0.6700703725218773 -0.7235262393951416 9.4
    endloop
  endfacet
  facet normal 0.5005671437078842 0.8656977155105184 0
    outer loop
      vertex 0.558968298137188 -0.6437244638800621 8.950000000000001
      vertex 0.558968298137188 -0.6437244638800621 9.4
      vertex 0.5903325006365776 -0.6618599966168404 8.950000000000001
    endloop
  endfacet
  facet normal 0.5567639139630631 0.8306707796164078 0
    outer loop
      vertex 0.6192230358719826 -0.6812241151928902 8.950000000000001
      vertex 0.5903325006365776 -0.6618599966168404 8.950000000000001
      vertex 0.5903325006365776 -0.6618599966168404 9.4
    endloop
  endfacet
  facet normal 0.611761955204485 0.7910419142905044 0
    outer loop
      vertex 0.6458023190498352 -0.7017795294523239 8.950000000000001
      vertex 0.6192230358719826 -0.6812241151928902 8.950000000000001
      vertex 0.6192230358719826 -0.6812241151928902 9.4
    endloop
  endfacet
  facet normal 0.8251601372412123 0.5648988829056609 0
    outer loop
      vertex 0.7290070578455925 -0.7959142029285431 8.950000000000001
      vertex 0.7116727381944656 -0.7705935835838318 8.950000000000001
      vertex 0.7116727381944656 -0.7705935835838318 9.4
    endloop
  endfacet
  facet normal 0.8700270799500293 0.4930039352313787 0
    outer loop
      vertex 0.7440301328897476 -0.8224261254072189 8.950000000000001
      vertex 0.7290070578455925 -0.7959142029285431 8.950000000000001
      vertex 0.7290070578455925 -0.7959142029285431 9.4
    endloop
  endfacet
  facet normal 0.9088842281660625 0.41704851011720534 0
    outer loop
      vertex 0.7440301328897476 -0.8224261254072189 8.950000000000001
      vertex 0.7440301328897476 -0.8224261254072189 9.4
      vertex 0.7567419707775116 -0.8501293510198593 8.950000000000001
    endloop
  endfacet
  facet normal 0 0 1
    outer loop
      vertex 1.6668248996138573 -1.2098721265792847 8.950000000000001
      vertex 0.7833031490445137 -1.063741683959961 8.950000000000001
      vertex 0.7763151004910469 -1.11811713129282 8.950000000000001
    endloop
  endfacet
  facet normal 0 0 1
    outer loop
      vertex 0.7833031490445137 -1.063741683959961 8.950000000000001
      vertex 1.680773563683033 -1.12124902009964 8.950000000000001
      vertex 0.785632498562336 -1.006514996290207 8.950000000000001
    endloop
  endfacet
  facet normal 0 0 1
    outer loop
      vertex 0.785632498562336 -1.006514996290207 8.950000000000001
      vertex 1.691932499408722 -0.9365850016474724 8.950000000000001
      vertex 0.7844768762588501 -0.972855269908905 8.950000000000001
    endloop
  endfacet
  facet normal 0 0 1
    outer loop
      vertex 0.7844768762588501 -0.972855269908905 8.950000000000001
      vertex 1.689549095928669 -0.8457994982600212 8.950000000000001
      vertex 0.7810100167989731 -0.9403868317604065 8.950000000000001
    endloop
  endfacet
  facet normal 0 0 1
    outer loop
      vertex 0.7810100167989731 -0.9403868317604065 8.950000000000001
      vertex 1.6823988929390907 -0.7583722174167633 8.950000000000001
      vertex 0.7752319052815437 -0.9091097041964531 8.950000000000001
    endloop
  endfacet
  facet normal 0 0 1
    outer loop
      vertex 0.7290070578455925 -0.7959142029285431 8.950000000000001
      vertex 1.4988769069314003 -0.24041156470775604 8.950000000000001
      vertex 0.7116727381944656 -0.7705935835838318 8.950000000000001
    endloop
  endfacet
  facet normal 0 0 1
    outer loop
      vertex 0.7671425566077232 -0.8790238723158836 8.950000000000001
      vertex 1.653798058629036 -0.5935923382639885 8.950000000000001
      vertex 0.7567419707775116 -0.8501293510198593 8.950000000000001
    endloop
  endfacet
  facet normal 0 0 1
    outer loop
      vertex 0.7752319052815437 -0.9091097041964531 8.950000000000001
      vertex 1.670481875538826 -0.6743031665682793 8.950000000000001
      vertex 0.7671425566077232 -0.8790238723158836 8.950000000000001
    endloop
  endfacet
  facet normal 0 0 1
    outer loop
      vertex 0.7440301328897476 -0.8224261254072189 8.950000000000001
      vertex 1.5393947511911392 -0.3043312728404999 8.950000000000001
      vertex 0.7290070578455925 -0.7959142029285431 8.950000000000001
    endloop
  endfacet
  facet normal 0 0 1
    outer loop
      vertex 0.7440301328897476 -0.8224261254072189 8.950000000000001
      vertex 0.7567419707775116 -0.8501293510198593 8.950000000000001
      vertex 1.6061300113797188 -0.44224535673856735 8.950000000000001
    endloop
  endfacet
  facet normal 0.9918428804945876 -0.12746646779525653 0
    outer loop
      vertex 0.7763151004910469 -1.11811713129282 8.950000000000001
      vertex 0.7833031490445137 -1.063741683959961 9.4
      vertex 0.7763151004910469 -1.11811713129282 9.4
    endloop
  endfacet
  facet normal 0.9991726241190536 -0.04067022511671658 0
    outer loop
      vertex 0.7833031490445137 -1.063741683959961 8.950000000000001
      vertex 0.785632498562336 -1.006514996290207 9.4
      vertex 0.7833031490445137 -1.063741683959961 9.4
    endloop
  endfacet
  facet normal 0.9994111604860215 0.03431227617025188 0
    outer loop
      vertex 0.785632498562336 -1.006514996290207 8.950000000000001
      vertex 0.7844768762588501 -0.972855269908905 9.4
      vertex 0.785632498562336 -1.006514996290207 9.4
    endloop
  endfacet
  facet normal 0.9657017865398546 0.2596537299438102 0
    outer loop
      vertex 0.7752319052815437 -0.9091097041964531 8.950000000000001
      vertex 0.7671425566077232 -0.8790238723158836 9.4
      vertex 0.7752319052815437 -0.9091097041964531 9.4
    endloop
  endfacet
  facet normal 0.9409023740944767 0.338677903653866 0
    outer loop
      vertex 0.7671425566077232 -0.8790238723158836 8.950000000000001
      vertex 0.7567419707775116 -0.8501293510198593 9.4
      vertex 0.7671425566077232 -0.8790238723158836 9.4
    endloop
  endfacet
  facet normal 0.994347698152199 0.10617276100499154 0
    outer loop
      vertex 0.7844768762588501 -0.972855269908905 8.950000000000001
      vertex 0.7810100167989731 -0.9403868317604065 9.4
      vertex 0.7844768762588501 -0.972855269908905 9.4
    endloop
  endfacet
  facet normal 0.9833604363632237 0.18166522010426273 0
    outer loop
      vertex 0.7810100167989731 -0.9403868317604065 8.950000000000001
      vertex 0.7752319052815437 -0.9091097041964531 9.4
      vertex 0.7810100167989731 -0.9403868317604065 9.4
    endloop
  endfacet
  facet normal 0.6673603165974875 0.744734991678853 0
    outer loop
      vertex 0.6700703725218773 -0.7235262393951416 8.950000000000001
      vertex 0.6458023190498352 -0.7017795294523239 9.4
      vertex 0.6700703725218773 -0.7235262393951416 9.4
    endloop
  endfacet
  facet normal 0.775476760755706 0.6313761109891928 0
    outer loop
      vertex 0.7116727381944656 -0.7705935835838318 8.950000000000001
      vertex 0.692027173936367 -0.7464642599225044 9.4
      vertex 0.7116727381944656 -0.7705935835838318 9.4
    endloop
  endfacet
  facet normal 0.7223887579784739 0.6914871526979499 0
    outer loop
      vertex 0.692027173936367 -0.7464642599225044 8.950000000000001
      vertex 0.6700703725218773 -0.7235262393951416 9.4
      vertex 0.692027173936367 -0.7464642599225044 9.4
    endloop
  endfacet
  facet normal 0.5005671437078842 0.8656977155105184 0
    outer loop
      vertex 0.5903325006365776 -0.6618599966168404 8.950000000000001
      vertex 0.558968298137188 -0.6437244638800621 9.4
      vertex 0.5903325006365776 -0.6618599966168404 9.4
    endloop
  endfacet
  facet normal 0.5567639139630631 0.8306707796164078 0
    outer loop
      vertex 0.6192230358719826 -0.6812241151928902 8.950000000000001
      vertex 0.5903325006365776 -0.6618599966168404 9.4
      vertex 0.6192230358719826 -0.6812241151928902 9.4
    endloop
  endfacet
  facet normal 0.611761955204485 0.7910419142905044 0
    outer loop
      vertex 0.6458023190498352 -0.7017795294523239 8.950000000000001
      vertex 0.6192230358719826 -0.6812241151928902 9.4
      vertex 0.6458023190498352 -0.7017795294523239 9.4
    endloop
  endfacet
  facet normal 0.8700270799500293 0.4930039352313787 0
    outer loop
      vertex 0.7440301328897476 -0.8224261254072189 8.950000000000001
      vertex 0.7290070578455925 -0.7959142029285431 9.4
      vertex 0.7440301328897476 -0.8224261254072189 9.4
    endloop
  endfacet
  facet normal 0.8251601372412123 0.5648988829056609 0
    outer loop
      vertex 0.7290070578455925 -0.7959142029285431 8.950000000000001
      vertex 0.7116727381944656 -0.7705935835838318 9.4
      vertex 0.7290070578455925 -0.7959142029285431 9.4
    endloop
  endfacet
  facet normal 0.9088842281660625 0.41704851011720534 0
    outer loop
      vertex 0.7567419707775116 -0.8501293510198593 8.950000000000001
      vertex 0.7440301328897476 -0.8224261254072189 9.4
      vertex 0.7567419707775116 -0.8501293510198593 9.4
    endloop
  endfacet
  facet normal 0 0 1
    outer loop
      vertex 0.4883316159248352 -0.6084263622760773 8.950000000000001
      vertex 0.8100560531020164 0.22521701455116272 8.950000000000001
      vertex 0.4490591287612915 -0.5912637859582901 8.950000000000001
    endloop
  endfacet
  facet normal 0 0 1
    outer loop
      vertex 0.4883316159248352 -0.6084263622760773 8.950000000000001
      vertex 0.5249680057168007 -0.6259132549166679 8.950000000000001
      vertex 0.8751332387328148 0.2020561248064041 8.950000000000001
    endloop
  endfacet
  facet normal 0 0 1
    outer loop
      vertex 0.558968298137188 -0.6437244638800621 8.950000000000001
      vertex 0.9372489526867867 0.17792067676782608 8.950000000000001
      vertex 0.5249680057168007 -0.6259132549166679 8.950000000000001
    endloop
  endfacet
  facet normal 0 0 1
    outer loop
      vertex 0.6458023190498352 -0.7017795294523239 8.950000000000001
      vertex 1.1560969948768616 0.07163334637880325 8.950000000000001
      vertex 0.6192230358719826 -0.6812241151928902 8.950000000000001
    endloop
  endfacet
  facet normal 0 0 1
    outer loop
      vertex 0.558968298137188 -0.6437244638800621 8.950000000000001
      vertex 0.5903325006365776 -0.6618599966168404 8.950000000000001
      vertex 0.9964031800627708 0.15281067788600922 8.950000000000001
    endloop
  endfacet
  facet normal 0 0 1
    outer loop
      vertex 0.6192230358719826 -0.6812241151928902 8.950000000000001
      vertex 1.052595928311348 0.12672612071037292 8.950000000000001
      vertex 0.5903325006365776 -0.6618599966168404 8.950000000000001
    endloop
  endfacet
  facet normal 0 0 1
    outer loop
      vertex 0.4071505442261696 -0.574425533413887 8.950000000000001
      vertex 0.7420173808932304 0.2474033460021019 8.950000000000001
      vertex 0.671017237007618 0.26861511915922165 8.950000000000001
    endloop
  endfacet
  facet normal 0 0 1
    outer loop
      vertex 0.4490591287612915 -0.5912637859582901 8.950000000000001
      vertex 0.8100560531020164 0.22521701455116272 8.950000000000001
      vertex 0.7420173808932304 0.2474033460021019 8.950000000000001
    endloop
  endfacet
  facet normal 0 0 1
    outer loop
      vertex 0.4883316159248352 -0.6084263622760773 8.950000000000001
      vertex 0.8751332387328148 0.2020561248064041 8.950000000000001
      vertex 0.8100560531020164 0.22521701455116272 8.950000000000001
    endloop
  endfacet
  facet normal 0 0 1
    outer loop
      vertex 0.5249680057168007 -0.6259132549166679 8.950000000000001
      vertex 0.9372489526867867 0.17792067676782608 8.950000000000001
      vertex 0.8751332387328148 0.2020561248064041 8.950000000000001
    endloop
  endfacet
  facet normal 0 0 1
    outer loop
      vertex 0.558968298137188 -0.6437244638800621 8.950000000000001
      vertex 0.9964031800627708 0.15281067788600922 8.950000000000001
      vertex 0.9372489526867867 0.17792067676782608 8.950000000000001
    endloop
  endfacet
  facet normal 0 0 1
    outer loop
      vertex 0.692027173936367 -0.7464642599225044 8.950000000000001
      vertex 1.3487225621938705 -0.06880180537700653 8.950000000000001
      vertex 0.6700703725218773 -0.7235262393951416 8.950000000000001
    endloop
  endfacet
  facet normal 0 0 1
    outer loop
      vertex 0.6700703725218773 -0.7235262393951416 8.950000000000001
      vertex 1.2477521449327469 0.012642338871955872 8.950000000000001
      vertex 0.6458023190498352 -0.7017795294523239 8.950000000000001
    endloop
  endfacet
  facet normal 0 0 1
    outer loop
      vertex 0.692027173936367 -0.7464642599225044 8.950000000000001
      vertex 0.7116727381944656 -0.7705935835838318 8.950000000000001
      vertex 1.403540812432766 -0.12264683097600937 8.950000000000001
    endloop
  endfacet
  facet normal 0 0 1
    outer loop
      vertex 0.6192230358719826 -0.6812241151928902 8.950000000000001
      vertex 1.1058272048830986 0.0996670126914978 8.950000000000001
      vertex 1.052595928311348 0.12672612071037292 8.950000000000001
    endloop
  endfacet
  facet normal 0 0 1
    outer loop
      vertex 0.6192230358719826 -0.6812241151928902 8.950000000000001
      vertex 1.1560969948768616 0.07163334637880325 8.950000000000001
      vertex 1.1058272048830986 0.0996670126914978 8.950000000000001
    endloop
  endfacet
  facet normal 0 0 1
    outer loop
      vertex 0.5903325006365776 -0.6618599966168404 8.950000000000001
      vertex 1.052595928311348 0.12672612071037292 8.950000000000001
      vertex 0.9964031800627708 0.15281067788600922 8.950000000000001
    endloop
  endfacet
  facet normal 0 0 1
    outer loop
      vertex 0.6458023190498352 -0.7017795294523239 8.950000000000001
      vertex 1.2477521449327469 0.012642338871955872 8.950000000000001
      vertex 1.203405313193798 0.042625121772289276 8.950000000000001
    endloop
  endfacet
  facet normal 0 0 1
    outer loop
      vertex 0.6458023190498352 -0.7017795294523239 8.950000000000001
      vertex 1.203405313193798 0.042625121772289276 8.950000000000001
      vertex 1.1560969948768616 0.07163334637880325 8.950000000000001
    endloop
  endfacet
  facet normal 0 0 1
    outer loop
      vertex 0.6700703725218773 -0.7235262393951416 8.950000000000001
      vertex 1.2891374975442886 -0.01831500232219696 8.950000000000001
      vertex 1.2477521449327469 0.012642338871955872 8.950000000000001
    endloop
  endfacet
  facet normal 0 0 1
    outer loop
      vertex 0.6700703725218773 -0.7235262393951416 8.950000000000001
      vertex 1.3487225621938705 -0.06880180537700653 8.950000000000001
      vertex 1.2891374975442886 -0.01831500232219696 8.950000000000001
    endloop
  endfacet
  facet normal -0.6270777678290294 0.7789566567496307 0
    outer loop
      vertex 1.1456322371959686 -2.0203540846705437 8.950000000000001
      vertex 1.1456322371959686 -2.0203540846705437 9.4
      vertex 1.2204675003886223 -1.9601100012660027 8.950000000000001
    endloop
  endfacet
  facet normal -0.6755274169665946 0.7373348689207916 0
    outer loop
      vertex 1.2204675003886223 -1.9601100012660027 8.950000000000001
      vertex 1.2204675003886223 -1.9601100012660027 9.4
      vertex 1.2902108430862427 -1.8962129279971123 8.950000000000001
    endloop
  endfacet
  facet normal -0.7189530489984967 0.6950586402137343 0
    outer loop
      vertex 1.2902108430862427 -1.8962129279971123 8.950000000000001
      vertex 1.2902108430862427 -1.8962129279971123 9.4
      vertex 1.354374721646309 -1.8298432528972626 8.950000000000001
    endloop
  endfacet
  facet normal -0.7615654057216761 0.6480880594548699 0
    outer loop
      vertex 1.354374721646309 -1.8298432528972626 8.950000000000001
      vertex 1.354374721646309 -1.8298432528972626 9.4
      vertex 1.4129591286182404 -1.7610009759664536 8.950000000000001
    endloop
  endfacet
  facet normal -0.8025920297254735 0.5965283177026424 0
    outer loop
      vertex 1.4129591286182404 -1.7610009759664536 8.950000000000001
      vertex 1.4129591286182404 -1.7610009759664536 9.4
      vertex 1.4659640714526176 -1.6896860972046852 8.950000000000001
    endloop
  endfacet
  facet normal -0.6270777678290294 0.7789566567496307 0
    outer loop
      vertex 1.2204675003886223 -1.9601100012660027 8.950000000000001
      vertex 1.1456322371959686 -2.0203540846705437 9.4
      vertex 1.2204675003886223 -1.9601100012660027 9.4
    endloop
  endfacet
  facet normal -0.6755274169665946 0.7373348689207916 0
    outer loop
      vertex 1.2902108430862427 -1.8962129279971123 8.950000000000001
      vertex 1.2204675003886223 -1.9601100012660027 9.4
      vertex 1.2902108430862427 -1.8962129279971123 9.4
    endloop
  endfacet
  facet normal -0.7189530489984967 0.6950586402137343 0
    outer loop
      vertex 1.354374721646309 -1.8298432528972626 8.950000000000001
      vertex 1.2902108430862427 -1.8962129279971123 9.4
      vertex 1.354374721646309 -1.8298432528972626 9.4
    endloop
  endfacet
  facet normal -0.7615654057216761 0.6480880594548699 0
    outer loop
      vertex 1.4129591286182404 -1.7610009759664536 8.950000000000001
      vertex 1.354374721646309 -1.8298432528972626 9.4
      vertex 1.4129591286182404 -1.7610009759664536 9.4
    endloop
  endfacet
  facet normal -0.8025920297254735 0.5965283177026424 0
    outer loop
      vertex 1.4659640714526176 -1.6896860972046852 8.950000000000001
      vertex 1.4129591286182404 -1.7610009759664536 9.4
      vertex 1.4659640714526176 -1.6896860972046852 9.4
    endloop
  endfacet
  facet normal 0 0 1
    outer loop
      vertex 1.354374721646309 -1.8298432528972626 8.950000000000001
      vertex 1.4129591286182404 -1.7610009759664536 8.950000000000001
      vertex 0.7017759308218956 -1.3071064800024033 8.950000000000001
    endloop
  endfacet
  facet normal 0 0 1
    outer loop
      vertex 0.7273987755179405 -1.2641360089182854 8.950000000000001
      vertex 1.4129591286182404 -1.7610009759664536 8.950000000000001
      vertex 1.4659640714526176 -1.6896860972046852 8.950000000000001
    endloop
  endfacet
  facet normal 0 0 1
    outer loop
      vertex 0.7273987755179405 -1.2641360089182854 8.950000000000001
      vertex 1.4659640714526176 -1.6896860972046852 8.950000000000001
      vertex 1.5133895426988602 -1.615898609161377 8.950000000000001
    endloop
  endfacet
  facet normal 0 0 1
    outer loop
      vertex 0.7483629137277603 -1.218314290046692 8.950000000000001
      vertex 1.5133895426988602 -1.615898609161377 8.950000000000001
      vertex 1.5552355498075485 -1.5396385192871094 8.950000000000001
    endloop
  endfacet
  facet normal 0 0 1
    outer loop
      vertex 0.7483629137277603 -1.218314290046692 8.950000000000001
      vertex 1.5552355498075485 -1.5396385192871094 8.950000000000001
      vertex 1.5915020853281021 -1.4609058275818825 8.950000000000001
    endloop
  endfacet
  facet normal 0 0 1
    outer loop
      vertex 1.5915020853281021 -1.4609058275818825 8.950000000000001
      vertex 1.6221891567111015 -1.3797005340456963 8.950000000000001
      vertex 0.7646683603525162 -1.1696413308382034 8.950000000000001
    endloop
  endfacet
  facet normal 0 0 1
    outer loop
      vertex 1.6221891567111015 -1.3797005340456963 8.950000000000001
      vertex 1.6472967639565468 -1.2960226312279701 8.950000000000001
      vertex 0.7763151004910469 -1.11811713129282 8.950000000000001
    endloop
  endfacet
  facet normal 0 0 1
    outer loop
      vertex 1.6472967639565468 -1.2960226312279701 8.950000000000001
      vertex 1.6668248996138573 -1.2098721265792847 8.950000000000001
      vertex 0.7763151004910469 -1.11811713129282 8.950000000000001
    endloop
  endfacet
  facet normal 0 0 1
    outer loop
      vertex 1.6668248996138573 -1.2098721265792847 8.950000000000001
      vertex 1.680773563683033 -1.12124902009964 8.950000000000001
      vertex 0.7833031490445137 -1.063741683959961 8.950000000000001
    endloop
  endfacet
  facet normal -0.841226920923476 0.5406822241516805 0
    outer loop
      vertex 1.4659640714526176 -1.6896860972046852 8.950000000000001
      vertex 1.4659640714526176 -1.6896860972046852 9.4
      vertex 1.5133895426988602 -1.615898609161377 8.950000000000001
    endloop
  endfacet
  facet normal -0.8766865684421985 0.4810620133756586 0
    outer loop
      vertex 1.5133895426988602 -1.615898609161377 8.950000000000001
      vertex 1.5133895426988602 -1.615898609161377 9.4
      vertex 1.5552355498075485 -1.5396385192871094 8.950000000000001
    endloop
  endfacet
  facet normal -0.9082735390840145 0.418376837551745 0
    outer loop
      vertex 1.5552355498075485 -1.5396385192871094 8.950000000000001
      vertex 1.5552355498075485 -1.5396385192871094 9.4
      vertex 1.5915020853281021 -1.4609058275818825 8.950000000000001
    endloop
  endfacet
  facet normal -0.9354358490700815 0.353496495420444 0
    outer loop
      vertex 1.5915020853281021 -1.4609058275818825 8.950000000000001
      vertex 1.5915020853281021 -1.4609058275818825 9.4
      vertex 1.6221891567111015 -1.3797005340456963 8.950000000000001
    endloop
  endfacet
  facet normal -0.9578129378646936 0.2873923730007539 0
    outer loop
      vertex 1.6221891567111015 -1.3797005340456963 8.950000000000001
      vertex 1.6221891567111015 -1.3797005340456963 9.4
      vertex 1.6472967639565468 -1.2960226312279701 8.950000000000001
    endloop
  endfacet
  facet normal -0.9752587503216354 0.22106643779887125 0
    outer loop
      vertex 1.6472967639565468 -1.2960226312279701 8.950000000000001
      vertex 1.6472967639565468 -1.2960226312279701 9.4
      vertex 1.6668248996138573 -1.2098721265792847 8.950000000000001
    endloop
  endfacet
  facet normal -0.9878391887964505 0.15547905671816584 0
    outer loop
      vertex 1.6668248996138573 -1.2098721265792847 8.950000000000001
      vertex 1.6668248996138573 -1.2098721265792847 9.4
      vertex 1.680773563683033 -1.12124902009964 8.950000000000001
    endloop
  endfacet
  facet normal -0.841226920923476 0.5406822241516805 0
    outer loop
      vertex 1.5133895426988602 -1.615898609161377 8.950000000000001
      vertex 1.4659640714526176 -1.6896860972046852 9.4
      vertex 1.5133895426988602 -1.615898609161377 9.4
    endloop
  endfacet
  facet normal -0.8766865684421985 0.4810620133756586 0
    outer loop
      vertex 1.5552355498075485 -1.5396385192871094 8.950000000000001
      vertex 1.5133895426988602 -1.615898609161377 9.4
      vertex 1.5552355498075485 -1.5396385192871094 9.4
    endloop
  endfacet
  facet normal -0.9082735390840145 0.418376837551745 0
    outer loop
      vertex 1.5915020853281021 -1.4609058275818825 8.950000000000001
      vertex 1.5552355498075485 -1.5396385192871094 9.4
      vertex 1.5915020853281021 -1.4609058275818825 9.4
    endloop
  endfacet
  facet normal -0.9354358490700815 0.353496495420444 0
    outer loop
      vertex 1.6221891567111015 -1.3797005340456963 8.950000000000001
      vertex 1.5915020853281021 -1.4609058275818825 9.4
      vertex 1.6221891567111015 -1.3797005340456963 9.4
    endloop
  endfacet
  facet normal -0.9578129378646936 0.2873923730007539 0
    outer loop
      vertex 1.6472967639565468 -1.2960226312279701 8.950000000000001
      vertex 1.6221891567111015 -1.3797005340456963 9.4
      vertex 1.6472967639565468 -1.2960226312279701 9.4
    endloop
  endfacet
  facet normal -0.9752587503216354 0.22106643779887125 0
    outer loop
      vertex 1.6668248996138573 -1.2098721265792847 8.950000000000001
      vertex 1.6472967639565468 -1.2960226312279701 9.4
      vertex 1.6668248996138573 -1.2098721265792847 9.4
    endloop
  endfacet
  facet normal -0.9878391887964505 0.15547905671816584 0
    outer loop
      vertex 1.680773563683033 -1.12124902009964 8.950000000000001
      vertex 1.6668248996138573 -1.2098721265792847 9.4
      vertex 1.680773563683033 -1.12124902009964 9.4
    endloop
  endfacet
  facet normal 0 0 1
    outer loop
      vertex 0.785632498562336 -1.006514996290207 8.950000000000001
      vertex 1.680773563683033 -1.12124902009964 8.950000000000001
      vertex 1.6891427636146545 -1.0301533117890358 8.950000000000001
    endloop
  endfacet
  facet normal 0 0 1
    outer loop
      vertex 0.785632498562336 -1.006514996290207 8.950000000000001
      vertex 1.6891427636146545 -1.0301533117890358 8.950000000000001
      vertex 1.691932499408722 -0.9365850016474724 8.950000000000001
    endloop
  endfacet
  facet normal 0 0 1
    outer loop
      vertex 0.7844768762588501 -0.972855269908905 8.950000000000001
      vertex 1.691932499408722 -0.9365850016474724 8.950000000000001
      vertex 1.689549095928669 -0.8457994982600212 8.950000000000001
    endloop
  endfacet
  facet normal 0 0 1
    outer loop
      vertex 0.7752319052815437 -0.9091097041964531 8.950000000000001
      vertex 1.6823988929390907 -0.7583722174167633 8.950000000000001
      vertex 1.670481875538826 -0.6743031665682793 8.950000000000001
    endloop
  endfacet
  facet normal 0 0 1
    outer loop
      vertex 0.7810100167989731 -0.9403868317604065 8.950000000000001
      vertex 1.689549095928669 -0.8457994982600212 8.950000000000001
      vertex 1.6823988929390907 -0.7583722174167633 8.950000000000001
    endloop
  endfacet
  facet normal 0 0 1
    outer loop
      vertex 0.7671425566077232 -0.8790238723158836 8.950000000000001
      vertex 1.670481875538826 -0.6743031665682793 8.950000000000001
      vertex 1.653798058629036 -0.5935923382639885 8.950000000000001
    endloop
  endfacet
  facet normal 0 0 1
    outer loop
      vertex 0.7567419707775116 -0.8501293510198593 8.950000000000001
      vertex 1.6323474422097206 -0.516239732503891 8.950000000000001
      vertex 1.6061300113797188 -0.44224535673856735 8.950000000000001
    endloop
  endfacet
  facet normal 0 0 1
    outer loop
      vertex 0.7567419707775116 -0.8501293510198593 8.950000000000001
      vertex 1.653798058629036 -0.5935923382639885 8.950000000000001
      vertex 1.6323474422097206 -0.516239732503891 8.950000000000001
    endloop
  endfacet
  facet normal -0.9958062420237538 0.09148731248937853 0
    outer loop
      vertex 1.680773563683033 -1.12124902009964 8.950000000000001
      vertex 1.680773563683033 -1.12124902009964 9.4
      vertex 1.6891427636146545 -1.0301533117890358 8.950000000000001
    endloop
  endfacet
  facet normal -0.9995558300679716 0.02980172104305957 0
    outer loop
      vertex 1.6891427636146545 -1.0301533117890358 8.950000000000001
      vertex 1.6891427636146545 -1.0301533117890358 9.4
      vertex 1.691932499408722 -0.9365850016474724 8.950000000000001
    endloop
  endfacet
  facet normal -0.9996555646591234 -0.026244085925200496 0
    outer loop
      vertex 1.691932499408722 -0.9365850016474724 8.950000000000001
      vertex 1.691932499408722 -0.9365850016474724 9.4
      vertex 1.689549095928669 -0.8457994982600212 8.950000000000001
    endloop
  endfacet
  facet normal -0.996672325791172 -0.0815124223785293 0
    outer loop
      vertex 1.689549095928669 -0.8457994982600212 8.950000000000001
      vertex 1.689549095928669 -0.8457994982600212 9.4
      vertex 1.6823988929390907 -0.7583722174167633 8.950000000000001
    endloop
  endfacet
  facet normal -0.9901020011569955 -0.14034966086497241 0
    outer loop
      vertex 1.6823988929390907 -0.7583722174167633 8.950000000000001
      vertex 1.6823988929390907 -0.7583722174167633 9.4
      vertex 1.670481875538826 -0.6743031665682793 8.950000000000001
    endloop
  endfacet
  facet normal -0.9792964538426793 -0.2024313599498684 0
    outer loop
      vertex 1.670481875538826 -0.6743031665682793 8.950000000000001
      vertex 1.670481875538826 -0.6743031665682793 9.4
      vertex 1.653798058629036 -0.5935923382639885 8.950000000000001
    endloop
  endfacet
  facet normal -0.9636341735534307 -0.26722496058563977 0
    outer loop
      vertex 1.6323474422097206 -0.516239732503891 8.950000000000001
      vertex 1.653798058629036 -0.5935923382639885 8.950000000000001
      vertex 1.653798058629036 -0.5935923382639885 9.4
    endloop
  endfacet
  facet normal -0.9958062420237538 0.09148731248937853 0
    outer loop
      vertex 1.6891427636146545 -1.0301533117890358 8.950000000000001
      vertex 1.680773563683033 -1.12124902009964 9.4
      vertex 1.6891427636146545 -1.0301533117890358 9.4
    endloop
  endfacet
  facet normal -0.9995558300679716 0.02980172104305957 0
    outer loop
      vertex 1.691932499408722 -0.9365850016474724 8.950000000000001
      vertex 1.6891427636146545 -1.0301533117890358 9.4
      vertex 1.691932499408722 -0.9365850016474724 9.4
    endloop
  endfacet
  facet normal -0.9996555646591234 -0.026244085925200496 0
    outer loop
      vertex 1.689549095928669 -0.8457994982600212 8.950000000000001
      vertex 1.691932499408722 -0.9365850016474724 9.4
      vertex 1.689549095928669 -0.8457994982600212 9.4
    endloop
  endfacet
  facet normal -0.996672325791172 -0.0815124223785293 0
    outer loop
      vertex 1.6823988929390907 -0.7583722174167633 8.950000000000001
      vertex 1.689549095928669 -0.8457994982600212 9.4
      vertex 1.6823988929390907 -0.7583722174167633 9.4
    endloop
  endfacet
  facet normal -0.9901020011569955 -0.14034966086497241 0
    outer loop
      vertex 1.670481875538826 -0.6743031665682793 8.950000000000001
      vertex 1.6823988929390907 -0.7583722174167633 9.4
      vertex 1.670481875538826 -0.6743031665682793 9.4
    endloop
  endfacet
  facet normal -0.9792964538426793 -0.2024313599498684 0
    outer loop
      vertex 1.653798058629036 -0.5935923382639885 8.950000000000001
      vertex 1.670481875538826 -0.6743031665682793 9.4
      vertex 1.653798058629036 -0.5935923382639885 9.4
    endloop
  endfacet
  facet normal 0 0 1
    outer loop
      vertex 0.7290070578455925 -0.7959142029285431 8.950000000000001
      vertex 1.5393947511911392 -0.3043312728404999 8.950000000000001
      vertex 1.4988769069314003 -0.24041156470775604 8.950000000000001
    endloop
  endfacet
  facet normal 0 0 1
    outer loop
      vertex 0.7116727381944656 -0.7705935835838318 8.950000000000001
      vertex 1.453592263162136 -0.17985008656978607 8.950000000000001
      vertex 1.403540812432766 -0.12264683097600937 8.950000000000001
    endloop
  endfacet
  facet normal 0 0 1
    outer loop
      vertex 0.692027173936367 -0.7464642599225044 8.950000000000001
      vertex 1.403540812432766 -0.12264683097600937 8.950000000000001
      vertex 1.3487225621938705 -0.06880180537700653 8.950000000000001
    endloop
  endfacet
  facet normal 0 0 1
    outer loop
      vertex 0.7116727381944656 -0.7705935835838318 8.950000000000001
      vertex 1.4988769069314003 -0.24041156470775604 8.950000000000001
      vertex 1.453592263162136 -0.17985008656978607 8.950000000000001
    endloop
  endfacet
  facet normal 0 0 1
    outer loop
      vertex 0.7440301328897476 -0.8224261254072189 8.950000000000001
      vertex 1.5751457810401917 -0.371609203517437 8.950000000000001
      vertex 1.5393947511911392 -0.3043312728404999 8.950000000000001
    endloop
  endfacet
  facet normal 0 0 1
    outer loop
      vertex 0.7440301328897476 -0.8224261254072189 8.950000000000001
      vertex 1.6061300113797188 -0.44224535673856735 8.950000000000001
      vertex 1.5751457810401917 -0.371609203517437 8.950000000000001
    endloop
  endfacet
  facet normal -0.5989881402931906 -0.800757895863728 0
    outer loop
      vertex 1.2891374975442886 -0.01831500232219696 8.950000000000001
      vertex 1.2891374975442886 -0.01831500232219696 9.4
      vertex 1.2477521449327469 0.012642338871955872 8.950000000000001
    endloop
  endfacet
  facet normal -0.6464545145488595 -0.7629525284179864 0
    outer loop
      vertex 1.3487225621938705 -0.06880180537700653 8.950000000000001
      vertex 1.3487225621938705 -0.06880180537700653 9.4
      vertex 1.2891374975442886 -0.01831500232219696 8.950000000000001
    endloop
  endfacet
  facet normal -0.7007455914536533 -0.7134112531059977 0
    outer loop
      vertex 1.403540812432766 -0.12264683097600937 8.950000000000001
      vertex 1.403540812432766 -0.12264683097600937 9.4
      vertex 1.3487225621938705 -0.06880180537700653 8.950000000000001
    endloop
  endfacet
  facet normal -0.8446077959135292 -0.5353855349951944 0
    outer loop
      vertex 1.5393947511911392 -0.3043312728404999 8.950000000000001
      vertex 1.5393947511911392 -0.3043312728404999 9.4
      vertex 1.4988769069314003 -0.24041156470775604 8.950000000000001
    endloop
  endfacet
  facet normal -0.9425827621755553 -0.3339726582364202 0
    outer loop
      vertex 1.6323474422097206 -0.516239732503891 8.950000000000001
      vertex 1.6323474422097206 -0.516239732503891 9.4
      vertex 1.6061300113797188 -0.44224535673856735 8.950000000000001
    endloop
  endfacet
  facet normal -0.9157717011377282 -0.40169913043882916 0
    outer loop
      vertex 1.6061300113797188 -0.44224535673856735 8.950000000000001
      vertex 1.6061300113797188 -0.44224535673856735 9.4
      vertex 1.5751457810401917 -0.371609203517437 8.950000000000001
    endloop
  endfacet
  facet normal -0.883063348779522 -0.4692537927841356 0
    outer loop
      vertex 1.5751457810401917 -0.371609203517437 8.950000000000001
      vertex 1.5751457810401917 -0.371609203517437 9.4
      vertex 1.5393947511911392 -0.3043312728404999 8.950000000000001
    endloop
  endfacet
  facet normal -0.8008653799934745 -0.5988444231416936 0
    outer loop
      vertex 1.453592263162136 -0.17985008656978607 8.950000000000001
      vertex 1.4988769069314003 -0.24041156470775604 8.950000000000001
      vertex 1.4988769069314003 -0.24041156470775604 9.4
    endloop
  endfacet
  facet normal -0.7525858089844222 -0.6584941914058641 0
    outer loop
      vertex 1.453592263162136 -0.17985008656978607 8.950000000000001
      vertex 1.453592263162136 -0.17985008656978607 9.4
      vertex 1.403540812432766 -0.12264683097600937 8.950000000000001
    endloop
  endfacet
  facet normal -0.6464545145488595 -0.7629525284179864 0
    outer loop
      vertex 1.2891374975442886 -0.01831500232219696 8.950000000000001
      vertex 1.3487225621938705 -0.06880180537700653 9.4
      vertex 1.2891374975442886 -0.01831500232219696 9.4
    endloop
  endfacet
  facet normal -0.7007455914536533 -0.7134112531059977 0
    outer loop
      vertex 1.3487225621938705 -0.06880180537700653 8.950000000000001
      vertex 1.403540812432766 -0.12264683097600937 9.4
      vertex 1.3487225621938705 -0.06880180537700653 9.4
    endloop
  endfacet
  facet normal -0.883063348779522 -0.4692537927841356 0
    outer loop
      vertex 1.5393947511911392 -0.3043312728404999 8.950000000000001
      vertex 1.5751457810401917 -0.371609203517437 9.4
      vertex 1.5393947511911392 -0.3043312728404999 9.4
    endloop
  endfacet
  facet normal -0.9425827621755553 -0.3339726582364202 0
    outer loop
      vertex 1.6061300113797188 -0.44224535673856735 8.950000000000001
      vertex 1.6323474422097206 -0.516239732503891 9.4
      vertex 1.6061300113797188 -0.44224535673856735 9.4
    endloop
  endfacet
  facet normal -0.9636341735534307 -0.26722496058563977 0
    outer loop
      vertex 1.6323474422097206 -0.516239732503891 8.950000000000001
      vertex 1.653798058629036 -0.5935923382639885 9.4
      vertex 1.6323474422097206 -0.516239732503891 9.4
    endloop
  endfacet
  facet normal -0.9157717011377282 -0.40169913043882916 0
    outer loop
      vertex 1.5751457810401917 -0.371609203517437 8.950000000000001
      vertex 1.6061300113797188 -0.44224535673856735 9.4
      vertex 1.5751457810401917 -0.371609203517437 9.4
    endloop
  endfacet
  facet normal -0.7525858089844222 -0.6584941914058641 0
    outer loop
      vertex 1.403540812432766 -0.12264683097600937 8.950000000000001
      vertex 1.453592263162136 -0.17985008656978607 9.4
      vertex 1.403540812432766 -0.12264683097600937 9.4
    endloop
  endfacet
  facet normal -0.8008653799934745 -0.5988444231416936 0
    outer loop
      vertex 1.453592263162136 -0.17985008656978607 8.950000000000001
      vertex 1.4988769069314003 -0.24041156470775604 9.4
      vertex 1.453592263162136 -0.17985008656978607 9.4
    endloop
  endfacet
  facet normal -0.8446077959135292 -0.5353855349951944 0
    outer loop
      vertex 1.4988769069314003 -0.24041156470775604 8.950000000000001
      vertex 1.5393947511911392 -0.3043312728404999 9.4
      vertex 1.4988769069314003 -0.24041156470775604 9.4
    endloop
  endfacet
  facet normal 0.9792217231520212 0.20279254647838177 0
    outer loop
      vertex 2.2748507857322693 -0.8087724819779396 8.950000000000001
      vertex 2.2452737987041473 -0.6659544706344604 8.950000000000001
      vertex 2.2452737987041473 -0.6659544706344604 9.4
    endloop
  endfacet
  facet normal 0.9881823191742349 0.15328308475311364 0
    outer loop
      vertex 2.2452737987041473 -0.6659544706344604 8.950000000000001
      vertex 2.222269482910633 -0.5176507085561752 8.950000000000001
      vertex 2.222269482910633 -0.5176507085561752 9.4
    endloop
  endfacet
  facet normal 0.9881823191742349 0.15328308475311364 0
    outer loop
      vertex 2.2452737987041473 -0.6659544706344604 8.950000000000001
      vertex 2.222269482910633 -0.5176507085561752 9.4
      vertex 2.2452737987041473 -0.6659544706344604 9.4
    endloop
  endfacet
  facet normal 0.9943404692737193 0.10624044034415342 0
    outer loop
      vertex 2.222269482910633 -0.5176507085561752 8.950000000000001
      vertex 2.2058378234505653 -0.36386121064424515 8.950000000000001
      vertex 2.2058378234505653 -0.36386121064424515 9.4
    endloop
  endfacet
  facet normal 0.9980897375398535 0.06178086934987371 0
    outer loop
      vertex 2.2058378234505653 -0.36386121064424515 8.950000000000001
      vertex 2.1959788277745247 -0.2045859768986702 8.950000000000001
      vertex 2.1959788277745247 -0.2045859768986702 9.4
    endloop
  endfacet
  facet normal 0.9998011376357471 0.019942045588808 0
    outer loop
      vertex 2.1959788277745247 -0.2045859768986702 8.950000000000001
      vertex 2.1926925033330917 -0.03982499986886978 8.950000000000001
      vertex 2.1926925033330917 -0.03982499986886978 9.4
    endloop
  endfacet
  facet normal 0.9943404692737193 0.10624044034415342 0
    outer loop
      vertex 2.222269482910633 -0.5176507085561752 8.950000000000001
      vertex 2.2058378234505653 -0.36386121064424515 9.4
      vertex 2.222269482910633 -0.5176507085561752 9.4
    endloop
  endfacet
  facet normal 0.9980897375398535 0.06178086934987371 0
    outer loop
      vertex 2.2058378234505653 -0.36386121064424515 8.950000000000001
      vertex 2.1959788277745247 -0.2045859768986702 9.4
      vertex 2.2058378234505653 -0.36386121064424515 9.4
    endloop
  endfacet
  facet normal 0.9998011376357471 0.019942045588808 0
    outer loop
      vertex 2.1959788277745247 -0.2045859768986702 8.950000000000001
      vertex 2.1926925033330917 -0.03982499986886978 9.4
      vertex 2.1959788277745247 -0.2045859768986702 9.4
    endloop
  endfacet
  facet normal 0.2520908516282613 0.967703571619604 0
    outer loop
      vertex 3.71598456799984 -2.3170963302254677 8.950000000000001
      vertex 3.5887954011559486 -2.283963017165661 8.950000000000001
      vertex 3.5887954011559486 -2.283963017165661 9.4
    endloop
  endfacet
  facet normal 0.1914723578596957 0.9814980062005467 0
    outer loop
      vertex 3.71598456799984 -2.3170963302254677 8.950000000000001
      vertex 3.71598456799984 -2.3170963302254677 9.4
      vertex 3.84808486700058 -2.342866688966751 8.950000000000001
    endloop
  endfacet
  facet normal 0.13315305082992424 0.9910954873546158 0
    outer loop
      vertex 3.84808486700058 -2.342866688966751 8.950000000000001
      vertex 3.84808486700058 -2.342866688966751 9.4
      vertex 3.9850962832570076 -2.3612740859389305 8.950000000000001
    endloop
  endfacet
  facet normal 0.3143890498168006 0.9492942248614438 0
    outer loop
      vertex 3.5887954011559486 -2.283963017165661 8.950000000000001
      vertex 3.466517351567745 -2.24346674233675 9.4
      vertex 3.5887954011559486 -2.283963017165661 9.4
    endloop
  endfacet
  facet normal 0.2520908516282613 0.967703571619604 0
    outer loop
      vertex 3.71598456799984 -2.3170963302254677 8.950000000000001
      vertex 3.5887954011559486 -2.283963017165661 9.4
      vertex 3.71598456799984 -2.3170963302254677 9.4
    endloop
  endfacet
  facet normal 0.1914723578596957 0.9814980062005467 0
    outer loop
      vertex 3.84808486700058 -2.342866688966751 8.950000000000001
      vertex 3.71598456799984 -2.3170963302254677 9.4
      vertex 3.84808486700058 -2.342866688966751 9.4
    endloop
  endfacet
  facet normal 0.13315305082992424 0.9910954873546158 0
    outer loop
      vertex 3.9850962832570076 -2.3612740859389305 8.950000000000001
      vertex 3.84808486700058 -2.342866688966751 9.4
      vertex 3.9850962832570076 -2.3612740859389305 9.4
    endloop
  endfacet
  facet normal 0.07758558478172284 0.9969856955012333 0
    outer loop
      vertex 3.9850962832570076 -2.3612740859389305 8.950000000000001
      vertex 3.9850962832570076 -2.3612740859389305 9.4
      vertex 4.127018831670284 -2.372318521142006 8.950000000000001
    endloop
  endfacet
  facet normal 0.025064580876721913 0.9996858340426127 0
    outer loop
      vertex 4.127018831670284 -2.372318521142006 8.950000000000001
      vertex 4.127018831670284 -2.372318521142006 9.4
      vertex 4.273852497339249 -2.376000002026558 8.950000000000001
    endloop
  endfacet
  facet normal -0.02291917051291937 0.9997373213114531 0
    outer loop
      vertex 4.273852497339249 -2.376000002026558 8.950000000000001
      vertex 4.273852497339249 -2.376000002026558 9.4
      vertex 4.392846614122391 -2.3732720389962196 8.950000000000001
    endloop
  endfacet
  facet normal -0.07057454079604643 0.9975065083453978 0
    outer loop
      vertex 4.392846614122391 -2.3732720389962196 8.950000000000001
      vertex 4.392846614122391 -2.3732720389962196 9.4
      vertex 4.508518181741238 -2.365088164806366 8.950000000000001
    endloop
  endfacet
  facet normal 0.07758558478172284 0.9969856955012333 0
    outer loop
      vertex 4.127018831670284 -2.372318521142006 8.950000000000001
      vertex 3.9850962832570076 -2.3612740859389305 9.4
      vertex 4.127018831670284 -2.372318521142006 9.4
    endloop
  endfacet
  facet normal 0.025064580876721913 0.9996858340426127 0
    outer loop
      vertex 4.273852497339249 -2.376000002026558 8.950000000000001
      vertex 4.127018831670284 -2.372318521142006 9.4
      vertex 4.273852497339249 -2.376000002026558 9.4
    endloop
  endfacet
  facet normal -0.02291917051291937 0.9997373213114531 0
    outer loop
      vertex 4.392846614122391 -2.3732720389962196 8.950000000000001
      vertex 4.273852497339249 -2.376000002026558 9.4
      vertex 4.392846614122391 -2.3732720389962196 9.4
    endloop
  endfacet
  facet normal -0.07057454079604643 0.9975065083453978 0
    outer loop
      vertex 4.508518181741238 -2.365088164806366 8.950000000000001
      vertex 4.392846614122391 -2.3732720389962196 9.4
      vertex 4.508518181741238 -2.365088164806366 9.4
    endloop
  endfacet
  facet normal 0.723172281452469 0.6906676851705391 0
    outer loop
      vertex 2.8359826803207397 -1.8458669856190681 8.950000000000001
      vertex 2.7480825036764145 -1.753830000758171 8.950000000000001
      vertex 2.7480825036764145 -1.753830000758171 9.4
    endloop
  endfacet
  facet normal 0.7693105929814801 0.6388749576611087 0
    outer loop
      vertex 2.7480825036764145 -1.753830000758171 8.950000000000001
      vertex 2.6659242138266563 -1.6548978984355927 9.4
      vertex 2.7480825036764145 -1.753830000758171 9.4
    endloop
  endfacet
  facet normal 0.723172281452469 0.6906676851705391 0
    outer loop
      vertex 2.8359826803207397 -1.8458669856190681 8.950000000000001
      vertex 2.7480825036764145 -1.753830000758171 9.4
      vertex 2.8359826803207397 -1.8458669856190681 9.4
    endloop
  endfacet
  facet normal 0.8468770213157603 0.5317887839803932 0
    outer loop
      vertex 2.590338595211506 -1.5504800602793694 8.950000000000001
      vertex 2.521325632929802 -1.4405764788389206 8.950000000000001
      vertex 2.521325632929802 -1.4405764788389206 9.4
    endloop
  endfacet
  facet normal 0.8794906110232592 0.47591623750607015 0
    outer loop
      vertex 2.521325632929802 -1.4405764788389206 8.950000000000001
      vertex 2.4588853418827057 -1.325187161564827 8.950000000000001
      vertex 2.4588853418827057 -1.325187161564827 9.4
    endloop
  endfacet
  facet normal 0.9077331073216618 0.4195480972095577 0
    outer loop
      vertex 2.403017707169056 -1.2043121010065079 8.950000000000001
      vertex 2.403017707169056 -1.2043121010065079 9.4
      vertex 2.4588853418827057 -1.325187161564827 8.950000000000001
    endloop
  endfacet
  facet normal 0.8100427110188144 0.5863708777943271 0
    outer loop
      vertex 2.6659242138266563 -1.6548978984355927 8.950000000000001
      vertex 2.590338595211506 -1.5504800602793694 8.950000000000001
      vertex 2.590338595211506 -1.5504800602793694 9.4
    endloop
  endfacet
  facet normal 0.7693105929814801 0.6388749576611087 0
    outer loop
      vertex 2.7480825036764145 -1.753830000758171 8.950000000000001
      vertex 2.6659242138266563 -1.6548978984355927 8.950000000000001
      vertex 2.6659242138266563 -1.6548978984355927 9.4
    endloop
  endfacet
  facet normal 0 0 1
    outer loop
      vertex 2.403017707169056 -1.2043121010065079 8.950000000000001
      vertex 2.4588853418827057 -1.325187161564827 8.950000000000001
      vertex 3.303835429251194 -0.919922485947609 8.950000000000001
    endloop
  endfacet
  facet normal 0 0 1
    outer loop
      vertex 2.521325632929802 -1.4405764788389206 8.950000000000001
      vertex 3.338996671140194 -0.9935416877269745 8.950000000000001
      vertex 2.4588853418827057 -1.325187161564827 8.950000000000001
    endloop
  endfacet
  facet normal 0.9316189604580843 0.36343653161865586 0
    outer loop
      vertex 2.403017707169056 -1.2043121010065079 8.950000000000001
      vertex 2.3537227362394333 -1.077951304614544 9.4
      vertex 2.403017707169056 -1.2043121010065079 9.4
    endloop
  endfacet
  facet normal 0.9077331073216618 0.4195480972095577 0
    outer loop
      vertex 2.4588853418827057 -1.325187161564827 8.950000000000001
      vertex 2.403017707169056 -1.2043121010065079 9.4
      vertex 2.4588853418827057 -1.325187161564827 9.4
    endloop
  endfacet
  facet normal 0.8794906110232592 0.47591623750607015 0
    outer loop
      vertex 2.521325632929802 -1.4405764788389206 8.950000000000001
      vertex 2.4588853418827057 -1.325187161564827 9.4
      vertex 2.521325632929802 -1.4405764788389206 9.4
    endloop
  endfacet
  facet normal 0.8100427110188144 0.5863708777943271 0
    outer loop
      vertex 2.6659242138266563 -1.6548978984355927 8.950000000000001
      vertex 2.590338595211506 -1.5504800602793694 9.4
      vertex 2.6659242138266563 -1.6548978984355927 9.4
    endloop
  endfacet
  facet normal 0.8468770213157603 0.5317887839803932 0
    outer loop
      vertex 2.590338595211506 -1.5504800602793694 8.950000000000001
      vertex 2.521325632929802 -1.4405764788389206 9.4
      vertex 2.590338595211506 -1.5504800602793694 9.4
    endloop
  endfacet
  facet normal 0.5631756968014322 0.8263371796864892 0
    outer loop
      vertex 3.026516407728195 -2.0078520700335503 8.950000000000001
      vertex 3.026516407728195 -2.0078520700335503 9.4
      vertex 3.1291499584913254 -2.077800177037716 8.950000000000001
    endloop
  endfacet
  facet normal 0.6739796420306884 0.7387499185300701 0
    outer loop
      vertex 2.9287939816713333 -1.9305410087108612 8.950000000000001
      vertex 2.8359826803207397 -1.8458669856190681 8.950000000000001
      vertex 2.8359826803207397 -1.8458669856190681 9.4
    endloop
  endfacet
  facet normal 0.6204437804064926 0.784250926269711 0
    outer loop
      vertex 2.9287939816713333 -1.9305410087108612 8.950000000000001
      vertex 2.9287939816713333 -1.9305410087108612 9.4
      vertex 3.026516407728195 -2.0078520700335503 8.950000000000001
    endloop
  endfacet
  facet normal 0.5029758454000346 0.8643004679763401 0
    outer loop
      vertex 3.1291499584913254 -2.077800177037716 8.950000000000001
      vertex 3.1291499584913254 -2.077800177037716 9.4
      vertex 3.2366946265101433 -2.1403853222727776 8.950000000000001
    endloop
  endfacet
  facet normal 0.4407800618320517 0.8976151386264231 0
    outer loop
      vertex 3.34915042668581 -2.195607513189316 8.950000000000001
      vertex 3.2366946265101433 -2.1403853222727776 8.950000000000001
      vertex 3.2366946265101433 -2.1403853222727776 9.4
    endloop
  endfacet
  facet normal 0.37758833092065486 0.9259735700075645 0
    outer loop
      vertex 3.466517351567745 -2.24346674233675 8.950000000000001
      vertex 3.34915042668581 -2.195607513189316 8.950000000000001
      vertex 3.34915042668581 -2.195607513189316 9.4
    endloop
  endfacet
  facet normal 0 0 1
    outer loop
      vertex 2.9287939816713333 -1.9305410087108612 8.950000000000001
      vertex 3.026516407728195 -2.0078520700335503 8.950000000000001
      vertex 3.566941112279892 -1.2943608313798904 8.950000000000001
    endloop
  endfacet
  facet normal 0 0 1
    outer loop
      vertex 3.1291499584913254 -2.077800177037716 8.950000000000001
      vertex 3.2366946265101433 -2.1403853222727776 8.950000000000001
      vertex 3.6752127036452293 -1.3834448531270027 8.950000000000001
    endloop
  endfacet
  facet normal 0 0 1
    outer loop
      vertex 3.026516407728195 -2.0078520700335503 8.950000000000001
      vertex 3.1291499584913254 -2.077800177037716 8.950000000000001
      vertex 3.6200746595859528 -1.341129943728447 8.950000000000001
    endloop
  endfacet
  facet normal 0.6204437804064926 0.784250926269711 0
    outer loop
      vertex 3.026516407728195 -2.0078520700335503 8.950000000000001
      vertex 2.9287939816713333 -1.9305410087108612 9.4
      vertex 3.026516407728195 -2.0078520700335503 9.4
    endloop
  endfacet
  facet normal 0.5631756968014322 0.8263371796864892 0
    outer loop
      vertex 3.1291499584913254 -2.077800177037716 8.950000000000001
      vertex 3.026516407728195 -2.0078520700335503 9.4
      vertex 3.1291499584913254 -2.077800177037716 9.4
    endloop
  endfacet
  facet normal 0.6739796420306884 0.7387499185300701 0
    outer loop
      vertex 2.9287939816713333 -1.9305410087108612 8.950000000000001
      vertex 2.8359826803207397 -1.8458669856190681 9.4
      vertex 2.9287939816713333 -1.9305410087108612 9.4
    endloop
  endfacet
  facet normal 0.5029758454000346 0.8643004679763401 0
    outer loop
      vertex 3.2366946265101433 -2.1403853222727776 8.950000000000001
      vertex 3.1291499584913254 -2.077800177037716 9.4
      vertex 3.2366946265101433 -2.1403853222727776 9.4
    endloop
  endfacet
  facet normal 0.4407800618320517 0.8976151386264231 0
    outer loop
      vertex 3.34915042668581 -2.195607513189316 8.950000000000001
      vertex 3.2366946265101433 -2.1403853222727776 9.4
      vertex 3.34915042668581 -2.195607513189316 9.4
    endloop
  endfacet
  facet normal 0 0 1
    outer loop
      vertex 2.6659242138266563 -1.6548978984355927 8.950000000000001
      vertex 3.420422710478306 -1.1273104473948479 8.950000000000001
      vertex 2.590338595211506 -1.5504800602793694 8.950000000000001
    endloop
  endfacet
  facet normal 0 0 1
    outer loop
      vertex 2.7480825036764145 -1.753830000758171 8.950000000000001
      vertex 3.420422710478306 -1.1273104473948479 8.950000000000001
      vertex 2.6659242138266563 -1.6548978984355927 8.950000000000001
    endloop
  endfacet
  facet normal 0 0 1
    outer loop
      vertex 2.8359826803207397 -1.8458669856190681 8.950000000000001
      vertex 3.466687500476837 -1.1874599978327751 8.950000000000001
      vertex 2.7480825036764145 -1.753830000758171 8.950000000000001
    endloop
  endfacet
  facet normal 0 0 1
    outer loop
      vertex 2.9287939816713333 -1.9305410087108612 8.950000000000001
      vertex 3.5158120542764664 -1.2431375160813332 8.950000000000001
      vertex 2.8359826803207397 -1.8458669856190681 8.950000000000001
    endloop
  endfacet
  facet normal 0 0 1
    outer loop
      vertex 2.590338595211506 -1.5504800602793694 8.950000000000001
      vertex 3.3778591006994247 -1.0626710057258606 8.950000000000001
      vertex 2.521325632929802 -1.4405764788389206 8.950000000000001
    endloop
  endfacet
  facet normal 0 0 1
    outer loop
      vertex 2.521325632929802 -1.4405764788389206 8.950000000000001
      vertex 3.3778591006994247 -1.0626710057258606 8.950000000000001
      vertex 3.338996671140194 -0.9935416877269745 8.950000000000001
    endloop
  endfacet
  facet normal 0 0 1
    outer loop
      vertex 2.8359826803207397 -1.8458669856190681 8.950000000000001
      vertex 3.5158120542764664 -1.2431375160813332 8.950000000000001
      vertex 3.466687500476837 -1.1874599978327751 8.950000000000001
    endloop
  endfacet
  facet normal 0 0 1
    outer loop
      vertex 2.9287939816713333 -1.9305410087108612 8.950000000000001
      vertex 3.566941112279892 -1.2943608313798904 8.950000000000001
      vertex 3.5158120542764664 -1.2431375160813332 8.950000000000001
    endloop
  endfacet
  facet normal 0 0 1
    outer loop
      vertex 2.7480825036764145 -1.753830000758171 8.950000000000001
      vertex 3.466687500476837 -1.1874599978327751 8.950000000000001
      vertex 3.420422710478306 -1.1273104473948479 8.950000000000001
    endloop
  endfacet
  facet normal 0 0 1
    outer loop
      vertex 2.590338595211506 -1.5504800602793694 8.950000000000001
      vertex 3.420422710478306 -1.1273104473948479 8.950000000000001
      vertex 3.3778591006994247 -1.0626710057258606 8.950000000000001
    endloop
  endfacet
  facet normal 0.951304796566865 0.30825181918177824 0
    outer loop
      vertex 2.3537227362394333 -1.077951304614544 8.950000000000001
      vertex 2.3110004290938377 -0.9461047649383545 8.950000000000001
      vertex 2.3110004290938377 -0.9461047649383545 9.4
    endloop
  endfacet
  facet normal 0.9316189604580843 0.36343653161865586 0
    outer loop
      vertex 2.403017707169056 -1.2043121010065079 8.950000000000001
      vertex 2.3537227362394333 -1.077951304614544 8.950000000000001
      vertex 2.3537227362394333 -1.077951304614544 9.4
    endloop
  endfacet
  facet normal 0.967057951636693 0.25455631631574926 0
    outer loop
      vertex 2.3110004290938377 -0.9461047649383545 8.950000000000001
      vertex 2.2748507857322693 -0.8087724819779396 8.950000000000001
      vertex 2.2748507857322693 -0.8087724819779396 9.4
    endloop
  endfacet
  facet normal 0 0 1
    outer loop
      vertex 2.403017707169056 -1.2043121010065079 8.950000000000001
      vertex 3.2723753675818443 -0.841813400387764 8.950000000000001
      vertex 2.3537227362394333 -1.077951304614544 8.950000000000001
    endloop
  endfacet
  facet normal 0 0 1
    outer loop
      vertex 2.3537227362394333 -1.077951304614544 8.950000000000001
      vertex 3.2446164935827255 -0.7592144384980202 8.950000000000001
      vertex 2.3110004290938377 -0.9461047649383545 8.950000000000001
    endloop
  endfacet
  facet normal 0 0 1
    outer loop
      vertex 2.3110004290938377 -0.9461047649383545 8.950000000000001
      vertex 3.220558799803257 -0.6721255928277969 8.950000000000001
      vertex 2.2748507857322693 -0.8087724819779396 8.950000000000001
    endloop
  endfacet
  facet normal 0 0 1
    outer loop
      vertex 2.2748507857322693 -0.8087724819779396 8.950000000000001
      vertex 3.2002022936940193 -0.5805468633770943 8.950000000000001
      vertex 2.2452737987041473 -0.6659544706344604 8.950000000000001
    endloop
  endfacet
  facet normal 0.951304796566865 0.30825181918177824 0
    outer loop
      vertex 2.3537227362394333 -1.077951304614544 8.950000000000001
      vertex 2.3110004290938377 -0.9461047649383545 9.4
      vertex 2.3537227362394333 -1.077951304614544 9.4
    endloop
  endfacet
  facet normal 0.967057951636693 0.25455631631574926 0
    outer loop
      vertex 2.3110004290938377 -0.9461047649383545 8.950000000000001
      vertex 2.2748507857322693 -0.8087724819779396 9.4
      vertex 2.3110004290938377 -0.9461047649383545 9.4
    endloop
  endfacet
  facet normal 0.9792217231520212 0.20279254647838177 0
    outer loop
      vertex 2.2748507857322693 -0.8087724819779396 8.950000000000001
      vertex 2.2452737987041473 -0.6659544706344604 9.4
      vertex 2.2748507857322693 -0.8087724819779396 9.4
    endloop
  endfacet
  facet normal 0 0 1
    outer loop
      vertex 2.222269482910633 -0.5176507085561752 8.950000000000001
      vertex 3.170592822134495 -0.38391976058483124 8.950000000000001
      vertex 2.2058378234505653 -0.36386121064424515 8.950000000000001
    endloop
  endfacet
  facet normal 0 0 1
    outer loop
      vertex 2.2058378234505653 -0.36386121064424515 8.950000000000001
      vertex 3.1613398641347885 -0.2788713872432709 8.950000000000001
      vertex 2.1959788277745247 -0.2045859768986702 8.950000000000001
    endloop
  endfacet
  facet normal 0 0 1
    outer loop
      vertex 2.1959788277745247 -0.2045859768986702 8.950000000000001
      vertex 3.155788093805313 -0.16933313757181168 8.950000000000001
      vertex 2.1926925033330917 -0.03982499986886978 8.950000000000001
    endloop
  endfacet
  facet normal 0 0 1
    outer loop
      vertex 2.2452737987041473 -0.6659544706344604 8.950000000000001
      vertex 3.183546967804432 -0.48447825759649277 8.950000000000001
      vertex 2.222269482910633 -0.5176507085561752 8.950000000000001
    endloop
  endfacet
  facet normal 0 0 1
    outer loop
      vertex 2.3537227362394333 -1.077951304614544 8.950000000000001
      vertex 3.2723753675818443 -0.841813400387764 8.950000000000001
      vertex 3.2446164935827255 -0.7592144384980202 8.950000000000001
    endloop
  endfacet
  facet normal 0 0 1
    outer loop
      vertex 2.4588853418827057 -1.325187161564827 8.950000000000001
      vertex 3.338996671140194 -0.9935416877269745 8.950000000000001
      vertex 3.303835429251194 -0.919922485947609 8.950000000000001
    endloop
  endfacet
  facet normal 0 0 1
    outer loop
      vertex 2.403017707169056 -1.2043121010065079 8.950000000000001
      vertex 3.303835429251194 -0.919922485947609 8.950000000000001
      vertex 3.2723753675818443 -0.841813400387764 8.950000000000001
    endloop
  endfacet
  facet normal 0 0 1
    outer loop
      vertex 2.3110004290938377 -0.9461047649383545 8.950000000000001
      vertex 3.2446164935827255 -0.7592144384980202 8.950000000000001
      vertex 3.220558799803257 -0.6721255928277969 8.950000000000001
    endloop
  endfacet
  facet normal 0 0 1
    outer loop
      vertex 2.2748507857322693 -0.8087724819779396 8.950000000000001
      vertex 3.220558799803257 -0.6721255928277969 8.950000000000001
      vertex 3.2002022936940193 -0.5805468633770943 8.950000000000001
    endloop
  endfacet
  facet normal 0 0 1
    outer loop
      vertex 2.2452737987041473 -0.6659544706344604 8.950000000000001
      vertex 3.2002022936940193 -0.5805468633770943 8.950000000000001
      vertex 3.183546967804432 -0.48447825759649277 8.950000000000001
    endloop
  endfacet
  facet normal -0.8716984223380355 -0.4900427129275365 0
    outer loop
      vertex 3.3778591006994247 -1.0626710057258606 8.950000000000001
      vertex 3.3778591006994247 -1.0626710057258606 9.4
      vertex 3.338996671140194 -0.9935416877269745 8.950000000000001
    endloop
  endfacet
  facet normal -0.9275877735978756 -0.3736053027885665 0
    outer loop
      vertex 3.303835429251194 -0.919922485947609 8.950000000000001
      vertex 3.303835429251194 -0.919922485947609 9.4
      vertex 3.2723753675818443 -0.841813400387764 8.950000000000001
    endloop
  endfacet
  facet normal -0.9023628177010727 -0.4309771980401988 0
    outer loop
      vertex 3.338996671140194 -0.9935416877269745 8.950000000000001
      vertex 3.338996671140194 -0.9935416877269745 9.4
      vertex 3.303835429251194 -0.919922485947609 8.950000000000001
    endloop
  endfacet
  facet normal -0.9638984024119378 -0.2662702946776341 0
    outer loop
      vertex 3.2446164935827255 -0.7592144384980202 8.950000000000001
      vertex 3.2446164935827255 -0.7592144384980202 9.4
      vertex 3.220558799803257 -0.6721255928277969 8.950000000000001
    endloop
  endfacet
  facet normal -0.976174243103179 -0.21698812663815406 0
    outer loop
      vertex 3.220558799803257 -0.6721255928277969 8.950000000000001
      vertex 3.220558799803257 -0.6721255928277969 9.4
      vertex 3.2002022936940193 -0.5805468633770943 8.950000000000001
    endloop
  endfacet
  facet normal -0.9479027489616412 -0.318559850751729 0
    outer loop
      vertex 3.2723753675818443 -0.841813400387764 8.950000000000001
      vertex 3.2723753675818443 -0.841813400387764 9.4
      vertex 3.2446164935827255 -0.7592144384980202 8.950000000000001
    endloop
  endfacet
  facet normal -0.8351935798009147 -0.5499560748453763 0
    outer loop
      vertex 3.3778591006994247 -1.0626710057258606 8.950000000000001
      vertex 3.420422710478306 -1.1273104473948479 9.4
      vertex 3.3778591006994247 -1.0626710057258606 9.4
    endloop
  endfacet
  facet normal -0.8716984223380355 -0.4900427129275365 0
    outer loop
      vertex 3.338996671140194 -0.9935416877269745 8.950000000000001
      vertex 3.3778591006994247 -1.0626710057258606 9.4
      vertex 3.338996671140194 -0.9935416877269745 9.4
    endloop
  endfacet
  facet normal -0.9023628177010727 -0.4309771980401988 0
    outer loop
      vertex 3.303835429251194 -0.919922485947609 8.950000000000001
      vertex 3.338996671140194 -0.9935416877269745 9.4
      vertex 3.303835429251194 -0.919922485947609 9.4
    endloop
  endfacet
  facet normal -0.9275877735978756 -0.3736053027885665 0
    outer loop
      vertex 3.2723753675818443 -0.841813400387764 8.950000000000001
      vertex 3.303835429251194 -0.919922485947609 9.4
      vertex 3.2723753675818443 -0.841813400387764 9.4
    endloop
  endfacet
  facet normal -0.9638984024119378 -0.2662702946776341 0
    outer loop
      vertex 3.220558799803257 -0.6721255928277969 8.950000000000001
      vertex 3.2446164935827255 -0.7592144384980202 9.4
      vertex 3.220558799803257 -0.6721255928277969 9.4
    endloop
  endfacet
  facet normal -0.976174243103179 -0.21698812663815406 0
    outer loop
      vertex 3.2002022936940193 -0.5805468633770943 8.950000000000001
      vertex 3.220558799803257 -0.6721255928277969 9.4
      vertex 3.2002022936940193 -0.5805468633770943 9.4
    endloop
  endfacet
  facet normal -0.9479027489616412 -0.318559850751729 0
    outer loop
      vertex 3.2446164935827255 -0.7592144384980202 8.950000000000001
      vertex 3.2723753675818443 -0.841813400387764 9.4
      vertex 3.2446164935827255 -0.7592144384980202 9.4
    endloop
  endfacet
  facet normal 0 0 1
    outer loop
      vertex 2.222269482910633 -0.5176507085561752 8.950000000000001
      vertex 3.183546967804432 -0.48447825759649277 8.950000000000001
      vertex 3.170592822134495 -0.38391976058483124 8.950000000000001
    endloop
  endfacet
  facet normal 0 0 1
    outer loop
      vertex 2.2058378234505653 -0.36386121064424515 8.950000000000001
      vertex 3.170592822134495 -0.38391976058483124 8.950000000000001
      vertex 3.1613398641347885 -0.2788713872432709 8.950000000000001
    endloop
  endfacet
  facet normal 0 0 1
    outer loop
      vertex 2.1959788277745247 -0.2045859768986702 8.950000000000001
      vertex 3.1613398641347885 -0.2788713872432709 8.950000000000001
      vertex 3.155788093805313 -0.16933313757181168 8.950000000000001
    endloop
  endfacet
  facet normal 0 0 1
    outer loop
      vertex 2.1926925033330917 -0.03982499986886978 8.950000000000001
      vertex 3.155788093805313 -0.16933313757181168 8.950000000000001
      vertex 3.153937503695488 -0.05530499666929245 8.950000000000001
    endloop
  endfacet
  facet normal 0 0 1
    outer loop
      vertex 2.1926925033330917 -0.03982499986886978 8.950000000000001
      vertex 3.153937503695488 -0.05530499666929245 8.950000000000001
      vertex 3.1556887701153755 0.05894600600004196 8.950000000000001
    endloop
  endfacet
  facet normal -0.9918043137770279 -0.1277662051298331 0
    outer loop
      vertex 3.183546967804432 -0.48447825759649277 8.950000000000001
      vertex 3.183546967804432 -0.48447825759649277 9.4
      vertex 3.170592822134495 -0.38391976058483124 8.950000000000001
    endloop
  endfacet
  facet normal -0.9853020927059977 -0.17082091824241422 0
    outer loop
      vertex 3.2002022936940193 -0.5805468633770943 8.950000000000001
      vertex 3.2002022936940193 -0.5805468633770943 9.4
      vertex 3.183546967804432 -0.48447825759649277 8.950000000000001
    endloop
  endfacet
  facet normal -0.9961431359400408 -0.08774310639327391 0
    outer loop
      vertex 3.1613398641347885 -0.2788713872432709 8.950000000000001
      vertex 3.170592822134495 -0.38391976058483124 8.950000000000001
      vertex 3.170592822134495 -0.38391976058483124 9.4
    endloop
  endfacet
  facet normal -0.9987180660092698 -0.05061842181166431 0
    outer loop
      vertex 3.1613398641347885 -0.2788713872432709 8.950000000000001
      vertex 3.1613398641347885 -0.2788713872432709 9.4
      vertex 3.155788093805313 -0.16933313757181168 8.950000000000001
    endloop
  endfacet
  facet normal -0.9998683318875009 -0.016227103515615453 0
    outer loop
      vertex 3.155788093805313 -0.16933313757181168 8.950000000000001
      vertex 3.155788093805313 -0.16933313757181168 9.4
      vertex 3.153937503695488 -0.05530499666929245 8.950000000000001
    endloop
  endfacet
  facet normal -0.9998825432761577 0.015326436363444555 0
    outer loop
      vertex 3.153937503695488 -0.05530499666929245 8.950000000000001
      vertex 3.153937503695488 -0.05530499666929245 9.4
      vertex 3.1556887701153755 0.05894600600004196 8.950000000000001
    endloop
  endfacet
  facet normal -0.9853020927059977 -0.17082091824241422 0
    outer loop
      vertex 3.183546967804432 -0.48447825759649277 8.950000000000001
      vertex 3.2002022936940193 -0.5805468633770943 9.4
      vertex 3.183546967804432 -0.48447825759649277 9.4
    endloop
  endfacet
  facet normal -0.9918043137770279 -0.1277662051298331 0
    outer loop
      vertex 3.170592822134495 -0.38391976058483124 8.950000000000001
      vertex 3.183546967804432 -0.48447825759649277 9.4
      vertex 3.170592822134495 -0.38391976058483124 9.4
    endloop
  endfacet
  facet normal -0.9961431359400408 -0.08774310639327391 0
    outer loop
      vertex 3.1613398641347885 -0.2788713872432709 8.950000000000001
      vertex 3.170592822134495 -0.38391976058483124 9.4
      vertex 3.1613398641347885 -0.2788713872432709 9.4
    endloop
  endfacet
  facet normal -0.9987180660092698 -0.05061842181166431 0
    outer loop
      vertex 3.155788093805313 -0.16933313757181168 8.950000000000001
      vertex 3.1613398641347885 -0.2788713872432709 9.4
      vertex 3.155788093805313 -0.16933313757181168 9.4
    endloop
  endfacet
  facet normal -0.9998683318875009 -0.016227103515615453 0
    outer loop
      vertex 3.153937503695488 -0.05530499666929245 8.950000000000001
      vertex 3.155788093805313 -0.16933313757181168 9.4
      vertex 3.153937503695488 -0.05530499666929245 9.4
    endloop
  endfacet
  facet normal 0 0 1
    outer loop
      vertex 3.466517351567745 -2.24346674233675 8.950000000000001
      vertex 3.5887954011559486 -2.283963017165661 8.950000000000001
      vertex 3.852653831243515 -1.4836643785238266 8.950000000000001
    endloop
  endfacet
  facet normal 0.3143890498168006 0.9492942248614438 0
    outer loop
      vertex 3.466517351567745 -2.24346674233675 8.950000000000001
      vertex 3.466517351567745 -2.24346674233675 9.4
      vertex 3.5887954011559486 -2.283963017165661 8.950000000000001
    endloop
  endfacet
  facet normal 0 0 1
    outer loop
      vertex 3.34915042668581 -2.195607513189316 8.950000000000001
      vertex 3.7323552519083023 -1.4213055595755577 8.950000000000001
      vertex 3.2366946265101433 -2.1403853222727776 8.950000000000001
    endloop
  endfacet
  facet normal 0 0 1
    outer loop
      vertex 3.466517351567745 -2.24346674233675 8.950000000000001
      vertex 3.7915022894740105 -1.4547120705246925 8.950000000000001
      vertex 3.34915042668581 -2.195607513189316 8.950000000000001
    endloop
  endfacet
  facet normal 0 0 1
    outer loop
      vertex 3.71598456799984 -2.3170963302254677 8.950000000000001
      vertex 3.9158098697662354 -1.50816248357296 8.950000000000001
      vertex 3.5887954011559486 -2.283963017165661 8.950000000000001
    endloop
  endfacet
  facet normal 0 0 1
    outer loop
      vertex 3.71598456799984 -2.3170963302254677 8.950000000000001
      vertex 3.84808486700058 -2.342866688966751 8.950000000000001
      vertex 3.980970397591591 -1.528206393122673 8.950000000000001
    endloop
  endfacet
  facet normal 0 0 1
    outer loop
      vertex 3.466517351567745 -2.24346674233675 8.950000000000001
      vertex 3.852653831243515 -1.4836643785238266 8.950000000000001
      vertex 3.7915022894740105 -1.4547120705246925 8.950000000000001
    endloop
  endfacet
  facet normal 0 0 1
    outer loop
      vertex 3.5887954011559486 -2.283963017165661 8.950000000000001
      vertex 3.9158098697662354 -1.50816248357296 8.950000000000001
      vertex 3.852653831243515 -1.4836643785238266 8.950000000000001
    endloop
  endfacet
  facet normal 0 0 1
    outer loop
      vertex 3.71598456799984 -2.3170963302254677 8.950000000000001
      vertex 3.980970397591591 -1.528206393122673 8.950000000000001
      vertex 3.9158098697662354 -1.50816248357296 8.950000000000001
    endloop
  endfacet
  facet normal 0 0 1
    outer loop
      vertex 3.84808486700058 -2.342866688966751 8.950000000000001
      vertex 4.048135429620743 -1.5437960922718048 8.950000000000001
      vertex 3.980970397591591 -1.528206393122673 8.950000000000001
    endloop
  endfacet
  facet normal 0.37758833092065486 0.9259735700075645 0
    outer loop
      vertex 3.466517351567745 -2.24346674233675 8.950000000000001
      vertex 3.34915042668581 -2.195607513189316 9.4
      vertex 3.466517351567745 -2.24346674233675 9.4
    endloop
  endfacet
  facet normal 0 0 1
    outer loop
      vertex 3.1291499584913254 -2.077800177037716 8.950000000000001
      vertex 3.6752127036452293 -1.3834448531270027 8.950000000000001
      vertex 3.6200746595859528 -1.341129943728447 8.950000000000001
    endloop
  endfacet
  facet normal 0 0 1
    outer loop
      vertex 3.026516407728195 -2.0078520700335503 8.950000000000001
      vertex 3.6200746595859528 -1.341129943728447 8.950000000000001
      vertex 3.566941112279892 -1.2943608313798904 8.950000000000001
    endloop
  endfacet
  facet normal 0 0 1
    outer loop
      vertex 3.2366946265101433 -2.1403853222727776 8.950000000000001
      vertex 3.7323552519083023 -1.4213055595755577 8.950000000000001
      vertex 3.6752127036452293 -1.3834448531270027 8.950000000000001
    endloop
  endfacet
  facet normal 0 0 1
    outer loop
      vertex 3.34915042668581 -2.195607513189316 8.950000000000001
      vertex 3.7915022894740105 -1.4547120705246925 8.950000000000001
      vertex 3.7323552519083023 -1.4213055595755577 8.950000000000001
    endloop
  endfacet
  facet normal -0.7926500672745204 -0.6096768577285004 0
    outer loop
      vertex 3.420422710478306 -1.1273104473948479 8.950000000000001
      vertex 3.466687500476837 -1.1874599978327751 8.950000000000001
      vertex 3.466687500476837 -1.1874599978327751 9.4
    endloop
  endfacet
  facet normal -0.7498556826041273 -0.661601432333923 0
    outer loop
      vertex 3.5158120542764664 -1.2431375160813332 8.950000000000001
      vertex 3.5158120542764664 -1.2431375160813332 9.4
      vertex 3.466687500476837 -1.1874599978327751 8.950000000000001
    endloop
  endfacet
  facet normal -0.7077576625766755 -0.7064553001174247 0
    outer loop
      vertex 3.5158120542764664 -1.2431375160813332 8.950000000000001
      vertex 3.566941112279892 -1.2943608313798904 8.950000000000001
      vertex 3.566941112279892 -1.2943608313798904 9.4
    endloop
  endfacet
  facet normal -0.6607201719638846 -0.7506323030352575 0
    outer loop
      vertex 3.6200746595859528 -1.341129943728447 8.950000000000001
      vertex 3.6200746595859528 -1.341129943728447 9.4
      vertex 3.566941112279892 -1.2943608313798904 8.950000000000001
    endloop
  endfacet
  facet normal -0.6088157634054621 -0.7933116450859804 0
    outer loop
      vertex 3.6200746595859528 -1.341129943728447 8.950000000000001
      vertex 3.6752127036452293 -1.3834448531270027 8.950000000000001
      vertex 3.6752127036452293 -1.3834448531270027 9.4
    endloop
  endfacet
  facet normal -0.4917847435433598 -0.8707168116086835 0
    outer loop
      vertex 3.7323552519083023 -1.4213055595755577 8.950000000000001
      vertex 3.7915022894740105 -1.4547120705246925 8.950000000000001
      vertex 3.7915022894740105 -1.4547120705246925 9.4
    endloop
  endfacet
  facet normal -0.42791478031870944 -0.9038190863136221 0
    outer loop
      vertex 3.7915022894740105 -1.4547120705246925 8.950000000000001
      vertex 3.852653831243515 -1.4836643785238266 8.950000000000001
      vertex 3.852653831243515 -1.4836643785238266 9.4
    endloop
  endfacet
  facet normal -0.361643716400824 -0.9323163746217271 0
    outer loop
      vertex 3.9158098697662354 -1.50816248357296 8.950000000000001
      vertex 3.9158098697662354 -1.50816248357296 9.4
      vertex 3.852653831243515 -1.4836643785238266 8.950000000000001
    endloop
  endfacet
  facet normal -0.2940123684884771 -0.9558016149681878 0
    outer loop
      vertex 3.9158098697662354 -1.50816248357296 8.950000000000001
      vertex 3.980970397591591 -1.528206393122673 8.950000000000001
      vertex 3.980970397591591 -1.528206393122673 9.4
    endloop
  endfacet
  facet normal -0.5523313238929156 -0.8336246809246347 0
    outer loop
      vertex 3.7323552519083023 -1.4213055595755577 8.950000000000001
      vertex 3.7323552519083023 -1.4213055595755577 9.4
      vertex 3.6752127036452293 -1.3834448531270027 8.950000000000001
    endloop
  endfacet
  facet normal -0.7926500672745204 -0.6096768577285004 0
    outer loop
      vertex 3.420422710478306 -1.1273104473948479 8.950000000000001
      vertex 3.466687500476837 -1.1874599978327751 9.4
      vertex 3.420422710478306 -1.1273104473948479 9.4
    endloop
  endfacet
  facet normal -0.7498556826041273 -0.661601432333923 0
    outer loop
      vertex 3.466687500476837 -1.1874599978327751 8.950000000000001
      vertex 3.5158120542764664 -1.2431375160813332 9.4
      vertex 3.466687500476837 -1.1874599978327751 9.4
    endloop
  endfacet
  facet normal -0.7077576625766755 -0.7064553001174247 0
    outer loop
      vertex 3.5158120542764664 -1.2431375160813332 8.950000000000001
      vertex 3.566941112279892 -1.2943608313798904 9.4
      vertex 3.5158120542764664 -1.2431375160813332 9.4
    endloop
  endfacet
  facet normal -0.6607201719638846 -0.7506323030352575 0
    outer loop
      vertex 3.566941112279892 -1.2943608313798904 8.950000000000001
      vertex 3.6200746595859528 -1.341129943728447 9.4
      vertex 3.566941112279892 -1.2943608313798904 9.4
    endloop
  endfacet
  facet normal -0.6088157634054621 -0.7933116450859804 0
    outer loop
      vertex 3.6200746595859528 -1.341129943728447 8.950000000000001
      vertex 3.6752127036452293 -1.3834448531270027 9.4
      vertex 3.6200746595859528 -1.341129943728447 9.4
    endloop
  endfacet
  facet normal -0.4917847435433598 -0.8707168116086835 0
    outer loop
      vertex 3.7323552519083023 -1.4213055595755577 8.950000000000001
      vertex 3.7915022894740105 -1.4547120705246925 9.4
      vertex 3.7323552519083023 -1.4213055595755577 9.4
    endloop
  endfacet
  facet normal -0.42791478031870944 -0.9038190863136221 0
    outer loop
      vertex 3.7915022894740105 -1.4547120705246925 8.950000000000001
      vertex 3.852653831243515 -1.4836643785238266 9.4
      vertex 3.7915022894740105 -1.4547120705246925 9.4
    endloop
  endfacet
  facet normal -0.361643716400824 -0.9323163746217271 0
    outer loop
      vertex 3.852653831243515 -1.4836643785238266 8.950000000000001
      vertex 3.9158098697662354 -1.50816248357296 9.4
      vertex 3.852653831243515 -1.4836643785238266 9.4
    endloop
  endfacet
  facet normal -0.2940123684884771 -0.9558016149681878 0
    outer loop
      vertex 3.9158098697662354 -1.50816248357296 8.950000000000001
      vertex 3.980970397591591 -1.528206393122673 9.4
      vertex 3.9158098697662354 -1.50816248357296 9.4
    endloop
  endfacet
  facet normal -0.5523313238929156 -0.8336246809246347 0
    outer loop
      vertex 3.6752127036452293 -1.3834448531270027 8.950000000000001
      vertex 3.7323552519083023 -1.4213055595755577 9.4
      vertex 3.6752127036452293 -1.3834448531270027 9.4
    endloop
  endfacet
  facet normal 0 0 1
    outer loop
      vertex 3.84808486700058 -2.342866688966751 8.950000000000001
      vertex 3.9850962832570076 -2.3612740859389305 8.950000000000001
      vertex 4.048135429620743 -1.5437960922718048 8.950000000000001
    endloop
  endfacet
  facet normal 0 0 1
    outer loop
      vertex 3.9850962832570076 -2.3612740859389305 8.950000000000001
      vertex 4.127018831670284 -2.372318521142006 8.950000000000001
      vertex 4.1173049584031105 -1.5549315959215164 8.950000000000001
    endloop
  endfacet
  facet normal 0 0 1
    outer loop
      vertex 4.127018831670284 -2.372318521142006 8.950000000000001
      vertex 4.273852497339249 -2.376000002026558 8.950000000000001
      vertex 4.261657498776913 -1.563840001821518 8.950000000000001
    endloop
  endfacet
  facet normal 0 0 1
    outer loop
      vertex 3.9850962832570076 -2.3612740859389305 8.950000000000001
      vertex 4.1173049584031105 -1.5549315959215164 8.950000000000001
      vertex 4.048135429620743 -1.5437960922718048 8.950000000000001
    endloop
  endfacet
  facet normal 0 0 1
    outer loop
      vertex 4.127018831670284 -2.372318521142006 8.950000000000001
      vertex 4.188478976488113 -1.5616128966212273 8.950000000000001
      vertex 4.1173049584031105 -1.5549315959215164 8.950000000000001
    endloop
  endfacet
  facet normal 0 0 1
    outer loop
      vertex 4.127018831670284 -2.372318521142006 8.950000000000001
      vertex 4.261657498776913 -1.563840001821518 8.950000000000001
      vertex 4.188478976488113 -1.5616128966212273 8.950000000000001
    endloop
  endfacet
  facet normal 0 0 1
    outer loop
      vertex 4.273852497339249 -2.376000002026558 8.950000000000001
      vertex 4.392846614122391 -2.3732720389962196 8.950000000000001
      vertex 4.336317293345928 -1.5619260370731354 8.950000000000001
    endloop
  endfacet
  facet normal 0 0 1
    outer loop
      vertex 4.392846614122391 -2.3732720389962196 8.950000000000001
      vertex 4.508518181741238 -2.365088164806366 8.950000000000001
      vertex 4.408196672797203 -1.5561841428279877 8.950000000000001
    endloop
  endfacet
  facet normal 0 0 1
    outer loop
      vertex 4.273852497339249 -2.376000002026558 8.950000000000001
      vertex 4.336317293345928 -1.5619260370731354 8.950000000000001
      vertex 4.261657498776913 -1.563840001821518 8.950000000000001
    endloop
  endfacet
  facet normal 0 0 1
    outer loop
      vertex 4.392846614122391 -2.3732720389962196 8.950000000000001
      vertex 4.408196672797203 -1.5561841428279877 8.950000000000001
      vertex 4.336317293345928 -1.5619260370731354 8.950000000000001
    endloop
  endfacet
  facet normal 0 0 1
    outer loop
      vertex 4.508518181741238 -2.365088164806366 8.950000000000001
      vertex 4.477295637130737 -1.5466143190860748 8.950000000000001
      vertex 4.408196672797203 -1.5561841428279877 8.950000000000001
    endloop
  endfacet
  facet normal -0.22609966172987156 -0.9741041745961454 0
    outer loop
      vertex 3.980970397591591 -1.528206393122673 8.950000000000001
      vertex 4.048135429620743 -1.5437960922718048 8.950000000000001
      vertex 4.048135429620743 -1.5437960922718048 9.4
    endloop
  endfacet
  facet normal -0.15894207064856178 -0.9872879104789786 0
    outer loop
      vertex 4.048135429620743 -1.5437960922718048 8.950000000000001
      vertex 4.1173049584031105 -1.5549315959215164 8.950000000000001
      vertex 4.1173049584031105 -1.5549315959215164 9.4
    endloop
  endfacet
  facet normal -0.09346185445507212 -0.9956228612089112 0
    outer loop
      vertex 4.188478976488113 -1.5616128966212273 8.950000000000001
      vertex 4.188478976488113 -1.5616128966212273 9.4
      vertex 4.1173049584031105 -1.5549315959215164 8.950000000000001
    endloop
  endfacet
  facet normal -0.030419779626675823 -0.999537211417096 0
    outer loop
      vertex 4.188478976488113 -1.5616128966212273 8.950000000000001
      vertex 4.261657498776913 -1.563840001821518 8.950000000000001
      vertex 4.261657498776913 -1.563840001821518 9.4
    endloop
  endfacet
  facet normal 0.02562739617978653 -0.9996715643475332 0
    outer loop
      vertex 4.261657498776913 -1.563840001821518 8.950000000000001
      vertex 4.336317293345928 -1.5619260370731354 8.950000000000001
      vertex 4.336317293345928 -1.5619260370731354 9.4
    endloop
  endfacet
  facet normal 0.0796286979834354 -0.9968245936259111 0
    outer loop
      vertex 4.336317293345928 -1.5619260370731354 8.950000000000001
      vertex 4.408196672797203 -1.5561841428279877 8.950000000000001
      vertex 4.408196672797203 -1.5561841428279877 9.4
    endloop
  endfacet
  facet normal 0.13718505511181628 -0.9905454359361655 0
    outer loop
      vertex 4.408196672797203 -1.5561841428279877 8.950000000000001
      vertex 4.477295637130737 -1.5466143190860748 8.950000000000001
      vertex 4.477295637130737 -1.5466143190860748 9.4
    endloop
  endfacet
  facet normal 0.1980207467228137 -0.9801978289444122 0
    outer loop
      vertex 4.477295637130737 -1.5466143190860748 8.950000000000001
      vertex 4.543614186346531 -1.5332165658473969 8.950000000000001
      vertex 4.543614186346531 -1.5332165658473969 9.4
    endloop
  endfacet
  facet normal -0.22609966172987156 -0.9741041745961454 0
    outer loop
      vertex 3.980970397591591 -1.528206393122673 8.950000000000001
      vertex 4.048135429620743 -1.5437960922718048 9.4
      vertex 3.980970397591591 -1.528206393122673 9.4
    endloop
  endfacet
  facet normal -0.15894207064856178 -0.9872879104789786 0
    outer loop
      vertex 4.048135429620743 -1.5437960922718048 8.950000000000001
      vertex 4.1173049584031105 -1.5549315959215164 9.4
      vertex 4.048135429620743 -1.5437960922718048 9.4
    endloop
  endfacet
  facet normal -0.09346185445507212 -0.9956228612089112 0
    outer loop
      vertex 4.1173049584031105 -1.5549315959215164 8.950000000000001
      vertex 4.188478976488113 -1.5616128966212273 9.4
      vertex 4.1173049584031105 -1.5549315959215164 9.4
    endloop
  endfacet
  facet normal -0.030419779626675823 -0.999537211417096 0
    outer loop
      vertex 4.188478976488113 -1.5616128966212273 8.950000000000001
      vertex 4.261657498776913 -1.563840001821518 9.4
      vertex 4.188478976488113 -1.5616128966212273 9.4
    endloop
  endfacet
  facet normal 0.02562739617978653 -0.9996715643475332 0
    outer loop
      vertex 4.261657498776913 -1.563840001821518 8.950000000000001
      vertex 4.336317293345928 -1.5619260370731354 9.4
      vertex 4.261657498776913 -1.563840001821518 9.4
    endloop
  endfacet
  facet normal 0.0796286979834354 -0.9968245936259111 0
    outer loop
      vertex 4.336317293345928 -1.5619260370731354 8.950000000000001
      vertex 4.408196672797203 -1.5561841428279877 9.4
      vertex 4.336317293345928 -1.5619260370731354 9.4
    endloop
  endfacet
  facet normal 0.13718505511181628 -0.9905454359361655 0
    outer loop
      vertex 4.408196672797203 -1.5561841428279877 8.950000000000001
      vertex 4.477295637130737 -1.5466143190860748 9.4
      vertex 4.408196672797203 -1.5561841428279877 9.4
    endloop
  endfacet
  facet normal 0.1980207467228137 -0.9801978289444122 0
    outer loop
      vertex 4.477295637130737 -1.5466143190860748 8.950000000000001
      vertex 4.543614186346531 -1.5332165658473969 9.4
      vertex 4.477295637130737 -1.5466143190860748 9.4
    endloop
  endfacet
  facet normal -0.8351935798009147 -0.5499560748453763 0
    outer loop
      vertex 3.420422710478306 -1.1273104473948479 8.950000000000001
      vertex 3.420422710478306 -1.1273104473948479 9.4
      vertex 3.3778591006994247 -1.0626710057258606 8.950000000000001
    endloop
  endfacet
  facet normal -0.12052058220877314 0.9927108286223428 0
    outer loop
      vertex 4.508518181741238 -2.365088164806366 8.950000000000001
      vertex 4.508518181741238 -2.365088164806366 9.4
      vertex 4.62086720764637 -2.3514483720064163 8.950000000000001
    endloop
  endfacet
  facet normal -0.17252127107853668 0.9850057923816724 0
    outer loop
      vertex 4.62086720764637 -2.3514483720064163 8.950000000000001
      vertex 4.62086720764637 -2.3514483720064163 9.4
      vertex 4.729893684387207 -2.3323526605963707 8.950000000000001
    endloop
  endfacet
  facet normal -0.22624520411946558 0.9740703812420031 0
    outer loop
      vertex 4.729893684387207 -2.3323526605963707 8.950000000000001
      vertex 4.729893684387207 -2.3323526605963707 9.4
      vertex 4.8355976194143295 -2.3078010380268097 8.950000000000001
    endloop
  endfacet
  facet normal -0.2812636283734215 0.9596305389858212 0
    outer loop
      vertex 4.8355976194143295 -2.3078010380268097 8.950000000000001
      vertex 4.8355976194143295 -2.3078010380268097 9.4
      vertex 4.937979005277157 -2.277793489396572 8.950000000000001
    endloop
  endfacet
  facet normal -0.3370552929668029 0.9414848535600893 0
    outer loop
      vertex 4.937979005277157 -2.277793489396572 8.950000000000001
      vertex 4.937979005277157 -2.277793489396572 9.4
      vertex 5.03703785687685 -2.242330029606819 8.950000000000001
    endloop
  endfacet
  facet normal -0.12052058220877314 0.9927108286223428 0
    outer loop
      vertex 4.62086720764637 -2.3514483720064163 8.950000000000001
      vertex 4.508518181741238 -2.365088164806366 9.4
      vertex 4.62086720764637 -2.3514483720064163 9.4
    endloop
  endfacet
  facet normal -0.17252127107853668 0.9850057923816724 0
    outer loop
      vertex 4.729893684387207 -2.3323526605963707 8.950000000000001
      vertex 4.62086720764637 -2.3514483720064163 9.4
      vertex 4.729893684387207 -2.3323526605963707 9.4
    endloop
  endfacet
  facet normal -0.22624520411946558 0.9740703812420031 0
    outer loop
      vertex 4.8355976194143295 -2.3078010380268097 8.950000000000001
      vertex 4.729893684387207 -2.3323526605963707 9.4
      vertex 4.8355976194143295 -2.3078010380268097 9.4
    endloop
  endfacet
  facet normal -0.2812636283734215 0.9596305389858212 0
    outer loop
      vertex 4.937979005277157 -2.277793489396572 8.950000000000001
      vertex 4.8355976194143295 -2.3078010380268097 9.4
      vertex 4.937979005277157 -2.277793489396572 9.4
    endloop
  endfacet
  facet normal 0 0 1
    outer loop
      vertex 4.508518181741238 -2.365088164806366 8.950000000000001
      vertex 4.62086720764637 -2.3514483720064163 8.950000000000001
      vertex 4.477295637130737 -1.5466143190860748 8.950000000000001
    endloop
  endfacet
  facet normal 0 0 1
    outer loop
      vertex 4.62086720764637 -2.3514483720064163 8.950000000000001
      vertex 4.729893684387207 -2.3323526605963707 8.950000000000001
      vertex 4.543614186346531 -1.5332165658473969 8.950000000000001
    endloop
  endfacet
  facet normal 0 0 1
    outer loop
      vertex 4.607152320444584 -1.5159908905625343 8.950000000000001
      vertex 4.729893684387207 -2.3323526605963707 8.950000000000001
      vertex 4.8355976194143295 -2.3078010380268097 8.950000000000001
    endloop
  endfacet
  facet normal 0 0 1
    outer loop
      vertex 4.607152320444584 -1.5159908905625343 8.950000000000001
      vertex 4.8355976194143295 -2.3078010380268097 8.950000000000001
      vertex 4.937979005277157 -2.277793489396572 8.950000000000001
    endloop
  endfacet
  facet normal 0 0 1
    outer loop
      vertex 4.62086720764637 -2.3514483720064163 8.950000000000001
      vertex 4.543614186346531 -1.5332165658473969 8.950000000000001
      vertex 4.477295637130737 -1.5466143190860748 8.950000000000001
    endloop
  endfacet
  facet normal 0 0 1
    outer loop
      vertex 4.543614186346531 -1.5332165658473969 8.950000000000001
      vertex 4.729893684387207 -2.3323526605963707 8.950000000000001
      vertex 4.607152320444584 -1.5159908905625343 8.950000000000001
    endloop
  endfacet
  facet normal 0 0 1
    outer loop
      vertex 4.607152320444584 -1.5159908905625343 8.950000000000001
      vertex 4.937979005277157 -2.277793489396572 8.950000000000001
      vertex 4.667910046875477 -1.494937278330326 8.950000000000001
    endloop
  endfacet
  facet normal 0 0 1
    outer loop
      vertex 4.667910046875477 -1.494937278330326 8.950000000000001
      vertex 4.937979005277157 -2.277793489396572 8.950000000000001
      vertex 5.03703785687685 -2.242330029606819 8.950000000000001
    endloop
  endfacet
  facet normal -0.39302274930849057 0.919528748069355 0
    outer loop
      vertex 5.03703785687685 -2.242330029606819 8.950000000000001
      vertex 5.03703785687685 -2.242330029606819 9.4
      vertex 5.132774159312248 -2.20141065120697 8.950000000000001
    endloop
  endfacet
  facet normal 0 0 1
    outer loop
      vertex 4.667910046875477 -1.494937278330326 8.950000000000001
      vertex 5.03703785687685 -2.242330029606819 8.950000000000001
      vertex 4.7258873507380486 -1.4700557366013527 8.950000000000001
    endloop
  endfacet
  facet normal 0 0 1
    outer loop
      vertex 5.132774159312248 -2.20141065120697 8.950000000000001
      vertex 4.78108424693346 -1.4413462728261948 8.950000000000001
      vertex 4.7258873507380486 -1.4700557366013527 8.950000000000001
    endloop
  endfacet
  facet normal 0 0 1
    outer loop
      vertex 5.03703785687685 -2.242330029606819 8.950000000000001
      vertex 5.132774159312248 -2.20141065120697 8.950000000000001
      vertex 4.7258873507380486 -1.4700557366013527 8.950000000000001
    endloop
  endfacet
  facet normal 0 0 1
    outer loop
      vertex 5.132774159312248 -2.20141065120697 8.950000000000001
      vertex 5.225187912583351 -2.1550353541970253 8.950000000000001
      vertex 4.78108424693346 -1.4413462728261948 8.950000000000001
    endloop
  endfacet
  facet normal -0.3370552929668029 0.9414848535600893 0
    outer loop
      vertex 5.03703785687685 -2.242330029606819 8.950000000000001
      vertex 4.937979005277157 -2.277793489396572 9.4
      vertex 5.03703785687685 -2.242330029606819 9.4
    endloop
  endfacet
  facet normal 0.26166214845890073 -0.9651595308879627 0
    outer loop
      vertex 4.543614186346531 -1.5332165658473969 8.950000000000001
      vertex 4.607152320444584 -1.5159908905625343 8.950000000000001
      vertex 4.607152320444584 -1.5159908905625343 9.4
    endloop
  endfacet
  facet normal 0.3274173442454229 -0.9448798244683152 0
    outer loop
      vertex 4.607152320444584 -1.5159908905625343 8.950000000000001
      vertex 4.667910046875477 -1.494937278330326 8.950000000000001
      vertex 4.667910046875477 -1.494937278330326 9.4
    endloop
  endfacet
  facet normal 0.39437621622670754 -0.9189490737112178 0
    outer loop
      vertex 4.667910046875477 -1.494937278330326 8.950000000000001
      vertex 4.7258873507380486 -1.4700557366013527 8.950000000000001
      vertex 4.7258873507380486 -1.4700557366013527 9.4
    endloop
  endfacet
  facet normal 0.4614422805115553 -0.8871702326815837 0
    outer loop
      vertex 4.7258873507380486 -1.4700557366013527 8.950000000000001
      vertex 4.78108424693346 -1.4413462728261948 8.950000000000001
      vertex 4.78108424693346 -1.4413462728261948 9.4
    endloop
  endfacet
  facet normal 0 0 1
    outer loop
      vertex 5.225187912583351 -2.1550353541970253 8.950000000000001
      vertex 4.833500728011131 -1.408808872103691 8.950000000000001
      vertex 4.78108424693346 -1.4413462728261948 8.950000000000001
    endloop
  endfacet
  facet normal 0 0 1
    outer loop
      vertex 5.314279124140739 -2.1032041385769844 8.950000000000001
      vertex 4.883136786520481 -1.372443549335003 8.950000000000001
      vertex 4.833500728011131 -1.408808872103691 8.950000000000001
    endloop
  endfacet
  facet normal 0.5273983525342004 -0.8496181364261307 0
    outer loop
      vertex 4.78108424693346 -1.4413462728261948 8.950000000000001
      vertex 4.833500728011131 -1.408808872103691 8.950000000000001
      vertex 4.833500728011131 -1.408808872103691 9.4
    endloop
  endfacet
  facet normal 0.5909994879297298 -0.8066719316220177 0
    outer loop
      vertex 4.833500728011131 -1.408808872103691 8.950000000000001
      vertex 4.883136786520481 -1.372443549335003 8.950000000000001
      vertex 4.883136786520481 -1.372443549335003 9.4
    endloop
  endfacet
  facet normal 0.6510832901475313 -0.7590062906792444 0
    outer loop
      vertex 4.883136786520481 -1.372443549335003 8.950000000000001
      vertex 4.929992437362671 -1.3322502970695496 8.950000000000001
      vertex 4.929992437362671 -1.3322502970695496 9.4
    endloop
  endfacet
  facet normal 0.7066727236897814 -0.7075405724005275 0
    outer loop
      vertex 4.929992437362671 -1.3322502970695496 8.950000000000001
      vertex 4.974067680537701 -1.288229115307331 8.950000000000001
      vertex 4.974067680537701 -1.288229115307331 9.4
    endloop
  endfacet
  facet normal 0.757053205327456 -0.6533532308815996 0
    outer loop
      vertex 4.974067680537701 -1.288229115307331 8.950000000000001
      vertex 5.015362501144409 -1.2403799965977669 8.950000000000001
      vertex 5.015362501144409 -1.2403799965977669 9.4
    endloop
  endfacet
  facet normal 0.7870212918138002 -0.6169258352766055 0
    outer loop
      vertex 5.015362501144409 -1.2403799965977669 8.950000000000001
      vertex 5.037144094705582 -1.212592899799347 8.950000000000001
      vertex 5.037144094705582 -1.212592899799347 9.4
    endloop
  endfacet
  facet normal 0.8152197593318184 -0.5791517452231083 0
    outer loop
      vertex 5.037144094705582 -1.212592899799347 8.950000000000001
      vertex 5.058347351849079 -1.182746984064579 8.950000000000001
      vertex 5.058347351849079 -1.182746984064579 9.4
    endloop
  endfacet
  facet normal 0.8398021081814999 -0.5428926404860432 0
    outer loop
      vertex 5.058347351849079 -1.182746984064579 8.950000000000001
      vertex 5.078972265124321 -1.1508422493934631 8.950000000000001
      vertex 5.078972265124321 -1.1508422493934631 9.4
    endloop
  endfacet
  facet normal 0.26166214845890073 -0.9651595308879627 0
    outer loop
      vertex 4.543614186346531 -1.5332165658473969 8.950000000000001
      vertex 4.607152320444584 -1.5159908905625343 9.4
      vertex 4.543614186346531 -1.5332165658473969 9.4
    endloop
  endfacet
  facet normal 0.3274173442454229 -0.9448798244683152 0
    outer loop
      vertex 4.607152320444584 -1.5159908905625343 8.950000000000001
      vertex 4.667910046875477 -1.494937278330326 9.4
      vertex 4.607152320444584 -1.5159908905625343 9.4
    endloop
  endfacet
  facet normal 0.39437621622670754 -0.9189490737112178 0
    outer loop
      vertex 4.667910046875477 -1.494937278330326 8.950000000000001
      vertex 4.7258873507380486 -1.4700557366013527 9.4
      vertex 4.667910046875477 -1.494937278330326 9.4
    endloop
  endfacet
  facet normal 0.4614422805115553 -0.8871702326815837 0
    outer loop
      vertex 4.7258873507380486 -1.4700557366013527 8.950000000000001
      vertex 4.78108424693346 -1.4413462728261948 9.4
      vertex 4.7258873507380486 -1.4700557366013527 9.4
    endloop
  endfacet
  facet normal 0.5273983525342004 -0.8496181364261307 0
    outer loop
      vertex 4.78108424693346 -1.4413462728261948 8.950000000000001
      vertex 4.833500728011131 -1.408808872103691 9.4
      vertex 4.78108424693346 -1.4413462728261948 9.4
    endloop
  endfacet
  facet normal 0.5909994879297298 -0.8066719316220177 0
    outer loop
      vertex 4.833500728011131 -1.408808872103691 8.950000000000001
      vertex 4.883136786520481 -1.372443549335003 9.4
      vertex 4.833500728011131 -1.408808872103691 9.4
    endloop
  endfacet
  facet normal 0.6510832901475313 -0.7590062906792444 0
    outer loop
      vertex 4.883136786520481 -1.372443549335003 8.950000000000001
      vertex 4.929992437362671 -1.3322502970695496 9.4
      vertex 4.883136786520481 -1.372443549335003 9.4
    endloop
  endfacet
  facet normal 0.7066727236897814 -0.7075405724005275 0
    outer loop
      vertex 4.929992437362671 -1.3322502970695496 8.950000000000001
      vertex 4.974067680537701 -1.288229115307331 9.4
      vertex 4.929992437362671 -1.3322502970695496 9.4
    endloop
  endfacet
  facet normal 0.757053205327456 -0.6533532308815996 0
    outer loop
      vertex 4.974067680537701 -1.288229115307331 8.950000000000001
      vertex 5.015362501144409 -1.2403799965977669 9.4
      vertex 4.974067680537701 -1.288229115307331 9.4
    endloop
  endfacet
  facet normal 0.7870212918138002 -0.6169258352766055 0
    outer loop
      vertex 5.015362501144409 -1.2403799965977669 8.950000000000001
      vertex 5.037144094705582 -1.212592899799347 9.4
      vertex 5.015362501144409 -1.2403799965977669 9.4
    endloop
  endfacet
  facet normal 0.8152197593318184 -0.5791517452231083 0
    outer loop
      vertex 5.037144094705582 -1.212592899799347 8.950000000000001
      vertex 5.058347351849079 -1.182746984064579 9.4
      vertex 5.037144094705582 -1.212592899799347 9.4
    endloop
  endfacet
  facet normal 0.8398021081814999 -0.5428926404860432 0
    outer loop
      vertex 5.058347351849079 -1.182746984064579 8.950000000000001
      vertex 5.078972265124321 -1.1508422493934631 9.4
      vertex 5.058347351849079 -1.182746984064579 9.4
    endloop
  endfacet
  facet normal 0.8611796595597742 -0.5083006924651111 0
    outer loop
      vertex 5.078972265124321 -1.1508422493934631 8.950000000000001
      vertex 5.099018834531307 -1.1168786957859993 9.4
      vertex 5.078972265124321 -1.1508422493934631 9.4
    endloop
  endfacet
  facet normal -0.44851621582535983 0.8937746942835757 0
    outer loop
      vertex 5.132774159312248 -2.20141065120697 8.950000000000001
      vertex 5.132774159312248 -2.20141065120697 9.4
      vertex 5.225187912583351 -2.1550353541970253 8.950000000000001
    endloop
  endfacet
  facet normal -0.5028669686069109 0.864363819166499 0
    outer loop
      vertex 5.225187912583351 -2.1550353541970253 8.950000000000001
      vertex 5.225187912583351 -2.1550353541970253 9.4
      vertex 5.314279124140739 -2.1032041385769844 8.950000000000001
    endloop
  endfacet
  facet normal -0.5554249986213098 0.8315666364799144 0
    outer loop
      vertex 5.314279124140739 -2.1032041385769844 8.950000000000001
      vertex 5.314279124140739 -2.1032041385769844 9.4
      vertex 5.400047793984413 -2.045917011797428 8.950000000000001
    endloop
  endfacet
  facet normal 0 0 1
    outer loop
      vertex 5.225187912583351 -2.1550353541970253 8.950000000000001
      vertex 5.314279124140739 -2.1032041385769844 8.950000000000001
      vertex 4.833500728011131 -1.408808872103691 8.950000000000001
    endloop
  endfacet
  facet normal 0 0 1
    outer loop
      vertex 5.314279124140739 -2.1032041385769844 8.950000000000001
      vertex 5.400047793984413 -2.045917011797428 8.950000000000001
      vertex 4.883136786520481 -1.372443549335003 8.950000000000001
    endloop
  endfacet
  facet normal 0 0 1
    outer loop
      vertex 5.400047793984413 -2.045917011797428 8.950000000000001
      vertex 5.482493922114372 -1.9831739664077759 8.950000000000001
      vertex 4.883136786520481 -1.372443549335003 8.950000000000001
    endloop
  endfacet
  facet normal 0 0 1
    outer loop
      vertex 5.482493922114372 -1.9831739664077759 8.950000000000001
      vertex 5.561617501080036 -1.9149750024080276 8.950000000000001
      vertex 4.929992437362671 -1.3322502970695496 8.950000000000001
    endloop
  endfacet
  facet normal -0.6055969940561721 0.7957715003630933 0
    outer loop
      vertex 5.400047793984413 -2.045917011797428 8.950000000000001
      vertex 5.400047793984413 -2.045917011797428 9.4
      vertex 5.482493922114372 -1.9831739664077759 8.950000000000001
    endloop
  endfacet
  facet normal -0.652879111741029 0.757462121463671 0
    outer loop
      vertex 5.482493922114372 -1.9831739664077759 8.950000000000001
      vertex 5.482493922114372 -1.9831739664077759 9.4
      vertex 5.561617501080036 -1.9149750024080276 8.950000000000001
    endloop
  endfacet
  facet normal -0.6964253729897608 0.7176292217127677 0
    outer loop
      vertex 5.561617501080036 -1.9149750024080276 8.950000000000001
      vertex 5.561617501080036 -1.9149750024080276 9.4
      vertex 5.6363702192902565 -1.8424310088157654 8.950000000000001
    endloop
  endfacet
  facet normal -0.39302274930849057 0.919528748069355 0
    outer loop
      vertex 5.132774159312248 -2.20141065120697 8.950000000000001
      vertex 5.03703785687685 -2.242330029606819 9.4
      vertex 5.132774159312248 -2.20141065120697 9.4
    endloop
  endfacet
  facet normal -0.44851621582535983 0.8937746942835757 0
    outer loop
      vertex 5.225187912583351 -2.1550353541970253 8.950000000000001
      vertex 5.132774159312248 -2.20141065120697 9.4
      vertex 5.225187912583351 -2.1550353541970253 9.4
    endloop
  endfacet
  facet normal -0.5028669686069109 0.864363819166499 0
    outer loop
      vertex 5.314279124140739 -2.1032041385769844 8.950000000000001
      vertex 5.225187912583351 -2.1550353541970253 9.4
      vertex 5.314279124140739 -2.1032041385769844 9.4
    endloop
  endfacet
  facet normal -0.5554249986213098 0.8315666364799144 0
    outer loop
      vertex 5.400047793984413 -2.045917011797428 8.950000000000001
      vertex 5.314279124140739 -2.1032041385769844 9.4
      vertex 5.400047793984413 -2.045917011797428 9.4
    endloop
  endfacet
  facet normal -0.6055969940561721 0.7957715003630933 0
    outer loop
      vertex 5.482493922114372 -1.9831739664077759 8.950000000000001
      vertex 5.400047793984413 -2.045917011797428 9.4
      vertex 5.482493922114372 -1.9831739664077759 9.4
    endloop
  endfacet
  facet normal -0.652879111741029 0.757462121463671 0
    outer loop
      vertex 5.561617501080036 -1.9149750024080276 8.950000000000001
      vertex 5.482493922114372 -1.9831739664077759 9.4
      vertex 5.561617501080036 -1.9149750024080276 9.4
    endloop
  endfacet
  facet normal -0.6964253729897608 0.7176292217127677 0
    outer loop
      vertex 5.6363702192902565 -1.8424310088157654 8.950000000000001
      vertex 5.561617501080036 -1.9149750024080276 9.4
      vertex 5.6363702192902565 -1.8424310088157654 9.4
    endloop
  endfacet
  facet normal 0 0 1
    outer loop
      vertex 5.482493922114372 -1.9831739664077759 8.950000000000001
      vertex 4.929992437362671 -1.3322502970695496 8.950000000000001
      vertex 4.883136786520481 -1.372443549335003 8.950000000000001
    endloop
  endfacet
  facet normal 0 0 1
    outer loop
      vertex 5.561617501080036 -1.9149750024080276 8.950000000000001
      vertex 4.974067680537701 -1.288229115307331 8.950000000000001
      vertex 4.929992437362671 -1.3322502970695496 8.950000000000001
    endloop
  endfacet
  facet normal 0 0 1
    outer loop
      vertex 5.6363702192902565 -1.8424310088157654 8.950000000000001
      vertex 5.015362501144409 -1.2403799965977669 8.950000000000001
      vertex 4.974067680537701 -1.288229115307331 8.950000000000001
    endloop
  endfacet
  facet normal 0 0 1
    outer loop
      vertex 5.015362501144409 -1.2403799965977669 8.950000000000001
      vertex 5.706645309925079 -1.7666390240192413 8.950000000000001
      vertex 5.037144094705582 -1.212592899799347 8.950000000000001
    endloop
  endfacet
  facet normal 0 0 1
    outer loop
      vertex 5.037144094705582 -1.212592899799347 8.950000000000001
      vertex 5.772442765533924 -1.687599055469036 8.950000000000001
      vertex 5.058347351849079 -1.182746984064579 8.950000000000001
    endloop
  endfacet
  facet normal 0 0 1
    outer loop
      vertex 5.772442765533924 -1.687599055469036 8.950000000000001
      vertex 5.078972265124321 -1.1508422493934631 8.950000000000001
      vertex 5.058347351849079 -1.182746984064579 8.950000000000001
    endloop
  endfacet
  facet normal 0 0 1
    outer loop
      vertex 5.833762586116791 -1.605311095714569 8.950000000000001
      vertex 5.099018834531307 -1.1168786957859993 8.950000000000001
      vertex 5.078972265124321 -1.1508422493934631 8.950000000000001
    endloop
  endfacet
  facet normal 0 0 1
    outer loop
      vertex 5.89060477912426 -1.5197751447558403 8.950000000000001
      vertex 5.118487052619457 -1.080856330692768 8.950000000000001
      vertex 5.099018834531307 -1.1168786957859993 8.950000000000001
    endloop
  endfacet
  facet normal 0 0 1
    outer loop
      vertex 5.561617501080036 -1.9149750024080276 8.950000000000001
      vertex 5.6363702192902565 -1.8424310088157654 8.950000000000001
      vertex 4.974067680537701 -1.288229115307331 8.950000000000001
    endloop
  endfacet
  facet normal 0 0 1
    outer loop
      vertex 5.6363702192902565 -1.8424310088157654 8.950000000000001
      vertex 5.706645309925079 -1.7666390240192413 8.950000000000001
      vertex 5.015362501144409 -1.2403799965977669 8.950000000000001
    endloop
  endfacet
  facet normal 0 0 1
    outer loop
      vertex 5.037144094705582 -1.212592899799347 8.950000000000001
      vertex 5.706645309925079 -1.7666390240192413 8.950000000000001
      vertex 5.772442765533924 -1.687599055469036 8.950000000000001
    endloop
  endfacet
  facet normal 0 0 1
    outer loop
      vertex 5.772442765533924 -1.687599055469036 8.950000000000001
      vertex 5.833762586116791 -1.605311095714569 8.950000000000001
      vertex 5.078972265124321 -1.1508422493934631 8.950000000000001
    endloop
  endfacet
  facet normal 0 0 1
    outer loop
      vertex 5.89060477912426 -1.5197751447558403 8.950000000000001
      vertex 5.137376934289932 -1.042775146663189 8.950000000000001
      vertex 5.118487052619457 -1.080856330692768 8.950000000000001
    endloop
  endfacet
  facet normal 0 0 1
    outer loop
      vertex 5.942969337105751 -1.4309912100434303 8.950000000000001
      vertex 5.155688479542732 -1.0026351511478424 8.950000000000001
      vertex 5.137376934289932 -1.042775146663189 8.950000000000001
    endloop
  endfacet
  facet normal 0 0 1
    outer loop
      vertex 5.833762586116791 -1.605311095714569 8.950000000000001
      vertex 5.89060477912426 -1.5197751447558403 8.950000000000001
      vertex 5.099018834531307 -1.1168786957859993 8.950000000000001
    endloop
  endfacet
  facet normal 0.8611796595597742 -0.5083006924651111 0
    outer loop
      vertex 5.078972265124321 -1.1508422493934631 8.950000000000001
      vertex 5.099018834531307 -1.1168786957859993 8.950000000000001
      vertex 5.099018834531307 -1.1168786957859993 9.4
    endloop
  endfacet
  facet normal 0.8797405372666295 -0.4754540851542052 0
    outer loop
      vertex 5.099018834531307 -1.1168786957859993 8.950000000000001
      vertex 5.118487052619457 -1.080856330692768 8.950000000000001
      vertex 5.118487052619457 -1.080856330692768 9.4
    endloop
  endfacet
  facet normal 0.8958408481472756 -0.44437503844249604 0
    outer loop
      vertex 5.118487052619457 -1.080856330692768 8.950000000000001
      vertex 5.137376934289932 -1.042775146663189 8.950000000000001
      vertex 5.137376934289932 -1.042775146663189 9.4
    endloop
  endfacet
  facet normal 0.9098013012462539 -0.4150440847074237 0
    outer loop
      vertex 5.137376934289932 -1.042775146663189 8.950000000000001
      vertex 5.155688479542732 -1.0026351511478424 8.950000000000001
      vertex 5.155688479542732 -1.0026351511478424 9.4
    endloop
  endfacet
  facet normal 0.9219065183134557 -0.3874124049267935 0
    outer loop
      vertex 5.155688479542732 -1.0026351511478424 8.950000000000001
      vertex 5.173421673476696 -0.9604363292455673 8.950000000000001
      vertex 5.173421673476696 -0.9604363292455673 9.4
    endloop
  endfacet
  facet normal 0.9324058494364417 -0.3614129659222364 0
    outer loop
      vertex 5.173421673476696 -0.9604363292455673 8.950000000000001
      vertex 5.190576523542404 -0.9161786958575249 8.950000000000001
      vertex 5.190576523542404 -0.9161786958575249 9.4
    endloop
  endfacet
  facet normal 0.9415168696354366 -0.3369658501864666 0
    outer loop
      vertex 5.190576523542404 -0.9161786958575249 8.950000000000001
      vertex 5.207153029739857 -0.8698622509837151 8.950000000000001
      vertex 5.207153029739857 -0.8698622509837151 9.4
    endloop
  endfacet
  facet normal 0.9494279441378076 -0.31398499787450995 0
    outer loop
      vertex 5.207153029739857 -0.8698622509837151 8.950000000000001
      vertex 5.223151199519634 -0.8214869797229767 8.950000000000001
      vertex 5.223151199519634 -0.8214869797229767 9.4
    endloop
  endfacet
  facet normal 0.9563017235650124 -0.29238162306579146 0
    outer loop
      vertex 5.223151199519634 -0.8214869797229767 8.950000000000001
      vertex 5.238571017980576 -0.771052896976471 8.950000000000001
      vertex 5.238571017980576 -0.771052896976471 9.4
    endloop
  endfacet
  facet normal 0.9622780514136041 -0.27206791756404647 0
    outer loop
      vertex 5.238571017980576 -0.771052896976471 8.950000000000001
      vertex 5.253412500023842 -0.7185600027441978 8.950000000000001
      vertex 5.253412500023842 -0.7185600027441978 9.4
    endloop
  endfacet
  facet normal 0 0 1
    outer loop
      vertex 5.990856260061264 -1.3389592915773392 8.950000000000001
      vertex 5.173421673476696 -0.9604363292455673 8.950000000000001
      vertex 5.155688479542732 -1.0026351511478424 8.950000000000001
    endloop
  endfacet
  facet normal 0 0 1
    outer loop
      vertex 6.034265547990799 -1.2436793819069862 8.950000000000001
      vertex 5.190576523542404 -0.9161786958575249 8.950000000000001
      vertex 5.173421673476696 -0.9604363292455673 8.950000000000001
    endloop
  endfacet
  facet normal 0 0 1
    outer loop
      vertex 6.034265547990799 -1.2436793819069862 8.950000000000001
      vertex 5.207153029739857 -0.8698622509837151 8.950000000000001
      vertex 5.190576523542404 -0.9161786958575249 8.950000000000001
    endloop
  endfacet
  facet normal 0 0 1
    outer loop
      vertex 5.207153029739857 -0.8698622509837151 8.950000000000001
      vertex 6.073197200894356 -1.1451514810323715 8.950000000000001
      vertex 5.223151199519634 -0.8214869797229767 8.950000000000001
    endloop
  endfacet
  facet normal 0 0 1
    outer loop
      vertex 5.223151199519634 -0.8214869797229767 8.950000000000001
      vertex 6.107651226222515 -1.043375588953495 8.950000000000001
      vertex 5.238571017980576 -0.771052896976471 8.950000000000001
    endloop
  endfacet
  facet normal 0 0 1
    outer loop
      vertex 5.238571017980576 -0.771052896976471 8.950000000000001
      vertex 6.107651226222515 -1.043375588953495 8.950000000000001
      vertex 5.253412500023842 -0.7185600027441978 8.950000000000001
    endloop
  endfacet
  facet normal 0.8797405372666295 -0.4754540851542052 0
    outer loop
      vertex 5.099018834531307 -1.1168786957859993 8.950000000000001
      vertex 5.118487052619457 -1.080856330692768 9.4
      vertex 5.099018834531307 -1.1168786957859993 9.4
    endloop
  endfacet
  facet normal 0.8958408481472756 -0.44437503844249604 0
    outer loop
      vertex 5.118487052619457 -1.080856330692768 8.950000000000001
      vertex 5.137376934289932 -1.042775146663189 9.4
      vertex 5.118487052619457 -1.080856330692768 9.4
    endloop
  endfacet
  facet normal 0.9098013012462539 -0.4150440847074237 0
    outer loop
      vertex 5.137376934289932 -1.042775146663189 8.950000000000001
      vertex 5.155688479542732 -1.0026351511478424 9.4
      vertex 5.137376934289932 -1.042775146663189 9.4
    endloop
  endfacet
  facet normal 0.9219065183134557 -0.3874124049267935 0
    outer loop
      vertex 5.155688479542732 -1.0026351511478424 8.950000000000001
      vertex 5.173421673476696 -0.9604363292455673 9.4
      vertex 5.155688479542732 -1.0026351511478424 9.4
    endloop
  endfacet
  facet normal 0.9324058494364417 -0.3614129659222364 0
    outer loop
      vertex 5.173421673476696 -0.9604363292455673 8.950000000000001
      vertex 5.190576523542404 -0.9161786958575249 9.4
      vertex 5.173421673476696 -0.9604363292455673 9.4
    endloop
  endfacet
  facet normal 0.9415168696354366 -0.3369658501864666 0
    outer loop
      vertex 5.190576523542404 -0.9161786958575249 8.950000000000001
      vertex 5.207153029739857 -0.8698622509837151 9.4
      vertex 5.190576523542404 -0.9161786958575249 9.4
    endloop
  endfacet
  facet normal 0.9494279441378076 -0.31398499787450995 0
    outer loop
      vertex 5.207153029739857 -0.8698622509837151 8.950000000000001
      vertex 5.223151199519634 -0.8214869797229767 9.4
      vertex 5.207153029739857 -0.8698622509837151 9.4
    endloop
  endfacet
  facet normal 0.9563017235650124 -0.29238162306579146 0
    outer loop
      vertex 5.223151199519634 -0.8214869797229767 8.950000000000001
      vertex 5.238571017980576 -0.771052896976471 9.4
      vertex 5.223151199519634 -0.8214869797229767 9.4
    endloop
  endfacet
  facet normal 0.9622780514136041 -0.27206791756404647 0
    outer loop
      vertex 5.238571017980576 -0.771052896976471 8.950000000000001
      vertex 5.253412500023842 -0.7185600027441978 9.4
      vertex 5.238571017980576 -0.771052896976471 9.4
    endloop
  endfacet
  facet normal 0 -1 0
    outer loop
      vertex 5.253412500023842 -0.7185600027441978 8.950000000000001
      vertex 6.050000000000001 -0.7185600027441978 9.4
      vertex 5.253412500023842 -0.7185600027441978 9.4
    endloop
  endfacet
  facet normal -0.7332910684087931 0.6799148542221229 0
    outer loop
      vertex 5.6363702192902565 -1.8424310088157654 8.950000000000001
      vertex 5.6363702192902565 -1.8424310088157654 9.4
      vertex 5.706645309925079 -1.7666390240192413 8.950000000000001
    endloop
  endfacet
  facet normal -0.7685520253277225 0.6397872961888628 0
    outer loop
      vertex 5.706645309925079 -1.7666390240192413 8.950000000000001
      vertex 5.706645309925079 -1.7666390240192413 9.4
      vertex 5.772442765533924 -1.687599055469036 8.950000000000001
    endloop
  endfacet
  facet normal -0.7332910684087931 0.6799148542221229 0
    outer loop
      vertex 5.706645309925079 -1.7666390240192413 8.950000000000001
      vertex 5.6363702192902565 -1.8424310088157654 9.4
      vertex 5.706645309925079 -1.7666390240192413 9.4
    endloop
  endfacet
  facet normal -0.7685520253277225 0.6397872961888628 0
    outer loop
      vertex 5.772442765533924 -1.687599055469036 8.950000000000001
      vertex 5.706645309925079 -1.7666390240192413 9.4
      vertex 5.772442765533924 -1.687599055469036 9.4
    endloop
  endfacet
  facet normal -0.8018491041007897 0.5975265803734263 0
    outer loop
      vertex 5.772442765533924 -1.687599055469036 8.950000000000001
      vertex 5.772442765533924 -1.687599055469036 9.4
      vertex 5.833762586116791 -1.605311095714569 8.950000000000001
    endloop
  endfacet
  facet normal -0.8328662884449127 0.5534742501435773 0
    outer loop
      vertex 5.833762586116791 -1.605311095714569 8.950000000000001
      vertex 5.833762586116791 -1.605311095714569 9.4
      vertex 5.89060477912426 -1.5197751447558403 8.950000000000001
    endloop
  endfacet
  facet normal -0.861345519661794 0.5080195820621033 0
    outer loop
      vertex 5.89060477912426 -1.5197751447558403 8.950000000000001
      vertex 5.89060477912426 -1.5197751447558403 9.4
      vertex 5.942969337105751 -1.4309912100434303 8.950000000000001
    endloop
  endfacet
  facet normal 0 0 1
    outer loop
      vertex 5.89060477912426 -1.5197751447558403 8.950000000000001
      vertex 5.942969337105751 -1.4309912100434303 8.950000000000001
      vertex 5.137376934289932 -1.042775146663189 8.950000000000001
    endloop
  endfacet
  facet normal 0 0 1
    outer loop
      vertex 5.942969337105751 -1.4309912100434303 8.950000000000001
      vertex 5.990856260061264 -1.3389592915773392 8.950000000000001
      vertex 5.155688479542732 -1.0026351511478424 8.950000000000001
    endloop
  endfacet
  facet normal 0 0 1
    outer loop
      vertex 5.990856260061264 -1.3389592915773392 8.950000000000001
      vertex 6.034265547990799 -1.2436793819069862 8.950000000000001
      vertex 5.173421673476696 -0.9604363292455673 8.950000000000001
    endloop
  endfacet
  facet normal -0.8870971245068479 0.4615828113044094 0
    outer loop
      vertex 5.942969337105751 -1.4309912100434303 8.950000000000001
      vertex 5.942969337105751 -1.4309912100434303 9.4
      vertex 5.990856260061264 -1.3389592915773392 8.950000000000001
    endloop
  endfacet
  facet normal -0.9100054822830758 0.41459621587123396 0
    outer loop
      vertex 5.990856260061264 -1.3389592915773392 8.950000000000001
      vertex 5.990856260061264 -1.3389592915773392 9.4
      vertex 6.034265547990799 -1.2436793819069862 8.950000000000001
    endloop
  endfacet
  facet normal -0.9300292470791623 0.367485509343384 -7.615851990321051e-17
    outer loop
      vertex 6.034265547990799 -1.2436793819069862 8.950000000000001
      vertex 6.050000000000001 -1.2038587626355814 9.4
      vertex 6.073197200894356 -1.1451514810323715 8.950000000000001
    endloop
  endfacet
  facet normal -0.8018491041007897 0.5975265803734263 0
    outer loop
      vertex 5.833762586116791 -1.605311095714569 8.950000000000001
      vertex 5.772442765533924 -1.687599055469036 9.4
      vertex 5.833762586116791 -1.605311095714569 9.4
    endloop
  endfacet
  facet normal -0.8328662884449127 0.5534742501435773 0
    outer loop
      vertex 5.89060477912426 -1.5197751447558403 8.950000000000001
      vertex 5.833762586116791 -1.605311095714569 9.4
      vertex 5.89060477912426 -1.5197751447558403 9.4
    endloop
  endfacet
  facet normal -0.861345519661794 0.5080195820621033 0
    outer loop
      vertex 5.942969337105751 -1.4309912100434303 8.950000000000001
      vertex 5.89060477912426 -1.5197751447558403 9.4
      vertex 5.942969337105751 -1.4309912100434303 9.4
    endloop
  endfacet
  facet normal -0.8870971245068479 0.4615828113044094 0
    outer loop
      vertex 5.990856260061264 -1.3389592915773392 8.950000000000001
      vertex 5.942969337105751 -1.4309912100434303 9.4
      vertex 5.990856260061264 -1.3389592915773392 9.4
    endloop
  endfacet
  facet normal -0.9100054822830758 0.41459621587123396 0
    outer loop
      vertex 6.034265547990799 -1.2436793819069862 8.950000000000001
      vertex 5.990856260061264 -1.3389592915773392 9.4
      vertex 6.034265547990799 -1.2436793819069862 9.4
    endloop
  endfacet
  facet normal -0.9300292470791627 0.3674855093433832 0
    outer loop
      vertex 6.034265547990799 -1.2436793819069862 8.950000000000001
      vertex 6.034265547990799 -1.2436793819069862 9.4
      vertex 6.050000000000001 -1.2038587626355814 9.4
    endloop
  endfacet
  facet normal -0.930029247079162 0.3674855093433845 0
    outer loop
      vertex 6.073197200894356 -1.1451514810323715 8.950000000000001
      vertex 6.050000000000001 -1.2038587626355814 9.4
      vertex 6.073197200894356 -1.1451514810323715 9.327330901998284
    endloop
  endfacet
  facet normal 0 0 1
    outer loop
      vertex 6.034265547990799 -1.2436793819069862 8.950000000000001
      vertex 6.073197200894356 -1.1451514810323715 8.950000000000001
      vertex 5.207153029739857 -0.8698622509837151 8.950000000000001
    endloop
  endfacet
  facet normal 0 0 1
    outer loop
      vertex 5.223151199519634 -0.8214869797229767 8.950000000000001
      vertex 6.073197200894356 -1.1451514810323715 8.950000000000001
      vertex 6.107651226222515 -1.043375588953495 8.950000000000001
    endloop
  endfacet
  facet normal 0 0 1
    outer loop
      vertex 5.253412500023842 -0.7185600027441978 8.950000000000001
      vertex 6.107651226222515 -1.043375588953495 8.950000000000001
      vertex 6.137627616524696 -0.9383517131209373 8.950000000000001
    endloop
  endfacet
  facet normal 0 0 1
    outer loop
      vertex 5.253412500023842 -0.7185600027441978 8.950000000000001
      vertex 6.137627616524696 -0.9383517131209373 8.950000000000001
      vertex 6.16312637925148 -0.8300798535346985 8.950000000000001
    endloop
  endfacet
  facet normal 0 0 1
    outer loop
      vertex 5.253412500023842 -0.7185600027441978 8.950000000000001
      vertex 6.16312637925148 -0.8300798535346985 8.950000000000001
      vertex 6.184147499501705 -0.7185600027441978 8.950000000000001
    endloop
  endfacet
  facet normal 0 -1 0
    outer loop
      vertex 5.253412500023842 -0.7185600027441978 8.950000000000001
      vertex 6.184147499501705 -0.7185600027441978 8.950000000000001
      vertex 6.184147499501705 -0.7185600027441978 8.979760599894327
    endloop
  endfacet
  facet normal -0.9471967488267959 0.32065295727928006 0
    outer loop
      vertex 6.073197200894356 -1.1451514810323715 8.950000000000001
      vertex 6.073197200894356 -1.1451514810323715 9.327330901998284
      vertex 6.107651226222515 -1.043375588953495 8.950000000000001
    endloop
  endfacet
  facet normal -0.9615975133144683 0.2744635174070154 0
    outer loop
      vertex 6.107651226222515 -1.043375588953495 8.950000000000001
      vertex 6.107651226222515 -1.043375588953495 9.219397925320271
      vertex 6.137627616524696 -0.9383517131209373 8.950000000000001
    endloop
  endfacet
  facet normal -0.9733709864381836 0.22923551810388626 0
    outer loop
      vertex 6.137627616524696 -0.9383517131209373 8.950000000000001
      vertex 6.137627616524696 -0.9383517131209373 9.125491886633638
      vertex 6.16312637925148 -0.8300798535346985 8.950000000000001
    endloop
  endfacet
  facet normal -0.9615975133144682 0.27446351740701547 0
    outer loop
      vertex 6.137627616524696 -0.9383517131209373 8.950000000000001
      vertex 6.107651226222515 -1.043375588953495 9.219397925320271
      vertex 6.137627616524696 -0.9383517131209373 9.125491886633638
    endloop
  endfacet
  facet normal -0.9733709864381836 0.22923551810388626 0
    outer loop
      vertex 6.16312637925148 -0.8300798535346985 8.950000000000001
      vertex 6.137627616524696 -0.9383517131209373 9.125491886633638
      vertex 6.16312637925148 -0.8300798535346985 9.0456127625982
    endloop
  endfacet
  facet normal -0.982694327215981 0.18523460599340014 0
    outer loop
      vertex 6.16312637925148 -0.8300798535346985 8.950000000000001
      vertex 6.16312637925148 -0.8300798535346985 9.0456127625982
      vertex 6.184147499501705 -0.7185600027441978 8.950000000000001
    endloop
  endfacet
  facet normal -0.9826943272159812 0.18523460599340014 0
    outer loop
      vertex 6.184147499501705 -0.7185600027441978 8.950000000000001
      vertex 6.16312637925148 -0.8300798535346985 9.0456127625982
      vertex 6.184147499501705 -0.7185600027441978 8.979760599894327
    endloop
  endfacet
  facet normal 0 -1 0
    outer loop
      vertex 5.253412500023842 -0.7185600027441978 8.950000000000001
      vertex 6.184147499501705 -0.7185600027441978 8.979760599894327
      vertex 6.050000000000001 -0.7185600027441978 9.4
    endloop
  endfacet
  facet normal -0.9471967488267959 0.32065295727928006 0
    outer loop
      vertex 6.107651226222515 -1.043375588953495 8.950000000000001
      vertex 6.073197200894356 -1.1451514810323715 9.327330901998284
      vertex 6.107651226222515 -1.043375588953495 9.219397925320271
    endloop
  endfacet
  facet normal 0 0 1
    outer loop
      vertex -0.023017503321170807 -0.4513949975371361 8.950000000000001
      vertex 0.5201324969530106 0.30811499804258347 8.950000000000001
      vertex -0.2549474984407425 0.4941899999976158 8.950000000000001
    endloop
  endfacet
  facet normal -0.23343914648409003 -0.9723714130355642 0
    outer loop
      vertex -0.2549474984407425 0.4941899999976158 8.950000000000001
      vertex 0.5201324969530106 0.30811499804258347 8.950000000000001
      vertex 0.5201324969530106 0.30811499804258347 9.4
    endloop
  endfacet
  facet normal 0 0 1
    outer loop
      vertex 0.3154251053929329 -0.541721984744072 8.950000000000001
      vertex 0.5970556065440178 0.288852334022522 8.950000000000001
      vertex 0.5201324969530106 0.30811499804258347 8.950000000000001
    endloop
  endfacet
  facet normal -0.23343914648409003 -0.9723714130355642 0
    outer loop
      vertex -0.2549474984407425 0.4941899999976158 8.950000000000001
      vertex 0.5201324969530106 0.30811499804258347 9.4
      vertex -0.2549474984407425 0.4941899999976158 9.4
    endloop
  endfacet
  facet normal -0.24291406301080992 -0.9700478122193671 0
    outer loop
      vertex 0.5201324969530106 0.30811499804258347 8.950000000000001
      vertex 0.5970556065440178 0.288852334022522 9.4
      vertex 0.5201324969530106 0.30811499804258347 9.4
    endloop
  endfacet
  facet normal -0.2639167579460489 -0.9645454602429304 0
    outer loop
      vertex 0.5970556065440178 0.288852334022522 8.950000000000001
      vertex 0.671017237007618 0.26861511915922165 8.950000000000001
      vertex 0.671017237007618 0.26861511915922165 9.4
    endloop
  endfacet
  facet normal -0.2862548435359678 -0.9581535182590516 0
    outer loop
      vertex 0.671017237007618 0.26861511915922165 8.950000000000001
      vertex 0.7420173808932304 0.2474033460021019 8.950000000000001
      vertex 0.7420173808932304 0.2474033460021019 9.4
    endloop
  endfacet
  facet normal -0.31001817359481115 -0.9507306306420014 0
    outer loop
      vertex 0.7420173808932304 0.2474033460021019 8.950000000000001
      vertex 0.8100560531020164 0.22521701455116272 8.950000000000001
      vertex 0.8100560531020164 0.22521701455116272 9.4
    endloop
  endfacet
  facet normal -0.24291406301080992 -0.9700478122193671 0
    outer loop
      vertex 0.5970556065440178 0.288852334022522 8.950000000000001
      vertex 0.5970556065440178 0.288852334022522 9.4
      vertex 0.5201324969530106 0.30811499804258347 8.950000000000001
    endloop
  endfacet
  facet normal -0.33529670167662085 -0.9421125844848793 0
    outer loop
      vertex 0.8751332387328148 0.2020561248064041 8.950000000000001
      vertex 0.8751332387328148 0.2020561248064041 9.4
      vertex 0.8100560531020164 0.22521701455116272 8.950000000000001
    endloop
  endfacet
  facet normal -0.36217691042029837 -0.9321093742466101 0
    outer loop
      vertex 0.8751332387328148 0.2020561248064041 8.950000000000001
      vertex 0.9372489526867867 0.17792067676782608 8.950000000000001
      vertex 0.9372489526867867 0.17792067676782608 9.4
    endloop
  endfacet
  facet normal -0.39073797283137063 -0.9205019481715566 0
    outer loop
      vertex 0.9372489526867867 0.17792067676782608 8.950000000000001
      vertex 0.9964031800627708 0.15281067788600922 8.950000000000001
      vertex 0.9964031800627708 0.15281067788600922 9.4
    endloop
  endfacet
  facet normal -0.421045798399905 -0.9070393793269322 0
    outer loop
      vertex 1.052595928311348 0.12672612071037292 8.950000000000001
      vertex 1.052595928311348 0.12672612071037292 9.4
      vertex 0.9964031800627708 0.15281067788600922 8.950000000000001
    endloop
  endfacet
  facet normal -0.4531449769654037 -0.8914368344706336 0
    outer loop
      vertex 1.052595928311348 0.12672612071037292 8.950000000000001
      vertex 1.1058272048830986 0.0996670126914978 8.950000000000001
      vertex 1.1058272048830986 0.0996670126914978 9.4
    endloop
  endfacet
  facet normal -0.2639167579460489 -0.9645454602429304 0
    outer loop
      vertex 0.5970556065440178 0.288852334022522 8.950000000000001
      vertex 0.671017237007618 0.26861511915922165 9.4
      vertex 0.5970556065440178 0.288852334022522 9.4
    endloop
  endfacet
  facet normal -0.2862548435359678 -0.9581535182590516 0
    outer loop
      vertex 0.671017237007618 0.26861511915922165 8.950000000000001
      vertex 0.7420173808932304 0.2474033460021019 9.4
      vertex 0.671017237007618 0.26861511915922165 9.4
    endloop
  endfacet
  facet normal -0.31001817359481115 -0.9507306306420014 0
    outer loop
      vertex 0.7420173808932304 0.2474033460021019 8.950000000000001
      vertex 0.8100560531020164 0.22521701455116272 9.4
      vertex 0.7420173808932304 0.2474033460021019 9.4
    endloop
  endfacet
  facet normal -0.33529670167662085 -0.9421125844848793 0
    outer loop
      vertex 0.8100560531020164 0.22521701455116272 8.950000000000001
      vertex 0.8751332387328148 0.2020561248064041 9.4
      vertex 0.8100560531020164 0.22521701455116272 9.4
    endloop
  endfacet
  facet normal -0.36217691042029837 -0.9321093742466101 0
    outer loop
      vertex 0.8751332387328148 0.2020561248064041 8.950000000000001
      vertex 0.9372489526867867 0.17792067676782608 9.4
      vertex 0.8751332387328148 0.2020561248064041 9.4
    endloop
  endfacet
  facet normal -0.39073797283137063 -0.9205019481715566 0
    outer loop
      vertex 0.9372489526867867 0.17792067676782608 8.950000000000001
      vertex 0.9964031800627708 0.15281067788600922 9.4
      vertex 0.9372489526867867 0.17792067676782608 9.4
    endloop
  endfacet
  facet normal -0.4531449769654037 -0.8914368344706336 0
    outer loop
      vertex 1.052595928311348 0.12672612071037292 8.950000000000001
      vertex 1.1058272048830986 0.0996670126914978 9.4
      vertex 1.052595928311348 0.12672612071037292 9.4
    endloop
  endfacet
  facet normal -0.4870496438903109 -0.873374286538321 0
    outer loop
      vertex 1.1058272048830986 0.0996670126914978 8.950000000000001
      vertex 1.1560969948768616 0.07163334637880325 9.4
      vertex 1.1058272048830986 0.0996670126914978 9.4
    endloop
  endfacet
  facet normal -0.421045798399905 -0.9070393793269322 0
    outer loop
      vertex 0.9964031800627708 0.15281067788600922 8.950000000000001
      vertex 1.052595928311348 0.12672612071037292 9.4
      vertex 0.9964031800627708 0.15281067788600922 9.4
    endloop
  endfacet
  facet normal 0.9958716390266084 0.09077267530736619 0
    outer loop
      vertex 0.6422175019979477 0.905850000679493 8.950000000000001
      vertex 0.636652946472168 0.9668990224599838 8.950000000000001
      vertex 0.636652946472168 0.9668990224599838 9.4
    endloop
  endfacet
  facet normal 0.9878284216093833 0.155547450833225 0
    outer loop
      vertex 0.636652946472168 0.9668990224599838 8.950000000000001
      vertex 0.6274777352809906 1.0251676365733147 8.950000000000001
      vertex 0.6274777352809906 1.0251676365733147 9.4
    endloop
  endfacet
  facet normal 0.9744646664846776 0.2245408955466827 0
    outer loop
      vertex 0.6274777352809906 1.0251676365733147 8.950000000000001
      vertex 0.6146918758749962 1.0806558281183243 8.950000000000001
      vertex 0.6146918758749962 1.0806558281183243 9.4
    endloop
  endfacet
  facet normal 0.9548643278799895 0.2970422787117952 0
    outer loop
      vertex 0.6146918758749962 1.0806558281183243 8.950000000000001
      vertex 0.5982953682541847 1.1333636119961739 8.950000000000001
      vertex 0.5982953682541847 1.1333636119961739 9.4
    endloop
  endfacet
  facet normal 0 0 1
    outer loop
      vertex 0.6422175019979477 0.905850000679493 8.950000000000001
      vertex 1.538879245519638 1.0141607373952866 8.950000000000001
      vertex 0.636652946472168 0.9668990224599838 8.950000000000001
    endloop
  endfacet
  facet normal 0 0 1
    outer loop
      vertex 0.636652946472168 0.9668990224599838 8.950000000000001
      vertex 1.5266490951180458 1.1184406504034996 8.950000000000001
      vertex 0.6274777352809906 1.0251676365733147 8.950000000000001
    endloop
  endfacet
  facet normal 0 1 0
    outer loop
      vertex 0.6422175019979477 0.905850000679493 8.950000000000001
      vertex 0.6422175019979477 0.905850000679493 9.4
      vertex 1.5454574972391129 0.905850000679493 8.950000000000001
    endloop
  endfacet
  facet normal 0.9878284216093833 0.155547450833225 0
    outer loop
      vertex 0.636652946472168 0.9668990224599838 8.950000000000001
      vertex 0.6274777352809906 1.0251676365733147 9.4
      vertex 0.636652946472168 0.9668990224599838 9.4
    endloop
  endfacet
  facet normal 0.9958716390266084 0.09077267530736619 0
    outer loop
      vertex 0.6422175019979477 0.905850000679493 8.950000000000001
      vertex 0.636652946472168 0.9668990224599838 9.4
      vertex 0.6422175019979477 0.905850000679493 9.4
    endloop
  endfacet
  facet normal 0.9744646664846776 0.2245408955466827 0
    outer loop
      vertex 0.6274777352809906 1.0251676365733147 8.950000000000001
      vertex 0.6146918758749962 1.0806558281183243 9.4
      vertex 0.6274777352809906 1.0251676365733147 9.4
    endloop
  endfacet
  facet normal 0.9548643278799895 0.2970422787117952 0
    outer loop
      vertex 0.6146918758749962 1.0806558281183243 8.950000000000001
      vertex 0.5982953682541847 1.1333636119961739 9.4
      vertex 0.6146918758749962 1.0806558281183243 9.4
    endloop
  endfacet
  facet normal 0.2763819036786804 0.9610478881507147 0
    outer loop
      vertex 0.10342398285865784 1.5527630746364594 8.950000000000001
      vertex 0.10342398285865784 1.5527630746364594 9.4
      vertex 0.14291613548994064 1.5414057672023773 8.950000000000001
    endloop
  endfacet
  facet normal 0.20241087636234104 0.9793006878023874 0
    outer loop
      vertex 0.020648479461669922 1.5714692324399948 8.950000000000001
      vertex 0.020648479461669922 1.5714692324399948 9.4
      vertex 0.0626680925488472 1.562784232199192 8.950000000000001
    endloop
  endfacet
  facet normal 0.23877053597919695 0.9710760171831075 0
    outer loop
      vertex 0.10342398285865784 1.5527630746364594 8.950000000000001
      vertex 0.0626680925488472 1.562784232199192 8.950000000000001
      vertex 0.0626680925488472 1.562784232199192 9.4
    endloop
  endfacet
  facet normal 0.3151248013707608 0.94905024079921 0
    outer loop
      vertex 0.1811445727944374 1.528712309896946 8.950000000000001
      vertex 0.14291613548994064 1.5414057672023773 8.950000000000001
      vertex 0.14291613548994064 1.5414057672023773 9.4
    endloop
  endfacet
  facet normal 0.354842650604497 0.934926036278793 0
    outer loop
      vertex 0.21810927242040634 1.5146826952695847 8.950000000000001
      vertex 0.1811445727944374 1.528712309896946 8.950000000000001
      vertex 0.1811445727944374 1.528712309896946 9.4
    endloop
  endfacet
  facet normal 0.39533936097792705 0.9185351325134843 0
    outer loop
      vertex 0.21810927242040634 1.5146826952695847 8.950000000000001
      vertex 0.21810927242040634 1.5146826952695847 9.4
      vertex 0.25381024926900864 1.4993169233202934 8.950000000000001
    endloop
  endfacet
  facet normal 0.43638078603806346 0.8997620849851375 0
    outer loop
      vertex 0.2882475033402443 1.4826150014996529 8.950000000000001
      vertex 0.25381024926900864 1.4993169233202934 8.950000000000001
      vertex 0.25381024926900864 1.4993169233202934 9.4
    endloop
  endfacet
  facet normal 0.6236424188305515 0.7817097501216029 0
    outer loop
      vertex 0.4240926504135132 1.391221597790718 8.950000000000001
      vertex 0.3824215829372406 1.4244664758443832 8.950000000000001
      vertex 0.3824215829372406 1.4244664758443832 9.4
    endloop
  endfacet
  facet normal 0.8940906345306405 0.44788607618968945 0
    outer loop
      vertex 0.5782882124185562 1.1832909733057022 8.950000000000001
      vertex 0.5546704009175301 1.2304379269480705 8.950000000000001
      vertex 0.5546704009175301 1.2304379269480705 9.4
    endloop
  endfacet
  facet normal 0.8522924265009348 0.5230655979216647 0
    outer loop
      vertex 0.5546704009175301 1.2304379269480705 8.950000000000001
      vertex 0.5274419412016869 1.2748044654726982 8.950000000000001
      vertex 0.5274419412016869 1.2748044654726982 9.4
    endloop
  endfacet
  facet normal 0.7478321801437162 0.6638878145752461 0
    outer loop
      vertex 0.496602825820446 1.3163905888795853 8.950000000000001
      vertex 0.4621530622243881 1.3551963046193123 8.950000000000001
      vertex 0.4621530622243881 1.3551963046193123 9.4
    endloop
  endfacet
  facet normal 0.6874233952784601 0.7262568936842073 0
    outer loop
      vertex 0.4621530622243881 1.3551963046193123 8.950000000000001
      vertex 0.4240926504135132 1.391221597790718 8.950000000000001
      vertex 0.4240926504135132 1.391221597790718 9.4
    endloop
  endfacet
  facet normal 0.8032376191238232 0.5956587338604983 0
    outer loop
      vertex 0.496602825820446 1.3163905888795853 8.950000000000001
      vertex 0.496602825820446 1.3163905888795853 9.4
      vertex 0.5274419412016869 1.2748044654726982 8.950000000000001
    endloop
  endfacet
  facet normal 0 0 1
    outer loop
      vertex 0.3824215829372406 1.4244664758443832 8.950000000000001
      vertex 0.7762778252363205 2.1532100588083267 8.950000000000001
      vertex 0.33713986724615097 1.4549309462308884 8.950000000000001
    endloop
  endfacet
  facet normal 0 0 1
    outer loop
      vertex 0.4240926504135132 1.391221597790718 8.950000000000001
      vertex 0.859690248966217 2.1064241752028465 8.950000000000001
      vertex 0.3824215829372406 1.4244664758443832 8.950000000000001
    endloop
  endfacet
  facet normal 0.49272131175285744 0.8701871689151384 0
    outer loop
      vertex 0.2882475033402443 1.4826150014996529 8.950000000000001
      vertex 0.2882475033402443 1.4826150014996529 9.4
      vertex 0.33713986724615097 1.4549309462308884 8.950000000000001
    endloop
  endfacet
  facet normal 0.5582047625465573 0.8297032259008889 0
    outer loop
      vertex 0.3824215829372406 1.4244664758443832 8.950000000000001
      vertex 0.33713986724615097 1.4549309462308884 8.950000000000001
      vertex 0.33713986724615097 1.4549309462308884 9.4
    endloop
  endfacet
  facet normal 0.2763819036786804 0.9610478881507147 0
    outer loop
      vertex 0.14291613548994064 1.5414057672023773 8.950000000000001
      vertex 0.10342398285865784 1.5527630746364594 9.4
      vertex 0.14291613548994064 1.5414057672023773 9.4
    endloop
  endfacet
  facet normal 0.16738904521999362 0.9858909207109775 0
    outer loop
      vertex 0.020648479461669922 1.5714692324399948 8.950000000000001
      vertex -0.02263486385345459 1.5788180753588676 9.4
      vertex 0.020648479461669922 1.5714692324399948 9.4
    endloop
  endfacet
  facet normal 0.20241087636234104 0.9793006878023874 0
    outer loop
      vertex 0.0626680925488472 1.562784232199192 8.950000000000001
      vertex 0.020648479461669922 1.5714692324399948 9.4
      vertex 0.0626680925488472 1.562784232199192 9.4
    endloop
  endfacet
  facet normal 0.23877053597919695 0.9710760171831075 0
    outer loop
      vertex 0.10342398285865784 1.5527630746364594 8.950000000000001
      vertex 0.0626680925488472 1.562784232199192 9.4
      vertex 0.10342398285865784 1.5527630746364594 9.4
    endloop
  endfacet
  facet normal 0.3151248013707608 0.94905024079921 0
    outer loop
      vertex 0.1811445727944374 1.528712309896946 8.950000000000001
      vertex 0.14291613548994064 1.5414057672023773 9.4
      vertex 0.1811445727944374 1.528712309896946 9.4
    endloop
  endfacet
  facet normal 0.354842650604497 0.934926036278793 0
    outer loop
      vertex 0.21810927242040634 1.5146826952695847 8.950000000000001
      vertex 0.1811445727944374 1.528712309896946 9.4
      vertex 0.21810927242040634 1.5146826952695847 9.4
    endloop
  endfacet
  facet normal 0.39533936097792705 0.9185351325134843 0
    outer loop
      vertex 0.25381024926900864 1.4993169233202934 8.950000000000001
      vertex 0.21810927242040634 1.5146826952695847 9.4
      vertex 0.25381024926900864 1.4993169233202934 9.4
    endloop
  endfacet
  facet normal 0.43638078603806346 0.8997620849851375 0
    outer loop
      vertex 0.2882475033402443 1.4826150014996529 8.950000000000001
      vertex 0.25381024926900864 1.4993169233202934 9.4
      vertex 0.2882475033402443 1.4826150014996529 9.4
    endloop
  endfacet
  facet normal 0.6236424188305515 0.7817097501216029 0
    outer loop
      vertex 0.4240926504135132 1.391221597790718 8.950000000000001
      vertex 0.3824215829372406 1.4244664758443832 9.4
      vertex 0.4240926504135132 1.391221597790718 9.4
    endloop
  endfacet
  facet normal 0.8522924265009348 0.5230655979216647 0
    outer loop
      vertex 0.5546704009175301 1.2304379269480705 8.950000000000001
      vertex 0.5274419412016869 1.2748044654726982 9.4
      vertex 0.5546704009175301 1.2304379269480705 9.4
    endloop
  endfacet
  facet normal 0.7478321801437162 0.6638878145752461 0
    outer loop
      vertex 0.496602825820446 1.3163905888795853 8.950000000000001
      vertex 0.4621530622243881 1.3551963046193123 9.4
      vertex 0.496602825820446 1.3163905888795853 9.4
    endloop
  endfacet
  facet normal 0.6874233952784601 0.7262568936842073 0
    outer loop
      vertex 0.4621530622243881 1.3551963046193123 8.950000000000001
      vertex 0.4240926504135132 1.391221597790718 9.4
      vertex 0.4621530622243881 1.3551963046193123 9.4
    endloop
  endfacet
  facet normal 0.8032376191238232 0.5956587338604983 0
    outer loop
      vertex 0.5274419412016869 1.2748044654726982 8.950000000000001
      vertex 0.496602825820446 1.3163905888795853 9.4
      vertex 0.5274419412016869 1.2748044654726982 9.4
    endloop
  endfacet
  facet normal 0.49272131175285744 0.8701871689151384 0
    outer loop
      vertex 0.33713986724615097 1.4549309462308884 8.950000000000001
      vertex 0.2882475033402443 1.4826150014996529 9.4
      vertex 0.33713986724615097 1.4549309462308884 9.4
    endloop
  endfacet
  facet normal 0.5582047625465573 0.8297032259008889 0
    outer loop
      vertex 0.3824215829372406 1.4244664758443832 8.950000000000001
      vertex 0.33713986724615097 1.4549309462308884 9.4
      vertex 0.3824215829372406 1.4244664758443832 9.4
    endloop
  endfacet
  facet normal 0 0 1
    outer loop
      vertex -0.02263486385345459 1.5788180753588676 8.950000000000001
      vertex 0.020648479461669922 1.5714692324399948 8.950000000000001
      vertex 0.12311320751905441 2.3559489026665688 8.950000000000001
    endloop
  endfacet
  facet normal 0 0 1
    outer loop
      vertex 0.020648479461669922 1.5714692324399948 8.950000000000001
      vertex 0.0626680925488472 1.562784232199192 8.950000000000001
      vertex 0.22384504228830338 2.3403536081314087 8.950000000000001
    endloop
  endfacet
  facet normal 0 0 1
    outer loop
      vertex 0.10342398285865784 1.5527630746364594 8.950000000000001
      vertex 0.22384504228830338 2.3403536081314087 8.950000000000001
      vertex 0.0626680925488472 1.562784232199192 8.950000000000001
    endloop
  endfacet
  facet normal 0 0 1
    outer loop
      vertex 0.10342398285865784 1.5527630746364594 8.950000000000001
      vertex 0.14291613548994064 1.5414057672023773 8.950000000000001
      vertex 0.3221026808023453 2.320302516222 8.950000000000001
    endloop
  endfacet
  facet normal 0 0 1
    outer loop
      vertex 0.1811445727944374 1.528712309896946 8.950000000000001
      vertex 0.4178861081600189 2.2957956194877625 8.950000000000001
      vertex 0.14291613548994064 1.5414057672023773 8.950000000000001
    endloop
  endfacet
  facet normal 0 0 1
    outer loop
      vertex -0.02263486385345459 1.5788180753588676 8.950000000000001
      vertex 0.12311320751905441 2.3559489026665688 8.950000000000001
      vertex 0.01990717649459839 2.3670883998274803 8.950000000000001
    endloop
  endfacet
  facet normal 0 0 1
    outer loop
      vertex 0.020648479461669922 1.5714692324399948 8.950000000000001
      vertex 0.22384504228830338 2.3403536081314087 8.950000000000001
      vertex 0.12311320751905441 2.3559489026665688 8.950000000000001
    endloop
  endfacet
  facet normal 0 0 1
    outer loop
      vertex 0.10342398285865784 1.5527630746364594 8.950000000000001
      vertex 0.3221026808023453 2.320302516222 8.950000000000001
      vertex 0.22384504228830338 2.3403536081314087 8.950000000000001
    endloop
  endfacet
  facet normal 0 0 1
    outer loop
      vertex 0.21810927242040634 1.5146826952695847 8.950000000000001
      vertex 0.25381024926900864 1.4993169233202934 8.950000000000001
      vertex 0.5111953392624855 2.2668329253792763 8.950000000000001
    endloop
  endfacet
  facet normal 0 0 1
    outer loop
      vertex 0.21810927242040634 1.5146826952695847 8.950000000000001
      vertex 0.5111953392624855 2.2668329253792763 8.950000000000001
      vertex 0.1811445727944374 1.528712309896946 8.950000000000001
    endloop
  endfacet
  facet normal 0 0 1
    outer loop
      vertex 0.2882475033402443 1.4826150014996529 8.950000000000001
      vertex 0.6020303666591644 2.233414441347122 8.950000000000001
      vertex 0.25381024926900864 1.4993169233202934 8.950000000000001
    endloop
  endfacet
  facet normal 0 0 1
    outer loop
      vertex 0.2882475033402443 1.4826150014996529 8.950000000000001
      vertex 0.33713986724615097 1.4549309462308884 8.950000000000001
      vertex 0.6903911978006363 2.1955401450395584 8.950000000000001
    endloop
  endfacet
  facet normal 0 0 1
    outer loop
      vertex 0.2882475033402443 1.4826150014996529 8.950000000000001
      vertex 0.6903911978006363 2.1955401450395584 8.950000000000001
      vertex 0.6020303666591644 2.233414441347122 8.950000000000001
    endloop
  endfacet
  facet normal 0 0 1
    outer loop
      vertex 0.14291613548994064 1.5414057672023773 8.950000000000001
      vertex 0.4178861081600189 2.2957956194877625 8.950000000000001
      vertex 0.3221026808023453 2.320302516222 8.950000000000001
    endloop
  endfacet
  facet normal 0 0 1
    outer loop
      vertex 0.1811445727944374 1.528712309896946 8.950000000000001
      vertex 0.5111953392624855 2.2668329253792763 8.950000000000001
      vertex 0.4178861081600189 2.2957956194877625 8.950000000000001
    endloop
  endfacet
  facet normal 0 0 1
    outer loop
      vertex 0.25381024926900864 1.4993169233202934 8.950000000000001
      vertex 0.6020303666591644 2.233414441347122 8.950000000000001
      vertex 0.5111953392624855 2.2668329253792763 8.950000000000001
    endloop
  endfacet
  facet normal -0.3452772810674703 -0.9385007187949591 0
    outer loop
      vertex 0.5111953392624855 2.2668329253792763 8.950000000000001
      vertex 0.6020303666591644 2.233414441347122 9.4
      vertex 0.5111953392624855 2.2668329253792763 9.4
    endloop
  endfacet
  facet normal 0 0 1
    outer loop
      vertex 0.5782882124185562 1.1832909733057022 8.950000000000001
      vertex 1.3807199522852898 1.5793777778744698 8.950000000000001
      vertex 0.5546704009175301 1.2304379269480705 8.950000000000001
    endloop
  endfacet
  facet normal 0 0 1
    outer loop
      vertex 0.5546704009175301 1.2304379269480705 8.950000000000001
      vertex 1.2827850431203842 1.7355368360877037 8.950000000000001
      vertex 0.5274419412016869 1.2748044654726982 8.950000000000001
    endloop
  endfacet
  facet normal 0.9282443588103351 0.3719709805035735 0
    outer loop
      vertex 0.5982953682541847 1.1333636119961739 8.950000000000001
      vertex 0.5782882124185562 1.1832909733057022 8.950000000000001
      vertex 0.5782882124185562 1.1832909733057022 9.4
    endloop
  endfacet
  facet normal 0 0 1
    outer loop
      vertex 0.496602825820446 1.3163905888795853 8.950000000000001
      vertex 1.093493476510048 1.9395442008972168 8.950000000000001
      vertex 0.4621530622243881 1.3551963046193123 8.950000000000001
    endloop
  endfacet
  facet normal 0 0 1
    outer loop
      vertex 0.4621530622243881 1.3551963046193123 8.950000000000001
      vertex 1.0190925002098083 1.9994850009679794 8.950000000000001
      vertex 0.4240926504135132 1.391221597790718 8.950000000000001
    endloop
  endfacet
  facet normal 0 0 1
    outer loop
      vertex 0.496602825820446 1.3163905888795853 8.950000000000001
      vertex 0.5274419412016869 1.2748044654726982 8.950000000000001
      vertex 1.1622425615787506 1.8755725771188736 8.950000000000001
    endloop
  endfacet
  facet normal 0 0 1
    outer loop
      vertex 0.6274777352809906 1.0251676365733147 8.950000000000001
      vertex 1.4852331206202507 1.3149079903960228 8.950000000000001
      vertex 0.6146918758749962 1.0806558281183243 8.950000000000001
    endloop
  endfacet
  facet normal 0 0 1
    outer loop
      vertex 0.5982953682541847 1.1333636119961739 8.950000000000001
      vertex 1.4212095737457275 1.495252013206482 8.950000000000001
      vertex 0.5782882124185562 1.1832909733057022 8.950000000000001
    endloop
  endfacet
  facet normal 0 0 1
    outer loop
      vertex 0.6146918758749962 1.0806558281183243 8.950000000000001
      vertex 1.4560472965240479 1.407095417380333 8.950000000000001
      vertex 0.5982953682541847 1.1333636119961739 8.950000000000001
    endloop
  endfacet
  facet normal 0 0 1
    outer loop
      vertex 0.5274419412016869 1.2748044654726982 8.950000000000001
      vertex 1.2253397479653358 1.8075701147317886 8.950000000000001
      vertex 1.1622425615787506 1.8755725771188736 8.950000000000001
    endloop
  endfacet
  facet normal 0 0 1
    outer loop
      vertex 0.5546704009175301 1.2304379269480705 8.950000000000001
      vertex 1.3345784470438957 1.659472718834877 8.950000000000001
      vertex 1.2827850431203842 1.7355368360877037 8.950000000000001
    endloop
  endfacet
  facet normal 0 0 1
    outer loop
      vertex 0.5782882124185562 1.1832909733057022 8.950000000000001
      vertex 1.4212095737457275 1.495252013206482 8.950000000000001
      vertex 1.3807199522852898 1.5793777778744698 8.950000000000001
    endloop
  endfacet
  facet normal 0 0 1
    outer loop
      vertex 0.5546704009175301 1.2304379269480705 8.950000000000001
      vertex 1.3807199522852898 1.5793777778744698 8.950000000000001
      vertex 1.3345784470438957 1.659472718834877 8.950000000000001
    endloop
  endfacet
  facet normal 0 0 1
    outer loop
      vertex 0.5274419412016869 1.2748044654726982 8.950000000000001
      vertex 1.2827850431203842 1.7355368360877037 8.950000000000001
      vertex 1.2253397479653358 1.8075701147317886 8.950000000000001
    endloop
  endfacet
  facet normal 0.9282443588103351 0.3719709805035735 0
    outer loop
      vertex 0.5982953682541847 1.1333636119961739 8.950000000000001
      vertex 0.5782882124185562 1.1832909733057022 9.4
      vertex 0.5982953682541847 1.1333636119961739 9.4
    endloop
  endfacet
  facet normal 0.8940906345306405 0.44788607618968945 0
    outer loop
      vertex 0.5782882124185562 1.1832909733057022 8.950000000000001
      vertex 0.5546704009175301 1.2304379269480705 9.4
      vertex 0.5782882124185562 1.1832909733057022 9.4
    endloop
  endfacet
  facet normal 0 0 1
    outer loop
      vertex 0.33713986724615097 1.4549309462308884 8.950000000000001
      vertex 0.7762778252363205 2.1532100588083267 8.950000000000001
      vertex 0.6903911978006363 2.1955401450395584 8.950000000000001
    endloop
  endfacet
  facet normal 0 0 1
    outer loop
      vertex 0.3824215829372406 1.4244664758443832 8.950000000000001
      vertex 0.859690248966217 2.1064241752028465 8.950000000000001
      vertex 0.7762778252363205 2.1532100588083267 8.950000000000001
    endloop
  endfacet
  facet normal 0 0 1
    outer loop
      vertex 0.4240926504135132 1.391221597790718 8.950000000000001
      vertex 1.0190925002098083 1.9994850009679794 8.950000000000001
      vertex 0.9406284764409065 2.0551824867725372 8.950000000000001
    endloop
  endfacet
  facet normal 0 0 1
    outer loop
      vertex 0.4240926504135132 1.391221597790718 8.950000000000001
      vertex 0.9406284764409065 2.0551824867725372 8.950000000000001
      vertex 0.859690248966217 2.1064241752028465 8.950000000000001
    endloop
  endfacet
  facet normal -0.3452772810674703 -0.9385007187949591 0
    outer loop
      vertex 0.5111953392624855 2.2668329253792763 8.950000000000001
      vertex 0.6020303666591644 2.233414441347122 8.950000000000001
      vertex 0.6020303666591644 2.233414441347122 9.4
    endloop
  endfacet
  facet normal -0.39396647719130995 -0.9191248091796179 0
    outer loop
      vertex 0.6903911978006363 2.1955401450395584 8.950000000000001
      vertex 0.6903911978006363 2.1955401450395584 9.4
      vertex 0.6020303666591644 2.233414441347122 8.950000000000001
    endloop
  endfacet
  facet normal -0.44208276665118446 -0.8969742624122693 0
    outer loop
      vertex 0.6903911978006363 2.1955401450395584 8.950000000000001
      vertex 0.7762778252363205 2.1532100588083267 8.950000000000001
      vertex 0.7762778252363205 2.1532100588083267 9.4
    endloop
  endfacet
  facet normal -0.489199661540238 -0.8721718243264435 0
    outer loop
      vertex 0.7762778252363205 2.1532100588083267 8.950000000000001
      vertex 0.859690248966217 2.1064241752028465 8.950000000000001
      vertex 0.859690248966217 2.1064241752028465 9.4
    endloop
  endfacet
  facet normal 0 0 1
    outer loop
      vertex 0.4621530622243881 1.3551963046193123 8.950000000000001
      vertex 1.093493476510048 1.9395442008972168 8.950000000000001
      vertex 1.0190925002098083 1.9994850009679794 8.950000000000001
    endloop
  endfacet
  facet normal 0 0 1
    outer loop
      vertex 0.496602825820446 1.3163905888795853 8.950000000000001
      vertex 1.1622425615787506 1.8755725771188736 8.950000000000001
      vertex 1.093493476510048 1.9395442008972168 8.950000000000001
    endloop
  endfacet
  facet normal -0.6273719400094782 -0.7787197499028413 0
    outer loop
      vertex 1.0190925002098083 1.9994850009679794 8.950000000000001
      vertex 1.093493476510048 1.9395442008972168 8.950000000000001
      vertex 1.093493476510048 1.9395442008972168 9.4
    endloop
  endfacet
  facet normal -0.5349091065722191 -0.8449096091926701 0
    outer loop
      vertex 0.859690248966217 2.1064241752028465 8.950000000000001
      vertex 0.9406284764409065 2.0551824867725372 8.950000000000001
      vertex 0.9406284764409065 2.0551824867725372 9.4
    endloop
  endfacet
  facet normal -0.5788392021722404 -0.8154417073148787 0
    outer loop
      vertex 1.0190925002098083 1.9994850009679794 8.950000000000001
      vertex 1.0190925002098083 1.9994850009679794 9.4
      vertex 0.9406284764409065 2.0551824867725372 8.950000000000001
    endloop
  endfacet
  facet normal -0.39396647719130995 -0.9191248091796179 0
    outer loop
      vertex 0.6020303666591644 2.233414441347122 8.950000000000001
      vertex 0.6903911978006363 2.1955401450395584 9.4
      vertex 0.6020303666591644 2.233414441347122 9.4
    endloop
  endfacet
  facet normal -0.44208276665118446 -0.8969742624122693 0
    outer loop
      vertex 0.6903911978006363 2.1955401450395584 8.950000000000001
      vertex 0.7762778252363205 2.1532100588083267 9.4
      vertex 0.6903911978006363 2.1955401450395584 9.4
    endloop
  endfacet
  facet normal -0.489199661540238 -0.8721718243264435 0
    outer loop
      vertex 0.7762778252363205 2.1532100588083267 8.950000000000001
      vertex 0.859690248966217 2.1064241752028465 9.4
      vertex 0.7762778252363205 2.1532100588083267 9.4
    endloop
  endfacet
  facet normal -0.6273719400094782 -0.7787197499028413 0
    outer loop
      vertex 1.0190925002098083 1.9994850009679794 8.950000000000001
      vertex 1.093493476510048 1.9395442008972168 9.4
      vertex 1.0190925002098083 1.9994850009679794 9.4
    endloop
  endfacet
  facet normal -0.6812123236799421 -0.7320859034748406 0
    outer loop
      vertex 1.093493476510048 1.9395442008972168 8.950000000000001
      vertex 1.1622425615787506 1.8755725771188736 9.4
      vertex 1.093493476510048 1.9395442008972168 9.4
    endloop
  endfacet
  facet normal -0.5349091065722191 -0.8449096091926701 0
    outer loop
      vertex 0.859690248966217 2.1064241752028465 8.950000000000001
      vertex 0.9406284764409065 2.0551824867725372 9.4
      vertex 0.859690248966217 2.1064241752028465 9.4
    endloop
  endfacet
  facet normal -0.5788392021722404 -0.8154417073148787 0
    outer loop
      vertex 0.9406284764409065 2.0551824867725372 8.950000000000001
      vertex 1.0190925002098083 1.9994850009679794 9.4
      vertex 0.9406284764409065 2.0551824867725372 9.4
    endloop
  endfacet
  facet normal -0.5227297673315163 -0.8524984400839328 0
    outer loop
      vertex 1.1560969948768616 0.07163334637880325 8.950000000000001
      vertex 1.203405313193798 0.042625121772289276 8.950000000000001
      vertex 1.203405313193798 0.042625121772289276 9.4
    endloop
  endfacet
  facet normal -0.4870496438903109 -0.873374286538321 0
    outer loop
      vertex 1.1560969948768616 0.07163334637880325 8.950000000000001
      vertex 1.1560969948768616 0.07163334637880325 9.4
      vertex 1.1058272048830986 0.0996670126914978 8.950000000000001
    endloop
  endfacet
  facet normal -0.5600973171156519 -0.8284268195561084 0
    outer loop
      vertex 1.2477521449327469 0.012642338871955872 8.950000000000001
      vertex 1.2477521449327469 0.012642338871955872 9.4
      vertex 1.203405313193798 0.042625121772289276 8.950000000000001
    endloop
  endfacet
  facet normal -0.5227297673315163 -0.8524984400839328 0
    outer loop
      vertex 1.1560969948768616 0.07163334637880325 8.950000000000001
      vertex 1.203405313193798 0.042625121772289276 9.4
      vertex 1.1560969948768616 0.07163334637880325 9.4
    endloop
  endfacet
  facet normal -0.5600973171156519 -0.8284268195561084 0
    outer loop
      vertex 1.203405313193798 0.042625121772289276 8.950000000000001
      vertex 1.2477521449327469 0.012642338871955872 9.4
      vertex 1.203405313193798 0.042625121772289276 9.4
    endloop
  endfacet
  facet normal -0.5989881402931906 -0.800757895863728 0
    outer loop
      vertex 1.2477521449327469 0.012642338871955872 8.950000000000001
      vertex 1.2891374975442886 -0.01831500232219696 9.4
      vertex 1.2477521449327469 0.012642338871955872 9.4
    endloop
  endfacet
  facet normal 0 0 1
    outer loop
      vertex 0.6422175019979477 0.905850000679493 8.950000000000001
      vertex 1.5454574972391129 0.905850000679493 8.950000000000001
      vertex 1.538879245519638 1.0141607373952866 8.950000000000001
    endloop
  endfacet
  facet normal 0 0 1
    outer loop
      vertex 0.636652946472168 0.9668990224599838 8.950000000000001
      vertex 1.538879245519638 1.0141607373952866 8.950000000000001
      vertex 1.5266490951180458 1.1184406504034996 8.950000000000001
    endloop
  endfacet
  facet normal 0 0 1
    outer loop
      vertex 0.6274777352809906 1.0251676365733147 8.950000000000001
      vertex 1.5266490951180458 1.1184406504034996 8.950000000000001
      vertex 1.5087670534849167 1.2186897322535515 8.950000000000001
    endloop
  endfacet
  facet normal -0.9981607172925652 -0.06062328310139311 0
    outer loop
      vertex 1.5454574972391129 0.905850000679493 8.950000000000001
      vertex 1.5454574972391129 0.905850000679493 9.4
      vertex 1.538879245519638 1.0141607373952866 8.950000000000001
    endloop
  endfacet
  facet normal -0.9931926203395004 -0.1164835563637929 0
    outer loop
      vertex 1.538879245519638 1.0141607373952866 8.950000000000001
      vertex 1.538879245519638 1.0141607373952866 9.4
      vertex 1.5266490951180458 1.1184406504034996 8.950000000000001
    endloop
  endfacet
  facet normal 0 1 0
    outer loop
      vertex 1.5454574972391129 0.905850000679493 8.950000000000001
      vertex 0.6422175019979477 0.905850000679493 9.4
      vertex 1.5454574972391129 0.905850000679493 9.4
    endloop
  endfacet
  facet normal -0.9981607172925652 -0.06062328310139311 0
    outer loop
      vertex 1.538879245519638 1.0141607373952866 8.950000000000001
      vertex 1.5454574972391129 0.905850000679493 9.4
      vertex 1.538879245519638 1.0141607373952866 9.4
    endloop
  endfacet
  facet normal -0.9931926203395004 -0.1164835563637929 0
    outer loop
      vertex 1.5266490951180458 1.1184406504034996 8.950000000000001
      vertex 1.538879245519638 1.0141607373952866 9.4
      vertex 1.5266490951180458 1.1184406504034996 9.4
    endloop
  endfacet
  facet normal 0.9997794160550791 -0.021002838678732365 0
    outer loop
      vertex 2.1926925033330917 -0.03982499986886978 8.950000000000001
      vertex 2.1964301615953445 0.1380954161286354 8.950000000000001
      vertex 2.1964301615953445 0.1380954161286354 9.4
    endloop
  endfacet
  facet normal 0.9978702269149503 -0.06523043949495949 0
    outer loop
      vertex 2.1964301615953445 0.1380954161286354 8.950000000000001
      vertex 2.207643151283264 0.309627428650856 8.950000000000001
      vertex 2.207643151283264 0.309627428650856 9.4
    endloop
  endfacet
  facet normal 0.9936578024739935 -0.11244630533083054 0
    outer loop
      vertex 2.207643151283264 0.309627428650856 8.950000000000001
      vertex 2.22633146494627 0.47477103769779205 8.950000000000001
      vertex 2.22633146494627 0.47477103769779205 9.4
    endloop
  endfacet
  facet normal 0.9997794160550791 -0.021002838678732365 0
    outer loop
      vertex 2.1926925033330917 -0.03982499986886978 8.950000000000001
      vertex 2.1964301615953445 0.1380954161286354 9.4
      vertex 2.1926925033330917 -0.03982499986886978 9.4
    endloop
  endfacet
  facet normal 0.9978702269149503 -0.06523043949495949 0
    outer loop
      vertex 2.1964301615953445 0.1380954161286354 8.950000000000001
      vertex 2.207643151283264 0.309627428650856 9.4
      vertex 2.1964301615953445 0.1380954161286354 9.4
    endloop
  endfacet
  facet normal 0.9936578024739935 -0.11244630533083054 0
    outer loop
      vertex 2.207643151283264 0.309627428650856 8.950000000000001
      vertex 2.22633146494627 0.47477103769779205 9.4
      vertex 2.207643151283264 0.309627428650856 9.4
    endloop
  endfacet
  facet normal 0.9866901924241858 -0.16261139004978556 0
    outer loop
      vertex 2.22633146494627 0.47477103769779205 8.950000000000001
      vertex 2.252495102584362 0.6335262432694435 9.4
      vertex 2.22633146494627 0.47477103769779205 9.4
    endloop
  endfacet
  facet normal 0.9866901924241858 -0.16261139004978556 0
    outer loop
      vertex 2.22633146494627 0.47477103769779205 8.950000000000001
      vertex 2.252495102584362 0.6335262432694435 8.950000000000001
      vertex 2.252495102584362 0.6335262432694435 9.4
    endloop
  endfacet
  facet normal 0 0 1
    outer loop
      vertex 0.6146918758749962 1.0806558281183243 8.950000000000001
      vertex 1.4852331206202507 1.3149079903960228 8.950000000000001
      vertex 1.4560472965240479 1.407095417380333 8.950000000000001
    endloop
  endfacet
  facet normal 0 0 1
    outer loop
      vertex 0.6274777352809906 1.0251676365733147 8.950000000000001
      vertex 1.5087670534849167 1.2186897322535515 8.950000000000001
      vertex 1.4852331206202507 1.3149079903960228 8.950000000000001
    endloop
  endfacet
  facet normal 0 0 1
    outer loop
      vertex 0.5982953682541847 1.1333636119961739 8.950000000000001
      vertex 1.4560472965240479 1.407095417380333 8.950000000000001
      vertex 1.4212095737457275 1.495252013206482 8.950000000000001
    endloop
  endfacet
  facet normal -0.9010660339766279 -0.4336819138650246 0
    outer loop
      vertex 1.4212095737457275 1.495252013206482 8.950000000000001
      vertex 1.4212095737457275 1.495252013206482 9.4
      vertex 1.3807199522852898 1.5793777778744698 8.950000000000001
    endloop
  endfacet
  facet normal -0.8265736227483261 -0.5628286117253707 0
    outer loop
      vertex 1.3345784470438957 1.659472718834877 8.950000000000001
      vertex 1.3345784470438957 1.659472718834877 9.4
      vertex 1.2827850431203842 1.7355368360877037 8.950000000000001
    endloop
  endfacet
  facet normal -0.8664996969473784 -0.49917759884644414 0
    outer loop
      vertex 1.3807199522852898 1.5793777778744698 8.950000000000001
      vertex 1.3807199522852898 1.5793777778744698 9.4
      vertex 1.3345784470438957 1.659472718834877 8.950000000000001
    endloop
  endfacet
  facet normal -0.9844608324872803 -0.17560429749425568 0
    outer loop
      vertex 1.5266490951180458 1.1184406504034996 8.950000000000001
      vertex 1.5266490951180458 1.1184406504034996 9.4
      vertex 1.5087670534849167 1.2186897322535515 8.950000000000001
    endloop
  endfacet
  facet normal -0.9713665963623177 -0.2375856381843948 0
    outer loop
      vertex 1.5087670534849167 1.2186897322535515 8.950000000000001
      vertex 1.5087670534849167 1.2186897322535515 9.4
      vertex 1.4852331206202507 1.3149079903960228 8.950000000000001
    endloop
  endfacet
  facet normal -0.9533626443657477 -0.3018272160159664 0
    outer loop
      vertex 1.4852331206202507 1.3149079903960228 8.950000000000001
      vertex 1.4852331206202507 1.3149079903960228 9.4
      vertex 1.4560472965240479 1.407095417380333 8.950000000000001
    endloop
  endfacet
  facet normal -0.9300143997999077 -0.3675230824925387 0
    outer loop
      vertex 1.4560472965240479 1.407095417380333 8.950000000000001
      vertex 1.4560472965240479 1.407095417380333 9.4
      vertex 1.4212095737457275 1.495252013206482 8.950000000000001
    endloop
  endfacet
  facet normal -0.9010660339766279 -0.4336819138650246 0
    outer loop
      vertex 1.3807199522852898 1.5793777778744698 8.950000000000001
      vertex 1.4212095737457275 1.495252013206482 9.4
      vertex 1.3807199522852898 1.5793777778744698 9.4
    endloop
  endfacet
  facet normal -0.8664996969473784 -0.49917759884644414 0
    outer loop
      vertex 1.3345784470438957 1.659472718834877 8.950000000000001
      vertex 1.3807199522852898 1.5793777778744698 9.4
      vertex 1.3345784470438957 1.659472718834877 9.4
    endloop
  endfacet
  facet normal -0.9844608324872803 -0.17560429749425568 0
    outer loop
      vertex 1.5087670534849167 1.2186897322535515 8.950000000000001
      vertex 1.5266490951180458 1.1184406504034996 9.4
      vertex 1.5087670534849167 1.2186897322535515 9.4
    endloop
  endfacet
  facet normal -0.9533626443657477 -0.3018272160159664 0
    outer loop
      vertex 1.4560472965240479 1.407095417380333 8.950000000000001
      vertex 1.4852331206202507 1.3149079903960228 9.4
      vertex 1.4560472965240479 1.407095417380333 9.4
    endloop
  endfacet
  facet normal -0.9713665963623177 -0.2375856381843948 0
    outer loop
      vertex 1.4852331206202507 1.3149079903960228 8.950000000000001
      vertex 1.5087670534849167 1.2186897322535515 9.4
      vertex 1.4852331206202507 1.3149079903960228 9.4
    endloop
  endfacet
  facet normal -0.9300143997999077 -0.3675230824925387 0
    outer loop
      vertex 1.4212095737457275 1.495252013206482 8.950000000000001
      vertex 1.4560472965240479 1.407095417380333 9.4
      vertex 1.4212095737457275 1.495252013206482 9.4
    endloop
  endfacet
  facet normal -0.7818279253386237 -0.6234942623318225 0
    outer loop
      vertex 1.2827850431203842 1.7355368360877037 8.950000000000001
      vertex 1.2827850431203842 1.7355368360877037 9.4
      vertex 1.2253397479653358 1.8075701147317886 8.950000000000001
    endloop
  endfacet
  facet normal -0.7330512150859445 -0.6801734455718046 0
    outer loop
      vertex 1.2253397479653358 1.8075701147317886 8.950000000000001
      vertex 1.2253397479653358 1.8075701147317886 9.4
      vertex 1.1622425615787506 1.8755725771188736 8.950000000000001
    endloop
  endfacet
  facet normal -0.6812123236799421 -0.7320859034748406 0
    outer loop
      vertex 1.1622425615787506 1.8755725771188736 8.950000000000001
      vertex 1.1622425615787506 1.8755725771188736 9.4
      vertex 1.093493476510048 1.9395442008972168 8.950000000000001
    endloop
  endfacet
  facet normal -0.7818279253386237 -0.6234942623318225 0
    outer loop
      vertex 1.2253397479653358 1.8075701147317886 8.950000000000001
      vertex 1.2827850431203842 1.7355368360877037 9.4
      vertex 1.2253397479653358 1.8075701147317886 9.4
    endloop
  endfacet
  facet normal -0.7330512150859445 -0.6801734455718046 0
    outer loop
      vertex 1.1622425615787506 1.8755725771188736 8.950000000000001
      vertex 1.2253397479653358 1.8075701147317886 9.4
      vertex 1.1622425615787506 1.8755725771188736 9.4
    endloop
  endfacet
  facet normal -0.8265736227483261 -0.5628286117253707 0
    outer loop
      vertex 1.2827850431203842 1.7355368360877037 8.950000000000001
      vertex 1.3345784470438957 1.659472718834877 9.4
      vertex 1.2827850431203842 1.7355368360877037 9.4
    endloop
  endfacet
  facet normal -0.10731128507390625 -0.9942254714579519 0
    outer loop
      vertex 0.01990717649459839 2.3670883998274803 8.950000000000001
      vertex 0.12311320751905441 2.3559489026665688 8.950000000000001
      vertex 0.12311320751905441 2.3559489026665688 9.4
    endloop
  endfacet
  facet normal -0.15299716674509706 -0.9882266273319966 0
    outer loop
      vertex 0.12311320751905441 2.3559489026665688 8.950000000000001
      vertex 0.22384504228830338 2.3403536081314087 8.950000000000001
      vertex 0.22384504228830338 2.3403536081314087 9.4
    endloop
  endfacet
  facet normal -0.19994577314295886 -0.9798069645610121 0
    outer loop
      vertex 0.22384504228830338 2.3403536081314087 8.950000000000001
      vertex 0.3221026808023453 2.320302516222 8.950000000000001
      vertex 0.3221026808023453 2.320302516222 9.4
    endloop
  endfacet
  facet normal -0.2478727366357893 -0.9687926023833401 0
    outer loop
      vertex 0.3221026808023453 2.320302516222 8.950000000000001
      vertex 0.4178861081600189 2.2957956194877625 8.950000000000001
      vertex 0.4178861081600189 2.2957956194877625 9.4
    endloop
  endfacet
  facet normal -0.29644269170457554 -0.9550506429163564 0
    outer loop
      vertex 0.4178861081600189 2.2957956194877625 8.950000000000001
      vertex 0.5111953392624855 2.2668329253792763 8.950000000000001
      vertex 0.5111953392624855 2.2668329253792763 9.4
    endloop
  endfacet
  facet normal -0.10731128507390625 -0.9942254714579519 0
    outer loop
      vertex 0.01990717649459839 2.3670883998274803 8.950000000000001
      vertex 0.12311320751905441 2.3559489026665688 9.4
      vertex 0.01990717649459839 2.3670883998274803 9.4
    endloop
  endfacet
  facet normal -0.15299716674509706 -0.9882266273319966 0
    outer loop
      vertex 0.12311320751905441 2.3559489026665688 8.950000000000001
      vertex 0.22384504228830338 2.3403536081314087 9.4
      vertex 0.12311320751905441 2.3559489026665688 9.4
    endloop
  endfacet
  facet normal -0.19994577314295886 -0.9798069645610121 0
    outer loop
      vertex 0.22384504228830338 2.3403536081314087 8.950000000000001
      vertex 0.3221026808023453 2.320302516222 9.4
      vertex 0.22384504228830338 2.3403536081314087 9.4
    endloop
  endfacet
  facet normal -0.2478727366357893 -0.9687926023833401 0
    outer loop
      vertex 0.3221026808023453 2.320302516222 8.950000000000001
      vertex 0.4178861081600189 2.2957956194877625 9.4
      vertex 0.3221026808023453 2.320302516222 9.4
    endloop
  endfacet
  facet normal -0.29644269170457554 -0.9550506429163564 0
    outer loop
      vertex 0.4178861081600189 2.2957956194877625 8.950000000000001
      vertex 0.5111953392624855 2.2668329253792763 9.4
      vertex 0.4178861081600189 2.2957956194877625 9.4
    endloop
  endfacet
  facet normal 0 0 1
    outer loop
      vertex 2.1926925033330917 -0.03982499986886978 8.950000000000001
      vertex 3.1556887701153755 0.05894600600004196 8.950000000000001
      vertex 2.1964301615953445 0.1380954161286354 8.950000000000001
    endloop
  endfacet
  facet normal 0 0 1
    outer loop
      vertex 2.1964301615953445 0.1380954161286354 8.950000000000001
      vertex 3.16094259172678 0.16913902014493942 8.950000000000001
      vertex 2.207643151283264 0.309627428650856 8.950000000000001
    endloop
  endfacet
  facet normal 0 0 1
    outer loop
      vertex 2.207643151283264 0.309627428650856 8.950000000000001
      vertex 3.1696989461779594 0.27527405321598053 8.950000000000001
      vertex 2.22633146494627 0.47477103769779205 8.950000000000001
    endloop
  endfacet
  facet normal 0 0 1
    outer loop
      vertex 2.22633146494627 0.47477103769779205 8.950000000000001
      vertex 3.181957855820656 0.3773510977625847 8.950000000000001
      vertex 2.252495102584362 0.6335262432694435 8.950000000000001
    endloop
  endfacet
  facet normal 0.976485141247186 -0.2155847140301537 0
    outer loop
      vertex 2.252495102584362 0.6335262432694435 8.950000000000001
      vertex 2.286134071648121 0.7858930453658104 8.950000000000001
      vertex 2.286134071648121 0.7858930453658104 9.4
    endloop
  endfacet
  facet normal 0.9625514410820112 -0.2710991023056764 0
    outer loop
      vertex 2.286134071648121 0.7858930453658104 8.950000000000001
      vertex 2.3272483572363853 0.9318714514374733 8.950000000000001
      vertex 2.3272483572363853 0.9318714514374733 9.4
    endloop
  endfacet
  facet normal 0.9444199886293825 -0.3287413650231399 0
    outer loop
      vertex 2.3272483572363853 0.9318714514374733 8.950000000000001
      vertex 2.3758379742503166 1.071461446583271 8.950000000000001
      vertex 2.3758379742503166 1.071461446583271 9.4
    endloop
  endfacet
  facet normal 0 0 1
    outer loop
      vertex 2.252495102584362 0.6335262432694435 8.950000000000001
      vertex 3.197719305753708 0.4753701463341713 8.950000000000001
      vertex 2.286134071648121 0.7858930453658104 8.950000000000001
    endloop
  endfacet
  facet normal 0 0 1
    outer loop
      vertex 2.286134071648121 0.7858930453658104 8.950000000000001
      vertex 3.2169832959771156 0.5693312138319016 8.950000000000001
      vertex 2.3272483572363853 0.9318714514374733 8.950000000000001
    endloop
  endfacet
  facet normal 0 0 1
    outer loop
      vertex 2.3272483572363853 0.9318714514374733 8.950000000000001
      vertex 3.26601891964674 0.7450793758034706 8.950000000000001
      vertex 2.3758379742503166 1.071461446583271 8.950000000000001
    endloop
  endfacet
  facet normal 0 0 1
    outer loop
      vertex 2.3758379742503166 1.071461446583271 8.950000000000001
      vertex 3.295790545642376 0.82686647772789 8.950000000000001
      vertex 2.431902915239334 1.2046630457043648 8.950000000000001
    endloop
  endfacet
  facet normal 0.976485141247186 -0.2155847140301537 0
    outer loop
      vertex 2.252495102584362 0.6335262432694435 8.950000000000001
      vertex 2.286134071648121 0.7858930453658104 9.4
      vertex 2.252495102584362 0.6335262432694435 9.4
    endloop
  endfacet
  facet normal 0.9625514410820112 -0.2710991023056764 0
    outer loop
      vertex 2.286134071648121 0.7858930453658104 8.950000000000001
      vertex 2.3272483572363853 0.9318714514374733 9.4
      vertex 2.286134071648121 0.7858930453658104 9.4
    endloop
  endfacet
  facet normal 0.9444199886293825 -0.3287413650231399 0
    outer loop
      vertex 2.3272483572363853 0.9318714514374733 8.950000000000001
      vertex 2.3758379742503166 1.071461446583271 9.4
      vertex 2.3272483572363853 0.9318714514374733 9.4
    endloop
  endfacet
  facet normal 0.9216847208326593 -0.3879397831927304 0
    outer loop
      vertex 2.3758379742503166 1.071461446583271 8.950000000000001
      vertex 2.431902915239334 1.2046630457043648 9.4
      vertex 2.3758379742503166 1.071461446583271 9.4
    endloop
  endfacet
  facet normal 0 0 1
    outer loop
      vertex 2.1964301615953445 0.1380954161286354 8.950000000000001
      vertex 3.1556887701153755 0.05894600600004196 8.950000000000001
      vertex 3.16094259172678 0.16913902014493942 8.950000000000001
    endloop
  endfacet
  facet normal 0 0 1
    outer loop
      vertex 2.207643151283264 0.309627428650856 8.950000000000001
      vertex 3.16094259172678 0.16913902014493942 8.950000000000001
      vertex 3.1696989461779594 0.27527405321598053 8.950000000000001
    endloop
  endfacet
  facet normal 0 0 1
    outer loop
      vertex 2.22633146494627 0.47477103769779205 8.950000000000001
      vertex 3.1696989461779594 0.27527405321598053 8.950000000000001
      vertex 3.181957855820656 0.3773510977625847 8.950000000000001
    endloop
  endfacet
  facet normal 0 0 1
    outer loop
      vertex 2.252495102584362 0.6335262432694435 8.950000000000001
      vertex 3.181957855820656 0.3773510977625847 8.950000000000001
      vertex 3.197719305753708 0.4753701463341713 8.950000000000001
    endloop
  endfacet
  facet normal -0.9988653214167819 0.04762425506975674 0
    outer loop
      vertex 3.1556887701153755 0.05894600600004196 8.950000000000001
      vertex 3.1556887701153755 0.05894600600004196 9.4
      vertex 3.16094259172678 0.16913902014493942 8.950000000000001
    endloop
  endfacet
  facet normal -0.9966139841075102 0.08222266525329433 0
    outer loop
      vertex 3.16094259172678 0.16913902014493942 8.950000000000001
      vertex 3.16094259172678 0.16913902014493942 9.4
      vertex 3.1696989461779594 0.27527405321598053 8.950000000000001
    endloop
  endfacet
  facet normal -0.9928657141646784 0.11923788674856298 0
    outer loop
      vertex 3.1696989461779594 0.27527405321598053 8.950000000000001
      vertex 3.1696989461779594 0.27527405321598053 9.4
      vertex 3.181957855820656 0.3773510977625847 8.950000000000001
    endloop
  endfacet
  facet normal -0.9873171301314373 0.15876046280173975 0
    outer loop
      vertex 3.181957855820656 0.3773510977625847 8.950000000000001
      vertex 3.181957855820656 0.3773510977625847 9.4
      vertex 3.197719305753708 0.4753701463341713 8.950000000000001
    endloop
  endfacet
  facet normal -0.9796233719759887 0.2008433446206115 0
    outer loop
      vertex 3.197719305753708 0.4753701463341713 8.950000000000001
      vertex 3.197719305753708 0.4753701463341713 9.4
      vertex 3.2169832959771156 0.5693312138319016 8.950000000000001
    endloop
  endfacet
  facet normal -0.9998825432761577 0.015326436363444555 0
    outer loop
      vertex 3.1556887701153755 0.05894600600004196 8.950000000000001
      vertex 3.153937503695488 -0.05530499666929245 9.4
      vertex 3.1556887701153755 0.05894600600004196 9.4
    endloop
  endfacet
  facet normal -0.9988653214167819 0.04762425506975674 0
    outer loop
      vertex 3.16094259172678 0.16913902014493942 8.950000000000001
      vertex 3.1556887701153755 0.05894600600004196 9.4
      vertex 3.16094259172678 0.16913902014493942 9.4
    endloop
  endfacet
  facet normal -0.9966139841075102 0.08222266525329433 0
    outer loop
      vertex 3.1696989461779594 0.27527405321598053 8.950000000000001
      vertex 3.16094259172678 0.16913902014493942 9.4
      vertex 3.1696989461779594 0.27527405321598053 9.4
    endloop
  endfacet
  facet normal -0.9928657141646784 0.11923788674856298 0
    outer loop
      vertex 3.181957855820656 0.3773510977625847 8.950000000000001
      vertex 3.1696989461779594 0.27527405321598053 9.4
      vertex 3.181957855820656 0.3773510977625847 9.4
    endloop
  endfacet
  facet normal -0.9873171301314373 0.15876046280173975 0
    outer loop
      vertex 3.197719305753708 0.4753701463341713 8.950000000000001
      vertex 3.181957855820656 0.3773510977625847 9.4
      vertex 3.197719305753708 0.4753701463341713 9.4
    endloop
  endfacet
  facet normal -0.9796233719759887 0.2008433446206115 0
    outer loop
      vertex 3.2169832959771156 0.5693312138319016 8.950000000000001
      vertex 3.197719305753708 0.4753701463341713 9.4
      vertex 3.2169832959771156 0.5693312138319016 9.4
    endloop
  endfacet
  facet normal 0 0 1
    outer loop
      vertex 2.286134071648121 0.7858930453658104 8.950000000000001
      vertex 3.197719305753708 0.4753701463341713 8.950000000000001
      vertex 3.2169832959771156 0.5693312138319016 8.950000000000001
    endloop
  endfacet
  facet normal 0 0 1
    outer loop
      vertex 2.3272483572363853 0.9318714514374733 8.950000000000001
      vertex 3.2169832959771156 0.5693312138319016 8.950000000000001
      vertex 3.2397498339414597 0.6592342928051949 8.950000000000001
    endloop
  endfacet
  facet normal 0 0 1
    outer loop
      vertex 2.3272483572363853 0.9318714514374733 8.950000000000001
      vertex 3.2397498339414597 0.6592342928051949 8.950000000000001
      vertex 3.26601891964674 0.7450793758034706 8.950000000000001
    endloop
  endfacet
  facet normal 0 0 1
    outer loop
      vertex 2.3758379742503166 1.071461446583271 8.950000000000001
      vertex 3.26601891964674 0.7450793758034706 8.950000000000001
      vertex 3.295790545642376 0.82686647772789 8.950000000000001
    endloop
  endfacet
  facet normal 0 0 1
    outer loop
      vertex 2.431902915239334 1.2046630457043648 8.950000000000001
      vertex 3.295790545642376 0.82686647772789 8.950000000000001
      vertex 3.329064719378948 0.9045955911278725 8.950000000000001
    endloop
  endfacet
  facet normal 0 0 1
    outer loop
      vertex 2.495443180203438 1.331476241350174 8.950000000000001
      vertex 3.329064719378948 0.9045955911278725 8.950000000000001
      vertex 3.365841433405876 0.978266716003418 8.950000000000001
    endloop
  endfacet
  facet normal -0.9694003008269866 0.2454853493725194 0
    outer loop
      vertex 3.2169832959771156 0.5693312138319016 8.950000000000001
      vertex 3.2169832959771156 0.5693312138319016 9.4
      vertex 3.2397498339414597 0.6592342928051949 8.950000000000001
    endloop
  endfacet
  facet normal -0.956231193992099 0.2926122069163297 0
    outer loop
      vertex 3.2397498339414597 0.6592342928051949 8.950000000000001
      vertex 3.2397498339414597 0.6592342928051949 9.4
      vertex 3.26601891964674 0.7450793758034706 8.950000000000001
    endloop
  endfacet
  facet normal -0.9396794916096953 0.3420562132868582 0
    outer loop
      vertex 3.26601891964674 0.7450793758034706 8.950000000000001
      vertex 3.26601891964674 0.7450793758034706 9.4
      vertex 3.295790545642376 0.82686647772789 8.950000000000001
    endloop
  endfacet
  facet normal -0.9193089741141481 0.3935365422844394 0
    outer loop
      vertex 3.295790545642376 0.82686647772789 8.950000000000001
      vertex 3.295790545642376 0.82686647772789 9.4
      vertex 3.329064719378948 0.9045955911278725 8.950000000000001
    endloop
  endfacet
  facet normal -0.8947128865090287 0.44664174761735165 0
    outer loop
      vertex 3.329064719378948 0.9045955911278725 8.950000000000001
      vertex 3.329064719378948 0.9045955911278725 9.4
      vertex 3.365841433405876 0.978266716003418 8.950000000000001
    endloop
  endfacet
  facet normal -0.8655506937970817 0.5008213218977307 0
    outer loop
      vertex 3.365841433405876 0.978266716003418 8.950000000000001
      vertex 3.365841433405876 0.978266716003418 9.4
      vertex 3.4061206951737404 1.0478798523545265 8.950000000000001
    endloop
  endfacet
  facet normal -0.9694003008269866 0.2454853493725194 0
    outer loop
      vertex 3.2397498339414597 0.6592342928051949 8.950000000000001
      vertex 3.2169832959771156 0.5693312138319016 9.4
      vertex 3.2397498339414597 0.6592342928051949 9.4
    endloop
  endfacet
  facet normal -0.956231193992099 0.2926122069163297 0
    outer loop
      vertex 3.26601891964674 0.7450793758034706 8.950000000000001
      vertex 3.2397498339414597 0.6592342928051949 9.4
      vertex 3.26601891964674 0.7450793758034706 9.4
    endloop
  endfacet
  facet normal -0.9396794916096953 0.3420562132868582 0
    outer loop
      vertex 3.295790545642376 0.82686647772789 8.950000000000001
      vertex 3.26601891964674 0.7450793758034706 9.4
      vertex 3.295790545642376 0.82686647772789 9.4
    endloop
  endfacet
  facet normal -0.9193089741141481 0.3935365422844394 0
    outer loop
      vertex 3.329064719378948 0.9045955911278725 8.950000000000001
      vertex 3.295790545642376 0.82686647772789 9.4
      vertex 3.329064719378948 0.9045955911278725 9.4
    endloop
  endfacet
  facet normal -0.8947128865090287 0.44664174761735165 0
    outer loop
      vertex 3.365841433405876 0.978266716003418 8.950000000000001
      vertex 3.329064719378948 0.9045955911278725 9.4
      vertex 3.365841433405876 0.978266716003418 9.4
    endloop
  endfacet
  facet normal -0.8655506937970817 0.5008213218977307 0
    outer loop
      vertex 3.4061206951737404 1.0478798523545265 8.950000000000001
      vertex 3.365841433405876 0.978266716003418 9.4
      vertex 3.4061206951737404 1.0478798523545265 9.4
    endloop
  endfacet
  facet normal 0.9216847208326593 -0.3879397831927304 0
    outer loop
      vertex 2.3758379742503166 1.071461446583271 8.950000000000001
      vertex 2.431902915239334 1.2046630457043648 8.950000000000001
      vertex 2.431902915239334 1.2046630457043648 9.4
    endloop
  endfacet
  facet normal 0.8940499248149905 -0.44796733356162244 0
    outer loop
      vertex 2.431902915239334 1.2046630457043648 8.950000000000001
      vertex 2.495443180203438 1.331476241350174 8.950000000000001
      vertex 2.495443180203438 1.331476241350174 9.4
    endloop
  endfacet
  facet normal 0.861378923985109 -0.5079629408866908 0
    outer loop
      vertex 2.495443180203438 1.331476241350174 8.950000000000001
      vertex 2.5664587691426277 1.4519010335206985 8.950000000000001
      vertex 2.5664587691426277 1.4519010335206985 9.4
    endloop
  endfacet
  facet normal 0 0 1
    outer loop
      vertex 2.431902915239334 1.2046630457043648 8.950000000000001
      vertex 3.329064719378948 0.9045955911278725 8.950000000000001
      vertex 2.495443180203438 1.331476241350174 8.950000000000001
    endloop
  endfacet
  facet normal 0 0 1
    outer loop
      vertex 2.495443180203438 1.331476241350174 8.950000000000001
      vertex 3.365841433405876 0.978266716003418 8.950000000000001
      vertex 2.5664587691426277 1.4519010335206985 8.950000000000001
    endloop
  endfacet
  facet normal 0.8237352757610998 -0.5669745986080724 0
    outer loop
      vertex 2.5664587691426277 1.4519010335206985 8.950000000000001
      vertex 2.6449496895074844 1.5659374296665192 8.950000000000001
      vertex 2.6449496895074844 1.5659374296665192 9.4
    endloop
  endfacet
  facet normal 0.781407250150533 -0.6240214014055787 0
    outer loop
      vertex 2.6449496895074844 1.5659374296665192 8.950000000000001
      vertex 2.7309159338474274 1.6735854148864746 8.950000000000001
      vertex 2.7309159338474274 1.6735854148864746 9.4
    endloop
  endfacet
  facet normal 0.8940499248149905 -0.44796733356162244 0
    outer loop
      vertex 2.431902915239334 1.2046630457043648 8.950000000000001
      vertex 2.495443180203438 1.331476241350174 9.4
      vertex 2.431902915239334 1.2046630457043648 9.4
    endloop
  endfacet
  facet normal 0.861378923985109 -0.5079629408866908 0
    outer loop
      vertex 2.495443180203438 1.331476241350174 8.950000000000001
      vertex 2.5664587691426277 1.4519010335206985 9.4
      vertex 2.495443180203438 1.331476241350174 9.4
    endloop
  endfacet
  facet normal 0.8237352757610998 -0.5669745986080724 0
    outer loop
      vertex 2.5664587691426277 1.4519010335206985 8.950000000000001
      vertex 2.6449496895074844 1.5659374296665192 9.4
      vertex 2.5664587691426277 1.4519010335206985 9.4
    endloop
  endfacet
  facet normal 0.781407250150533 -0.6240214014055787 0
    outer loop
      vertex 2.6449496895074844 1.5659374296665192 8.950000000000001
      vertex 2.7309159338474274 1.6735854148864746 9.4
      vertex 2.6449496895074844 1.5659374296665192 9.4
    endloop
  endfacet
  facet normal 0.7349076660217634 -0.678167178815404 0
    outer loop
      vertex 2.7309159338474274 1.6735854148864746 8.950000000000001
      vertex 2.8243575021624565 1.7748449966311455 8.950000000000001
      vertex 2.8243575021624565 1.7748449966311455 9.4
    endloop
  endfacet
  facet normal 0.7349076660217634 -0.678167178815404 0
    outer loop
      vertex 2.7309159338474274 1.6735854148864746 8.950000000000001
      vertex 2.8243575021624565 1.7748449966311455 9.4
      vertex 2.7309159338474274 1.6735854148864746 9.4
    endloop
  endfacet
  facet normal 0 0 1
    outer loop
      vertex 2.5664587691426277 1.4519010335206985 8.950000000000001
      vertex 3.4061206951737404 1.0478798523545265 8.950000000000001
      vertex 2.6449496895074844 1.5659374296665192 8.950000000000001
    endloop
  endfacet
  facet normal 0 0 1
    outer loop
      vertex 2.6449496895074844 1.5659374296665192 8.950000000000001
      vertex 3.4499024972319603 1.1134350001811981 8.950000000000001
      vertex 2.7309159338474274 1.6735854148864746 8.950000000000001
    endloop
  endfacet
  facet normal 0 0 1
    outer loop
      vertex 2.7309159338474274 1.6735854148864746 8.950000000000001
      vertex 3.496724598109722 1.1745244935154915 8.950000000000001
      vertex 2.8243575021624565 1.7748449966311455 8.950000000000001
    endloop
  endfacet
  facet normal 0 0 1
    outer loop
      vertex 2.8243575021624565 1.7748449966311455 8.950000000000001
      vertex 3.5461109057068825 1.2307268306612968 8.950000000000001
      vertex 2.9106302186846733 1.8569566830992699 8.950000000000001
    endloop
  endfacet
  facet normal 0 0 1
    outer loop
      vertex 2.5664587691426277 1.4519010335206985 8.950000000000001
      vertex 3.365841433405876 0.978266716003418 8.950000000000001
      vertex 3.4061206951737404 1.0478798523545265 8.950000000000001
    endloop
  endfacet
  facet normal 0 0 1
    outer loop
      vertex 2.6449496895074844 1.5659374296665192 8.950000000000001
      vertex 3.4061206951737404 1.0478798523545265 8.950000000000001
      vertex 3.4499024972319603 1.1134350001811981 8.950000000000001
    endloop
  endfacet
  facet normal 0 0 1
    outer loop
      vertex 2.7309159338474274 1.6735854148864746 8.950000000000001
      vertex 3.4499024972319603 1.1134350001811981 8.950000000000001
      vertex 3.496724598109722 1.1745244935154915 8.950000000000001
    endloop
  endfacet
  facet normal 0 0 1
    outer loop
      vertex 2.8243575021624565 1.7748449966311455 8.950000000000001
      vertex 3.496724598109722 1.1745244935154915 8.950000000000001
      vertex 3.5461109057068825 1.2307268306612968 8.950000000000001
    endloop
  endfacet
  facet normal 0 0 1
    outer loop
      vertex 2.9106302186846733 1.8569566830992699 8.950000000000001
      vertex 3.5461109057068825 1.2307268306612968 8.950000000000001
      vertex 3.000442236661911 1.9324994385242462 8.950000000000001
    endloop
  endfacet
  facet normal 0 0 1
    outer loop
      vertex 3.000442236661911 1.9324994385242462 8.950000000000001
      vertex 3.5461109057068825 1.2307268306612968 8.950000000000001
      vertex 3.59806140512228 1.2820420116186142 8.950000000000001
    endloop
  endfacet
  facet normal 0.689422648099982 -0.724359311589772 0
    outer loop
      vertex 2.8243575021624565 1.7748449966311455 8.950000000000001
      vertex 2.9106302186846733 1.8569566830992699 8.950000000000001
      vertex 2.9106302186846733 1.8569566830992699 9.4
    endloop
  endfacet
  facet normal 0.6436948323097496 -0.7652822765867007 0
    outer loop
      vertex 2.9106302186846733 1.8569566830992699 8.950000000000001
      vertex 3.000442236661911 1.9324994385242462 8.950000000000001
      vertex 3.000442236661911 1.9324994385242462 9.4
    endloop
  endfacet
  facet normal 0.5942519384059602 -0.8042789526655282 0
    outer loop
      vertex 3.000442236661911 1.9324994385242462 8.950000000000001
      vertex 3.093793533742428 2.001473255455494 8.950000000000001
      vertex 3.093793533742428 2.001473255455494 9.4
    endloop
  endfacet
  facet normal 0 0 1
    outer loop
      vertex 3.000442236661911 1.9324994385242462 8.950000000000001
      vertex 3.59806140512228 1.2820420116186142 8.950000000000001
      vertex 3.093793533742428 2.001473255455494 8.950000000000001
    endloop
  endfacet
  facet normal 0 0 1
    outer loop
      vertex 3.093793533742428 2.001473255455494 8.950000000000001
      vertex 3.6525761112570763 1.328470028936863 8.950000000000001
      vertex 3.190684124827385 2.063878133893013 8.950000000000001
    endloop
  endfacet
  facet normal 0.5414822956150049 -0.8407121526036748 0
    outer loop
      vertex 3.093793533742428 2.001473255455494 8.950000000000001
      vertex 3.190684124827385 2.063878133893013 8.950000000000001
      vertex 3.190684124827385 2.063878133893013 9.4
    endloop
  endfacet
  facet normal 0.4859193310076101 -0.8740036634666452 0
    outer loop
      vertex 3.190684124827385 2.063878133893013 8.950000000000001
      vertex 3.2911140099167824 2.119714081287384 8.950000000000001
      vertex 3.2911140099167824 2.119714081287384 9.4
    endloop
  endfacet
  facet normal 0.4282173961817213 -0.9036757502596529 0
    outer loop
      vertex 3.2911140099167824 2.119714081287384 8.950000000000001
      vertex 3.3950831815600395 2.168981097638607 8.950000000000001
      vertex 3.3950831815600395 2.168981097638607 9.4
    endloop
  endfacet
  facet normal 0.689422648099982 -0.724359311589772 0
    outer loop
      vertex 2.8243575021624565 1.7748449966311455 8.950000000000001
      vertex 2.9106302186846733 1.8569566830992699 9.4
      vertex 2.8243575021624565 1.7748449966311455 9.4
    endloop
  endfacet
  facet normal 0.6436948323097496 -0.7652822765867007 0
    outer loop
      vertex 2.9106302186846733 1.8569566830992699 8.950000000000001
      vertex 3.000442236661911 1.9324994385242462 9.4
      vertex 2.9106302186846733 1.8569566830992699 9.4
    endloop
  endfacet
  facet normal 0.5942519384059602 -0.8042789526655282 0
    outer loop
      vertex 3.000442236661911 1.9324994385242462 8.950000000000001
      vertex 3.093793533742428 2.001473255455494 9.4
      vertex 3.000442236661911 1.9324994385242462 9.4
    endloop
  endfacet
  facet normal 0.5414822956150049 -0.8407121526036748 0
    outer loop
      vertex 3.093793533742428 2.001473255455494 8.950000000000001
      vertex 3.190684124827385 2.063878133893013 9.4
      vertex 3.093793533742428 2.001473255455494 9.4
    endloop
  endfacet
  facet normal 0.4859193310076101 -0.8740036634666452 0
    outer loop
      vertex 3.190684124827385 2.063878133893013 8.950000000000001
      vertex 3.2911140099167824 2.119714081287384 9.4
      vertex 3.190684124827385 2.063878133893013 9.4
    endloop
  endfacet
  facet normal 0.4282173961817213 -0.9036757502596529 0
    outer loop
      vertex 3.2911140099167824 2.119714081287384 8.950000000000001
      vertex 3.3950831815600395 2.168981097638607 9.4
      vertex 3.2911140099167824 2.119714081287384 9.4
    endloop
  endfacet
  facet normal -0.8315911691447695 0.5553882672513306 0
    outer loop
      vertex 3.4061206951737404 1.0478798523545265 8.950000000000001
      vertex 3.4061206951737404 1.0478798523545265 9.4
      vertex 3.4499024972319603 1.1134350001811981 8.950000000000001
    endloop
  endfacet
  facet normal -0.8315911691447695 0.5553882672513306 0
    outer loop
      vertex 3.4499024972319603 1.1134350001811981 8.950000000000001
      vertex 3.4061206951737404 1.0478798523545265 9.4
      vertex 3.4499024972319603 1.1134350001811981 9.4
    endloop
  endfacet
  facet normal -0.7936890202924642 0.608323712399236 0
    outer loop
      vertex 3.4499024972319603 1.1134350001811981 8.950000000000001
      vertex 3.4499024972319603 1.1134350001811981 9.4
      vertex 3.496724598109722 1.1745244935154915 8.950000000000001
    endloop
  endfacet
  facet normal -0.7511889229285015 0.6600872685255471 0
    outer loop
      vertex 3.496724598109722 1.1745244935154915 8.950000000000001
      vertex 3.496724598109722 1.1745244935154915 9.4
      vertex 3.5461109057068825 1.2307268306612968 8.950000000000001
    endloop
  endfacet
  facet normal -0.7027431691488852 0.7114436296816364 0
    outer loop
      vertex 3.5461109057068825 1.2307268306612968 8.950000000000001
      vertex 3.5461109057068825 1.2307268306612968 9.4
      vertex 3.59806140512228 1.2820420116186142 8.950000000000001
    endloop
  endfacet
  facet normal -0.648381994912374 0.7613151703949226 0
    outer loop
      vertex 3.59806140512228 1.2820420116186142 8.950000000000001
      vertex 3.59806140512228 1.2820420116186142 9.4
      vertex 3.6525761112570763 1.328470028936863 8.950000000000001
    endloop
  endfacet
  facet normal -0.5884396978684466 0.8085411071630749 0
    outer loop
      vertex 3.6525761112570763 1.328470028936863 8.950000000000001
      vertex 3.6525761112570763 1.328470028936863 9.4
      vertex 3.7096550166606903 1.3700108900666237 8.950000000000001
    endloop
  endfacet
  facet normal 0 0 1
    outer loop
      vertex 3.093793533742428 2.001473255455494 8.950000000000001
      vertex 3.59806140512228 1.2820420116186142 8.950000000000001
      vertex 3.6525761112570763 1.328470028936863 8.950000000000001
    endloop
  endfacet
  facet normal 0 0 1
    outer loop
      vertex 3.6525761112570763 1.328470028936863 8.950000000000001
      vertex 3.7096550166606903 1.3700108900666237 8.950000000000001
      vertex 3.190684124827385 2.063878133893013 8.950000000000001
    endloop
  endfacet
  facet normal 0 0 1
    outer loop
      vertex 3.7096550166606903 1.3700108900666237 8.950000000000001
      vertex 3.7692981213331223 1.4066645875573158 8.950000000000001
      vertex 3.2911140099167824 2.119714081287384 8.950000000000001
    endloop
  endfacet
  facet normal 0 0 1
    outer loop
      vertex 3.7692981213331223 1.4066645875573158 8.950000000000001
      vertex 3.831505425274372 1.4384311214089394 8.950000000000001
      vertex 3.3950831815600395 2.168981097638607 8.950000000000001
    endloop
  endfacet
  facet normal -0.523581858831929 0.8519753735303046 0
    outer loop
      vertex 3.7096550166606903 1.3700108900666237 8.950000000000001
      vertex 3.7096550166606903 1.3700108900666237 9.4
      vertex 3.7692981213331223 1.4066645875573158 8.950000000000001
    endloop
  endfacet
  facet normal -0.4547896709979714 0.8905988744398663 0
    outer loop
      vertex 3.7692981213331223 1.4066645875573158 8.950000000000001
      vertex 3.7692981213331223 1.4066645875573158 9.4
      vertex 3.831505425274372 1.4384311214089394 8.950000000000001
    endloop
  endfacet
  facet normal -0.3832937108922491 0.9236265106580955 0
    outer loop
      vertex 3.831505425274372 1.4384311214089394 8.950000000000001
      vertex 3.831505425274372 1.4384311214089394 9.4
      vertex 3.8962769359350204 1.4653105065226555 8.950000000000001
    endloop
  endfacet
  facet normal -0.3104661197003865 0.9505844457586001 0
    outer loop
      vertex 3.8962769359350204 1.4653105065226555 8.950000000000001
      vertex 3.8962769359350204 1.4653105065226555 9.4
      vertex 3.9636126458644867 1.4873027205467224 8.950000000000001
    endloop
  endfacet
  facet normal -0.7936890202924642 0.608323712399236 0
    outer loop
      vertex 3.496724598109722 1.1745244935154915 8.950000000000001
      vertex 3.4499024972319603 1.1134350001811981 9.4
      vertex 3.496724598109722 1.1745244935154915 9.4
    endloop
  endfacet
  facet normal -0.7511889229285015 0.6600872685255471 0
    outer loop
      vertex 3.5461109057068825 1.2307268306612968 8.950000000000001
      vertex 3.496724598109722 1.1745244935154915 9.4
      vertex 3.5461109057068825 1.2307268306612968 9.4
    endloop
  endfacet
  facet normal -0.7027431691488852 0.7114436296816364 0
    outer loop
      vertex 3.59806140512228 1.2820420116186142 8.950000000000001
      vertex 3.5461109057068825 1.2307268306612968 9.4
      vertex 3.59806140512228 1.2820420116186142 9.4
    endloop
  endfacet
  facet normal -0.648381994912374 0.7613151703949226 0
    outer loop
      vertex 3.6525761112570763 1.328470028936863 8.950000000000001
      vertex 3.59806140512228 1.2820420116186142 9.4
      vertex 3.6525761112570763 1.328470028936863 9.4
    endloop
  endfacet
  facet normal -0.5884396978684466 0.8085411071630749 0
    outer loop
      vertex 3.7096550166606903 1.3700108900666237 8.950000000000001
      vertex 3.6525761112570763 1.328470028936863 9.4
      vertex 3.7096550166606903 1.3700108900666237 9.4
    endloop
  endfacet
  facet normal -0.523581858831929 0.8519753735303046 0
    outer loop
      vertex 3.7692981213331223 1.4066645875573158 8.950000000000001
      vertex 3.7096550166606903 1.3700108900666237 9.4
      vertex 3.7692981213331223 1.4066645875573158 9.4
    endloop
  endfacet
  facet normal -0.4547896709979714 0.8905988744398663 0
    outer loop
      vertex 3.831505425274372 1.4384311214089394 8.950000000000001
      vertex 3.7692981213331223 1.4066645875573158 9.4
      vertex 3.831505425274372 1.4384311214089394 9.4
    endloop
  endfacet
  facet normal -0.3832937108922491 0.9236265106580955 0
    outer loop
      vertex 3.8962769359350204 1.4653105065226555 8.950000000000001
      vertex 3.831505425274372 1.4384311214089394 9.4
      vertex 3.8962769359350204 1.4653105065226555 9.4
    endloop
  endfacet
  facet normal -0.3104661197003865 0.9505844457586001 0
    outer loop
      vertex 3.9636126458644867 1.4873027205467224 8.950000000000001
      vertex 3.8962769359350204 1.4653105065226555 9.4
      vertex 3.9636126458644867 1.4873027205467224 9.4
    endloop
  endfacet
  facet normal 0 0 1
    outer loop
      vertex 3.7096550166606903 1.3700108900666237 8.950000000000001
      vertex 3.2911140099167824 2.119714081287384 8.950000000000001
      vertex 3.190684124827385 2.063878133893013 8.950000000000001
    endloop
  endfacet
  facet normal 0 0 1
    outer loop
      vertex 3.7692981213331223 1.4066645875573158 8.950000000000001
      vertex 3.3950831815600395 2.168981097638607 8.950000000000001
      vertex 3.2911140099167824 2.119714081287384 8.950000000000001
    endloop
  endfacet
  facet normal 0 0 1
    outer loop
      vertex 3.831505425274372 1.4384311214089394 8.950000000000001
      vertex 3.5025916397571564 2.211679168045521 8.950000000000001
      vertex 3.3950831815600395 2.168981097638607 8.950000000000001
    endloop
  endfacet
  facet normal 0 0 1
    outer loop
      vertex 3.831505425274372 1.4384311214089394 8.950000000000001
      vertex 3.6136393919587135 2.247808314859867 8.950000000000001
      vertex 3.5025916397571564 2.211679168045521 8.950000000000001
    endloop
  endfacet
  facet normal 0.36911425580313373 -0.9293840251278794 0
    outer loop
      vertex 3.3950831815600395 2.168981097638607 8.950000000000001
      vertex 3.5025916397571564 2.211679168045521 8.950000000000001
      vertex 3.5025916397571564 2.211679168045521 9.4
    endloop
  endfacet
  facet normal 0.309385234543669 -0.9509367889856607 0
    outer loop
      vertex 3.5025916397571564 2.211679168045521 8.950000000000001
      vertex 3.6136393919587135 2.247808314859867 8.950000000000001
      vertex 3.6136393919587135 2.247808314859867 9.4
    endloop
  endfacet
  facet normal 0 0 1
    outer loop
      vertex 3.831505425274372 1.4384311214089394 8.950000000000001
      vertex 3.8962769359350204 1.4653105065226555 8.950000000000001
      vertex 3.6136393919587135 2.247808314859867 8.950000000000001
    endloop
  endfacet
  facet normal 0 0 1
    outer loop
      vertex 3.8962769359350204 1.4653105065226555 8.950000000000001
      vertex 3.9636126458644867 1.4873027205467224 8.950000000000001
      vertex 3.728226438164711 2.2773685231804848 8.950000000000001
    endloop
  endfacet
  facet normal 0 0 1
    outer loop
      vertex 3.9636126458644867 1.4873027205467224 8.950000000000001
      vertex 4.033512562513351 1.5044077783823013 8.950000000000001
      vertex 3.8463527634739876 2.300359793007374 8.950000000000001
    endloop
  endfacet
  facet normal 0 0 1
    outer loop
      vertex 3.8962769359350204 1.4653105065226555 8.950000000000001
      vertex 3.728226438164711 2.2773685231804848 8.950000000000001
      vertex 3.6136393919587135 2.247808314859867 8.950000000000001
    endloop
  endfacet
  facet normal 0 0 1
    outer loop
      vertex 3.9636126458644867 1.4873027205467224 8.950000000000001
      vertex 3.8463527634739876 2.300359793007374 8.950000000000001
      vertex 3.728226438164711 2.2773685231804848 8.950000000000001
    endloop
  endfacet
  facet normal 0 0 1
    outer loop
      vertex 4.033512562513351 1.5044077783823013 8.950000000000001
      vertex 3.968018390238285 2.316782131791115 8.950000000000001
      vertex 3.8463527634739876 2.300359793007374 8.950000000000001
    endloop
  endfacet
  facet normal 0.36911425580313373 -0.9293840251278794 0
    outer loop
      vertex 3.3950831815600395 2.168981097638607 8.950000000000001
      vertex 3.5025916397571564 2.211679168045521 9.4
      vertex 3.3950831815600395 2.168981097638607 9.4
    endloop
  endfacet
  facet normal 0.309385234543669 -0.9509367889856607 0
    outer loop
      vertex 3.5025916397571564 2.211679168045521 8.950000000000001
      vertex 3.6136393919587135 2.247808314859867 9.4
      vertex 3.5025916397571564 2.211679168045521 9.4
    endloop
  endfacet
  facet normal 0.24979370216043564 -0.9682990789838558 0
    outer loop
      vertex 3.6136393919587135 2.247808314859867 8.950000000000001
      vertex 3.728226438164711 2.2773685231804848 9.4
      vertex 3.6136393919587135 2.247808314859867 9.4
    endloop
  endfacet
  facet normal -0.23769450695931632 0.9713399617854542 0
    outer loop
      vertex 3.9636126458644867 1.4873027205467224 8.950000000000001
      vertex 3.9636126458644867 1.4873027205467224 9.4
      vertex 4.033512562513351 1.5044077783823013 8.950000000000001
    endloop
  endfacet
  facet normal -0.16625959220040695 0.9860820189017516 0
    outer loop
      vertex 4.033512562513351 1.5044077783823013 8.950000000000001
      vertex 4.033512562513351 1.5044077783823013 9.4
      vertex 4.1059766709804535 1.5166256800293922 8.950000000000001
    endloop
  endfacet
  facet normal -0.09724322126093686 0.995260647227045 0
    outer loop
      vertex 4.1059766709804535 1.5166256800293922 8.950000000000001
      vertex 4.1059766709804535 1.5166256800293922 9.4
      vertex 4.181004986166954 1.5239564180374146 8.950000000000001
    endloop
  endfacet
  facet normal -0.03147688914202346 0.9995044799549128 0
    outer loop
      vertex 4.181004986166954 1.5239564180374146 8.950000000000001
      vertex 4.181004986166954 1.5239564180374146 9.4
      vertex 4.2585975006222725 1.5263999998569489 8.950000000000001
    endloop
  endfacet
  facet normal 0.02280245240024547 0.99973999027974 0
    outer loop
      vertex 4.2585975006222725 1.5263999998569489 8.950000000000001
      vertex 4.2585975006222725 1.5263999998569489 9.4
      vertex 4.334597177803516 1.5246665701270103 8.950000000000001
    endloop
  endfacet
  facet normal 0.07098488346444376 0.9974773913826516 0
    outer loop
      vertex 4.334597177803516 1.5246665701270103 8.950000000000001
      vertex 4.334597177803516 1.5246665701270103 9.4
      vertex 4.407671585679054 1.5194662734866142 8.950000000000001
    endloop
  endfacet
  facet normal 0.12262099852433236 0.992453571065617 0
    outer loop
      vertex 4.407671585679054 1.5194662734866142 8.950000000000001
      vertex 4.407671585679054 1.5194662734866142 9.4
      vertex 4.477820724248886 1.5107991099357605 8.950000000000001
    endloop
  endfacet
  facet normal 0.17763118995970326 0.984097129532192 0
    outer loop
      vertex 4.477820724248886 1.5107991099357605 8.950000000000001
      vertex 4.477820724248886 1.5107991099357605 9.4
      vertex 4.5450446009635925 1.4986650869250298 8.950000000000001
    endloop
  endfacet
  facet normal -0.23769450695931632 0.9713399617854542 0
    outer loop
      vertex 4.033512562513351 1.5044077783823013 8.950000000000001
      vertex 3.9636126458644867 1.4873027205467224 9.4
      vertex 4.033512562513351 1.5044077783823013 9.4
    endloop
  endfacet
  facet normal -0.16625959220040695 0.9860820189017516 0
    outer loop
      vertex 4.1059766709804535 1.5166256800293922 8.950000000000001
      vertex 4.033512562513351 1.5044077783823013 9.4
      vertex 4.1059766709804535 1.5166256800293922 9.4
    endloop
  endfacet
  facet normal -0.09724322126093686 0.995260647227045 0
    outer loop
      vertex 4.181004986166954 1.5239564180374146 8.950000000000001
      vertex 4.1059766709804535 1.5166256800293922 9.4
      vertex 4.181004986166954 1.5239564180374146 9.4
    endloop
  endfacet
  facet normal -0.03147688914202346 0.9995044799549128 0
    outer loop
      vertex 4.2585975006222725 1.5263999998569489 8.950000000000001
      vertex 4.181004986166954 1.5239564180374146 9.4
      vertex 4.2585975006222725 1.5263999998569489 9.4
    endloop
  endfacet
  facet normal 0.02280245240024547 0.99973999027974 0
    outer loop
      vertex 4.334597177803516 1.5246665701270103 8.950000000000001
      vertex 4.2585975006222725 1.5263999998569489 9.4
      vertex 4.334597177803516 1.5246665701270103 9.4
    endloop
  endfacet
  facet normal 0.07098488346444376 0.9974773913826516 0
    outer loop
      vertex 4.407671585679054 1.5194662734866142 8.950000000000001
      vertex 4.334597177803516 1.5246665701270103 9.4
      vertex 4.407671585679054 1.5194662734866142 9.4
    endloop
  endfacet
  facet normal 0.12262099852433236 0.992453571065617 0
    outer loop
      vertex 4.477820724248886 1.5107991099357605 8.950000000000001
      vertex 4.407671585679054 1.5194662734866142 9.4
      vertex 4.477820724248886 1.5107991099357605 9.4
    endloop
  endfacet
  facet normal 0.17763118995970326 0.984097129532192 0
    outer loop
      vertex 4.5450446009635925 1.4986650869250298 8.950000000000001
      vertex 4.477820724248886 1.5107991099357605 9.4
      vertex 4.5450446009635925 1.4986650869250298 9.4
    endloop
  endfacet
  facet normal 0 0 1
    outer loop
      vertex 4.033512562513351 1.5044077783823013 8.950000000000001
      vertex 4.1059766709804535 1.5166256800293922 8.950000000000001
      vertex 3.968018390238285 2.316782131791115 8.950000000000001
    endloop
  endfacet
  facet normal 0 0 1
    outer loop
      vertex 4.1059766709804535 1.5166256800293922 8.950000000000001
      vertex 4.181004986166954 1.5239564180374146 8.950000000000001
      vertex 4.093223296105862 2.326635532081127 8.950000000000001
    endloop
  endfacet
  facet normal 0 0 1
    outer loop
      vertex 4.181004986166954 1.5239564180374146 8.950000000000001
      vertex 4.2585975006222725 1.5263999998569489 8.950000000000001
      vertex 4.221967503428459 2.3299200013279915 8.950000000000001
    endloop
  endfacet
  facet normal 0 0 1
    outer loop
      vertex 4.1059766709804535 1.5166256800293922 8.950000000000001
      vertex 4.093223296105862 2.326635532081127 8.950000000000001
      vertex 3.968018390238285 2.316782131791115 8.950000000000001
    endloop
  endfacet
  facet normal 0 0 1
    outer loop
      vertex 4.181004986166954 1.5239564180374146 8.950000000000001
      vertex 4.221967503428459 2.3299200013279915 8.950000000000001
      vertex 4.093223296105862 2.326635532081127 8.950000000000001
    endloop
  endfacet
  facet normal 0 0 1
    outer loop
      vertex 4.2585975006222725 1.5263999998569489 8.950000000000001
      vertex 4.334597177803516 1.5246665701270103 8.950000000000001
      vertex 4.392997853457928 2.325508937239647 8.950000000000001
    endloop
  endfacet
  facet normal 0 0 1
    outer loop
      vertex 4.334597177803516 1.5246665701270103 8.950000000000001
      vertex 4.407671585679054 1.5194662734866142 8.950000000000001
      vertex 4.392997853457928 2.325508937239647 8.950000000000001
    endloop
  endfacet
  facet normal 0 0 1
    outer loop
      vertex 4.407671585679054 1.5194662734866142 8.950000000000001
      vertex 4.477820724248886 1.5107991099357605 8.950000000000001
      vertex 4.556805841624737 2.3122757375240326 8.950000000000001
    endloop
  endfacet
  facet normal 0 0 1
    outer loop
      vertex 4.2585975006222725 1.5263999998569489 8.950000000000001
      vertex 4.392997853457928 2.325508937239647 8.950000000000001
      vertex 4.221967503428459 2.3299200013279915 8.950000000000001
    endloop
  endfacet
  facet normal 0 0 1
    outer loop
      vertex 4.407671585679054 1.5194662734866142 8.950000000000001
      vertex 4.556805841624737 2.3122757375240326 8.950000000000001
      vertex 4.392997853457928 2.325508937239647 8.950000000000001
    endloop
  endfacet
  facet normal 0.24979370216043564 -0.9682990789838558 0
    outer loop
      vertex 3.6136393919587135 2.247808314859867 8.950000000000001
      vertex 3.728226438164711 2.2773685231804848 8.950000000000001
      vertex 3.728226438164711 2.2773685231804848 9.4
    endloop
  endfacet
  facet normal 0.191047905616375 -0.9815807138282601 0
    outer loop
      vertex 3.728226438164711 2.2773685231804848 8.950000000000001
      vertex 3.8463527634739876 2.300359793007374 8.950000000000001
      vertex 3.8463527634739876 2.300359793007374 9.4
    endloop
  endfacet
  facet normal 0.13376621062593985 -0.9910129166134902 0
    outer loop
      vertex 3.8463527634739876 2.300359793007374 8.950000000000001
      vertex 3.968018390238285 2.316782131791115 8.950000000000001
      vertex 3.968018390238285 2.316782131791115 9.4
    endloop
  endfacet
  facet normal 0.191047905616375 -0.9815807138282601 0
    outer loop
      vertex 3.728226438164711 2.2773685231804848 8.950000000000001
      vertex 3.8463527634739876 2.300359793007374 9.4
      vertex 3.728226438164711 2.2773685231804848 9.4
    endloop
  endfacet
  facet normal 0.13376621062593985 -0.9910129166134902 0
    outer loop
      vertex 3.8463527634739876 2.300359793007374 8.950000000000001
      vertex 3.968018390238285 2.316782131791115 9.4
      vertex 3.8463527634739876 2.300359793007374 9.4
    endloop
  endfacet
  facet normal 0.07845561780709719 -0.9969176074453227 0
    outer loop
      vertex 3.968018390238285 2.316782131791115 8.950000000000001
      vertex 4.093223296105862 2.326635532081127 8.950000000000001
      vertex 4.093223296105862 2.326635532081127 9.4
    endloop
  endfacet
  facet normal 0.025503290615729344 -0.999674738186261 0
    outer loop
      vertex 4.093223296105862 2.326635532081127 8.950000000000001
      vertex 4.221967503428459 2.3299200013279915 8.950000000000001
      vertex 4.221967503428459 2.3299200013279915 9.4
    endloop
  endfacet
  facet normal -0.025782545257507665 -0.9996675749268076 0
    outer loop
      vertex 4.221967503428459 2.3299200013279915 8.950000000000001
      vertex 4.392997853457928 2.325508937239647 8.950000000000001
      vertex 4.392997853457928 2.325508937239647 9.4
    endloop
  endfacet
  facet normal -0.08052250016619825 -0.996752791301326 0
    outer loop
      vertex 4.392997853457928 2.325508937239647 8.950000000000001
      vertex 4.556805841624737 2.3122757375240326 8.950000000000001
      vertex 4.556805841624737 2.3122757375240326 9.4
    endloop
  endfacet
  facet normal 0.07845561780709719 -0.9969176074453227 0
    outer loop
      vertex 3.968018390238285 2.316782131791115 8.950000000000001
      vertex 4.093223296105862 2.326635532081127 9.4
      vertex 3.968018390238285 2.316782131791115 9.4
    endloop
  endfacet
  facet normal 0.025503290615729344 -0.999674738186261 0
    outer loop
      vertex 4.093223296105862 2.326635532081127 8.950000000000001
      vertex 4.221967503428459 2.3299200013279915 9.4
      vertex 4.093223296105862 2.326635532081127 9.4
    endloop
  endfacet
  facet normal -0.025782545257507665 -0.9996675749268076 0
    outer loop
      vertex 4.221967503428459 2.3299200013279915 8.950000000000001
      vertex 4.392997853457928 2.325508937239647 9.4
      vertex 4.221967503428459 2.3299200013279915 9.4
    endloop
  endfacet
  facet normal -0.08052250016619825 -0.996752791301326 0
    outer loop
      vertex 4.392997853457928 2.325508937239647 8.950000000000001
      vertex 4.556805841624737 2.3122757375240326 9.4
      vertex 4.392997853457928 2.325508937239647 9.4
    endloop
  endfacet
  facet normal 0.9525075589607341 0.30451494236352955 0
    outer loop
      vertex 5.23901729285717 0.7940241992473602 8.950000000000001
      vertex 5.224008597433567 0.8409706503152847 8.950000000000001
      vertex 5.224008597433567 0.8409706503152847 9.4
    endloop
  endfacet
  facet normal 0.9591783676589971 0.28280180164741137 0
    outer loop
      vertex 5.23901729285717 0.7940241992473602 8.950000000000001
      vertex 5.23901729285717 0.7940241992473602 9.4
      vertex 5.253412500023842 0.7452000007033348 8.950000000000001
    endloop
  endfacet
  facet normal 0.9448467314964096 0.32751283025333766 0
    outer loop
      vertex 5.224008597433567 0.8409706503152847 8.950000000000001
      vertex 5.208386406302452 0.8860393464565277 8.950000000000001
      vertex 5.208386406302452 0.8860393464565277 9.4
    endloop
  endfacet
  facet normal 0.9360504771272791 0.35186574750861055 0
    outer loop
      vertex 5.208386406302452 0.8860393464565277 8.950000000000001
      vertex 5.192150726914406 0.9292302951216698 8.950000000000001
      vertex 5.192150726914406 0.9292302951216698 9.4
    endloop
  endfacet
  facet normal 0.9259523186932203 0.3776404420962471 0
    outer loop
      vertex 5.192150726914406 0.9292302951216698 8.950000000000001
      vertex 5.175301551818848 0.9705434888601303 8.950000000000001
      vertex 5.175301551818848 0.9705434888601303 9.4
    endloop
  endfacet
  facet normal 0.9010690015751679 0.4336757479965074 0
    outer loop
      vertex 5.157838888466358 1.00997893512249 8.950000000000001
      vertex 5.139762736856937 1.047536626458168 8.950000000000001
      vertex 5.139762736856937 1.047536626458168 9.4
    endloop
  endfacet
  facet normal 0.8683803439811459 0.4958987580012543 0
    outer loop
      vertex 5.121073089540005 1.0832165703177452 8.950000000000001
      vertex 5.101769953966141 1.1170187592506409 8.950000000000001
      vertex 5.101769953966141 1.1170187592506409 9.4
    endloop
  endfacet
  facet normal 0.885829974824755 0.46400997370958924 0
    outer loop
      vertex 5.139762736856937 1.047536626458168 8.950000000000001
      vertex 5.121073089540005 1.0832165703177452 8.950000000000001
      vertex 5.121073089540005 1.0832165703177452 9.4
    endloop
  endfacet
  facet normal 0.9143631734625698 0.4048950320953054 0
    outer loop
      vertex 5.175301551818848 0.9705434888601303 8.950000000000001
      vertex 5.157838888466358 1.00997893512249 8.950000000000001
      vertex 5.157838888466358 1.00997893512249 9.4
    endloop
  endfacet
  facet normal 0 0 1
    outer loop
      vertex 5.23901729285717 0.7940241992473602 8.950000000000001
      vertex 5.253412500023842 0.7452000007033348 8.950000000000001
      vertex 6.154707118868828 1.0040634348988533 8.950000000000001
    endloop
  endfacet
  facet normal 0 0 1
    outer loop
      vertex 5.224008597433567 0.8409706503152847 8.950000000000001
      vertex 6.0924098044633865 1.1978419497609138 8.950000000000001
      vertex 5.208386406302452 0.8860393464565277 8.950000000000001
    endloop
  endfacet
  facet normal 0 0 1
    outer loop
      vertex 5.208386406302452 0.8860393464565277 8.950000000000001
      vertex 6.065288655459881 1.262364499270916 8.950000000000001
      vertex 5.192150726914406 0.9292302951216698 8.950000000000001
    endloop
  endfacet
  facet normal 0 0 1
    outer loop
      vertex 5.192150726914406 0.9292302951216698 8.950000000000001
      vertex 6.034989804029465 1.3268518969416618 8.950000000000001
      vertex 5.175301551818848 0.9705434888601303 8.950000000000001
    endloop
  endfacet
  facet normal 0 0 1
    outer loop
      vertex 5.175301551818848 0.9705434888601303 8.950000000000001
      vertex 6.00151327252388 1.3913041427731514 8.950000000000001
      vertex 5.157838888466358 1.00997893512249 8.950000000000001
    endloop
  endfacet
  facet normal 0 0 1
    outer loop
      vertex 5.23901729285717 0.7940241992473602 8.950000000000001
      vertex 6.116353265941143 1.1332842633128166 8.950000000000001
      vertex 5.224008597433567 0.8409706503152847 8.950000000000001
    endloop
  endfacet
  facet normal 0.9591783676589971 0.28280180164741137 0
    outer loop
      vertex 5.253412500023842 0.7452000007033348 8.950000000000001
      vertex 5.23901729285717 0.7940241992473602 9.4
      vertex 5.253412500023842 0.7452000007033348 9.4
    endloop
  endfacet
  facet normal 0.9525075589607341 0.30451494236352955 0
    outer loop
      vertex 5.23901729285717 0.7940241992473602 8.950000000000001
      vertex 5.224008597433567 0.8409706503152847 9.4
      vertex 5.23901729285717 0.7940241992473602 9.4
    endloop
  endfacet
  facet normal 0.9448467314964096 0.32751283025333766 0
    outer loop
      vertex 5.224008597433567 0.8409706503152847 8.950000000000001
      vertex 5.208386406302452 0.8860393464565277 9.4
      vertex 5.224008597433567 0.8409706503152847 9.4
    endloop
  endfacet
  facet normal 0.9360504771272791 0.35186574750861055 0
    outer loop
      vertex 5.208386406302452 0.8860393464565277 8.950000000000001
      vertex 5.192150726914406 0.9292302951216698 9.4
      vertex 5.208386406302452 0.8860393464565277 9.4
    endloop
  endfacet
  facet normal 0.9259523186932203 0.3776404420962471 0
    outer loop
      vertex 5.192150726914406 0.9292302951216698 8.950000000000001
      vertex 5.175301551818848 0.9705434888601303 9.4
      vertex 5.192150726914406 0.9292302951216698 9.4
    endloop
  endfacet
  facet normal 0.9143631734625698 0.4048950320953054 0
    outer loop
      vertex 5.175301551818848 0.9705434888601303 8.950000000000001
      vertex 5.157838888466358 1.00997893512249 9.4
      vertex 5.175301551818848 0.9705434888601303 9.4
    endloop
  endfacet
  facet normal 0.9010690015751679 0.4336757479965074 0
    outer loop
      vertex 5.157838888466358 1.00997893512249 8.950000000000001
      vertex 5.139762736856937 1.047536626458168 9.4
      vertex 5.157838888466358 1.00997893512249 9.4
    endloop
  endfacet
  facet normal 0.885829974824755 0.46400997370958924 0
    outer loop
      vertex 5.139762736856937 1.047536626458168 8.950000000000001
      vertex 5.121073089540005 1.0832165703177452 9.4
      vertex 5.139762736856937 1.047536626458168 9.4
    endloop
  endfacet
  facet normal 0.8683803439811459 0.4958987580012543 0
    outer loop
      vertex 5.121073089540005 1.0832165703177452 8.950000000000001
      vertex 5.101769953966141 1.1170187592506409 9.4
      vertex 5.121073089540005 1.0832165703177452 9.4
    endloop
  endfacet
  facet normal 0.84842978025745 0.5293079519261874 0
    outer loop
      vertex 5.101769953966141 1.1170187592506409 8.950000000000001
      vertex 5.0818533301353455 1.148943193256855 9.4
      vertex 5.101769953966141 1.1170187592506409 9.4
    endloop
  endfacet
  facet normal 0 1 0
    outer loop
      vertex 5.253412500023842 0.7452000007033348 8.950000000000001
      vertex 5.253412500023842 0.7452000007033348 9.4
      vertex 6.050000000000001 0.7452000007033348 9.4
    endloop
  endfacet
  facet normal 0.4887765656253306 0.8724090032178181 0
    outer loop
      vertex 4.837284982204437 1.3859920129179955 8.950000000000001
      vertex 4.7846874371171 1.415460355579853 8.950000000000001
      vertex 4.7846874371171 1.415460355579853 9.4
    endloop
  endfacet
  facet normal 0.23579046767339515 0.9718039181616637 0
    outer loop
      vertex 4.609343208372593 1.483064204454422 8.950000000000001
      vertex 4.5450446009635925 1.4986650869250298 8.950000000000001
      vertex 4.5450446009635925 1.4986650869250298 9.4
    endloop
  endfacet
  facet normal 0.2966952179966218 0.9549722234797916 0
    outer loop
      vertex 4.609343208372593 1.483064204454422 8.950000000000001
      vertex 4.609343208372593 1.483064204454422 9.4
      vertex 4.670716553926468 1.463996447622776 8.950000000000001
    endloop
  endfacet
  facet normal 0.35973808011528363 0.9330533284410757 0
    outer loop
      vertex 4.670716553926468 1.463996447622776 8.950000000000001
      vertex 4.670716553926468 1.463996447622776 9.4
      vertex 4.729164630174637 1.441461831331253 8.950000000000001
    endloop
  endfacet
  facet normal 0.4241016770998507 0.9056145799848266 0
    outer loop
      vertex 4.729164630174637 1.441461831331253 8.950000000000001
      vertex 4.729164630174637 1.441461831331253 9.4
      vertex 4.7846874371171 1.415460355579853 8.950000000000001
    endloop
  endfacet
  facet normal 0.552611674257457 0.8334388624694495 0
    outer loop
      vertex 4.837284982204437 1.3859920129179955 8.950000000000001
      vertex 4.837284982204437 1.3859920129179955 9.4
      vertex 4.886957265436649 1.3530568033456802 8.950000000000001
    endloop
  endfacet
  facet normal 0.614395723129246 0.7889980325707353 0
    outer loop
      vertex 4.933704271912575 1.316654734313488 8.950000000000001
      vertex 4.886957265436649 1.3530568033456802 8.950000000000001
      vertex 4.886957265436649 1.3530568033456802 9.4
    endloop
  endfacet
  facet normal 0.6729590438673652 0.7396797450769635 0
    outer loop
      vertex 4.933704271912575 1.316654734313488 8.950000000000001
      vertex 4.933704271912575 1.316654734313488 9.4
      vertex 4.977526023983955 1.2767857983708382 8.950000000000001
    endloop
  endfacet
  facet normal 0.7272793010948404 0.686341619165704 0
    outer loop
      vertex 5.018422499299049 1.2334500029683113 8.950000000000001
      vertex 4.977526023983955 1.2767857983708382 8.950000000000001
      vertex 4.977526023983955 1.2767857983708382 9.4
    endloop
  endfacet
  facet normal 0.799769578216277 0.6003071062046146 0
    outer loop
      vertex 5.061323210597038 1.1789898797869682 8.950000000000001
      vertex 5.0401796028018 1.2071588188409805 8.950000000000001
      vertex 5.0401796028018 1.2071588188409805 9.4
    endloop
  endfacet
  facet normal 0.84842978025745 0.5293079519261874 0
    outer loop
      vertex 5.101769953966141 1.1170187592506409 8.950000000000001
      vertex 5.0818533301353455 1.148943193256855 8.950000000000001
      vertex 5.0818533301353455 1.148943193256855 9.4
    endloop
  endfacet
  facet normal 0.8256674631741812 0.5641571060046239 0
    outer loop
      vertex 5.0818533301353455 1.148943193256855 8.950000000000001
      vertex 5.061323210597038 1.1789898797869682 8.950000000000001
      vertex 5.061323210597038 1.1789898797869682 9.4
    endloop
  endfacet
  facet normal 0.7704104100103834 0.6375482727979372 0
    outer loop
      vertex 5.0401796028018 1.2071588188409805 8.950000000000001
      vertex 5.018422499299049 1.2334500029683113 8.950000000000001
      vertex 5.018422499299049 1.2334500029683113 9.4
    endloop
  endfacet
  facet normal 0 0 1
    outer loop
      vertex 4.729164630174637 1.441461831331253 8.950000000000001
      vertex 4.7846874371171 1.415460355579853 8.950000000000001
      vertex 5.139814123511314 2.171121656894684 8.950000000000001
    endloop
  endfacet
  facet normal 0 0 1
    outer loop
      vertex 4.837284982204437 1.3859920129179955 8.950000000000001
      vertex 5.139814123511314 2.171121656894684 8.950000000000001
      vertex 4.7846874371171 1.415460355579853 8.950000000000001
    endloop
  endfacet
  facet normal 0 0 1
    outer loop
      vertex 4.837284982204437 1.3859920129179955 8.950000000000001
      vertex 4.886957265436649 1.3530568033456802 8.950000000000001
      vertex 5.267510280013084 2.113777808845043 8.950000000000001
    endloop
  endfacet
  facet normal 0 0 1
    outer loop
      vertex 4.933704271912575 1.316654734313488 8.950000000000001
      vertex 5.387984067201614 2.0476118326187134 8.950000000000001
      vertex 4.886957265436649 1.3530568033456802 8.950000000000001
    endloop
  endfacet
  facet normal 0.23579046767339515 0.9718039181616637 0
    outer loop
      vertex 4.609343208372593 1.483064204454422 8.950000000000001
      vertex 4.5450446009635925 1.4986650869250298 9.4
      vertex 4.609343208372593 1.483064204454422 9.4
    endloop
  endfacet
  facet normal 0.2966952179966218 0.9549722234797916 0
    outer loop
      vertex 4.670716553926468 1.463996447622776 8.950000000000001
      vertex 4.609343208372593 1.483064204454422 9.4
      vertex 4.670716553926468 1.463996447622776 9.4
    endloop
  endfacet
  facet normal 0.35973808011528363 0.9330533284410757 0
    outer loop
      vertex 4.729164630174637 1.441461831331253 8.950000000000001
      vertex 4.670716553926468 1.463996447622776 9.4
      vertex 4.729164630174637 1.441461831331253 9.4
    endloop
  endfacet
  facet normal 0.4241016770998507 0.9056145799848266 0
    outer loop
      vertex 4.7846874371171 1.415460355579853 8.950000000000001
      vertex 4.729164630174637 1.441461831331253 9.4
      vertex 4.7846874371171 1.415460355579853 9.4
    endloop
  endfacet
  facet normal 0.4887765656253306 0.8724090032178181 0
    outer loop
      vertex 4.837284982204437 1.3859920129179955 8.950000000000001
      vertex 4.7846874371171 1.415460355579853 9.4
      vertex 4.837284982204437 1.3859920129179955 9.4
    endloop
  endfacet
  facet normal 0.552611674257457 0.8334388624694495 0
    outer loop
      vertex 4.886957265436649 1.3530568033456802 8.950000000000001
      vertex 4.837284982204437 1.3859920129179955 9.4
      vertex 4.886957265436649 1.3530568033456802 9.4
    endloop
  endfacet
  facet normal 0.614395723129246 0.7889980325707353 0
    outer loop
      vertex 4.933704271912575 1.316654734313488 8.950000000000001
      vertex 4.886957265436649 1.3530568033456802 9.4
      vertex 4.933704271912575 1.316654734313488 9.4
    endloop
  endfacet
  facet normal 0.7272793010948404 0.686341619165704 0
    outer loop
      vertex 5.018422499299049 1.2334500029683113 8.950000000000001
      vertex 4.977526023983955 1.2767857983708382 9.4
      vertex 5.018422499299049 1.2334500029683113 9.4
    endloop
  endfacet
  facet normal 0.799769578216277 0.6003071062046146 0
    outer loop
      vertex 5.061323210597038 1.1789898797869682 8.950000000000001
      vertex 5.0401796028018 1.2071588188409805 9.4
      vertex 5.061323210597038 1.1789898797869682 9.4
    endloop
  endfacet
  facet normal 0.8256674631741812 0.5641571060046239 0
    outer loop
      vertex 5.0818533301353455 1.148943193256855 8.950000000000001
      vertex 5.061323210597038 1.1789898797869682 9.4
      vertex 5.0818533301353455 1.148943193256855 9.4
    endloop
  endfacet
  facet normal 0.7704104100103834 0.6375482727979372 0
    outer loop
      vertex 5.0401796028018 1.2071588188409805 8.950000000000001
      vertex 5.018422499299049 1.2334500029683113 9.4
      vertex 5.0401796028018 1.2071588188409805 9.4
    endloop
  endfacet
  facet normal 0.6729590438673652 0.7396797450769635 0
    outer loop
      vertex 4.977526023983955 1.2767857983708382 8.950000000000001
      vertex 4.933704271912575 1.316654734313488 9.4
      vertex 4.977526023983955 1.2767857983708382 9.4
    endloop
  endfacet
  facet normal 0 0 1
    outer loop
      vertex 4.477820724248886 1.5107991099357605 8.950000000000001
      vertex 4.5450446009635925 1.4986650869250298 8.950000000000001
      vertex 4.713391467928886 2.2902204170823097 8.950000000000001
    endloop
  endfacet
  facet normal 0 0 1
    outer loop
      vertex 4.609343208372593 1.483064204454422 8.950000000000001
      vertex 4.713391467928886 2.2902204170823097 8.950000000000001
      vertex 4.5450446009635925 1.4986650869250298 8.950000000000001
    endloop
  endfacet
  facet normal 0 0 1
    outer loop
      vertex 4.609343208372593 1.483064204454422 8.950000000000001
      vertex 4.670716553926468 1.463996447622776 8.950000000000001
      vertex 4.862754717469215 2.259342961013317 8.950000000000001
    endloop
  endfacet
  facet normal 0 0 1
    outer loop
      vertex 4.670716553926468 1.463996447622776 8.950000000000001
      vertex 4.729164630174637 1.441461831331253 8.950000000000001
      vertex 5.004895605146885 2.2196433693170547 8.950000000000001
    endloop
  endfacet
  facet normal 0 0 1
    outer loop
      vertex 4.477820724248886 1.5107991099357605 8.950000000000001
      vertex 4.713391467928886 2.2902204170823097 8.950000000000001
      vertex 4.556805841624737 2.3122757375240326 8.950000000000001
    endloop
  endfacet
  facet normal 0 0 1
    outer loop
      vertex 4.609343208372593 1.483064204454422 8.950000000000001
      vertex 4.862754717469215 2.259342961013317 8.950000000000001
      vertex 4.713391467928886 2.2902204170823097 8.950000000000001
    endloop
  endfacet
  facet normal 0 0 1
    outer loop
      vertex 4.729164630174637 1.441461831331253 8.950000000000001
      vertex 5.139814123511314 2.171121656894684 8.950000000000001
      vertex 5.004895605146885 2.2196433693170547 8.950000000000001
    endloop
  endfacet
  facet normal 0 0 1
    outer loop
      vertex 4.837284982204437 1.3859920129179955 8.950000000000001
      vertex 5.267510280013084 2.113777808845043 8.950000000000001
      vertex 5.139814123511314 2.171121656894684 8.950000000000001
    endloop
  endfacet
  facet normal 0 0 1
    outer loop
      vertex 4.670716553926468 1.463996447622776 8.950000000000001
      vertex 5.004895605146885 2.2196433693170547 8.950000000000001
      vertex 4.862754717469215 2.259342961013317 8.950000000000001
    endloop
  endfacet
  facet normal -0.2690024341144284 -0.96313949687494 0
    outer loop
      vertex 5.004895605146885 2.2196433693170547 8.950000000000001
      vertex 5.004895605146885 2.2196433693170547 9.4
      vertex 4.862754717469215 2.259342961013317 8.950000000000001
    endloop
  endfacet
  facet normal -0.2690024341144284 -0.96313949687494 0
    outer loop
      vertex 4.862754717469215 2.259342961013317 8.950000000000001
      vertex 5.004895605146885 2.2196433693170547 9.4
      vertex 4.862754717469215 2.259342961013317 9.4
    endloop
  endfacet
  facet normal -0.33841719024275496 -0.940996177116676 0
    outer loop
      vertex 5.004895605146885 2.2196433693170547 8.950000000000001
      vertex 5.139814123511314 2.171121656894684 9.4
      vertex 5.004895605146885 2.2196433693170547 9.4
    endloop
  endfacet
  facet normal 0 0 1
    outer loop
      vertex 5.121073089540005 1.0832165703177452 8.950000000000001
      vertex 5.882017500698566 1.5844499990344048 8.950000000000001
      vertex 5.101769953966141 1.1170187592506409 8.950000000000001
    endloop
  endfacet
  facet normal 0 0 1
    outer loop
      vertex 5.0401796028018 1.2071588188409805 8.950000000000001
      vertex 5.706071227788925 1.7961811274290085 8.950000000000001
      vertex 5.018422499299049 1.2334500029683113 8.950000000000001
    endloop
  endfacet
  facet normal 0 0 1
    outer loop
      vertex 5.061323210597038 1.1789898797869682 8.950000000000001
      vertex 5.706071227788925 1.7961811274290085 8.950000000000001
      vertex 5.0401796028018 1.2071588188409805 8.950000000000001
    endloop
  endfacet
  facet normal 0 0 1
    outer loop
      vertex 5.0818533301353455 1.148943193256855 8.950000000000001
      vertex 5.7976555451750755 1.694726623594761 8.950000000000001
      vertex 5.061323210597038 1.1789898797869682 8.950000000000001
    endloop
  endfacet
  facet normal 0 0 1
    outer loop
      vertex 5.101769953966141 1.1170187592506409 8.950000000000001
      vertex 5.7976555451750755 1.694726623594761 8.950000000000001
      vertex 5.0818533301353455 1.148943193256855 8.950000000000001
    endloop
  endfacet
  facet normal 0 0 1
    outer loop
      vertex 4.933704271912575 1.316654734313488 8.950000000000001
      vertex 4.977526023983955 1.2767857983708382 8.950000000000001
      vertex 5.501235485076904 1.9726237282156944 8.950000000000001
    endloop
  endfacet
  facet normal 0 0 1
    outer loop
      vertex 5.018422499299049 1.2334500029683113 8.950000000000001
      vertex 5.607264541089535 1.8888134881854057 8.950000000000001
      vertex 4.977526023983955 1.2767857983708382 8.950000000000001
    endloop
  endfacet
  facet normal 0 0 1
    outer loop
      vertex 5.157838888466358 1.00997893512249 8.950000000000001
      vertex 5.964859038591385 1.4557212442159653 8.950000000000001
      vertex 5.139762736856937 1.047536626458168 8.950000000000001
    endloop
  endfacet
  facet normal 0 0 1
    outer loop
      vertex 5.139762736856937 1.047536626458168 8.950000000000001
      vertex 5.925027117133141 1.5201031938195229 8.950000000000001
      vertex 5.121073089540005 1.0832165703177452 8.950000000000001
    endloop
  endfacet
  facet normal 0 0 1
    outer loop
      vertex 5.121073089540005 1.0832165703177452 8.950000000000001
      vertex 5.925027117133141 1.5201031938195229 8.950000000000001
      vertex 5.882017500698566 1.5844499990344048 8.950000000000001
    endloop
  endfacet
  facet normal 0 0 1
    outer loop
      vertex 5.018422499299049 1.2334500029683113 8.950000000000001
      vertex 5.706071227788925 1.7961811274290085 8.950000000000001
      vertex 5.607264541089535 1.8888134881854057 8.950000000000001
    endloop
  endfacet
  facet normal 0 0 1
    outer loop
      vertex 5.101769953966141 1.1170187592506409 8.950000000000001
      vertex 5.882017500698566 1.5844499990344048 8.950000000000001
      vertex 5.7976555451750755 1.694726623594761 8.950000000000001
    endloop
  endfacet
  facet normal 0 0 1
    outer loop
      vertex 5.061323210597038 1.1789898797869682 8.950000000000001
      vertex 5.7976555451750755 1.694726623594761 8.950000000000001
      vertex 5.706071227788925 1.7961811274290085 8.950000000000001
    endloop
  endfacet
  facet normal 0 0 1
    outer loop
      vertex 4.886957265436649 1.3530568033456802 8.950000000000001
      vertex 5.387984067201614 2.0476118326187134 8.950000000000001
      vertex 5.267510280013084 2.113777808845043 8.950000000000001
    endloop
  endfacet
  facet normal 0 0 1
    outer loop
      vertex 4.933704271912575 1.316654734313488 8.950000000000001
      vertex 5.501235485076904 1.9726237282156944 8.950000000000001
      vertex 5.387984067201614 2.0476118326187134 8.950000000000001
    endloop
  endfacet
  facet normal 0 0 1
    outer loop
      vertex 4.977526023983955 1.2767857983708382 8.950000000000001
      vertex 5.607264541089535 1.8888134881854057 8.950000000000001
      vertex 5.501235485076904 1.9726237282156944 8.950000000000001
    endloop
  endfacet
  facet normal -0.33841719024275496 -0.940996177116676 0
    outer loop
      vertex 5.004895605146885 2.2196433693170547 8.950000000000001
      vertex 5.139814123511314 2.171121656894684 8.950000000000001
      vertex 5.139814123511314 2.171121656894684 9.4
    endloop
  endfacet
  facet normal -0.4096550862327069 -0.9122404893029434 0
    outer loop
      vertex 5.139814123511314 2.171121656894684 8.950000000000001
      vertex 5.267510280013084 2.113777808845043 8.950000000000001
      vertex 5.267510280013084 2.113777808845043 9.4
    endloop
  endfacet
  facet normal -0.4813902085804978 -0.8765063987688994 0
    outer loop
      vertex 5.387984067201614 2.0476118326187134 8.950000000000001
      vertex 5.387984067201614 2.0476118326187134 9.4
      vertex 5.267510280013084 2.113777808845043 8.950000000000001
    endloop
  endfacet
  facet normal -0.6201140748131065 -0.7845116533351718 0
    outer loop
      vertex 5.607264541089535 1.8888134881854057 8.950000000000001
      vertex 5.607264541089535 1.8888134881854057 9.4
      vertex 5.501235485076904 1.9726237282156944 8.950000000000001
    endloop
  endfacet
  facet normal -0.5520835275834968 -0.8337888093342117 0
    outer loop
      vertex 5.387984067201614 2.0476118326187134 8.950000000000001
      vertex 5.501235485076904 1.9726237282156944 8.950000000000001
      vertex 5.501235485076904 1.9726237282156944 9.4
    endloop
  endfacet
  facet normal -0.4096550862327069 -0.9122404893029434 0
    outer loop
      vertex 5.139814123511314 2.171121656894684 8.950000000000001
      vertex 5.267510280013084 2.113777808845043 9.4
      vertex 5.139814123511314 2.171121656894684 9.4
    endloop
  endfacet
  facet normal -0.4813902085804978 -0.8765063987688994 0
    outer loop
      vertex 5.267510280013084 2.113777808845043 8.950000000000001
      vertex 5.387984067201614 2.0476118326187134 9.4
      vertex 5.267510280013084 2.113777808845043 9.4
    endloop
  endfacet
  facet normal -0.6201140748131065 -0.7845116533351718 0
    outer loop
      vertex 5.501235485076904 1.9726237282156944 8.950000000000001
      vertex 5.607264541089535 1.8888134881854057 9.4
      vertex 5.501235485076904 1.9726237282156944 9.4
    endloop
  endfacet
  facet normal -0.6839454199492265 -0.7295331812402204 0
    outer loop
      vertex 5.607264541089535 1.8888134881854057 8.950000000000001
      vertex 5.706071227788925 1.7961811274290085 9.4
      vertex 5.607264541089535 1.8888134881854057 9.4
    endloop
  endfacet
  facet normal -0.5520835275834968 -0.8337888093342117 0
    outer loop
      vertex 5.387984067201614 2.0476118326187134 8.950000000000001
      vertex 5.501235485076904 1.9726237282156944 9.4
      vertex 5.387984067201614 2.0476118326187134 9.4
    endloop
  endfacet
  facet normal 0 0 1
    outer loop
      vertex 5.253412500023842 0.7452000007033348 8.950000000000001
      vertex 6.193282499909401 0.7452000007033348 8.950000000000001
      vertex 6.188405193388462 0.8099685832858086 8.950000000000001
    endloop
  endfacet
  facet normal 0 0 1
    outer loop
      vertex 5.253412500023842 0.7452000007033348 8.950000000000001
      vertex 6.188405193388462 0.8099685832858086 8.950000000000001
      vertex 6.180350191891193 0.874702014029026 8.950000000000001
    endloop
  endfacet
  facet normal 0 1 0
    outer loop
      vertex 5.253412500023842 0.7452000007033348 8.950000000000001
      vertex 6.050000000000001 0.7452000007033348 9.4
      vertex 6.193282499909401 0.7452000007033348 8.950000000000001
    endloop
  endfacet
  facet normal 0 0 1
    outer loop
      vertex 5.208386406302452 0.8860393464565277 8.950000000000001
      vertex 6.0924098044633865 1.1978419497609138 8.950000000000001
      vertex 6.065288655459881 1.262364499270916 8.950000000000001
    endloop
  endfacet
  facet normal 0 0 1
    outer loop
      vertex 5.253412500023842 0.7452000007033348 8.950000000000001
      vertex 6.180350191891193 0.874702014029026 8.950000000000001
      vertex 6.1691175028681755 0.9394002929329872 8.950000000000001
    endloop
  endfacet
  facet normal 0 0 1
    outer loop
      vertex 5.253412500023842 0.7452000007033348 8.950000000000001
      vertex 6.1691175028681755 0.9394002929329872 8.950000000000001
      vertex 6.154707118868828 1.0040634348988533 8.950000000000001
    endloop
  endfacet
  facet normal 0 0 1
    outer loop
      vertex 5.23901729285717 0.7940241992473602 8.950000000000001
      vertex 6.154707118868828 1.0040634348988533 8.950000000000001
      vertex 6.13711903989315 1.0686914175748825 8.950000000000001
    endloop
  endfacet
  facet normal 0 0 1
    outer loop
      vertex 5.23901729285717 0.7940241992473602 8.950000000000001
      vertex 6.13711903989315 1.0686914175748825 8.950000000000001
      vertex 6.116353265941143 1.1332842633128166 8.950000000000001
    endloop
  endfacet
  facet normal 0 0 1
    outer loop
      vertex 5.224008597433567 0.8409706503152847 8.950000000000001
      vertex 6.116353265941143 1.1332842633128166 8.950000000000001
      vertex 6.0924098044633865 1.1978419497609138 8.950000000000001
    endloop
  endfacet
  facet normal -0.997176686792075 -0.07509098027313124 0
    outer loop
      vertex 6.193282499909401 0.7452000007033348 8.950000000000001
      vertex 6.193282499909401 0.7452000007033348 8.951143688617153
      vertex 6.188405193388462 0.8099685832858086 8.950000000000001
    endloop
  endfacet
  facet normal -0.992346922813961 -0.12348111103185946 0
    outer loop
      vertex 6.188405193388462 0.8099685832858086 8.950000000000001
      vertex 6.188405193388462 0.8099685832858086 8.966422664178413
      vertex 6.180350191891193 0.874702014029026 8.950000000000001
    endloop
  endfacet
  facet normal -0.997176686792075 -0.07509098027313124 0
    outer loop
      vertex 6.188405193388462 0.8099685832858086 8.950000000000001
      vertex 6.193282499909401 0.7452000007033348 8.951143688617153
      vertex 6.188405193388462 0.8099685832858086 8.966422664178413
    endloop
  endfacet
  facet normal 0 1 0
    outer loop
      vertex 6.193282499909401 0.7452000007033348 8.950000000000001
      vertex 6.050000000000001 0.7452000007033348 9.4
      vertex 6.193282499909401 0.7452000007033348 8.951143688617153
    endloop
  endfacet
  facet normal -0.9923469228139611 -0.12348111103185946 0
    outer loop
      vertex 6.180350191891193 0.874702014029026 8.950000000000001
      vertex 6.188405193388462 0.8099685832858086 8.966422664178413
      vertex 6.180350191891193 0.874702014029026 8.991656298868858
    endloop
  endfacet
  facet normal -0.9852610341767811 -0.17105757666031496 0
    outer loop
      vertex 6.180350191891193 0.874702014029026 8.950000000000001
      vertex 6.180350191891193 0.874702014029026 8.991656298868858
      vertex 6.1691175028681755 0.9394002929329872 8.950000000000001
    endloop
  endfacet
  facet normal -0.9852610341767811 -0.17105757666031493 0
    outer loop
      vertex 6.1691175028681755 0.9394002929329872 8.950000000000001
      vertex 6.180350191891193 0.874702014029026 8.991656298868858
      vertex 6.1691175028681755 0.9394002929329872 9.026844569348299
    endloop
  endfacet
  facet normal -0.9760564774184137 -0.21751724733813105 0
    outer loop
      vertex 6.1691175028681755 0.9394002929329872 8.950000000000001
      vertex 6.1691175028681755 0.9394002929329872 9.026844569348299
      vertex 6.154707118868828 1.0040634348988533 8.950000000000001
    endloop
  endfacet
  facet normal -0.9760564774184136 -0.21751724733813105 0
    outer loop
      vertex 6.154707118868828 1.0040634348988533 8.950000000000001
      vertex 6.1691175028681755 0.9394002929329872 9.026844569348299
      vertex 6.154707118868828 1.0040634348988533 9.071987498956922
    endloop
  endfacet
  facet normal -0.9649066911286364 -0.2625929881302742 0
    outer loop
      vertex 6.154707118868828 1.0040634348988533 8.950000000000001
      vertex 6.154707118868828 1.0040634348988533 9.071987498956922
      vertex 6.13711903989315 1.0686914175748825 8.950000000000001
    endloop
  endfacet
  facet normal -0.9520122957621866 -0.3060597796470666 0
    outer loop
      vertex 6.13711903989315 1.0686914175748825 8.950000000000001
      vertex 6.13711903989315 1.0686914175748825 9.127085087694727
      vertex 6.116353265941143 1.1332842633128166 8.950000000000001
    endloop
  endfacet
  facet normal -0.9649066911286364 -0.2625929881302742 0
    outer loop
      vertex 6.13711903989315 1.0686914175748825 8.950000000000001
      vertex 6.154707118868828 1.0040634348988533 9.071987498956922
      vertex 6.13711903989315 1.0686914175748825 9.127085087694727
    endloop
  endfacet
  facet normal -0.9520122957621865 -0.3060597796470666 0
    outer loop
      vertex 6.116353265941143 1.1332842633128166 8.950000000000001
      vertex 6.13711903989315 1.0686914175748825 9.127085087694727
      vertex 6.116353265941143 1.1332842633128166 9.192137335561716
    endloop
  endfacet
  facet normal 0 0 1
    outer loop
      vertex 5.192150726914406 0.9292302951216698 8.950000000000001
      vertex 6.065288655459881 1.262364499270916 8.950000000000001
      vertex 6.034989804029465 1.3268518969416618 8.950000000000001
    endloop
  endfacet
  facet normal 0 0 1
    outer loop
      vertex 5.175301551818848 0.9705434888601303 8.950000000000001
      vertex 6.034989804029465 1.3268518969416618 8.950000000000001
      vertex 6.00151327252388 1.3913041427731514 8.950000000000001
    endloop
  endfacet
  facet normal 0 0 1
    outer loop
      vertex 5.139762736856937 1.047536626458168 8.950000000000001
      vertex 5.964859038591385 1.4557212442159653 8.950000000000001
      vertex 5.925027117133141 1.5201031938195229 8.950000000000001
    endloop
  endfacet
  facet normal 0 0 1
    outer loop
      vertex 5.157838888466358 1.00997893512249 8.950000000000001
      vertex 6.00151327252388 1.3913041427731514 8.950000000000001
      vertex 5.964859038591385 1.4557212442159653 8.950000000000001
    endloop
  endfacet
  facet normal -0.8313833241014705 -0.5556993507338203 0
    outer loop
      vertex 5.925027117133141 1.5201031938195229 8.950000000000001
      vertex 5.925027117133141 1.5201031938195229 9.4
      vertex 5.882017500698566 1.5844499990344048 8.950000000000001
    endloop
  endfacet
  facet normal -0.7942439250637454 -0.607599035136936 0
    outer loop
      vertex 5.7976555451750755 1.694726623594761 8.950000000000001
      vertex 5.882017500698566 1.5844499990344048 8.950000000000001
      vertex 5.882017500698566 1.5844499990344048 9.4
    endloop
  endfacet
  facet normal -0.8691457113687819 -0.4945560963219986 0
    outer loop
      vertex 6.00151327252388 1.3913041427731514 8.950000000000001
      vertex 6.00151327252388 1.3913041427731514 9.4
      vertex 5.964859038591385 1.4557212442159653 8.950000000000001
    endloop
  endfacet
  facet normal -0.9050789416448528 -0.42524358830090897 0
    outer loop
      vertex 6.065288655459881 1.262364499270916 8.950000000000001
      vertex 6.065288655459881 1.262364499270916 9.352105738662683
      vertex 6.034989804029465 1.3268518969416618 8.950000000000001
    endloop
  endfacet
  facet normal -0.8874344517900267 -0.4609339364552526 0
    outer loop
      vertex 6.034989804029465 1.3268518969416618 8.950000000000001
      vertex 6.034989804029465 1.3268518969416618 9.4
      vertex 6.00151327252388 1.3913041427731514 8.950000000000001
    endloop
  endfacet
  facet normal -0.9375915895828325 -0.3477384234500662 0
    outer loop
      vertex 6.116353265941143 1.1332842633128166 8.950000000000001
      vertex 6.116353265941143 1.1332842633128166 9.192137335561716
      vertex 6.0924098044633865 1.1978419497609138 8.950000000000001
    endloop
  endfacet
  facet normal -0.9218714880255591 -0.38749575425485827 0
    outer loop
      vertex 6.0924098044633865 1.1978419497609138 8.950000000000001
      vertex 6.0924098044633865 1.1978419497609138 9.2671442192177
      vertex 6.065288655459881 1.262364499270916 8.950000000000001
    endloop
  endfacet
  facet normal -0.8504044566524886 -0.526129508871709 0
    outer loop
      vertex 5.964859038591385 1.4557212442159653 8.950000000000001
      vertex 5.964859038591385 1.4557212442159653 9.4
      vertex 5.925027117133141 1.5201031938195229 8.950000000000001
    endloop
  endfacet
  facet normal -0.8504044566524886 -0.526129508871709 0
    outer loop
      vertex 5.925027117133141 1.5201031938195229 8.950000000000001
      vertex 5.964859038591385 1.4557212442159653 9.4
      vertex 5.925027117133141 1.5201031938195229 9.4
    endloop
  endfacet
  facet normal -0.7942439250637454 -0.607599035136936 0
    outer loop
      vertex 5.7976555451750755 1.694726623594761 8.950000000000001
      vertex 5.882017500698566 1.5844499990344048 9.4
      vertex 5.7976555451750755 1.694726623594761 9.4
    endloop
  endfacet
  facet normal -0.8313833241014705 -0.5556993507338203 0
    outer loop
      vertex 5.882017500698566 1.5844499990344048 8.950000000000001
      vertex 5.925027117133141 1.5201031938195229 9.4
      vertex 5.882017500698566 1.5844499990344048 9.4
    endloop
  endfacet
  facet normal -0.921871488025559 -0.38749575425485827 0
    outer loop
      vertex 6.065288655459881 1.262364499270916 8.950000000000001
      vertex 6.0924098044633865 1.1978419497609138 9.2671442192177
      vertex 6.065288655459881 1.262364499270916 9.352105738662683
    endloop
  endfacet
  facet normal -0.9050789416448533 -0.4252435883009079 0
    outer loop
      vertex 6.034989804029465 1.3268518969416618 8.950000000000001
      vertex 6.050000000000001 1.2949045315806083 9.4
      vertex 6.034989804029465 1.3268518969416618 9.4
    endloop
  endfacet
  facet normal -0.9050789416448525 -0.4252435883009099 -1.7089785359770818e-16
    outer loop
      vertex 6.034989804029465 1.3268518969416618 8.950000000000001
      vertex 6.065288655459881 1.262364499270916 9.352105738662683
      vertex 6.050000000000001 1.2949045315806083 9.4
    endloop
  endfacet
  facet normal -0.8874344517900267 -0.4609339364552526 0
    outer loop
      vertex 6.00151327252388 1.3913041427731514 8.950000000000001
      vertex 6.034989804029465 1.3268518969416618 9.4
      vertex 6.00151327252388 1.3913041427731514 9.4
    endloop
  endfacet
  facet normal -0.9375915895828324 -0.34773842345006617 0
    outer loop
      vertex 6.0924098044633865 1.1978419497609138 8.950000000000001
      vertex 6.116353265941143 1.1332842633128166 9.192137335561716
      vertex 6.0924098044633865 1.1978419497609138 9.2671442192177
    endloop
  endfacet
  facet normal -0.8691457113687819 -0.4945560963219986 0
    outer loop
      vertex 5.964859038591385 1.4557212442159653 8.950000000000001
      vertex 6.00151327252388 1.3913041427731514 9.4
      vertex 5.964859038591385 1.4557212442159653 9.4
    endloop
  endfacet
  facet normal -0.6839454199492265 -0.7295331812402204 0
    outer loop
      vertex 5.607264541089535 1.8888134881854057 8.950000000000001
      vertex 5.706071227788925 1.7961811274290085 8.950000000000001
      vertex 5.706071227788925 1.7961811274290085 9.4
    endloop
  endfacet
  facet normal -0.7422918925515737 -0.6700766719206116 0
    outer loop
      vertex 5.7976555451750755 1.694726623594761 8.950000000000001
      vertex 5.7976555451750755 1.694726623594761 9.4
      vertex 5.706071227788925 1.7961811274290085 8.950000000000001
    endloop
  endfacet
  facet normal -0.7422918925515737 -0.6700766719206116 0
    outer loop
      vertex 5.706071227788925 1.7961811274290085 8.950000000000001
      vertex 5.7976555451750755 1.694726623594761 9.4
      vertex 5.706071227788925 1.7961811274290085 9.4
    endloop
  endfacet
  facet normal -0.13947476534301012 -0.9902256257199732 0
    outer loop
      vertex 4.556805841624737 2.3122757375240326 8.950000000000001
      vertex 4.713391467928886 2.2902204170823097 8.950000000000001
      vertex 4.713391467928886 2.2902204170823097 9.4
    endloop
  endfacet
  facet normal -0.20244662517563186 -0.9792932982283691 0
    outer loop
      vertex 4.713391467928886 2.2902204170823097 8.950000000000001
      vertex 4.862754717469215 2.259342961013317 8.950000000000001
      vertex 4.862754717469215 2.259342961013317 9.4
    endloop
  endfacet
  facet normal -0.13947476534301012 -0.9902256257199732 0
    outer loop
      vertex 4.556805841624737 2.3122757375240326 8.950000000000001
      vertex 4.713391467928886 2.2902204170823097 9.4
      vertex 4.556805841624737 2.3122757375240326 9.4
    endloop
  endfacet
  facet normal -0.20244662517563186 -0.9792932982283691 0
    outer loop
      vertex 4.713391467928886 2.2902204170823097 8.950000000000001
      vertex 4.862754717469215 2.259342961013317 9.4
      vertex 4.713391467928886 2.2902204170823097 9.4
    endloop
  endfacet
endsolid OpenSCAD_Model
