solid OpenSCAD_Model
  facet normal -1 0 0
    outer loop
      vertex -9.212900000000001 -9.212900000000001 0.002036
      vertex -9.212900000000001 9.212900000000001 0
      vertex -9.212900000000001 -9.212900000000001 0
    endloop
  endfacet
  facet normal 0 0 -1
    outer loop
      vertex -9.212900000000001 -9.212900000000001 0
      vertex -9.212900000000001 9.212900000000001 0
      vertex -8.159150235294119 -8.159150235294119 0
    endloop
  endfacet
  facet normal 0 -1 0
    outer loop
      vertex -9.212900000000001 -9.212900000000001 0.002036
      vertex -9.212900000000001 -9.212900000000001 0
      vertex 9.212900000000001 -9.212900000000001 0
    endloop
  endfacet
  facet normal 0 0 -1
    outer loop
      vertex -9.212900000000001 -9.212900000000001 0
      vertex -8.159150235294119 -8.159150235294119 0
      vertex 8.159150235294119 -8.159150235294119 0
    endloop
  endfacet
  facet normal -0.9526404687211405 -9.818978253742028e-18 0.30409889403739326
    outer loop
      vertex -9.212900000000001 -9.212900000000001 0.002036
      vertex -6.158900000000001 -6.158900000000001 9.5692
      vertex -6.158900000000001 6.158900000000001 9.5692
    endloop
  endfacet
  facet normal 0 0 1
    outer loop
      vertex -6.158900000000001 -6.158900000000001 9.5692
      vertex -2.5586030220389366 -2.2926988777816297 9.5692
      vertex -6.028573092594743 -2.2926988777816297 9.5692
    endloop
  endfacet
  facet normal 0 0 1
    outer loop
      vertex -6.158900000000001 -6.158900000000001 9.5692
      vertex -6.028573092594743 -2.2926988777816297 9.5692
      vertex -6.158900000000001 6.158900000000001 9.5692
    endloop
  endfacet
  facet normal -9.818978253742028e-18 -0.9526404687211405 0.30409889403739326
    outer loop
      vertex -9.212900000000001 -9.212900000000001 0.002036
      vertex 6.158900000000001 -6.158900000000001 9.5692
      vertex -6.158900000000001 -6.158900000000001 9.5692
    endloop
  endfacet
  facet normal 0 0 1
    outer loop
      vertex -6.158900000000001 -6.158900000000001 9.5692
      vertex -1.4396598934084177 -2.0618338293582203 9.5692
      vertex -2.5586030220389366 -2.2926988777816297 9.5692
    endloop
  endfacet
  facet normal 0 0 1
    outer loop
      vertex -6.158900000000001 -6.158900000000001 9.5692
      vertex -1.2638590041995048 -2.1682095308750866 9.5692
      vertex -1.3540204034894705 -2.1174393079727887 9.5692
    endloop
  endfacet
  facet normal 0 0 1
    outer loop
      vertex -6.158900000000001 -6.158900000000001 9.5692
      vertex -1.1691756955385209 -2.214144490480423 9.5692
      vertex -1.2638590041995048 -2.1682095308750866 9.5692
    endloop
  endfacet
  facet normal 0 0 1
    outer loop
      vertex -6.158900000000001 -6.158900000000001 9.5692
      vertex -1.0699704775065184 -2.2552441867887976 9.5692
      vertex -1.1691756955385209 -2.214144490480423 9.5692
    endloop
  endfacet
  facet normal 0 0 1
    outer loop
      vertex -6.158900000000001 -6.158900000000001 9.5692
      vertex -0.9662433576881886 -2.2915086349695923 9.5692
      vertex -1.0699704775065184 -2.2552441867887976 9.5692
    endloop
  endfacet
  facet normal 0 0 1
    outer loop
      vertex -6.158900000000001 -6.158900000000001 9.5692
      vertex -0.8579943284988404 -2.322937819853425 9.5692
      vertex -0.9662433576881886 -2.2915086349695923 9.5692
    endloop
  endfacet
  facet normal 0 0 1
    outer loop
      vertex -6.158900000000001 -6.158900000000001 9.5692
      vertex -0.7452233899384737 -2.349531741440296 9.5692
      vertex -0.8579943284988404 -2.322937819853425 9.5692
    endloop
  endfacet
  facet normal 0 0 1
    outer loop
      vertex -6.158900000000001 -6.158900000000001 9.5692
      vertex -0.6279305420070886 -2.3712904073148966 9.5692
      vertex -0.7452233899384737 -2.349531741440296 9.5692
    endloop
  endfacet
  facet normal 0 0 1
    outer loop
      vertex -6.158900000000001 -6.158900000000001 9.5692
      vertex -0.5061157922893763 -2.3882138174772263 9.5692
      vertex -0.6279305420070886 -2.3712904073148966 9.5692
    endloop
  endfacet
  facet normal 0 0 1
    outer loop
      vertex -6.158900000000001 -6.158900000000001 9.5692
      vertex -0.37977913320064544 -2.400301964342594 9.5692
      vertex -0.5061157922893763 -2.3882138174772263 9.5692
    endloop
  endfacet
  facet normal 0 0 1
    outer loop
      vertex -6.158900000000001 -6.158900000000001 9.5692
      vertex -1.3540204034894705 -2.1174393079727887 9.5692
      vertex -1.4396598934084177 -2.0618338293582203 9.5692
    endloop
  endfacet
  facet normal 0 0 1
    outer loop
      vertex -2.5586030220389366 -1.468851837143302 9.5692
      vertex -5.093499371662736 -0.2931840025484562 9.5692
      vertex -5.093499371662736 -1.468851837143302 9.5692
    endloop
  endfacet
  facet normal 0 0 1
    outer loop
      vertex -5.093499371662736 -0.2931840025484562 9.5692
      vertex -2.5586030220389366 -1.468851837143302 9.5692
      vertex -2.8692864465266466 -0.2931840025484562 9.5692
    endloop
  endfacet
  facet normal 0 0 1
    outer loop
      vertex -2.5586030220389366 -2.2926988777816297 9.5692
      vertex -1.9575218843519688 -1.3826751008033753 9.5692
      vertex -2.5586030220389366 -1.468851837143302 9.5692
    endloop
  endfacet
  facet normal 0 0 1
    outer loop
      vertex -2.8692864465266466 -0.2931840025484562 9.5692
      vertex -2.5586030220389366 -1.468851837143302 9.5692
      vertex -2.021213773742318 -1.0909201526492833 9.5692
    endloop
  endfacet
  facet normal 0 0 1
    outer loop
      vertex -2.8692864465266466 -0.2931840025484562 9.5692
      vertex -2.021213773742318 -1.0909201526492833 9.5692
      vertex -2.0303126194179058 -0.9864278133511544 9.5692
    endloop
  endfacet
  facet normal 0 0 1
    outer loop
      vertex -2.8692864465266466 -0.2931840025484562 9.5692
      vertex -2.0303126194179058 -0.9864278133511544 9.5692
      vertex -2.0333455629199744 -0.878315126568079 9.5692
    endloop
  endfacet
  facet normal 0 0 1
    outer loop
      vertex -6.158900000000001 -6.158900000000001 9.5692
      vertex -0.24892056474089622 -2.4075548479110003 9.5692
      vertex -0.37977913320064544 -2.400301964342594 9.5692
    endloop
  endfacet
  facet normal 0 0 1
    outer loop
      vertex -6.158900000000001 -6.158900000000001 9.5692
      vertex -0.1135400869101286 -2.409972483351827 9.5692
      vertex -0.24892056474089622 -2.4075548479110003 9.5692
    endloop
  endfacet
  facet normal 0 0 1
    outer loop
      vertex -6.158900000000001 -6.158900000000001 9.5692
      vertex 0.018889308989048004 -2.407519343972206 9.5692
      vertex -0.1135400869101286 -2.409972483351827 9.5692
    endloop
  endfacet
  facet normal 0 0 1
    outer loop
      vertex -6.158900000000001 -6.158900000000001 9.5692
      vertex 0.14663144166767597 -2.4001599258333446 9.5692
      vertex 0.018889308989048004 -2.407519343972206 9.5692
    endloop
  endfacet
  facet normal 0 0 1
    outer loop
      vertex -6.158900000000001 -6.158900000000001 9.5692
      vertex 0.26968631871044635 -2.3878942289352416 9.5692
      vertex 0.14663144166767597 -2.4001599258333446 9.5692
    endloop
  endfacet
  facet normal 0 0 1
    outer loop
      vertex -6.158900000000001 -6.158900000000001 9.5692
      vertex 0.3880539325326681 -2.370722253277898 9.5692
      vertex 0.26968631871044635 -2.3878942289352416 9.5692
    endloop
  endfacet
  facet normal 0 0 1
    outer loop
      vertex -2.5586030220389366 -2.2926988777816297 9.5692
      vertex -1.7876768358647823 -1.7209968588352205 9.5692
      vertex -1.8392369360774756 -1.641846936762333 9.5692
    endloop
  endfacet
  facet normal 0 0 1
    outer loop
      vertex -2.5586030220389366 -2.2926988777816297 9.5692
      vertex -1.73005083347857 -1.7965264334231614 9.5692
      vertex -1.7876768358647823 -1.7209968588352205 9.5692
    endloop
  endfacet
  facet normal 0 0 1
    outer loop
      vertex -2.5586030220389366 -2.2926988777816297 9.5692
      vertex -1.8392369360774756 -1.641846936762333 9.5692
      vertex -1.8847311492860317 -1.5590766672044993 9.5692
    endloop
  endfacet
  facet normal 0 0 1
    outer loop
      vertex -2.5586030220389366 -2.2926988777816297 9.5692
      vertex -1.8847311492860317 -1.5590766672044993 9.5692
      vertex -1.9241594603210688 -1.4726860577464105 9.5692
    endloop
  endfacet
  facet normal 0 0 1
    outer loop
      vertex -2.5586030220389366 -2.2926988777816297 9.5692
      vertex -1.596601160109043 -1.9367245477288961 9.5692
      vertex -1.6663589440882207 -1.8684356605261565 9.5692
    endloop
  endfacet
  facet normal 0 0 1
    outer loop
      vertex -2.5586030220389366 -2.2926988777816297 9.5692
      vertex -1.5207774739563464 -2.0013930874466896 9.5692
      vertex -1.596601160109043 -1.9367245477288961 9.5692
    endloop
  endfacet
  facet normal 0 0 1
    outer loop
      vertex -2.5586030220389366 -2.2926988777816297 9.5692
      vertex -1.4396598934084177 -2.0618338293582203 9.5692
      vertex -1.5207774739563464 -2.0013930874466896 9.5692
    endloop
  endfacet
  facet normal 0 0 1
    outer loop
      vertex -2.5586030220389366 -2.2926988777816297 9.5692
      vertex -1.6663589440882207 -1.8684356605261565 9.5692
      vertex -1.73005083347857 -1.7965264334231614 9.5692
    endloop
  endfacet
  facet normal 0 0 1
    outer loop
      vertex -2.5586030220389366 -2.2926988777816297 9.5692
      vertex -1.9241594603210688 -1.4726860577464105 9.5692
      vertex -1.9575218843519688 -1.3826751008033753 9.5692
    endloop
  endfacet
  facet normal 0 0 1
    outer loop
      vertex -1.9848184062093497 -1.2890437963753938 9.5692
      vertex -2.5586030220389366 -1.468851837143302 9.5692
      vertex -1.9575218843519688 -1.3826751008033753 9.5692
    endloop
  endfacet
  facet normal 0 0 1
    outer loop
      vertex -2.0060490410625933 -1.1917921444624662 9.5692
      vertex -2.5586030220389366 -1.468851837143302 9.5692
      vertex -1.9848184062093497 -1.2890437963753938 9.5692
    endloop
  endfacet
  facet normal 0 0 1
    outer loop
      vertex -2.5586030220389366 -1.468851837143302 9.5692
      vertex -2.0060490410625933 -1.1917921444624662 9.5692
      vertex -2.021213773742318 -1.0909201526492833 9.5692
    endloop
  endfacet
  facet normal 0 0 1
    outer loop
      vertex -1.1200315924733877 -0.878315126568079 9.5692
      vertex -2.8692864465266466 -0.2931840025484562 9.5692
      vertex -2.0333455629199744 -0.878315126568079 9.5692
    endloop
  endfacet
  facet normal 0 0 1
    outer loop
      vertex -1.1200315924733877 -0.878315126568079 9.5692
      vertex -2.8692864465266466 0.5013446423858404 9.5692
      vertex -2.8692864465266466 -0.2931840025484562 9.5692
    endloop
  endfacet
  facet normal 0 0 1
    outer loop
      vertex -1.4512387055158615 -0.02897008393704891 9.5692
      vertex -2.8692864465266466 0.5013446423858404 9.5692
      vertex -1.1200315924733877 -0.878315126568079 9.5692
    endloop
  endfacet
  facet normal 0 0 1
    outer loop
      vertex -1.4512387055158615 -0.02897008393704891 9.5692
      vertex -1.1200315924733877 -0.878315126568079 9.5692
      vertex -1.4013540559709072 -0.057610006272792814 9.5692
    endloop
  endfacet
  facet normal 0 0 1
    outer loop
      vertex -1.4013540559709072 -0.057610006272792814 9.5692
      vertex -1.1200315924733877 -0.878315126568079 9.5692
      vertex -1.3462486967146396 -0.08591977459192277 9.5692
    endloop
  endfacet
  facet normal 0 0 1
    outer loop
      vertex -1.3462486967146396 -0.08591977459192277 9.5692
      vertex -1.1200315924733877 -0.878315126568079 9.5692
      vertex -1.2859226125776768 -0.1138993813097477 9.5692
    endloop
  endfacet
  facet normal 0 0 1
    outer loop
      vertex -1.2859226125776768 -0.1138993813097477 9.5692
      vertex -1.1200315924733877 -0.878315126568079 9.5692
      vertex -1.2203758263140918 -0.14154883401095866 9.5692
    endloop
  endfacet
  facet normal 0 0 1
    outer loop
      vertex -1.2203758263140918 -0.14154883401095866 9.5692
      vertex -1.1200315924733877 -0.878315126568079 9.5692
      vertex -1.1496083227545024 -0.1688681326955557 9.5692
    endloop
  endfacet
  facet normal 0 0 1
    outer loop
      vertex -0.536542849868536 -1.5882844705283643 9.5692
      vertex -0.6153683064430953 -0.325850599437952 9.5692
      vertex -0.6018860706090927 -1.5698843058496714 9.5692
    endloop
  endfacet
  facet normal 0 0 1
    outer loop
      vertex -0.4672664738148451 -1.6033391569256783 9.5692
      vertex -0.5080558045655489 -0.3508587896674871 9.5692
      vertex -0.536542849868536 -1.5882844705283643 9.5692
    endloop
  endfacet
  facet normal 0 0 1
    outer loop
      vertex -0.39405694244802 -1.6150483574569225 9.5692
      vertex -0.5080558045655489 -0.3508587896674871 9.5692
      vertex -0.4672664738148451 -1.6033391569256783 9.5692
    endloop
  endfacet
  facet normal 0 0 1
    outer loop
      vertex -0.3169142557680607 -1.623412072122097 9.5692
      vertex -0.5080558045655489 -0.3508587896674871 9.5692
      vertex -0.39405694244802 -1.6150483574569225 9.5692
    endloop
  endfacet
  facet normal 0 0 1
    outer loop
      vertex -0.23583842135965824 -1.6284303009212018 9.5692
      vertex -0.5080558045655489 -0.3508587896674871 9.5692
      vertex -0.3169142557680607 -1.623412072122097 9.5692
    endloop
  endfacet
  facet normal 0 0 1
    outer loop
      vertex -0.15082942405343056 -1.6301030362695457 9.5692
      vertex -0.5080558045655489 -0.3508587896674871 9.5692
      vertex -0.23583842135965824 -1.6284303009212018 9.5692
    endloop
  endfacet
  facet normal 0 0 1
    outer loop
      vertex -0.09948671625554562 -1.6296620168238878 9.5692
      vertex -0.5080558045655489 -0.3508587896674871 9.5692
      vertex -0.15082942405343056 -1.6301030362695457 9.5692
    endloop
  endfacet
  facet normal 0 0 1
    outer loop
      vertex -0.04965167059004307 -1.6283389509022237 9.5692
      vertex -0.02343181838095188 -0.45952010749280453 9.5692
      vertex -0.09948671625554562 -1.6296620168238878 9.5692
    endloop
  endfacet
  facet normal 0 0 1
    outer loop
      vertex -0.0013242870569229125 -1.6261338309198619 9.5692
      vertex 0.04069947491586209 -0.47402019369602205 9.5692
      vertex -0.04965167059004307 -1.6283389509022237 9.5692
    endloop
  endfacet
  facet normal 0 0 1
    outer loop
      vertex -0.9863731959909201 -1.2958627066761255 9.5692
      vertex -0.6153683064430953 -0.325850599437952 9.5692
      vertex -1.0034898716658354 -1.267277265176177 9.5692
    endloop
  endfacet
  facet normal 0 0 1
    outer loop
      vertex -1.0034898716658354 -1.267277265176177 9.5692
      vertex -0.6153683064430953 -0.325850599437952 9.5692
      vertex -1.0196133623868227 -1.2368171459287405 9.5692
    endloop
  endfacet
  facet normal 0 0 1
    outer loop
      vertex -1.0488808041363955 -1.170272828683257 9.5692
      vertex -0.6153683064430953 -0.325850599437952 9.5692
      vertex -1.0620247475802898 -1.1341886458545924 9.5692
    endloop
  endfacet
  facet normal 0 0 1
    outer loop
      vertex -1.0196133623868227 -1.2368171459287405 9.5692
      vertex -0.6153683064430953 -0.325850599437952 9.5692
      vertex -1.034743675738573 -1.204482333764434 9.5692
    endloop
  endfacet
  facet normal 0 0 1
    outer loop
      vertex -1.034743675738573 -1.204482333764434 9.5692
      vertex -0.6153683064430953 -0.325850599437952 9.5692
      vertex -1.0488808041363955 -1.170272828683257 9.5692
    endloop
  endfacet
  facet normal 0 0 1
    outer loop
      vertex -1.1128467435836793 -0.9256474289745092 9.5692
      vertex -0.9059815234690904 -0.24884506672620774 9.5692
      vertex -1.1200315924733877 -0.878315126568079 9.5692
    endloop
  endfacet
  facet normal 0 0 1
    outer loop
      vertex -1.1046687097400427 -0.9711050460487605 9.5692
      vertex -0.7174600910246373 -0.3005122476071119 9.5692
      vertex -1.1128467435836793 -0.9256474289745092 9.5692
    endloop
  endfacet
  facet normal 0 0 1
    outer loop
      vertex -1.0954974909424782 -1.0146879777908326 9.5692
      vertex -0.6153683064430953 -0.325850599437952 9.5692
      vertex -1.1046687097400427 -0.9711050460487605 9.5692
    endloop
  endfacet
  facet normal 0 0 1
    outer loop
      vertex -1.0620247475802898 -1.1341886458545924 9.5692
      vertex -0.6153683064430953 -0.325850599437952 9.5692
      vertex -1.0741755136549473 -1.0962297776937484 9.5692
    endloop
  endfacet
  facet normal 0 0 1
    outer loop
      vertex -1.0741755136549473 -1.0962297776937484 9.5692
      vertex -0.6153683064430953 -0.325850599437952 9.5692
      vertex -1.0853330947756767 -1.0563962166160346 9.5692
    endloop
  endfacet
  facet normal 0 0 1
    outer loop
      vertex -1.0853330947756767 -1.0563962166160346 9.5692
      vertex -0.6153683064430953 -0.325850599437952 9.5692
      vertex -1.0954974909424782 -1.0146879777908326 9.5692
    endloop
  endfacet
  facet normal 0 0 1
    outer loop
      vertex -0.8696048597842455 -1.4277011792957783 9.5692
      vertex -0.6153683064430953 -0.325850599437952 9.5692
      vertex -0.9113491562306881 -1.3892280994206667 9.5692
    endloop
  endfacet
  facet normal 0 0 1
    outer loop
      vertex -0.9113491562306881 -1.3892280994206667 9.5692
      vertex -0.6153683064430953 -0.325850599437952 9.5692
      vertex -0.9491602973639965 -1.3474095336794853 9.5692
    endloop
  endfacet
  facet normal 0 0 1
    outer loop
      vertex -0.7743168085366487 -1.494610881447792 9.5692
      vertex -0.6153683064430953 -0.325850599437952 9.5692
      vertex -0.8239274080246687 -1.46282877330482 9.5692
    endloop
  endfacet
  facet normal 0 0 1
    outer loop
      vertex -0.8239274080246687 -1.46282877330482 9.5692
      vertex -0.6153683064430953 -0.325850599437952 9.5692
      vertex -0.8696048597842455 -1.4277011792957783 9.5692
    endloop
  endfacet
  facet normal 0 0 1
    outer loop
      vertex -0.9682633353620768 -1.322573462843895 9.5692
      vertex -0.6153683064430953 -0.325850599437952 9.5692
      vertex -0.9863731959909201 -1.2958627066761255 9.5692
    endloop
  endfacet
  facet normal 0 0 1
    outer loop
      vertex -0.9491602973639965 -1.3474095336794853 9.5692
      vertex -0.6153683064430953 -0.325850599437952 9.5692
      vertex -0.9682633353620768 -1.322573462843895 9.5692
    endloop
  endfacet
  facet normal 0 0 1
    outer loop
      vertex -0.7207730461508036 -1.5230475113093853 9.5692
      vertex -0.6153683064430953 -0.325850599437952 9.5692
      vertex -0.7743168085366487 -1.494610881447792 9.5692
    endloop
  endfacet
  facet normal 0 0 1
    outer loop
      vertex -0.6632961360365153 -1.5481386477202177 9.5692
      vertex -0.6153683064430953 -0.325850599437952 9.5692
      vertex -0.7207730461508036 -1.5230475113093853 9.5692
    endloop
  endfacet
  facet normal 0 0 1
    outer loop
      vertex -0.6018860706090927 -1.5698843058496714 9.5692
      vertex -0.6153683064430953 -0.325850599437952 9.5692
      vertex -0.6632961360365153 -1.5481386477202177 9.5692
    endloop
  endfacet
  facet normal 0 0 1
    outer loop
      vertex -1.0736201018989087 -0.1958572697788477 9.5692
      vertex -1.1200315924733877 -0.878315126568079 9.5692
      vertex -0.9924111713320017 -0.2225162452608347 9.5692
    endloop
  endfacet
  facet normal 0 0 1
    outer loop
      vertex -1.1496083227545024 -0.1688681326955557 9.5692
      vertex -1.1200315924733877 -0.878315126568079 9.5692
      vertex -1.0736201018989087 -0.1958572697788477 9.5692
    endloop
  endfacet
  facet normal 0 0 1
    outer loop
      vertex -0.9924111713320017 -0.2225162452608347 9.5692
      vertex -1.1200315924733877 -0.878315126568079 9.5692
      vertex -0.9059815234690904 -0.24884506672620774 9.5692
    endloop
  endfacet
  facet normal 0 0 1
    outer loop
      vertex -1.1128467435836793 -0.9256474289745092 9.5692
      vertex -0.814331165894866 -0.2748437341749668 9.5692
      vertex -0.9059815234690904 -0.24884506672620774 9.5692
    endloop
  endfacet
  facet normal 0 0 1
    outer loop
      vertex -1.1128467435836793 -0.9256474289745092 9.5692
      vertex -0.7174600910246373 -0.3005122476071119 9.5692
      vertex -0.814331165894866 -0.2748437341749668 9.5692
    endloop
  endfacet
  facet normal 0 0 1
    outer loop
      vertex -1.1046687097400427 -0.9711050460487605 9.5692
      vertex -0.6153683064430953 -0.325850599437952 9.5692
      vertex -0.7174600910246373 -0.3005122476071119 9.5692
    endloop
  endfacet
  facet normal 0 0 1
    outer loop
      vertex -0.536542849868536 -1.5882844705283643 9.5692
      vertex -0.5080558045655489 -0.3508587896674871 9.5692
      vertex -0.6153683064430953 -0.325850599437952 9.5692
    endloop
  endfacet
  facet normal 0 0 1
    outer loop
      vertex -0.09948671625554562 -1.6296620168238878 9.5692
      vertex -0.02343181838095188 -0.45952010749280453 9.5692
      vertex -0.5080558045655489 -0.3508587896674871 9.5692
    endloop
  endfacet
  facet normal 0 0 1
    outer loop
      vertex -0.04965167059004307 -1.6283389509022237 9.5692
      vertex 0.04069947491586209 -0.47402019369602205 9.5692
      vertex -0.02343181838095188 -0.45952010749280453 9.5692
    endloop
  endfacet
  facet normal -1 0 0
    outer loop
      vertex -9.212900000000001 -9.212900000000001 0.002036
      vertex -9.212900000000001 9.212900000000001 0.002036
      vertex -9.212900000000001 9.212900000000001 0
    endloop
  endfacet
  facet normal 0 0 -1
    outer loop
      vertex -8.159150235294119 -8.159150235294119 0
      vertex -9.212900000000001 9.212900000000001 0
      vertex -8.159150235294119 8.159150235294119 0
    endloop
  endfacet
  facet normal -0.9526404687211406 0 0.30409889403739326
    outer loop
      vertex -9.212900000000001 -9.212900000000001 0.002036
      vertex -6.158900000000001 6.158900000000001 9.5692
      vertex -9.212900000000001 9.212900000000001 0.002036
    endloop
  endfacet
  facet normal 0 1 0
    outer loop
      vertex -9.212900000000001 9.212900000000001 0.002036
      vertex 9.212900000000001 9.212900000000001 0
      vertex -9.212900000000001 9.212900000000001 0
    endloop
  endfacet
  facet normal 0 0 -1
    outer loop
      vertex -9.212900000000001 9.212900000000001 0
      vertex 9.212900000000001 9.212900000000001 0
      vertex -8.159150235294119 8.159150235294119 0
    endloop
  endfacet
  facet normal 0 0 1
    outer loop
      vertex -6.158900000000001 6.158900000000001 9.5692
      vertex -6.028573092594743 -2.2926988777816297 9.5692
      vertex -6.028573092594743 2.2868351986408233 9.5692
    endloop
  endfacet
  facet normal 0 0 1
    outer loop
      vertex -6.158900000000001 6.158900000000001 9.5692
      vertex -6.028573092594743 2.2868351986408233 9.5692
      vertex -2.6704710486382246 2.2868351986408233 9.5692
    endloop
  endfacet
  facet normal 0 0 1
    outer loop
      vertex -5.093499371662736 0.5013446423858404 9.5692
      vertex -2.8692864465266466 0.5013446423858404 9.5692
      vertex -5.093499371662736 1.4747155162841081 9.5692
    endloop
  endfacet
  facet normal 0 0 1
    outer loop
      vertex -5.093499371662736 1.4747155162841081 9.5692
      vertex -2.8692864465266466 0.5013446423858404 9.5692
      vertex -2.6704710486382246 1.4747155162841081 9.5692
    endloop
  endfacet
  facet normal 0 0 1
    outer loop
      vertex -2.6704710486382246 1.4747155162841081 9.5692
      vertex -2.8692864465266466 0.5013446423858404 9.5692
      vertex -1.9587668886333705 0.9905038187354803 9.5692
    endloop
  endfacet
  facet normal 0 0 1
    outer loop
      vertex -2.6704710486382246 1.4747155162841081 9.5692
      vertex -1.8925931214690208 1.4326313119083642 9.5692
      vertex -2.6704710486382246 2.2868351986408233 9.5692
    endloop
  endfacet
  facet normal 0 0 1
    outer loop
      vertex -6.158900000000001 6.158900000000001 9.5692
      vertex -2.6704710486382246 2.2868351986408233 9.5692
      vertex -1.8925931214690208 1.4326313119083642 9.5692
    endloop
  endfacet
  facet normal 0 0 1
    outer loop
      vertex -6.158900000000001 6.158900000000001 9.5692
      vertex -1.8925931214690208 1.4326313119083642 9.5692
      vertex -1.863476660579443 1.5136713693290949 9.5692
    endloop
  endfacet
  facet normal 0 0 1
    outer loop
      vertex -6.158900000000001 6.158900000000001 9.5692
      vertex -1.863476660579443 1.5136713693290949 9.5692
      vertex -1.829066305294633 1.5922496104836463 9.5692
    endloop
  endfacet
  facet normal 0 0 1
    outer loop
      vertex -6.158900000000001 6.158900000000001 9.5692
      vertex -1.829066305294633 1.5922496104836463 9.5692
      vertex -1.7893620480298997 1.66836604295671 9.5692
    endloop
  endfacet
  facet normal 0 0 1
    outer loop
      vertex -6.158900000000001 6.158900000000001 9.5692
      vertex -1.7893620480298997 1.66836604295671 9.5692
      vertex -1.744363888785243 1.7420206667482854 9.5692
    endloop
  endfacet
  facet normal 0 0 1
    outer loop
      vertex -6.158900000000001 6.158900000000001 9.5692
      vertex -1.744363888785243 1.7420206667482854 9.5692
      vertex -1.6940718275606632 1.8132134742736816 9.5692
    endloop
  endfacet
  facet normal 0 0 1
    outer loop
      vertex -6.158900000000001 6.158900000000001 9.5692
      vertex -1.6940718275606632 1.8132134742736816 9.5692
      vertex -1.6384858643561602 1.881944465532899 9.5692
    endloop
  endfacet
  facet normal 0 0 1
    outer loop
      vertex -6.158900000000001 6.158900000000001 9.5692
      vertex -1.6384858643561602 1.881944465532899 9.5692
      vertex -1.577605999171734 1.9482136405259372 9.5692
    endloop
  endfacet
  facet normal 0 0 1
    outer loop
      vertex -6.158900000000001 6.158900000000001 9.5692
      vertex -1.577605999171734 1.9482136405259372 9.5692
      vertex -1.5114322320073843 2.0120210068374873 9.5692
    endloop
  endfacet
  facet normal 0 0 1
    outer loop
      vertex -6.158900000000001 6.158900000000001 9.5692
      vertex -1.5114322320073843 2.0120210068374873 9.5692
      vertex -1.4401301897615195 2.072190679475665 9.5692
    endloop
  endfacet
  facet normal 0 0 1
    outer loop
      vertex -6.158900000000001 6.158900000000001 9.5692
      vertex -1.4401301897615195 2.072190679475665 9.5692
      vertex -1.3638654841631652 2.1275467810332773 9.5692
    endloop
  endfacet
  facet normal 0 0 1
    outer loop
      vertex -6.158900000000001 6.158900000000001 9.5692
      vertex -1.3638654841631652 2.1275467810332773 9.5692
      vertex -1.2826381227970123 2.1780893039256335 9.5692
    endloop
  endfacet
  facet normal 0 0 1
    outer loop
      vertex -6.158900000000001 6.158900000000001 9.5692
      vertex -1.2826381227970123 2.1780893039256335 9.5692
      vertex -1.19644809807837 2.2238182557374238 9.5692
    endloop
  endfacet
  facet normal 0 0 1
    outer loop
      vertex -6.158900000000001 6.158900000000001 9.5692
      vertex -1.19644809807837 2.2238182557374238 9.5692
      vertex -1.1052954100072383 2.264733636468649 9.5692
    endloop
  endfacet
  facet normal 0 0 1
    outer loop
      vertex -6.158900000000001 6.158900000000001 9.5692
      vertex -1.1052954100072383 2.264733636468649 9.5692
      vertex -1.0091800661683084 2.3008354385346172 9.5692
    endloop
  endfacet
  facet normal 0 0 1
    outer loop
      vertex -6.158900000000001 6.158900000000001 9.5692
      vertex -1.0091800661683084 2.3008354385346172 9.5692
      vertex -0.9081020665615798 2.3321236695200205 9.5692
    endloop
  endfacet
  facet normal 0 0 1
    outer loop
      vertex -6.158900000000001 6.158900000000001 9.5692
      vertex -0.9081020665615798 2.3321236695200205 9.5692
      vertex -0.8020614036023617 2.3585983294248583 9.5692
    endloop
  endfacet
  facet normal 0 0 1
    outer loop
      vertex -6.158900000000001 6.158900000000001 9.5692
      vertex -0.8020614036023617 2.3585983294248583 9.5692
      vertex -0.6910580772906542 2.380259410664439 9.5692
    endloop
  endfacet
  facet normal 0 0 1
    outer loop
      vertex -1.6848827164769173 0.16519736218452455 9.5692
      vertex -2.8692864465266466 0.5013446423858404 9.5692
      vertex -1.6273670410066843 0.10590621672570706 9.5692
    endloop
  endfacet
  facet normal 0 0 1
    outer loop
      vertex -1.6273670410066843 0.10590621672570706 9.5692
      vertex -2.8692864465266466 0.5013446423858404 9.5692
      vertex -1.5643736864924431 0.050840426802635195 9.5692
    endloop
  endfacet
  facet normal 0 0 1
    outer loop
      vertex -1.8902958399057388 0.5250335590392351 9.5692
      vertex -2.8692864465266466 0.5013446423858404 9.5692
      vertex -1.8601685824096204 0.4446155979782343 9.5692
    endloop
  endfacet
  facet normal 0 0 1
    outer loop
      vertex -1.8601685824096204 0.4446155979782343 9.5692
      vertex -2.8692864465266466 0.5013446423858404 9.5692
      vertex -1.8245636458694936 0.3684229924529791 9.5692
    endloop
  endfacet
  facet normal 0 0 1
    outer loop
      vertex -1.9149454183578491 0.6096768832206726 9.5692
      vertex -2.8692864465266466 0.5013446423858404 9.5692
      vertex -1.8902958399057388 0.5250335590392351 9.5692
    endloop
  endfacet
  facet normal 0 0 1
    outer loop
      vertex -1.7834810227006674 0.2964557576328516 9.5692
      vertex -2.8692864465266466 0.5013446423858404 9.5692
      vertex -1.736920712903142 0.22871387834846973 9.5692
    endloop
  endfacet
  facet normal 0 0 1
    outer loop
      vertex -1.736920712903142 0.22871387834846973 9.5692
      vertex -2.8692864465266466 0.5013446423858404 9.5692
      vertex -1.6848827164769173 0.16519736218452455 9.5692
    endloop
  endfacet
  facet normal 0 0 1
    outer loop
      vertex -1.8245636458694936 0.3684229924529791 9.5692
      vertex -2.8692864465266466 0.5013446423858404 9.5692
      vertex -1.7834810227006674 0.2964557576328516 9.5692
    endloop
  endfacet
  facet normal 0 0 1
    outer loop
      vertex -1.5643736864924431 0.050840426802635195 9.5692
      vertex -2.8692864465266466 0.5013446423858404 9.5692
      vertex -1.4959026453495026 0 9.5692
    endloop
  endfacet
  facet normal 0 0 1
    outer loop
      vertex -1.4959026453495026 0 9.5692
      vertex -2.8692864465266466 0.5013446423858404 9.5692
      vertex -1.4512387055158615 -0.02897008393704891 9.5692
    endloop
  endfacet
  facet normal 0 0 1
    outer loop
      vertex -1.93411731018126 0.6985455781072378 9.5692
      vertex -2.8692864465266466 0.5013446423858404 9.5692
      vertex -1.9149454183578491 0.6096768832206726 9.5692
    endloop
  endfacet
  facet normal 0 0 1
    outer loop
      vertex -1.9478115153759719 0.7916396285295486 9.5692
      vertex -2.8692864465266466 0.5013446423858404 9.5692
      vertex -1.93411731018126 0.6985455781072378 9.5692
    endloop
  endfacet
  facet normal 0 0 1
    outer loop
      vertex -1.9560280415266753 0.8889590420722961 9.5692
      vertex -2.8692864465266466 0.5013446423858404 9.5692
      vertex -1.9478115153759719 0.7916396285295486 9.5692
    endloop
  endfacet
  facet normal 0 0 1
    outer loop
      vertex -1.9587668886333705 0.9905038187354803 9.5692
      vertex -2.8692864465266466 0.5013446423858404 9.5692
      vertex -1.9560280415266753 0.8889590420722961 9.5692
    endloop
  endfacet
  facet normal 0 0 1
    outer loop
      vertex -2.6704710486382246 1.4747155162841081 9.5692
      vertex -1.9587668886333705 0.9905038187354803 9.5692
      vertex -1.9561199376434089 1.0838529423177243 9.5692
    endloop
  endfacet
  facet normal 0 0 1
    outer loop
      vertex -2.6704710486382246 1.4747155162841081 9.5692
      vertex -1.9561199376434089 1.0838529423177243 9.5692
      vertex -1.9481790846735239 1.1747402572184802 9.5692
    endloop
  endfacet
  facet normal 0 0 1
    outer loop
      vertex -2.6704710486382246 1.4747155162841081 9.5692
      vertex -1.9481790846735239 1.1747402572184802 9.5692
      vertex -1.9349443297237159 1.263165755853057 9.5692
    endloop
  endfacet
  facet normal 0 0 1
    outer loop
      vertex -2.6704710486382246 1.4747155162841081 9.5692
      vertex -1.9349443297237159 1.263165755853057 9.5692
      vertex -1.9164156727939845 1.3491294382214547 9.5692
    endloop
  endfacet
  facet normal 0 0 1
    outer loop
      vertex -2.6704710486382246 1.4747155162841081 9.5692
      vertex -1.9164156727939845 1.3491294382214547 9.5692
      vertex -1.8925931214690208 1.4326313119083642 9.5692
    endloop
  endfacet
  facet normal 0 0 1
    outer loop
      vertex -1.0271199690401553 0.8590155692249537 9.5692
      vertex -1.0103922742456197 0.8308247971236706 9.5692
      vertex -0.9910910861939192 0.8041042870432139 9.5692
    endloop
  endfacet
  facet normal 0 0 1
    outer loop
      vertex -1.0412741781622172 0.888676595762372 9.5692
      vertex -0.9692163973003626 0.7788540313988924 9.5692
      vertex -1.052854886442423 0.9198078767359257 9.5692
    endloop
  endfacet
  facet normal 0 0 1
    outer loop
      vertex -1.0271199690401553 0.8590155692249537 9.5692
      vertex -0.9910910861939192 0.8041042870432139 9.5692
      vertex -1.0412741781622172 0.888676595762372 9.5692
    endloop
  endfacet
  facet normal 0 0 1
    outer loop
      vertex -0.9692163973003626 0.7788540313988924 9.5692
      vertex -1.0412741781622172 0.888676595762372 9.5692
      vertex -0.9910910861939192 0.8041042870432139 9.5692
    endloop
  endfacet
  facet normal 0 0 1
    outer loop
      vertex -0.9177465624958276 0.7327642910033465 9.5692
      vertex -1.0618621090501548 0.9524094197303057 9.5692
      vertex -0.9447682303190231 0.7550740301907063 9.5692
    endloop
  endfacet
  facet normal 0 0 1
    outer loop
      vertex -0.9447682303190231 0.7550740301907063 9.5692
      vertex -1.052854886442423 0.9198078767359257 9.5692
      vertex -0.9692163973003626 0.7788540313988924 9.5692
    endloop
  endfacet
  facet normal 0 0 1
    outer loop
      vertex -0.8881514014154672 0.711924806252122 9.5692
      vertex -1.0682958384007215 0.9864812171608209 9.5692
      vertex -0.9177465624958276 0.7327642910033465 9.5692
    endloop
  endfacet
  facet normal 0 0 1
    outer loop
      vertex -0.855982754662633 0.6925555835217237 9.5692
      vertex -1.0721560820788145 1.0220232690274715 9.5692
      vertex -0.8881514014154672 0.711924806252122 9.5692
    endloop
  endfacet
  facet normal 0 0 1
    outer loop
      vertex -0.805464897185564 0.667044020101428 9.5692
      vertex -1.0721560820788145 1.0220232690274715 9.5692
      vertex -0.8325985150486231 0.6799651480764151 9.5692
    endloop
  endfacet
  facet normal 0 0 1
    outer loop
      vertex -0.7745819086581469 0.6537921844273805 9.5692
      vertex -1.0721560820788145 1.0220232690274715 9.5692
      vertex -0.805464897185564 0.667044020101428 9.5692
    endloop
  endfacet
  facet normal 0 0 1
    outer loop
      vertex -0.8325985150486231 0.6799651480764151 9.5692
      vertex -1.0721560820788145 1.0220232690274715 9.5692
      vertex -0.855982754662633 0.6925555835217237 9.5692
    endloop
  endfacet
  facet normal 0 0 1
    outer loop
      vertex -1.052854886442423 0.9198078767359257 9.5692
      vertex -0.9447682303190231 0.7550740301907063 9.5692
      vertex -1.0618621090501548 0.9524094197303057 9.5692
    endloop
  endfacet
  facet normal 0 0 1
    outer loop
      vertex -1.0618621090501548 0.9524094197303057 9.5692
      vertex -0.9177465624958276 0.7327642910033465 9.5692
      vertex -1.0682958384007215 0.9864812171608209 9.5692
    endloop
  endfacet
  facet normal 0 0 1
    outer loop
      vertex -1.0682958384007215 0.9864812171608209 9.5692
      vertex -0.8881514014154672 0.711924806252122 9.5692
      vertex -1.0721560820788145 1.0220232690274715 9.5692
    endloop
  endfacet
  facet normal 0 0 1
    outer loop
      vertex -1.0721560820788145 1.0220232690274715 9.5692
      vertex -0.7399495494663716 0.6402096562236548 9.5692
      vertex -1.0734428249150514 1.0590355829149485 9.5692
    endloop
  endfacet
  facet normal 0 0 1
    outer loop
      vertex -0.5639263833016157 0.5825725498497486 9.5692
      vertex -1.0721376436948777 1.0994253597259522 9.5692
      vertex -1.0734428249150514 1.0590355829149485 9.5692
    endloop
  endfacet
  facet normal 0 0 1
    outer loop
      vertex -0.5639263833016157 0.5825725498497486 9.5692
      vertex -1.0682221076190472 1.138418620467186 9.5692
      vertex -1.0721376436948777 1.0994253597259522 9.5692
    endloop
  endfacet
  facet normal 0 0 1
    outer loop
      vertex -0.5639263833016157 0.5825725498497486 9.5692
      vertex -1.06169621668756 1.1760153423845767 9.5692
      vertex -1.0682221076190472 1.138418620467186 9.5692
    endloop
  endfacet
  facet normal 0 0 1
    outer loop
      vertex -0.5639263833016157 0.5825725498497486 9.5692
      vertex -1.0525599709004163 1.2122155482321977 9.5692
      vertex -1.06169621668756 1.1760153423845767 9.5692
    endloop
  endfacet
  facet normal 0 0 1
    outer loop
      vertex -0.5639263833016157 0.5825725498497486 9.5692
      vertex -1.040813362672925 1.2470192228406667 9.5692
      vertex -1.0525599709004163 1.2122155482321977 9.5692
    endloop
  endfacet
  facet normal 0 0 1
    outer loop
      vertex -0.5639263833016157 0.5825725498497486 9.5692
      vertex -1.026456399589777 1.2804263662099837 9.5692
      vertex -1.040813362672925 1.2470192228406667 9.5692
    endloop
  endfacet
  facet normal 0 0 1
    outer loop
      vertex -0.5639263833016157 0.5825725498497486 9.5692
      vertex -1.0094890816509723 1.31243698592484 9.5692
      vertex -1.026456399589777 1.2804263662099837 9.5692
    endloop
  endfacet
  facet normal 0 0 1
    outer loop
      vertex -0.7399495494663716 0.6402096562236548 9.5692
      vertex -1.0721560820788145 1.0220232690274715 9.5692
      vertex -0.7745819086581469 0.6537921844273805 9.5692
    endloop
  endfacet
  facet normal 0 0 1
    outer loop
      vertex -1.0734428249150514 1.0590355829149485 9.5692
      vertex -0.7399495494663716 0.6402096562236548 9.5692
      vertex -0.7015678196102381 0.6262964279055595 9.5692
    endloop
  endfacet
  facet normal 0 0 1
    outer loop
      vertex -1.0734428249150514 1.0590355829149485 9.5692
      vertex -0.7015678196102381 0.6262964279055595 9.5692
      vertex -0.6594367115050555 0.6120524994730949 9.5692
    endloop
  endfacet
  facet normal 0 0 1
    outer loop
      vertex -1.0734428249150514 1.0590355829149485 9.5692
      vertex -0.6594367115050555 0.6120524994730949 9.5692
      vertex -0.6135562327355146 0.5974778709262609 9.5692
    endloop
  endfacet
  facet normal 0 0 1
    outer loop
      vertex -1.0734428249150514 1.0590355829149485 9.5692
      vertex -0.6135562327355146 0.5974778709262609 9.5692
      vertex -0.5639263833016157 0.5825725498497486 9.5692
    endloop
  endfacet
  facet normal 0 0 1
    outer loop
      vertex -0.5639263833016157 0.5825725498497486 9.5692
      vertex -0.9899114088565111 1.3430510744005442 9.5692
      vertex -1.0094890816509723 1.31243698592484 9.5692
    endloop
  endfacet
  facet normal 0 0 1
    outer loop
      vertex -0.5639263833016157 0.5825725498497486 9.5692
      vertex -0.9677233736217022 1.3722686392217875 9.5692
      vertex -0.9899114088565111 1.3430510744005442 9.5692
    endloop
  endfacet
  facet normal 0 0 1
    outer loop
      vertex -0.5639263833016157 0.5825725498497486 9.5692
      vertex -0.9429249835312367 1.4000896728038787 9.5692
      vertex -0.9677233736217022 1.3722686392217875 9.5692
    endloop
  endfacet
  facet normal 0 0 1
    outer loop
      vertex -0.5639263833016157 0.5825725498497486 9.5692
      vertex -0.9155162385851144 1.4265141827315093 9.5692
      vertex -0.9429249835312367 1.4000896728038787 9.5692
    endloop
  endfacet
  facet normal 0 0 1
    outer loop
      vertex -0.5105471632033587 0.5673365210741759 9.5692
      vertex -0.5249396378099919 1.6021882179826499 9.5692
      vertex -0.5639263833016157 0.5825725498497486 9.5692
    endloop
  endfacet
  facet normal 0 0 1
    outer loop
      vertex -0.45341857244074346 0.5517697921842337 9.5692
      vertex -0.476010219424963 1.6101266286820173 9.5692
      vertex -0.5105471632033587 0.5673365210741759 9.5692
    endloop
  endfacet
  facet normal 0 0 1
    outer loop
      vertex -0.39254060342907904 0.5358723707646131 9.5692
      vertex -0.3728591113835573 1.6207111788094044 9.5692
      vertex -0.45341857244074346 0.5517697921842337 9.5692
    endloop
  endfacet
  facet normal 0 0 1
    outer loop
      vertex -0.3279132637530565 0.5196442416459323 9.5692
      vertex -0.31863742172718046 1.6233573106527328 9.5692
      vertex -0.39254060342907904 0.5358723707646131 9.5692
    endloop
  endfacet
  facet normal 0 0 1
    outer loop
      vertex -0.25953655341267584 0.503085419997573 9.5692
      vertex -0.2121568163484335 1.623559260636568 9.5692
      vertex -0.3279132637530565 0.5196442416459323 9.5692
    endloop
  endfacet
  facet normal 0 0 1
    outer loop
      vertex -0.5639263833016157 0.5825725498497486 9.5692
      vertex -0.8854971387833357 1.4515421690046788 9.5692
      vertex -0.9155162385851144 1.4265141827315093 9.5692
    endloop
  endfacet
  facet normal 0 0 1
    outer loop
      vertex -0.5639263833016157 0.5825725498497486 9.5692
      vertex -0.8528676765412092 1.4751736164540052 9.5692
      vertex -0.8854971387833357 1.4515421690046788 9.5692
    endloop
  endfacet
  facet normal 0 0 1
    outer loop
      vertex -0.5639263833016157 0.5825725498497486 9.5692
      vertex -0.8180509941875935 1.497224763184786 9.5692
      vertex -0.8528676765412092 1.4751736164540052 9.5692
    endloop
  endfacet
  facet normal 0 0 1
    outer loop
      vertex -0.5639263833016157 0.5825725498497486 9.5692
      vertex -0.7814702112972737 1.5175118169635535 9.5692
      vertex -0.8180509941875935 1.497224763184786 9.5692
    endloop
  endfacet
  facet normal 0 0 1
    outer loop
      vertex -0.5639263833016157 0.5825725498497486 9.5692
      vertex -0.743125350624323 1.536034777790308 9.5692
      vertex -0.7814702112972737 1.5175118169635535 9.5692
    endloop
  endfacet
  facet normal 0 0 1
    outer loop
      vertex -0.5639263833016157 0.5825725498497486 9.5692
      vertex -0.703016389414668 1.5527936532497406 9.5692
      vertex -0.743125350624323 1.536034777790308 9.5692
    endloop
  endfacet
  facet normal 0 0 1
    outer loop
      vertex -0.5639263833016157 0.5825725498497486 9.5692
      vertex -0.6611433352530003 1.5677884281724692 9.5692
      vertex -0.703016389414668 1.5527936532497406 9.5692
    endloop
  endfacet
  facet normal 0 0 1
    outer loop
      vertex -0.5639263833016157 0.5825725498497486 9.5692
      vertex -0.6175061957240104 1.5810191177278758 9.5692
      vertex -0.6611433352530003 1.5677884281724692 9.5692
    endloop
  endfacet
  facet normal 0 0 1
    outer loop
      vertex -0.5639263833016157 0.5825725498497486 9.5692
      vertex -0.5721049632430076 1.5924857143312694 9.5692
      vertex -0.6175061957240104 1.5810191177278758 9.5692
    endloop
  endfacet
  facet normal 0 0 1
    outer loop
      vertex -0.5639263833016157 0.5825725498497486 9.5692
      vertex -0.5249396378099919 1.6021882179826499 9.5692
      vertex -0.5721049632430076 1.5924857143312694 9.5692
    endloop
  endfacet
  facet normal 0 0 1
    outer loop
      vertex -0.5105471632033587 0.5673365210741759 9.5692
      vertex -0.476010219424963 1.6101266286820173 9.5692
      vertex -0.5249396378099919 1.6021882179826499 9.5692
    endloop
  endfacet
  facet normal 0 0 1
    outer loop
      vertex -0.45341857244074346 0.5517697921842337 9.5692
      vertex -0.42531670808792116 1.6163009464293718 9.5692
      vertex -0.476010219424963 1.6101266286820173 9.5692
    endloop
  endfacet
  facet normal 0 0 1
    outer loop
      vertex -0.45341857244074346 0.5517697921842337 9.5692
      vertex -0.3728591113835573 1.6207111788094044 9.5692
      vertex -0.42531670808792116 1.6163009464293718 9.5692
    endloop
  endfacet
  facet normal 0 0 1
    outer loop
      vertex -0.39254060342907904 0.5358723707646131 9.5692
      vertex -0.31863742172718046 1.6233573106527328 9.5692
      vertex -0.3728591113835573 1.6207111788094044 9.5692
    endloop
  endfacet
  facet normal 0 0 1
    outer loop
      vertex -0.3279132637530565 0.5196442416459323 9.5692
      vertex -0.2626516315340996 1.6242393571287395 9.5692
      vertex -0.31863742172718046 1.6233573106527328 9.5692
    endloop
  endfacet
  facet normal 0 0 1
    outer loop
      vertex -0.3279132637530565 0.5196442416459323 9.5692
      vertex -0.2121568163484335 1.623559260636568 9.5692
      vertex -0.2626516315340996 1.6242393571287395 9.5692
    endloop
  endfacet
  facet normal 0 0 1
    outer loop
      vertex -0.25953655341267584 0.503085419997573 9.5692
      vertex -0.16294847095012666 1.621518948405981 9.5692
      vertex -0.2121568163484335 1.623559260636568 9.5692
    endloop
  endfacet
  facet normal 0 0 1
    outer loop
      vertex -0.25953655341267584 0.503085419997573 9.5692
      vertex -0.11502660292387008 1.6181184356063605 9.5692
      vertex -0.16294847095012666 1.621518948405981 9.5692
    endloop
  endfacet
  facet normal 0 0 1
    outer loop
      vertex -0.25953655341267584 0.503085419997573 9.5692
      vertex -0.06839121226966381 1.6133577222377062 9.5692
      vertex -0.11502660292387008 1.6181184356063605 9.5692
    endloop
  endfacet
  facet normal 9.818978253742028e-18 0.9526404687211405 0.30409889403739326
    outer loop
      vertex -9.212900000000001 9.212900000000001 0.002036
      vertex -6.158900000000001 6.158900000000001 9.5692
      vertex 6.158900000000001 6.158900000000001 9.5692
    endloop
  endfacet
  facet normal 0 0 1
    outer loop
      vertex -6.158900000000001 6.158900000000001 9.5692
      vertex -0.6910580772906542 2.380259410664439 9.5692
      vertex 6.158900000000001 6.158900000000001 9.5692
    endloop
  endfacet
  facet normal 0 0 -1
    outer loop
      vertex -9.212900000000001 -9.212900000000001 0
      vertex 8.159150235294119 -8.159150235294119 0
      vertex 9.212900000000001 -9.212900000000001 0
    endloop
  endfacet
  facet normal 0 -1 0
    outer loop
      vertex -9.212900000000001 -9.212900000000001 0.002036
      vertex 9.212900000000001 -9.212900000000001 0
      vertex 9.212900000000001 -9.212900000000001 0.002036
    endloop
  endfacet
  facet normal 0 -0.9526404687211406 0.30409889403739326
    outer loop
      vertex -9.212900000000001 -9.212900000000001 0.002036
      vertex 9.212900000000001 -9.212900000000001 0.002036
      vertex 6.158900000000001 -6.158900000000001 9.5692
    endloop
  endfacet
  facet normal 1 0 0
    outer loop
      vertex 9.212900000000001 -9.212900000000001 0.002036
      vertex 9.212900000000001 -9.212900000000001 0
      vertex 9.212900000000001 9.212900000000001 0
    endloop
  endfacet
  facet normal 0 0 -1
    outer loop
      vertex 8.159150235294119 -8.159150235294119 0
      vertex 9.212900000000001 9.212900000000001 0
      vertex 9.212900000000001 -9.212900000000001 0
    endloop
  endfacet
  facet normal 0 0 1
    outer loop
      vertex -6.158900000000001 -6.158900000000001 9.5692
      vertex 6.158900000000001 -6.158900000000001 9.5692
      vertex 0.3880539325326681 -2.370722253277898 9.5692
    endloop
  endfacet
  facet normal 0 0 1
    outer loop
      vertex 0.045495426759123804 -1.6230466720461845 9.5692
      vertex 0.04069947491586209 -0.47402019369602205 9.5692
      vertex -0.0013242870569229125 -1.6261338309198619 9.5692
    endloop
  endfacet
  facet normal 0 0 1
    outer loop
      vertex 0.09080748602747918 -1.6190774666965009 9.5692
      vertex 0.10214722108840943 -0.48885043391585353 9.5692
      vertex 0.045495426759123804 -1.6230466720461845 9.5692
    endloop
  endfacet
  facet normal 0 0 1
    outer loop
      vertex 0.13461187557876111 -1.6142262148708106 9.5692
      vertex 0.16091142013669013 -0.50401083573699 9.5692
      vertex 0.09080748602747918 -1.6190774666965009 9.5692
    endloop
  endfacet
  facet normal 0 0 1
    outer loop
      vertex 0.1769085954129696 -1.6084929165691138 9.5692
      vertex 0.16091142013669013 -0.50401083573699 9.5692
      vertex 0.13461187557876111 -1.6142262148708106 9.5692
    endloop
  endfacet
  facet normal 0 0 1
    outer loop
      vertex 0.21769766069948673 -1.6018775717914104 9.5692
      vertex 0.21699207964539527 -0.5195013915747404 9.5692
      vertex 0.1769085954129696 -1.6084929165691138 9.5692
    endloop
  endfacet
  facet normal 0 0 1
    outer loop
      vertex 0.2569790562689304 -1.5943801881223918 9.5692
      vertex 0.27038918444514276 -0.5353221090137958 9.5692
      vertex 0.21769766069948673 -1.6018775717914104 9.5692
    endloop
  endfacet
  facet normal 0 0 1
    outer loop
      vertex 0.2947527897059917 -1.5860007503926754 9.5692
      vertex 0.27038918444514276 -0.5353221090137958 9.5692
      vertex 0.2569790562689304 -1.5943801881223918 9.5692
    endloop
  endfacet
  facet normal 0 0 1
    outer loop
      vertex 0.3310188610106707 -1.5767392661869526 9.5692
      vertex 0.3211027572900057 -0.5514729804694652 9.5692
      vertex 0.2947527897059917 -1.5860007503926754 9.5692
    endloop
  endfacet
  facet normal 0 0 1
    outer loop
      vertex 0.36577726259827614 -1.5665957430899144 9.5692
      vertex 0.3211027572900057 -0.5514729804694652 9.5692
      vertex 0.3310188610106707 -1.5767392661869526 9.5692
    endloop
  endfacet
  facet normal 0 0 1
    outer loop
      vertex 0.39902800205349925 -1.5555701735168697 9.5692
      vertex 0.36913277542591094 -0.5679540059417486 9.5692
      vertex 0.36577726259827614 -1.5665957430899144 9.5692
    endloop
  endfacet
  facet normal 0 0 1
    outer loop
      vertex 0.4583099396973848 -1.5321441801786424 9.5692
      vertex 0.36913277542591094 -0.5679540059417486 9.5692
      vertex 0.39902800205349925 -1.5555701735168697 9.5692
    endloop
  endfacet
  facet normal 0 0 1
    outer loop
      vertex 0.5128493217229844 -1.505815631762147 9.5692
      vertex 0.4144792540222407 -0.584765193015337 9.5692
      vertex 0.4583099396973848 -1.5321441801786424 9.5692
    endloop
  endfacet
  facet normal 0 0 1
    outer loop
      vertex 0.5626461481302977 -1.4765845130980015 9.5692
      vertex 0.4144792540222407 -0.584765193015337 9.5692
      vertex 0.5128493217229844 -1.505815631762147 9.5692
    endloop
  endfacet
  facet normal 0 0 1
    outer loop
      vertex 0.6077004189193249 -1.4444508317708968 9.5692
      vertex 0.4571421930789948 -0.6019065341055393 9.5692
      vertex 0.5626461481302977 -1.4765845130980015 9.5692
    endloop
  endfacet
  facet normal 0 0 1
    outer loop
      vertex 0.648012134090066 -1.4094145877808333 9.5692
      vertex 0.4571421930789948 -0.6019065341055393 9.5692
      vertex 0.6077004189193249 -1.4444508317708968 9.5692
    endloop
  endfacet
  facet normal 0 0 1
    outer loop
      vertex 0.7144078975766898 -1.3306343966424465 9.5692
      vertex 0.7404919534772635 -1.2868904570788144 9.5692
      vertex 0.76183344617486 -1.2402439472675324 9.5692
    endloop
  endfacet
  facet normal 0 0 1
    outer loop
      vertex 0.7144078975766898 -1.3306343966424465 9.5692
      vertex 0.76183344617486 -1.2402439472675324 9.5692
      vertex 0.7784323908388615 -1.190694874793291 9.5692
    endloop
  endfacet
  facet normal 0 0 1
    outer loop
      vertex 0.7144078975766898 -1.3306343966424465 9.5692
      vertex 0.7784323908388615 -1.190694874793291 9.5692
      vertex 0.7902887722998858 -1.1382432396560906 9.5692
    endloop
  endfacet
  facet normal 0 0 1
    outer loop
      vertex 0.7144078975766898 -1.3306343966424465 9.5692
      vertex 0.7902887722998858 -1.1382432396560906 9.5692
      vertex 0.7974026057273149 -1.0828890342712403 9.5692
    endloop
  endfacet
  facet normal 0 0 1
    outer loop
      vertex 0.09080748602747918 -1.6190774666965009 9.5692
      vertex 0.16091142013669013 -0.50401083573699 9.5692
      vertex 0.10214722108840943 -0.48885043391585353 9.5692
    endloop
  endfacet
  facet normal 0 0 1
    outer loop
      vertex 0.1769085954129696 -1.6084929165691138 9.5692
      vertex 0.21699207964539527 -0.5195013915747404 9.5692
      vertex 0.16091142013669013 -0.50401083573699 9.5692
    endloop
  endfacet
  facet normal 0 0 1
    outer loop
      vertex 0.21769766069948673 -1.6018775717914104 9.5692
      vertex 0.27038918444514276 -0.5353221090137958 9.5692
      vertex 0.21699207964539527 -0.5195013915747404 9.5692
    endloop
  endfacet
  facet normal 0 0 1
    outer loop
      vertex 0.045495426759123804 -1.6230466720461845 9.5692
      vertex 0.10214722108840943 -0.48885043391585353 9.5692
      vertex 0.04069947491586209 -0.47402019369602205 9.5692
    endloop
  endfacet
  facet normal 0 0 1
    outer loop
      vertex 0.2947527897059917 -1.5860007503926754 9.5692
      vertex 0.3211027572900057 -0.5514729804694652 9.5692
      vertex 0.27038918444514276 -0.5353221090137958 9.5692
    endloop
  endfacet
  facet normal 0 0 1
    outer loop
      vertex 0.36577726259827614 -1.5665957430899144 9.5692
      vertex 0.36913277542591094 -0.5679540059417486 9.5692
      vertex 0.3211027572900057 -0.5514729804694652 9.5692
    endloop
  endfacet
  facet normal 0 0 1
    outer loop
      vertex 0.4583099396973848 -1.5321441801786424 9.5692
      vertex 0.4144792540222407 -0.584765193015337 9.5692
      vertex 0.36913277542591094 -0.5679540059417486 9.5692
    endloop
  endfacet
  facet normal 0 0 1
    outer loop
      vertex 0.5626461481302977 -1.4765845130980015 9.5692
      vertex 0.4571421930789948 -0.6019065341055393 9.5692
      vertex 0.4144792540222407 -0.584765193015337 9.5692
    endloop
  endfacet
  facet normal 0 0 1
    outer loop
      vertex 0.7144078975766898 -1.3306343966424465 9.5692
      vertex 0.49712158501148224 -0.6193780367970466 9.5692
      vertex 0.4571421930789948 -0.6019065341055393 9.5692
    endloop
  endfacet
  facet normal 0 0 1
    outer loop
      vertex 0.683581293642521 -1.3714757735431196 9.5692
      vertex 0.4571421930789948 -0.6019065341055393 9.5692
      vertex 0.648012134090066 -1.4094145877808333 9.5692
    endloop
  endfacet
  facet normal 0 0 1
    outer loop
      vertex 0.7144078975766898 -1.3306343966424465 9.5692
      vertex 0.4571421930789948 -0.6019065341055393 9.5692
      vertex 0.683581293642521 -1.3714757735431196 9.5692
    endloop
  endfacet
  facet normal 0 0 1
    outer loop
      vertex 0.7144078975766898 -1.3306343966424465 9.5692
      vertex 0.5690297275036573 -0.6553115042299033 9.5692
      vertex 0.5344174298197031 -0.637179693505168 9.5692
    endloop
  endfacet
  facet normal 0 0 1
    outer loop
      vertex 0.7144078975766898 -1.3306343966424465 9.5692
      vertex 0.600958485648036 -0.6737734765559436 9.5692
      vertex 0.5690297275036573 -0.6553115042299033 9.5692
    endloop
  endfacet
  facet normal 0 0 1
    outer loop
      vertex 0.7144078975766898 -1.3306343966424465 9.5692
      vertex 0.7044836630672217 -0.7599006166011095 9.5692
      vertex 0.682131639227271 -0.7365497117042542 9.5692
    endloop
  endfacet
  facet normal 0 0 1
    outer loop
      vertex 0.7144078975766898 -1.3306343966424465 9.5692
      vertex 0.724482847481966 -0.7844642680883408 9.5692
      vertex 0.7044836630672217 -0.7599006166011095 9.5692
    endloop
  endfacet
  facet normal 0 0 1
    outer loop
      vertex 0.7144078975766898 -1.3306343966424465 9.5692
      vertex 0.6574267607927322 -0.7144115609824657 9.5692
      vertex 0.6303690505176782 -0.6934861492663622 9.5692
    endloop
  endfacet
  facet normal 0 0 1
    outer loop
      vertex 0.7144078975766898 -1.3306343966424465 9.5692
      vertex 0.6303690505176782 -0.6934861492663622 9.5692
      vertex 0.600958485648036 -0.6737734765559436 9.5692
    endloop
  endfacet
  facet normal 0 0 1
    outer loop
      vertex 0.7144078975766898 -1.3306343966424465 9.5692
      vertex 0.682131639227271 -0.7365497117042542 9.5692
      vertex 0.6574267607927322 -0.7144115609824657 9.5692
    endloop
  endfacet
  facet normal 0 0 1
    outer loop
      vertex 0.7144078975766898 -1.3306343966424465 9.5692
      vertex 0.7974026057273149 -1.0828890342712403 9.5692
      vertex 0.7997738835364581 -1.0246322662234306 9.5692
    endloop
  endfacet
  facet normal 0 0 1
    outer loop
      vertex 0.7144078975766898 -1.3306343966424465 9.5692
      vertex 0.7997738835364581 -1.0246322662234306 9.5692
      vertex 0.7985974600315094 -0.9903666647672653 9.5692
    endloop
  endfacet
  facet normal 0 0 1
    outer loop
      vertex 0.7144078975766898 -1.3306343966424465 9.5692
      vertex 0.7985974600315094 -0.9903666647672653 9.5692
      vertex 0.7950681971013546 -0.9573137947320939 9.5692
    endloop
  endfacet
  facet normal 0 0 1
    outer loop
      vertex 0.7144078975766898 -1.3306343966424465 9.5692
      vertex 0.7809511226266622 -0.8948463020175695 9.5692
      vertex 0.7703633262515068 -0.8654316793382167 9.5692
    endloop
  endfacet
  facet normal 0 0 1
    outer loop
      vertex 0.7144078975766898 -1.3306343966424465 9.5692
      vertex 0.7703633262515068 -0.8654316793382167 9.5692
      vertex 0.7574226752817631 -0.8372297956645489 9.5692
    endloop
  endfacet
  facet normal 0 0 1
    outer loop
      vertex 0.7144078975766898 -1.3306343966424465 9.5692
      vertex 0.7950681971013546 -0.9573137947320939 9.5692
      vertex 0.7891860795766116 -0.9254736788719893 9.5692
    endloop
  endfacet
  facet normal 0 0 1
    outer loop
      vertex 0.7144078975766898 -1.3306343966424465 9.5692
      vertex 0.7891860795766116 -0.9254736788719893 9.5692
      vertex 0.7809511226266622 -0.8948463020175695 9.5692
    endloop
  endfacet
  facet normal 0 0 1
    outer loop
      vertex 0.7144078975766898 -1.3306343966424465 9.5692
      vertex 0.7421291848868131 -0.8102406585812569 9.5692
      vertex 0.724482847481966 -0.7844642680883408 9.5692
    endloop
  endfacet
  facet normal 0 0 1
    outer loop
      vertex 0.7144078975766898 -1.3306343966424465 9.5692
      vertex 0.7574226752817631 -0.8372297956645489 9.5692
      vertex 0.7421291848868131 -0.8102406585812569 9.5692
    endloop
  endfacet
  facet normal 0 0 1
    outer loop
      vertex 0.7144078975766898 -1.3306343966424465 9.5692
      vertex 0.5344174298197031 -0.637179693505168 9.5692
      vertex 0.49712158501148224 -0.6193780367970466 9.5692
    endloop
  endfacet
  facet normal 0 0 1
    outer loop
      vertex 2.5667094943225384 -1.4665068554580212 9.5692
      vertex 1.6350403515845537 -0.45020577315986154 9.5692
      vertex 2.636964689925313 -1.578388701364398 9.5692
    endloop
  endfacet
  facet normal 0 0 1
    outer loop
      vertex 2.396089745491743 -1.0973544280976057 9.5692
      vertex 1.6350403515845537 -0.45020577315986154 9.5692
      vertex 2.446272025898099 -1.225989718824625 9.5692
    endloop
  endfacet
  facet normal 0 0 1
    outer loop
      vertex 2.446272025898099 -1.225989718824625 9.5692
      vertex 1.6350403515845537 -0.45020577315986154 9.5692
      vertex 2.5031452780365946 -1.3490405304729938 9.5692
    endloop
  endfacet
  facet normal 0 0 1
    outer loop
      vertex 2.5031452780365946 -1.3490405304729938 9.5692
      vertex 1.6350403515845537 -0.45020577315986154 9.5692
      vertex 2.5667094943225384 -1.4665068554580212 9.5692
    endloop
  endfacet
  facet normal 0 0 1
    outer loop
      vertex 2.352598436817527 -0.9631346507072449 9.5692
      vertex 1.6350403515845537 -0.45020577315986154 9.5692
      vertex 2.396089745491743 -1.0973544280976057 9.5692
    endloop
  endfacet
  facet normal 0 0 1
    outer loop
      vertex 2.31579809987545 -0.8233303866535425 9.5692
      vertex 1.6350403515845537 -0.45020577315986154 9.5692
      vertex 2.352598436817527 -0.9631346507072449 9.5692
    endloop
  endfacet
  facet normal 0 0 1
    outer loop
      vertex 2.285688727080822 -0.6779416511058808 9.5692
      vertex 1.6350403515845537 -0.45020577315986154 9.5692
      vertex 2.31579809987545 -0.8233303866535425 9.5692
    endloop
  endfacet
  facet normal 0 0 1
    outer loop
      vertex 2.2622703336030243 -0.5269684213101864 9.5692
      vertex 1.6350403515845537 -0.45020577315986154 9.5692
      vertex 2.285688727080822 -0.6779416511058808 9.5692
    endloop
  endfacet
  facet normal 0 0 1
    outer loop
      vertex 2.2455429042726753 -0.37041071243584156 9.5692
      vertex 1.6350403515845537 -0.45020577315986154 9.5692
      vertex 2.2622703336030243 -0.5269684213101864 9.5692
    endloop
  endfacet
  facet normal 0 0 1
    outer loop
      vertex 2.2355064466744663 -0.20826852448284627 9.5692
      vertex 1.6350403515845537 -0.45020577315986154 9.5692
      vertex 2.2455429042726753 -0.37041071243584156 9.5692
    endloop
  endfacet
  facet normal 0 0 1
    outer loop
      vertex 2.2321609683930874 -0.04054184986650944 9.5692
      vertex 1.6350403515845537 -0.45020577315986154 9.5692
      vertex 2.2355064466744663 -0.20826852448284627 9.5692
    endloop
  endfacet
  facet normal 0 0 1
    outer loop
      vertex 1.6350403515845537 -0.45020577315986154 9.5692
      vertex 2.2321609683930874 -0.04054184986650944 9.5692
      vertex 2.2359659045040607 0.14058113361895086 9.5692
    endloop
  endfacet
  facet normal 0 0 1
    outer loop
      vertex 6.158900000000001 -6.158900000000001 9.5692
      vertex 0.5017342983037233 -2.348644006446004 9.5692
      vertex 0.3880539325326681 -2.370722253277898 9.5692
    endloop
  endfacet
  facet normal 0 0 1
    outer loop
      vertex 6.158900000000001 -6.158900000000001 9.5692
      vertex 0.6107274008542299 -2.321659473270178 9.5692
      vertex 0.5017342983037233 -2.348644006446004 9.5692
    endloop
  endfacet
  facet normal 0 0 1
    outer loop
      vertex 6.158900000000001 -6.158900000000001 9.5692
      vertex 0.715033247768879 -2.289768668919802 9.5692
      vertex 0.6107274008542299 -2.321659473270178 9.5692
    endloop
  endfacet
  facet normal 0 0 1
    outer loop
      vertex 6.158900000000001 -6.158900000000001 9.5692
      vertex 0.8146518314629794 -2.2529715782254933 9.5692
      vertex 0.715033247768879 -2.289768668919802 9.5692
    endloop
  endfacet
  facet normal 0 0 1
    outer loop
      vertex 6.158900000000001 -6.158900000000001 9.5692
      vertex 0.9095831671059131 -2.2112682163566353 9.5692
      vertex 0.8146518314629794 -2.2529715782254933 9.5692
    endloop
  endfacet
  facet normal 0 0 1
    outer loop
      vertex 6.158900000000001 -6.158900000000001 9.5692
      vertex 0.9998272395282984 -2.1646585757285357 9.5692
      vertex 0.9095831671059131 -2.2112682163566353 9.5692
    endloop
  endfacet
  facet normal 0 0 1
    outer loop
      vertex 6.158900000000001 -6.158900000000001 9.5692
      vertex 1.085384056314826 -2.113142656341195 9.5692
      vertex 0.9998272395282984 -2.1646585757285357 9.5692
    endloop
  endfacet
  facet normal 0 0 1
    outer loop
      vertex 6.158900000000001 -6.158900000000001 9.5692
      vertex 1.166253617465496 -2.0567204581946137 9.5692
      vertex 1.085384056314826 -2.113142656341195 9.5692
    endloop
  endfacet
  facet normal 0 0 1
    outer loop
      vertex 6.158900000000001 -6.158900000000001 9.5692
      vertex 1.2424359153956175 -1.9953919812887908 9.5692
      vertex 1.166253617465496 -2.0567204581946137 9.5692
    endloop
  endfacet
  facet normal 0 0 1
    outer loop
      vertex 6.158900000000001 -6.158900000000001 9.5692
      vertex 1.313434638261795 -1.9303447607010604 9.5692
      vertex 1.2424359153956175 -1.9953919812887908 9.5692
    endloop
  endfacet
  facet normal 0 0 1
    outer loop
      vertex 6.158900000000001 -6.158900000000001 9.5692
      vertex 1.3787534666359424 -1.8627804314494134 9.5692
      vertex 1.313434638261795 -1.9303447607010604 9.5692
    endloop
  endfacet
  facet normal 0 0 1
    outer loop
      vertex 6.158900000000001 -6.158900000000001 9.5692
      vertex 1.4383923929333686 -1.7926989935338498 9.5692
      vertex 1.3787534666359424 -1.8627804314494134 9.5692
    endloop
  endfacet
  facet normal 0 0 1
    outer loop
      vertex 6.158900000000001 -6.158900000000001 9.5692
      vertex 1.4923514247387648 -1.7201004469543695 9.5692
      vertex 1.4383923929333686 -1.7926989935338498 9.5692
    endloop
  endfacet
  facet normal 0 0 1
    outer loop
      vertex 6.158900000000001 -6.158900000000001 9.5692
      vertex 1.5406305544674397 -1.6449847841262817 9.5692
      vertex 1.4923514247387648 -1.7201004469543695 9.5692
    endloop
  endfacet
  facet normal 0 0 1
    outer loop
      vertex 6.158900000000001 -6.158900000000001 9.5692
      vertex 1.5832297897040843 -1.5673520126342773 9.5692
      vertex 1.5406305544674397 -1.6449847841262817 9.5692
    endloop
  endfacet
  facet normal 0 0 1
    outer loop
      vertex 6.158900000000001 -6.158900000000001 9.5692
      vertex 1.620149122864008 -1.4872021324783564 9.5692
      vertex 1.5832297897040843 -1.5673520126342773 9.5692
    endloop
  endfacet
  facet normal 0 0 1
    outer loop
      vertex 6.158900000000001 -6.158900000000001 9.5692
      vertex 1.6513885615319013 -1.4045351436585187 9.5692
      vertex 1.620149122864008 -1.4872021324783564 9.5692
    endloop
  endfacet
  facet normal 0 0 1
    outer loop
      vertex 6.158900000000001 -6.158900000000001 9.5692
      vertex 1.6769481057077646 -1.3193510385900735 9.5692
      vertex 1.6513885615319013 -1.4045351436585187 9.5692
    endloop
  endfacet
  facet normal 0 0 1
    outer loop
      vertex 6.158900000000001 -6.158900000000001 9.5692
      vertex 1.6968277478069067 -1.231649824857712 9.5692
      vertex 1.6769481057077646 -1.3193510385900735 9.5692
    endloop
  endfacet
  facet normal 0 0 1
    outer loop
      vertex 6.158900000000001 -6.158900000000001 9.5692
      vertex 1.6350403515845537 -0.45020577315986154 9.5692
      vertex 1.6617296961694956 -0.525532047688961 9.5692
    endloop
  endfacet
  facet normal 0 0 1
    outer loop
      vertex 6.158900000000001 -6.158900000000001 9.5692
      vertex 1.7110274878293277 -1.1414315024614334 9.5692
      vertex 1.6968277478069067 -1.231649824857712 9.5692
    endloop
  endfacet
  facet normal 0 0 1
    outer loop
      vertex 6.158900000000001 -6.158900000000001 9.5692
      vertex 1.7195473333597184 -1.0486960714012385 9.5692
      vertex 1.7110274878293277 -1.1414315024614334 9.5692
    endloop
  endfacet
  facet normal 0 0 1
    outer loop
      vertex 6.158900000000001 -6.158900000000001 9.5692
      vertex 1.722387284398079 -0.9534435316771269 9.5692
      vertex 1.7195473333597184 -1.0486960714012385 9.5692
    endloop
  endfacet
  facet normal 0 0 1
    outer loop
      vertex 6.158900000000001 -6.158900000000001 9.5692
      vertex 1.719960979655385 -0.8610238892287017 9.5692
      vertex 1.722387284398079 -0.9534435316771269 9.5692
    endloop
  endfacet
  facet normal 0 0 1
    outer loop
      vertex 6.158900000000001 -6.158900000000001 9.5692
      vertex 1.7126820730119945 -0.7720229173302651 9.5692
      vertex 1.719960979655385 -0.8610238892287017 9.5692
    endloop
  endfacet
  facet normal 0 0 1
    outer loop
      vertex 6.158900000000001 -6.158900000000001 9.5692
      vertex 1.700550549298525 -0.6864406235665083 9.5692
      vertex 1.7126820730119945 -0.7720229173302651 9.5692
    endloop
  endfacet
  facet normal 0 0 1
    outer loop
      vertex 6.158900000000001 -6.158900000000001 9.5692
      vertex 1.6835664236843586 -0.6042770003527403 9.5692
      vertex 1.700550549298525 -0.6864406235665083 9.5692
    endloop
  endfacet
  facet normal 0 0 1
    outer loop
      vertex 6.158900000000001 -6.158900000000001 9.5692
      vertex 1.6617296961694956 -0.525532047688961 9.5692
      vertex 1.6835664236843586 -0.6042770003527403 9.5692
    endloop
  endfacet
  facet normal 0 0 1
    outer loop
      vertex 6.158900000000001 -6.158900000000001 9.5692
      vertex 3.294955129787326 -2.1789122580736877 9.5692
      vertex 3.1854746577441695 -2.115200580224395 9.5692
    endloop
  endfacet
  facet normal 0 0 1
    outer loop
      vertex 6.158900000000001 -6.158900000000001 9.5692
      vertex 3.409435134366155 -2.2351284484267233 9.5692
      vertex 3.294955129787326 -2.1789122580736877 9.5692
    endloop
  endfacet
  facet normal 0 0 1
    outer loop
      vertex 6.158900000000001 -6.158900000000001 9.5692
      vertex 3.5289146638959648 -2.2838491436988115 9.5692
      vertex 3.409435134366155 -2.2351284484267233 9.5692
    endloop
  endfacet
  facet normal 0 0 1
    outer loop
      vertex 6.158900000000001 -6.158900000000001 9.5692
      vertex 3.6533937183767557 -2.3250743514746426 9.5692
      vertex 3.5289146638959648 -2.2838491436988115 9.5692
    endloop
  endfacet
  facet normal 0 0 1
    outer loop
      vertex 6.158900000000001 -6.158900000000001 9.5692
      vertex 3.7828722902238368 -2.3588040641695263 9.5692
      vertex 3.6533937183767557 -2.3250743514746426 9.5692
    endloop
  endfacet
  facet normal 0 0 1
    outer loop
      vertex 6.158900000000001 -6.158900000000001 9.5692
      vertex 2.9815122733414174 -1.9652907468676568 9.5692
      vertex 2.887030368566513 -1.8790925913602115 9.5692
    endloop
  endfacet
  facet normal 0 0 1
    outer loop
      vertex 6.158900000000001 -6.158900000000001 9.5692
      vertex 2.887030368566513 -1.8790925913602115 9.5692
      vertex 2.79754798874259 -1.7853989407718183 9.5692
    endloop
  endfacet
  facet normal 0 0 1
    outer loop
      vertex 6.158900000000001 -6.158900000000001 9.5692
      vertex 2.79754798874259 -1.7853989407718183 9.5692
      vertex 1.6350403515845537 -0.45020577315986154 9.5692
    endloop
  endfacet
  facet normal 0 0 1
    outer loop
      vertex 6.158900000000001 -6.158900000000001 9.5692
      vertex 3.080993703067303 -2.0439934072941544 9.5692
      vertex 2.9815122733414174 -1.9652907468676568 9.5692
    endloop
  endfacet
  facet normal 0 0 1
    outer loop
      vertex 6.158900000000001 -6.158900000000001 9.5692
      vertex 3.1854746577441695 -2.115200580224395 9.5692
      vertex 3.080993703067303 -2.0439934072941544 9.5692
    endloop
  endfacet
  facet normal 0 0 1
    outer loop
      vertex 2.7139108496755364 -1.6846860606074334 9.5692
      vertex 1.6350403515845537 -0.45020577315986154 9.5692
      vertex 2.79754798874259 -1.7853989407718183 9.5692
    endloop
  endfacet
  facet normal 0 0 1
    outer loop
      vertex 2.636964689925313 -1.578388701364398 9.5692
      vertex 1.6350403515845537 -0.45020577315986154 9.5692
      vertex 2.7139108496755364 -1.6846860606074334 9.5692
    endloop
  endfacet
  facet normal 0 0 1
    outer loop
      vertex 4.414371004626155 -1.5900407057404518 9.5692
      vertex 3.3633044669777155 -0.9364810906946659 9.5692
      vertex 3.3990986112207175 -1.0114254381060601 9.5692
    endloop
  endfacet
  facet normal 0 0 1
    outer loop
      vertex 3.7413665323108436 -1.4083468604832887 9.5692
      vertex 4.191416447654366 -1.5829203646481038 9.5692
      vertex 3.6852360034585 -1.365270282715559 9.5692
    endloop
  endfacet
  facet normal 0 0 1
    outer loop
      vertex 3.8597493306845427 -1.480896887794137 9.5692
      vertex 4.052627864748239 -1.5557141081988812 9.5692
      vertex 3.799537646442652 -1.4468890596479178 9.5692
    endloop
  endfacet
  facet normal 0 0 1
    outer loop
      vertex 3.799537646442652 -1.4468890596479178 9.5692
      vertex 4.121001867353916 -1.5715844219326973 9.5692
      vertex 3.7413665323108436 -1.4083468604832887 9.5692
    endloop
  endfacet
  facet normal 0 0 1
    outer loop
      vertex 3.9862944474220274 -1.5353094082772731 9.5692
      vertex 3.8597493306845427 -1.480896887794137 9.5692
      vertex 3.922001600205898 -1.5103703373372555 9.5692
    endloop
  endfacet
  facet normal 0 0 1
    outer loop
      vertex 3.8597493306845427 -1.480896887794137 9.5692
      vertex 3.9862944474220274 -1.5353094082772731 9.5692
      vertex 4.052627864748239 -1.5557141081988812 9.5692
    endloop
  endfacet
  facet normal 0 0 1
    outer loop
      vertex 3.799537646442652 -1.4468890596479178 9.5692
      vertex 4.052627864748239 -1.5557141081988812 9.5692
      vertex 4.121001867353916 -1.5715844219326973 9.5692
    endloop
  endfacet
  facet normal 0 0 1
    outer loop
      vertex 3.7413665323108436 -1.4083468604832887 9.5692
      vertex 4.121001867353916 -1.5715844219326973 9.5692
      vertex 4.191416447654366 -1.5829203646481038 9.5692
    endloop
  endfacet
  facet normal 0 0 1
    outer loop
      vertex 4.338367333754897 -1.5919891218543052 9.5692
      vertex 3.4819903192669153 -1.1476020354479552 9.5692
      vertex 3.5290878754854202 -1.208834277793765 9.5692
    endloop
  endfacet
  facet normal 0 0 1
    outer loop
      vertex 3.63114605230093 -1.3176593263447285 9.5692
      vertex 4.2638715980649 -1.5897219287604094 9.5692
      vertex 3.579096671253443 -1.2655139913707971 9.5692
    endloop
  endfacet
  facet normal 0 0 1
    outer loop
      vertex 3.6852360034585 -1.365270282715559 9.5692
      vertex 4.2638715980649 -1.5897219287604094 9.5692
      vertex 3.63114605230093 -1.3176593263447285 9.5692
    endloop
  endfacet
  facet normal 0 0 1
    outer loop
      vertex 3.579096671253443 -1.2655139913707971 9.5692
      vertex 4.338367333754897 -1.5919891218543052 9.5692
      vertex 3.5290878754854202 -1.208834277793765 9.5692
    endloop
  endfacet
  facet normal 0 0 1
    outer loop
      vertex 4.338367333754897 -1.5919891218543052 9.5692
      vertex 3.4386605645120145 -1.0817990838289262 9.5692
      vertex 3.4819903192669153 -1.1476020354479552 9.5692
    endloop
  endfacet
  facet normal 0 0 1
    outer loop
      vertex 4.414371004626155 -1.5900407057404518 9.5692
      vertex 3.3990986112207175 -1.0114254381060601 9.5692
      vertex 3.4386605645120145 -1.0817990838289262 9.5692
    endloop
  endfacet
  facet normal 0 0 1
    outer loop
      vertex 3.6852360034585 -1.365270282715559 9.5692
      vertex 4.191416447654366 -1.5829203646481038 9.5692
      vertex 4.2638715980649 -1.5897219287604094 9.5692
    endloop
  endfacet
  facet normal 0 0 1
    outer loop
      vertex 3.579096671253443 -1.2655139913707971 9.5692
      vertex 4.2638715980649 -1.5897219287604094 9.5692
      vertex 4.338367333754897 -1.5919891218543052 9.5692
    endloop
  endfacet
  facet normal 0 0 1
    outer loop
      vertex 4.414371004626155 -1.5900407057404518 9.5692
      vertex 3.4386605645120145 -1.0817990838289262 9.5692
      vertex 4.338367333754897 -1.5919891218543052 9.5692
    endloop
  endfacet
  facet normal 0 0 1
    outer loop
      vertex 4.487544212907553 -1.5841954573988914 9.5692
      vertex 3.3633044669777155 -0.9364810906946659 9.5692
      vertex 4.414371004626155 -1.5900407057404518 9.5692
    endloop
  endfacet
  facet normal 0 0 1
    outer loop
      vertex 4.557886958599091 -1.5744533768296243 9.5692
      vertex 3.3312781241983176 -0.8569660415947438 9.5692
      vertex 4.487544212907553 -1.5841954573988914 9.5692
    endloop
  endfacet
  facet normal 0 0 1
    outer loop
      vertex 4.6253992417007685 -1.56081446403265 9.5692
      vertex 3.3030195904672146 -0.7728802983909846 9.5692
      vertex 4.557886958599091 -1.5744533768296243 9.5692
    endloop
  endfacet
  facet normal 0 0 1
    outer loop
      vertex 4.690081062212586 -1.54327872659266 9.5692
      vertex 3.278528858199716 -0.6842238534986973 9.5692
      vertex 4.6253992417007685 -1.56081446403265 9.5692
    endloop
  endfacet
  facet normal 0 0 1
    outer loop
      vertex 4.751932427719235 -1.521846149340272 9.5692
      vertex 3.278528858199716 -0.6842238534986973 9.5692
      vertex 4.690081062212586 -1.54327872659266 9.5692
    endloop
  endfacet
  facet normal 0 0 1
    outer loop
      vertex 4.810953323051334 -1.496516739860177 9.5692
      vertex 3.278528858199716 -0.6842238534986973 9.5692
      vertex 4.751932427719235 -1.521846149340272 9.5692
    endloop
  endfacet
  facet normal 0 0 1
    outer loop
      vertex 4.867143763378262 -1.4672905057370662 9.5692
      vertex 3.278528858199716 -0.6842238534986973 9.5692
      vertex 4.810953323051334 -1.496516739860177 9.5692
    endloop
  endfacet
  facet normal 0 0 1
    outer loop
      vertex 4.920503741115332 -1.4341674318015576 9.5692
      vertex 3.278528858199716 -0.6842238534986973 9.5692
      vertex 4.867143763378262 -1.4672905057370662 9.5692
    endloop
  endfacet
  facet normal 0 0 1
    outer loop
      vertex 4.97103324867785 -1.397147533223033 9.5692
      vertex 3.278528858199716 -0.6842238534986973 9.5692
      vertex 4.920503741115332 -1.4341674318015576 9.5692
    endloop
  endfacet
  facet normal 0 0 1
    outer loop
      vertex 4.487544212907553 -1.5841954573988914 9.5692
      vertex 3.3312781241983176 -0.8569660415947438 9.5692
      vertex 3.3633044669777155 -0.9364810906946659 9.5692
    endloop
  endfacet
  facet normal 0 0 1
    outer loop
      vertex 4.557886958599091 -1.5744533768296243 9.5692
      vertex 3.3030195904672146 -0.7728802983909846 9.5692
      vertex 3.3312781241983176 -0.8569660415947438 9.5692
    endloop
  endfacet
  facet normal 0 0 1
    outer loop
      vertex 4.6253992417007685 -1.56081446403265 9.5692
      vertex 3.278528858199716 -0.6842238534986973 9.5692
      vertex 3.3030195904672146 -0.7728802983909846 9.5692
    endloop
  endfacet
  facet normal 0 0 1
    outer loop
      vertex 5.105639026165009 -1.2627068365365266 9.5692
      vertex 3.2578059349805115 -0.590996706917882 9.5692
      vertex 3.278528858199716 -0.6842238534986973 9.5692
    endloop
  endfacet
  facet normal 0 0 1
    outer loop
      vertex 3.2578059349805115 -0.590996706917882 9.5692
      vertex 5.347973925024271 -0.7314940827935934 9.5692
      vertex 3.240850813224912 -0.49319886623322967 9.5692
    endloop
  endfacet
  facet normal 0 0 1
    outer loop
      vertex 3.240850813224912 -0.49319886623322967 9.5692
      vertex 5.347973925024271 -0.7314940827935934 9.5692
      vertex 3.2276634929329155 -0.3908303162753582 9.5692
    endloop
  endfacet
  facet normal 0 0 1
    outer loop
      vertex 3.2182439816892146 -0.28389107221364973 9.5692
      vertex 3.2276634929329155 -0.3908303162753582 9.5692
      vertex 5.347973925024271 -0.7314940827935934 9.5692
    endloop
  endfacet
  facet normal 0 0 1
    outer loop
      vertex 3.2182439816892146 -0.28389107221364973 9.5692
      vertex 5.347973925024271 -0.7314940827935934 9.5692
      vertex 3.212592279493809 -0.1723811340481043 9.5692
    endloop
  endfacet
  facet normal 0 0 1
    outer loop
      vertex 3.212592279493809 -0.1723811340481043 9.5692
      vertex 5.347973925024271 -0.7314940827935934 9.5692
      vertex 3.210708378762007 -0.056300486609339714 9.5692
    endloop
  endfacet
  facet normal 0 0 1
    outer loop
      vertex 5.347973925024271 -0.7314940827935934 9.5692
      vertex 3.2124911679774524 0.06000703410804272 9.5692
      vertex 3.210708378762007 -0.056300486609339714 9.5692
    endloop
  endfacet
  facet normal 0 0 1
    outer loop
      vertex 5.347973925024271 -0.7314940827935934 9.5692
      vertex 3.217839558377862 0.17218352250754834 9.5692
      vertex 3.2124911679774524 0.06000703410804272 9.5692
    endloop
  endfacet
  facet normal 0 0 1
    outer loop
      vertex 5.347973925024271 -0.7314940827935934 9.5692
      vertex 3.226753527209163 0.2802289861738682 9.5692
      vertex 3.217839558377862 0.17218352250754834 9.5692
    endloop
  endfacet
  facet normal 0 0 1
    outer loop
      vertex 5.347973925024271 -0.7314940827935934 9.5692
      vertex 3.2392330972254277 0.38414341752231124 9.5692
      vertex 3.226753527209163 0.2802289861738682 9.5692
    endloop
  endfacet
  facet normal 0 0 1
    outer loop
      vertex 5.018732301235199 -1.3562308024168015 9.5692
      vertex 3.278528858199716 -0.6842238534986973 9.5692
      vertex 4.97103324867785 -1.397147533223033 9.5692
    endloop
  endfacet
  facet normal 0 0 1
    outer loop
      vertex 5.06360089878738 -1.3114172393828631 9.5692
      vertex 3.278528858199716 -0.6842238534986973 9.5692
      vertex 5.018732301235199 -1.3562308024168015 9.5692
    endloop
  endfacet
  facet normal 0 0 1
    outer loop
      vertex 5.105639026165009 -1.2627068365365266 9.5692
      vertex 3.278528858199716 -0.6842238534986973 9.5692
      vertex 5.06360089878738 -1.3114172393828631 9.5692
    endloop
  endfacet
  facet normal 0 0 1
    outer loop
      vertex 5.127812688410282 -1.2344195719957352 9.5692
      vertex 3.2578059349805115 -0.590996706917882 9.5692
      vertex 5.105639026165009 -1.2627068365365266 9.5692
    endloop
  endfacet
  facet normal 0 0 1
    outer loop
      vertex 5.149397604182362 -1.2040364297777415 9.5692
      vertex 3.2578059349805115 -0.590996706917882 9.5692
      vertex 5.127812688410282 -1.2344195719957352 9.5692
    endloop
  endfacet
  facet normal 0 0 1
    outer loop
      vertex 3.2578059349805115 -0.590996706917882 9.5692
      vertex 5.149397604182362 -1.2040364297777415 9.5692
      vertex 5.170393765896558 -1.1715574098825454 9.5692
    endloop
  endfacet
  facet normal 0 0 1
    outer loop
      vertex 3.2578059349805115 -0.590996706917882 9.5692
      vertex 5.170393765896558 -1.1715574098825454 9.5692
      vertex 5.190801173552871 -1.1369825123101474 9.5692
    endloop
  endfacet
  facet normal 0 0 1
    outer loop
      vertex 3.2578059349805115 -0.590996706917882 9.5692
      vertex 5.190801173552871 -1.1369825123101474 9.5692
      vertex 5.210619819566608 -1.100311744645238 9.5692
    endloop
  endfacet
  facet normal 0 0 1
    outer loop
      vertex 3.2578059349805115 -0.590996706917882 9.5692
      vertex 5.210619819566608 -1.100311744645238 9.5692
      vertex 5.229849719107151 -1.0615450993031263 9.5692
    endloop
  endfacet
  facet normal 0 0 1
    outer loop
      vertex 3.2578059349805115 -0.590996706917882 9.5692
      vertex 5.229849719107151 -1.0615450993031263 9.5692
      vertex 5.248490872174502 -1.0206825838685036 9.5692
    endloop
  endfacet
  facet normal 0 0 1
    outer loop
      vertex 3.2578059349805115 -0.590996706917882 9.5692
      vertex 5.248490872174502 -1.0206825838685036 9.5692
      vertex 5.266543263599277 -0.9777241831719875 9.5692
    endloop
  endfacet
  facet normal 0 0 1
    outer loop
      vertex 3.2578059349805115 -0.590996706917882 9.5692
      vertex 5.266543263599277 -0.9777241831719875 9.5692
      vertex 5.284006900966167 -0.9326699123829604 9.5692
    endloop
  endfacet
  facet normal 0.9526404687211405 2.4516338061763414e-17 0.30409889403739326
    outer loop
      vertex 9.212900000000001 -9.212900000000001 0.002036
      vertex 6.158900000000001 -1.225528220363022 9.5692
      vertex 6.158900000000001 -6.158900000000001 9.5692
    endloop
  endfacet
  facet normal 0.9526404687211406 2.461717330121278e-16 0.30409889403739276
    outer loop
      vertex 9.212900000000001 -9.212900000000001 0.002036
      vertex 6.248104913622141 -0.9552420439571142 9.289750740593043
      vertex 6.21758894829452 -1.062156349554658 9.385347087976037
    endloop
  endfacet
  facet normal 0.9526404687211415 2.19373575449743e-15 0.3040988940373903
    outer loop
      vertex 9.212900000000001 -9.212900000000001 0.002036
      vertex 6.295462154492736 -0.7314940827935934 9.141396290692425
      vertex 6.274062654078007 -0.8450212908983231 9.208433792324968
    endloop
  endfacet
  facet normal 0.9526404687211407 -7.658118661472655e-17 0.30409889403739254
    outer loop
      vertex 9.212900000000001 -9.212900000000001 0.002036
      vertex 6.274062654078007 -0.8450212908983231 9.208433792324968
      vertex 6.248104913622141 -0.9552420439571142 9.289750740593043
    endloop
  endfacet
  facet normal 0.9526404687211404 3.217144594163564e-16 0.304098894037394
    outer loop
      vertex 9.212900000000001 -9.212900000000001 0.002036
      vertex 6.182514750510454 -1.1657642076909542 9.495222858234253
      vertex 6.158900000000001 -1.225528220363022 9.5692
    endloop
  endfacet
  facet normal 0.9526404687211396 -2.402297783558655e-15 0.3040988940373958
    outer loop
      vertex 9.212900000000001 -9.212900000000001 0.002036
      vertex 6.21758894829452 -1.062156349554658 9.385347087976037
      vertex 6.182514750510454 -1.1657642076909542 9.495222858234253
    endloop
  endfacet
  facet normal 0.9526404687211404 -4.417267737690288e-16 0.3040988940373938
    outer loop
      vertex 9.212900000000001 -9.212900000000001 0.002036
      vertex 6.30476158490777 0.7586136007159948 9.112264275012262
      vertex 6.295462154492736 -0.7314940827935934 9.141396290692425
    endloop
  endfacet
  facet normal 0.9526404687211404 6.882503387568922e-18 0.3040988940373934
    outer loop
      vertex 9.212900000000001 -9.212900000000001 0.002036
      vertex 6.158900000000001 6.158900000000001 9.5692
      vertex 6.30476158490777 0.7586136007159948 9.112264275012262
    endloop
  endfacet
  facet normal 0 0 1
    outer loop
      vertex 6.158900000000001 -6.158900000000001 9.5692
      vertex 3.9173503946065904 -2.3850382893681528 9.5692
      vertex 3.7828722902238368 -2.3588040641695263 9.5692
    endloop
  endfacet
  facet normal 0 0 1
    outer loop
      vertex 6.158900000000001 -6.158900000000001 9.5692
      vertex 4.056828016355634 -2.4037770194858314 9.5692
      vertex 3.9173503946065904 -2.3850382893681528 9.5692
    endloop
  endfacet
  facet normal 0 0 1
    outer loop
      vertex 6.158900000000001 -6.158900000000001 9.5692
      vertex 4.2013051706403495 -2.415020254522562 9.5692
      vertex 4.056828016355634 -2.4037770194858314 9.5692
    endloop
  endfacet
  facet normal 0 0 1
    outer loop
      vertex 6.158900000000001 -6.158900000000001 9.5692
      vertex 4.350781842291355 -2.418768002063036 9.5692
      vertex 4.2013051706403495 -2.415020254522562 9.5692
    endloop
  endfacet
  facet normal 0 0 1
    outer loop
      vertex 6.158900000000001 -6.158900000000001 9.5692
      vertex 4.471917853176594 -2.4159909356981517 9.5692
      vertex 4.350781842291355 -2.418768002063036 9.5692
    endloop
  endfacet
  facet normal 0 0 1
    outer loop
      vertex 6.158900000000001 -6.158900000000001 9.5692
      vertex 4.58967150901258 -2.4076597517728806 9.5692
      vertex 4.471917853176594 -2.4159909356981517 9.5692
    endloop
  endfacet
  facet normal 0 0 1
    outer loop
      vertex 6.158900000000001 -6.158900000000001 9.5692
      vertex 4.704042817384004 -2.393774442702532 9.5692
      vertex 4.58967150901258 -2.4076597517728806 9.5692
    endloop
  endfacet
  facet normal 0 0 1
    outer loop
      vertex 6.158900000000001 -6.158900000000001 9.5692
      vertex 4.8150317707061765 -2.3743350084871055 9.5692
      vertex 4.704042817384004 -2.393774442702532 9.5692
    endloop
  endfacet
  facet normal 0 0 1
    outer loop
      vertex 6.158900000000001 -6.158900000000001 9.5692
      vertex 4.922638376563787 -2.3493414567112922 9.5692
      vertex 4.8150317707061765 -2.3743350084871055 9.5692
    endloop
  endfacet
  facet normal 0 0 1
    outer loop
      vertex 6.158900000000001 -6.158900000000001 9.5692
      vertex 5.026862627372146 -2.3187937722057104 9.5692
      vertex 4.922638376563787 -2.3493414567112922 9.5692
    endloop
  endfacet
  facet normal 0 0 1
    outer loop
      vertex 6.158900000000001 -6.158900000000001 9.5692
      vertex 5.127704538300634 -2.282691970139742 9.5692
      vertex 5.026862627372146 -2.3187937722057104 9.5692
    endloop
  endfacet
  facet normal 0 0 1
    outer loop
      vertex 6.158900000000001 -6.158900000000001 9.5692
      vertex 5.225164094179869 -2.2410360429286955 9.5692
      vertex 5.127704538300634 -2.282691970139742 9.5692
    endloop
  endfacet
  facet normal 0 0 1
    outer loop
      vertex 6.158900000000001 -6.158900000000001 9.5692
      vertex 5.319241295009851 -2.193825990572572 9.5692
      vertex 5.225164094179869 -2.2410360429286955 9.5692
    endloop
  endfacet
  facet normal 0 0 1
    outer loop
      vertex 6.158900000000001 -6.158900000000001 9.5692
      vertex 5.409936148375273 -2.1410618130713703 9.5692
      vertex 5.319241295009851 -2.193825990572572 9.5692
    endloop
  endfacet
  facet normal 0 0 1
    outer loop
      vertex 6.158900000000001 -6.158900000000001 9.5692
      vertex 5.497248654276133 -2.082743518009782 9.5692
      vertex 5.409936148375273 -2.1410618130713703 9.5692
    endloop
  endfacet
  facet normal 0 0 1
    outer loop
      vertex 6.158900000000001 -6.158900000000001 9.5692
      vertex 5.581178812712431 -2.0188710978031157 9.5692
      vertex 5.497248654276133 -2.082743518009782 9.5692
    endloop
  endfacet
  facet normal 0 0 1
    outer loop
      vertex 6.158900000000001 -6.158900000000001 9.5692
      vertex 5.661726616099477 -1.9494445524513722 9.5692
      vertex 5.581178812712431 -2.0188710978031157 9.5692
    endloop
  endfacet
  facet normal 0 0 1
    outer loop
      vertex 6.158900000000001 -6.158900000000001 9.5692
      vertex 5.737824883237481 -1.8755947669744493 9.5692
      vertex 5.661726616099477 -1.9494445524513722 9.5692
    endloop
  endfacet
  facet normal 0 0 1
    outer loop
      vertex 6.158900000000001 -6.158900000000001 9.5692
      vertex 5.809364925503731 -1.7984385264515876 9.5692
      vertex 5.737824883237481 -1.8755947669744493 9.5692
    endloop
  endfacet
  facet normal 0 0 1
    outer loop
      vertex 6.158900000000001 -6.158900000000001 9.5692
      vertex 5.876346735313535 -1.7179758384674788 9.5692
      vertex 5.809364925503731 -1.7984385264515876 9.5692
    endloop
  endfacet
  facet normal 0 0 1
    outer loop
      vertex 6.158900000000001 -6.158900000000001 9.5692
      vertex 5.938770312666893 -1.6342066954374315 9.5692
      vertex 5.876346735313535 -1.7179758384674788 9.5692
    endloop
  endfacet
  facet normal 0 0 1
    outer loop
      vertex 6.158900000000001 -6.158900000000001 9.5692
      vertex 5.996635665148497 -1.5471310973614454 9.5692
      vertex 5.938770312666893 -1.6342066954374315 9.5692
    endloop
  endfacet
  facet normal 0 0 1
    outer loop
      vertex 6.158900000000001 -6.158900000000001 9.5692
      vertex 6.049942785173655 -1.456749051824212 9.5692
      vertex 5.996635665148497 -1.5471310973614454 9.5692
    endloop
  endfacet
  facet normal 0 0 1
    outer loop
      vertex 6.158900000000001 -6.158900000000001 9.5692
      vertex 6.098691672742367 -1.3630605588257314 9.5692
      vertex 6.049942785173655 -1.456749051824212 9.5692
    endloop
  endfacet
  facet normal 0 0 1
    outer loop
      vertex 6.158900000000001 -6.158900000000001 9.5692
      vertex 6.142882327854633 -1.266065610781312 9.5692
      vertex 6.098691672742367 -1.3630605588257314 9.5692
    endloop
  endfacet
  facet normal 0 0 1
    outer loop
      vertex 6.158900000000001 -6.158900000000001 9.5692
      vertex 6.158900000000001 -1.225528220363022 9.5692
      vertex 6.142882327854633 -1.266065610781312 9.5692
    endloop
  endfacet
  facet normal 0 0 1
    outer loop
      vertex 3.2578059349805115 -0.590996706917882 9.5692
      vertex 5.284006900966167 -0.9326699123829604 9.5692
      vertex 5.300881784275174 -0.8855197715014219 9.5692
    endloop
  endfacet
  facet normal 0 0 1
    outer loop
      vertex 3.2578059349805115 -0.590996706917882 9.5692
      vertex 5.300881784275174 -0.8855197715014219 9.5692
      vertex 5.317167921110988 -0.8362737453579903 9.5692
    endloop
  endfacet
  facet normal 0 0 1
    outer loop
      vertex 3.2578059349805115 -0.590996706917882 9.5692
      vertex 5.317167921110988 -0.8362737453579903 9.5692
      vertex 5.332865296304226 -0.7849318491220474 9.5692
    endloop
  endfacet
  facet normal 0 0 1
    outer loop
      vertex 3.2578059349805115 -0.590996706917882 9.5692
      vertex 5.332865296304226 -0.7849318491220474 9.5692
      vertex 5.347973925024271 -0.7314940827935934 9.5692
    endloop
  endfacet
  facet normal 0 0 1
    outer loop
      vertex 6.158900000000001 -0.7314940827935934 9.5692
      vertex 5.347973925024271 0.7586136007159948 9.5692
      vertex 5.347973925024271 -0.7314940827935934 9.5692
    endloop
  endfacet
  facet normal 0.9526404687211408 0 0.3040988940373921
    outer loop
      vertex 6.158900000000001 -0.7314940827935934 9.5692
      vertex 6.295462154492736 -0.7314940827935934 9.141396290692425
      vertex 6.158900000000001 0.7586136007159948 9.5692
    endloop
  endfacet
  facet normal 0 0 -1
    outer loop
      vertex -8.159150235294119 8.159150235294119 0
      vertex 9.212900000000001 9.212900000000001 0
      vertex 8.159150235294119 8.159150235294119 0
    endloop
  endfacet
  facet normal 0 1 0
    outer loop
      vertex -9.212900000000001 9.212900000000001 0.002036
      vertex 9.212900000000001 9.212900000000001 0.002036
      vertex 9.212900000000001 9.212900000000001 0
    endloop
  endfacet
  facet normal 0 0.9526404687211406 0.30409889403739326
    outer loop
      vertex -9.212900000000001 9.212900000000001 0.002036
      vertex 6.158900000000001 6.158900000000001 9.5692
      vertex 9.212900000000001 9.212900000000001 0.002036
    endloop
  endfacet
  facet normal 0 0 -1
    outer loop
      vertex 8.159150235294119 -8.159150235294119 0
      vertex 8.159150235294119 8.159150235294119 0
      vertex 9.212900000000001 9.212900000000001 0
    endloop
  endfacet
  facet normal 1 0 0
    outer loop
      vertex 9.212900000000001 -9.212900000000001 0.002036
      vertex 9.212900000000001 9.212900000000001 0
      vertex 9.212900000000001 9.212900000000001 0.002036
    endloop
  endfacet
  facet normal 0.9526404687211406 0 0.30409889403739326
    outer loop
      vertex 9.212900000000001 -9.212900000000001 0.002036
      vertex 9.212900000000001 9.212900000000001 0.002036
      vertex 6.158900000000001 6.158900000000001 9.5692
    endloop
  endfacet
  facet normal 0 0 1
    outer loop
      vertex -0.25953655341267584 0.503085419997573 9.5692
      vertex 0.5294948818981647 0.31366106800735 9.5692
      vertex -0.06839121226966381 1.6133577222377062 9.5692
    endloop
  endfacet
  facet normal 0 0 1
    outer loop
      vertex 0.5294948818981647 0.31366106800735 9.5692
      vertex 0.18440517510473728 1.556229131475091 9.5692
      vertex 0.14548862592875958 1.5691510710120202 9.5692
    endloop
  endfacet
  facet normal 0 0 1
    outer loop
      vertex 0.5294948818981647 0.31366106800735 9.5692
      vertex 0.22203523932397365 1.5419469837844373 9.5692
      vertex 0.18440517510473728 1.556229131475091 9.5692
    endloop
  endfacet
  facet normal 0 0 1
    outer loop
      vertex 0.5294948818981647 0.31366106800735 9.5692
      vertex 0.2583788337558508 1.5263046279400587 9.5692
      vertex 0.22203523932397365 1.5419469837844373 9.5692
    endloop
  endfacet
  facet normal 0 0 1
    outer loop
      vertex 0.5294948818981647 0.31366106800735 9.5692
      vertex 0.34320838485658167 1.4811197032630443 9.5692
      vertex 0.2934359584003687 1.5093020715266465 9.5692
    endloop
  endfacet
  facet normal 0 0 1
    outer loop
      vertex 0.5294948818981647 0.31366106800735 9.5692
      vertex 0.2934359584003687 1.5093020715266465 9.5692
      vertex 0.2583788337558508 1.5263046279400587 9.5692
    endloop
  endfacet
  facet normal 0 0 1
    outer loop
      vertex 0.5294948818981647 0.31366106800735 9.5692
      vertex 0.38930517143011095 1.4501068724095822 9.5692
      vertex 0.34320838485658167 1.4811197032630443 9.5692
    endloop
  endfacet
  facet normal 0 0 1
    outer loop
      vertex 0.5294948818981647 0.31366106800735 9.5692
      vertex 0.6090646848827601 1.153764157012105 9.5692
      vertex 0.5886974002420903 1.204590210825205 9.5692
    endloop
  endfacet
  facet normal 0 0 1
    outer loop
      vertex 0.5294948818981647 0.31366106800735 9.5692
      vertex 0.5886974002420903 1.204590210825205 9.5692
      vertex 0.5646544681340456 1.2525858096331357 9.5692
    endloop
  endfacet
  facet normal 0 0 1
    outer loop
      vertex 0.5294948818981647 0.31366106800735 9.5692
      vertex 0.5369358961433173 1.2977509458512069 9.5692
      vertex 0.5055416766852141 1.3400856194794177 9.5692
    endloop
  endfacet
  facet normal 0 0 1
    outer loop
      vertex 0.5294948818981647 0.31366106800735 9.5692
      vertex 0.5646544681340456 1.2525858096331357 9.5692
      vertex 0.5369358961433173 1.2977509458512069 9.5692
    endloop
  endfacet
  facet normal 0 0 1
    outer loop
      vertex 0.5294948818981647 0.31366106800735 9.5692
      vertex 0.4317263181209564 1.416263586550951 9.5692
      vertex 0.38930517143011095 1.4501068724095822 9.5692
    endloop
  endfacet
  facet normal 0 0 1
    outer loop
      vertex 0.5294948818981647 0.31366106800735 9.5692
      vertex 0.4704718173444271 1.3795898381024598 9.5692
      vertex 0.4317263181209564 1.416263586550951 9.5692
    endloop
  endfacet
  facet normal 0 0 1
    outer loop
      vertex 0.5294948818981647 0.31366106800735 9.5692
      vertex 0.5055416766852141 1.3400856194794177 9.5692
      vertex 0.4704718173444271 1.3795898381024598 9.5692
    endloop
  endfacet
  facet normal 0 0 1
    outer loop
      vertex 0.6078026074618101 0.2940516760349274 9.5692
      vertex 0.6537774170339108 0.9221553006917238 9.5692
      vertex 0.5294948818981647 0.31366106800735 9.5692
    endloop
  endfacet
  facet normal 0 0 1
    outer loop
      vertex 0.6830955472737551 0.27345019130408765 9.5692
      vertex 0.6537774170339108 0.9221553006917238 9.5692
      vertex 0.6078026074618101 0.2940516760349274 9.5692
    endloop
  endfacet
  facet normal 0 0 1
    outer loop
      vertex 0.7553736937493086 0.2518566062301397 9.5692
      vertex 0.6537774170339108 0.9221553006917238 9.5692
      vertex 0.6830955472737551 0.27345019130408765 9.5692
    endloop
  endfacet
  facet normal 0 0 1
    outer loop
      vertex 0.8246370620578528 0.22927092081308365 9.5692
      vertex 0.6537774170339108 0.9221553006917238 9.5692
      vertex 0.7553736937493086 0.2518566062301397 9.5692
    endloop
  endfacet
  facet normal 0 0 1
    outer loop
      vertex 0.8908856370300055 0.2056931350529194 9.5692
      vertex 0.6537774170339108 0.9221553006917238 9.5692
      vertex 0.8246370620578528 0.22927092081308365 9.5692
    endloop
  endfacet
  facet normal 0 0 1
    outer loop
      vertex 0.9541194338351489 0.18112324894964696 9.5692
      vertex 0.6537774170339108 0.9221553006917238 9.5692
      vertex 0.8908856370300055 0.2056931350529194 9.5692
    endloop
  endfacet
  facet normal 0 0 1
    outer loop
      vertex 1.0143384373039008 0.1555612700879574 9.5692
      vertex 0.6537774170339108 0.9221553006917238 9.5692
      vertex 0.9541194338351489 0.18112324894964696 9.5692
    endloop
  endfacet
  facet normal 0 0 1
    outer loop
      vertex 1.0715426550209521 0.12900719088315965 9.5692
      vertex 0.6537774170339108 0.9221553006917238 9.5692
      vertex 1.0143384373039008 0.1555612700879574 9.5692
    endloop
  endfacet
  facet normal 0 0 1
    outer loop
      vertex 1.1257320945709943 0.10146101891994476 9.5692
      vertex 0.6537774170339108 0.9221553006917238 9.5692
      vertex 1.0715426550209521 0.12900719088315965 9.5692
    endloop
  endfacet
  facet normal 0 0 1
    outer loop
      vertex 1.1769067407846452 0.07292274661362172 9.5692
      vertex 0.6537774170339108 0.9221553006917238 9.5692
      vertex 1.1257320945709943 0.10146101891994476 9.5692
    endloop
  endfacet
  facet normal 0 0 1
    outer loop
      vertex 1.2250666088312865 0.04339237396419048 9.5692
      vertex 0.6537774170339108 0.9221553006917238 9.5692
      vertex 1.1769067407846452 0.07292274661362172 9.5692
    endloop
  endfacet
  facet normal 0 0 1
    outer loop
      vertex 1.2702116835415362 0.012869900971651077 9.5692
      vertex 0.6537774170339108 0.9221553006917238 9.5692
      vertex 1.2250666088312865 0.04339237396419048 9.5692
    endloop
  endfacet
  facet normal 0 0 1
    outer loop
      vertex 0.5294948818981647 0.31366106800735 9.5692
      vertex 0.6537774170339108 0.9221553006917238 9.5692
      vertex 0.648112699508667 0.9843032048642636 9.5692
    endloop
  endfacet
  facet normal 0 0 1
    outer loop
      vertex 0.5294948818981647 0.31366106800735 9.5692
      vertex 0.648112699508667 0.9843032048642636 9.5692
      vertex 0.6387723345160484 1.0436206540316344 9.5692
    endloop
  endfacet
  facet normal 0 0 1
    outer loop
      vertex 0.5294948818981647 0.31366106800735 9.5692
      vertex 0.6387723345160484 1.0436206540316344 9.5692
      vertex 0.6257563296407461 1.1001076330244541 9.5692
    endloop
  endfacet
  facet normal 0 0 1
    outer loop
      vertex 0.5294948818981647 0.31366106800735 9.5692
      vertex 0.6257563296407461 1.1001076330244541 9.5692
      vertex 0.6090646848827601 1.153764157012105 9.5692
    endloop
  endfacet
  facet normal 0 0 1
    outer loop
      vertex -0.06839121226966381 1.6133577222377062 9.5692
      vertex 0.5294948818981647 0.31366106800735 9.5692
      vertex -0.023042291402816772 1.6072368007153273 9.5692
    endloop
  endfacet
  facet normal 0 0 1
    outer loop
      vertex -0.023042291402816772 1.6072368007153273 9.5692
      vertex 0.5294948818981647 0.31366106800735 9.5692
      vertex 0.02102015209197998 1.5997556786239147 9.5692
    endloop
  endfacet
  facet normal 0 0 1
    outer loop
      vertex 0.02102015209197998 1.5997556786239147 9.5692
      vertex 0.5294948818981647 0.31366106800735 9.5692
      vertex 0.06379611821472644 1.5909143483787775 9.5692
    endloop
  endfacet
  facet normal 0 0 1
    outer loop
      vertex 0.06379611821472644 1.5909143483787775 9.5692
      vertex 0.5294948818981647 0.31366106800735 9.5692
      vertex 0.10528561455011368 1.5807128099799157 9.5692
    endloop
  endfacet
  facet normal 0 0 1
    outer loop
      vertex 0.14548862592875958 1.5691510710120202 9.5692
      vertex 0.10528561455011368 1.5807128099799157 9.5692
      vertex 0.5294948818981647 0.31366106800735 9.5692
    endloop
  endfacet
  facet normal 0 0 1
    outer loop
      vertex 1.3729995683133602 -0.07004023787379265 9.5692
      vertex 1.5732757321894169 0.9221553006917238 9.5692
      vertex 1.3123419725000858 -0.018644672363996508 9.5692
    endloop
  endfacet
  facet normal 0 0 1
    outer loop
      vertex 1.2702116835415362 0.012869900971651077 9.5692
      vertex 1.3123419725000858 -0.018644672363996508 9.5692
      vertex 1.5732757321894169 0.9221553006917238 9.5692
    endloop
  endfacet
  facet normal 0 0 1
    outer loop
      vertex 1.6034984050989152 -0.3782981691807509 9.5692
      vertex 1.5732757321894169 0.9221553006917238 9.5692
      vertex 1.5671038567125797 -0.3098092357516289 9.5692
    endloop
  endfacet
  facet normal 0 0 1
    outer loop
      vertex 1.5671038567125797 -0.3098092357516289 9.5692
      vertex 1.5732757321894169 0.9221553006917238 9.5692
      vertex 1.5258566912561655 -0.24473897287249566 9.5692
    endloop
  endfacet
  facet normal 0 0 1
    outer loop
      vertex 1.4797569238990544 -0.18308738812804223 9.5692
      vertex 1.5732757321894169 0.9221553006917238 9.5692
      vertex 1.4288045470565558 -0.12485447393357754 9.5692
    endloop
  endfacet
  facet normal 0 0 1
    outer loop
      vertex 1.4288045470565558 -0.12485447393357754 9.5692
      vertex 1.5732757321894169 0.9221553006917238 9.5692
      vertex 1.3729995683133602 -0.07004023787379265 9.5692
    endloop
  endfacet
  facet normal 0 0 1
    outer loop
      vertex 1.5258566912561655 -0.24473897287249566 9.5692
      vertex 1.5732757321894169 0.9221553006917238 9.5692
      vertex 1.4797569238990544 -0.18308738812804223 9.5692
    endloop
  endfacet
  facet normal 0 0 1
    outer loop
      vertex 1.6350403515845537 -0.45020577315986154 9.5692
      vertex 1.5732757321894169 0.9221553006917238 9.5692
      vertex 1.6034984050989152 -0.3782981691807509 9.5692
    endloop
  endfacet
  facet normal 0 0 1
    outer loop
      vertex 0.6537774170339108 0.9221553006917238 9.5692
      vertex 1.2702116835415362 0.012869900971651077 9.5692
      vertex 1.5732757321894169 0.9221553006917238 9.5692
    endloop
  endfacet
  facet normal 0 0 1
    outer loop
      vertex 1.6350403515845537 -0.45020577315986154 9.5692
      vertex 2.247380728006363 0.31520072236657143 9.5692
      vertex 1.5732757321894169 0.9221553006917238 9.5692
    endloop
  endfacet
  facet normal 0 0 1
    outer loop
      vertex 1.6350403515845537 -0.45020577315986154 9.5692
      vertex 2.2359659045040607 0.14058113361895086 9.5692
      vertex 2.247380728006363 0.31520072236657143 9.5692
    endloop
  endfacet
  facet normal 0 0 1
    outer loop
      vertex 2.266405431315303 0.4833169163763523 9.5692
      vertex 1.5732757321894169 0.9221553006917238 9.5692
      vertex 2.247380728006363 0.31520072236657143 9.5692
    endloop
  endfacet
  facet normal 0 0 1
    outer loop
      vertex 2.2930400144308805 0.6449297156482935 9.5692
      vertex 1.5732757321894169 0.9221553006917238 9.5692
      vertex 2.266405431315303 0.4833169163763523 9.5692
    endloop
  endfacet
  facet normal 0 0 1
    outer loop
      vertex 2.327284484937787 0.800039120182395 9.5692
      vertex 1.5732757321894169 0.9221553006917238 9.5692
      vertex 2.2930400144308805 0.6449297156482935 9.5692
    endloop
  endfacet
  facet normal 0 0 1
    outer loop
      vertex 2.3691388276666405 0.9486451375633478 9.5692
      vertex 1.5732757321894169 0.9221553006917238 9.5692
      vertex 2.327284484937787 0.800039120182395 9.5692
    endloop
  endfacet
  facet normal 0 0 1
    outer loop
      vertex 2.4186030577868225 1.09074775262177 9.5692
      vertex 1.5732757321894169 0.9221553006917238 9.5692
      vertex 2.3691388276666405 0.9486451375633478 9.5692
    endloop
  endfacet
  facet normal 0 0 1
    outer loop
      vertex 2.475677167713642 1.2263469805270433 9.5692
      vertex 1.5732757321894169 0.9221553006917238 9.5692
      vertex 2.4186030577868225 1.09074775262177 9.5692
    endloop
  endfacet
  facet normal 0 0 1
    outer loop
      vertex 1.5732757321894169 0.9221553006917238 9.5692
      vertex 2.475677167713642 1.2263469805270433 9.5692
      vertex 2.5403611574470997 1.3554428136944772 9.5692
    endloop
  endfacet
  facet normal 0 0 1
    outer loop
      vertex 1.5732757321894169 0.9221553006917238 9.5692
      vertex 2.5403611574470997 1.3554428136944772 9.5692
      vertex 2.612655026987195 1.4780352521240712 9.5692
    endloop
  endfacet
  facet normal 0 0 1
    outer loop
      vertex 1.5732757321894169 0.9221553006917238 9.5692
      vertex 2.612655026987195 1.4780352521240712 9.5692
      vertex 2.6925587839186194 1.5941243034005166 9.5692
    endloop
  endfacet
  facet normal 0 0 1
    outer loop
      vertex 6.158900000000001 6.158900000000001 9.5692
      vertex -0.6910580772906542 2.380259410664439 9.5692
      vertex -0.5750920952111482 2.397106920823455 9.5692
    endloop
  endfacet
  facet normal 0 0 1
    outer loop
      vertex 6.158900000000001 6.158900000000001 9.5692
      vertex -0.5750920952111482 2.397106920823455 9.5692
      vertex -0.45416345736384395 2.409140852317214 9.5692
    endloop
  endfacet
  facet normal 0 0 1
    outer loop
      vertex 6.158900000000001 6.158900000000001 9.5692
      vertex -0.45416345736384395 2.409140852317214 9.5692
      vertex -0.3282721561640501 2.4163612127304077 9.5692
    endloop
  endfacet
  facet normal 0 0 1
    outer loop
      vertex 6.158900000000001 6.158900000000001 9.5692
      vertex -0.3282721561640501 2.4163612127304077 9.5692
      vertex -0.19741819161176682 2.418768002063036 9.5692
    endloop
  endfacet
  facet normal 0 0 1
    outer loop
      vertex 6.158900000000001 6.158900000000001 9.5692
      vertex -0.19741819161176682 2.418768002063036 9.5692
      vertex -0.08731698086857796 2.416499997407198 9.5692
    endloop
  endfacet
  facet normal 0 0 1
    outer loop
      vertex 6.158900000000001 6.158900000000001 9.5692
      vertex -0.08731698086857796 2.416499997407198 9.5692
      vertex 0.02026550567150116 2.409695991024375 9.5692
    endloop
  endfacet
  facet normal 0 0 1
    outer loop
      vertex 6.158900000000001 6.158900000000001 9.5692
      vertex 0.02026550567150116 2.409695991024375 9.5692
      vertex 0.1253292452543974 2.398355982914567 9.5692
    endloop
  endfacet
  facet normal 0 0 1
    outer loop
      vertex 6.158900000000001 6.158900000000001 9.5692
      vertex 0.1253292452543974 2.398355982914567 9.5692
      vertex 0.22787425304949285 2.382479973077774 9.5692
    endloop
  endfacet
  facet normal 0 0 1
    outer loop
      vertex 6.158900000000001 6.158900000000001 9.5692
      vertex 0.22787425304949285 2.382479973077774 9.5692
      vertex 0.3279005290567875 2.362067961513996 9.5692
    endloop
  endfacet
  facet normal 0 0 1
    outer loop
      vertex 1.5732757321894169 0.9221553006917238 9.5692
      vertex 2.6925587839186194 1.5941243034005166 9.5692
      vertex 2.780072420656681 1.7037099523544312 9.5692
    endloop
  endfacet
  facet normal 0 0 1
    outer loop
      vertex 1.5732757321894169 0.9221553006917238 9.5692
      vertex 2.780072420656681 1.7037099523544312 9.5692
      vertex 2.8751959372013807 1.8067922065705062 9.5692
    endloop
  endfacet
  facet normal 0 0 1
    outer loop
      vertex 1.5732757321894169 0.9221553006917238 9.5692
      vertex 2.8751959372013807 1.8067922065705062 9.5692
      vertex 2.9630215626209977 1.8903819033950569 9.5692
    endloop
  endfacet
  facet normal 0 0 1
    outer loop
      vertex 1.5732757321894169 0.9221553006917238 9.5692
      vertex 2.9630215626209977 1.8903819033950569 9.5692
      vertex 3.0544501969218256 1.9672844284176827 9.5692
    endloop
  endfacet
  facet normal 0 0 1
    outer loop
      vertex 1.5732757321894169 0.9221553006917238 9.5692
      vertex 3.0544501969218256 1.9672844284176827 9.5692
      vertex 3.1494818173497916 2.0374997740536926 9.5692
    endloop
  endfacet
  facet normal 0 0 1
    outer loop
      vertex 5.347973925024271 -0.7314940827935934 9.5692
      vertex 3.255278253257275 0.4839268089681864 9.5692
      vertex 3.2392330972254277 0.38414341752231124 9.5692
    endloop
  endfacet
  facet normal 0 0 1
    outer loop
      vertex 5.347973925024271 -0.7314940827935934 9.5692
      vertex 3.274888995304704 0.5795791756808758 9.5692
      vertex 3.255278253257275 0.4839268089681864 9.5692
    endloop
  endfacet
  facet normal 0 0 1
    outer loop
      vertex 5.347973925024271 -0.7314940827935934 9.5692
      vertex 3.298065330952406 0.6711005100756884 9.5692
      vertex 3.274888995304704 0.5795791756808758 9.5692
    endloop
  endfacet
  facet normal 0 0 1
    outer loop
      vertex 5.347973925024271 -0.7314940827935934 9.5692
      vertex 3.3248072602003815 0.758490804567933 9.5692
      vertex 3.298065330952406 0.6711005100756884 9.5692
    endloop
  endfacet
  facet normal 0 0 1
    outer loop
      vertex 5.347973925024271 -0.7314940827935934 9.5692
      vertex 3.3551147754639388 0.841750074326992 9.5692
      vertex 3.3248072602003815 0.758490804567933 9.5692
    endloop
  endfacet
  facet normal 0 0 1
    outer loop
      vertex 5.347973925024271 -0.7314940827935934 9.5692
      vertex 3.3889878843277694 0.9208783117681741 9.5692
      vertex 3.3551147754639388 0.841750074326992 9.5692
    endloop
  endfacet
  facet normal 0 0 1
    outer loop
      vertex 5.347973925024271 -0.7314940827935934 9.5692
      vertex 3.426426579207182 0.9958755168914795 9.5692
      vertex 3.3889878843277694 0.9208783117681741 9.5692
    endloop
  endfacet
  facet normal 0 0 1
    outer loop
      vertex 5.347973925024271 -0.7314940827935934 9.5692
      vertex 3.467430867686868 1.066741689696908 9.5692
      vertex 3.426426579207182 0.9958755168914795 9.5692
    endloop
  endfacet
  facet normal 0 0 1
    outer loop
      vertex 5.347973925024271 -0.7314940827935934 9.5692
      vertex 3.5120007421821358 1.1334768301844598 9.5692
      vertex 3.467430867686868 1.066741689696908 9.5692
    endloop
  endfacet
  facet normal 0 0 1
    outer loop
      vertex 5.347973925024271 -0.7314940827935934 9.5692
      vertex 3.5596656408756973 1.1956659343987703 9.5692
      vertex 3.5120007421821358 1.1334768301844598 9.5692
    endloop
  endfacet
  facet normal 0 0 1
    outer loop
      vertex 5.347973925024271 -0.7314940827935934 9.5692
      vertex 3.6099409020096065 1.2528799136132003 9.5692
      vertex 3.5596656408756973 1.1956659343987703 9.5692
    endloop
  endfacet
  facet normal 0 0 1
    outer loop
      vertex 5.347973925024271 -0.7314940827935934 9.5692
      vertex 3.6628265104144813 1.3051187678277494 9.5692
      vertex 3.6099409020096065 1.2528799136132003 9.5692
    endloop
  endfacet
  facet normal 0 0 1
    outer loop
      vertex 5.347973925024271 -0.7314940827935934 9.5692
      vertex 3.7183224812597038 1.3523824894577265 9.5692
      vertex 3.6628265104144813 1.3051187678277494 9.5692
    endloop
  endfacet
  facet normal 0 0 1
    outer loop
      vertex 5.347973925024271 -0.7314940827935934 9.5692
      vertex 3.776428806960583 1.3946710860878229 9.5692
      vertex 3.7183224812597038 1.3523824894577265 9.5692
    endloop
  endfacet
  facet normal 0 0 1
    outer loop
      vertex 5.347973925024271 -0.7314940827935934 9.5692
      vertex 3.8371454875171187 1.4319845501333475 9.5692
      vertex 3.776428806960583 1.3946710860878229 9.5692
    endloop
  endfacet
  facet normal 0 0 1
    outer loop
      vertex 5.347973925024271 -0.7314940827935934 9.5692
      vertex 3.9004725229293107 1.4643228815943004 9.5692
      vertex 3.8371454875171187 1.4319845501333475 9.5692
    endloop
  endfacet
  facet normal 0 0 1
    outer loop
      vertex 5.347973925024271 -0.7314940827935934 9.5692
      vertex 3.966409920781851 1.4916860956400633 9.5692
      vertex 3.9004725229293107 1.4643228815943004 9.5692
    endloop
  endfacet
  facet normal 0 0 1
    outer loop
      vertex 5.347973925024271 -0.7314940827935934 9.5692
      vertex 4.034957673490047 1.5140741695165634 9.5692
      vertex 3.966409920781851 1.4916860956400633 9.5692
    endloop
  endfacet
  facet normal 0 0 1
    outer loop
      vertex 5.347973925024271 -0.7314940827935934 9.5692
      vertex 4.106115788638592 1.5314871183931829 9.5692
      vertex 4.034957673490047 1.5140741695165634 9.5692
    endloop
  endfacet
  facet normal 0 0 1
    outer loop
      vertex 5.347973925024271 -0.7314940827935934 9.5692
      vertex 4.179884251058102 1.5439249422699213 9.5692
      vertex 4.106115788638592 1.5314871183931829 9.5692
    endloop
  endfacet
  facet normal 0 0 1
    outer loop
      vertex 5.347973925024271 -0.7314940827935934 9.5692
      vertex 4.25626307591796 1.551387633562088 9.5692
      vertex 4.179884251058102 1.5439249422699213 9.5692
    endloop
  endfacet
  facet normal 0 0 1
    outer loop
      vertex 6.158900000000001 6.158900000000001 9.5692
      vertex 0.9575597890168429 2.092175771534443 9.5692
      vertex 1.0374361652135848 2.0354757309854032 9.5692
    endloop
  endfacet
  facet normal 0 0 1
    outer loop
      vertex 6.158900000000001 6.158900000000001 9.5692
      vertex 1.1831629276871682 1.9093328835070134 9.5692
      vertex 1.247395863428712 1.8401063767969608 9.5692
    endloop
  endfacet
  facet normal 0 0 1
    outer loop
      vertex 6.158900000000001 6.158900000000001 9.5692
      vertex 1.0374361652135848 2.0354757309854032 9.5692
      vertex 1.1131763590872288 1.9744559965133668 9.5692
    endloop
  endfacet
  facet normal 0 0 1
    outer loop
      vertex 6.158900000000001 6.158900000000001 9.5692
      vertex 1.1131763590872288 1.9744559965133668 9.5692
      vertex 1.1831629276871682 1.9093328835070134 9.5692
    endloop
  endfacet
  facet normal 0 0 1
    outer loop
      vertex 6.158900000000001 6.158900000000001 9.5692
      vertex 1.5665790719389916 1.0324156306684018 9.5692
      vertex 1.5732757321894169 0.9221553006917238 9.5692
    endloop
  endfacet
  facet normal 0 0 1
    outer loop
      vertex 6.158900000000001 6.158900000000001 9.5692
      vertex 1.5541287788301708 1.1385725821107626 9.5692
      vertex 1.5665790719389916 1.0324156306684018 9.5692
    endloop
  endfacet
  facet normal 0 0 1
    outer loop
      vertex 6.158900000000001 6.158900000000001 9.5692
      vertex 1.5359248604476452 1.2406261474341154 9.5692
      vertex 1.5541287788301708 1.1385725821107626 9.5692
    endloop
  endfacet
  facet normal 0 0 1
    outer loop
      vertex 6.158900000000001 6.158900000000001 9.5692
      vertex 1.358600859090686 1.6893432277739049 9.5692
      vertex 1.405572911426425 1.6078065778762103 9.5692
    endloop
  endfacet
  facet normal 0 0 1
    outer loop
      vertex 6.158900000000001 6.158900000000001 9.5692
      vertex 1.405572911426425 1.6078065778762103 9.5692
      vertex 1.4467913460731507 1.5221665494441987 9.5692
    endloop
  endfacet
  facet normal 0 0 1
    outer loop
      vertex 6.158900000000001 6.158900000000001 9.5692
      vertex 1.5119673167914152 1.3385763342231511 9.5692
      vertex 1.5359248604476452 1.2406261474341154 9.5692
    endloop
  endfacet
  facet normal 0 0 1
    outer loop
      vertex 6.158900000000001 6.158900000000001 9.5692
      vertex 1.4822561478614806 1.432423134893179 9.5692
      vertex 1.5119673167914152 1.3385763342231511 9.5692
    endloop
  endfacet
  facet normal 0 0 1
    outer loop
      vertex 6.158900000000001 6.158900000000001 9.5692
      vertex 1.4467913460731507 1.5221665494441987 9.5692
      vertex 1.4822561478614806 1.432423134893179 9.5692
    endloop
  endfacet
  facet normal 0 0 1
    outer loop
      vertex 6.158900000000001 6.158900000000001 9.5692
      vertex 1.305875173896551 1.7667764991372823 9.5692
      vertex 1.358600859090686 1.6893432277739049 9.5692
    endloop
  endfacet
  facet normal 0 0 1
    outer loop
      vertex 6.158900000000001 6.158900000000001 9.5692
      vertex 1.247395863428712 1.8401063767969608 9.5692
      vertex 1.305875173896551 1.7667764991372823 9.5692
    endloop
  endfacet
  facet normal 0 0 1
    outer loop
      vertex 6.158900000000001 6.158900000000001 9.5692
      vertex 0.5203968553692102 2.3076359180361035 9.5692
      vertex 0.6128669132590294 2.2736159012913704 9.5692
    endloop
  endfacet
  facet normal 0 0 1
    outer loop
      vertex 6.158900000000001 6.158900000000001 9.5692
      vertex 0.3279005290567875 2.362067961513996 9.5692
      vertex 0.42540805810689925 2.337119940638542 9.5692
    endloop
  endfacet
  facet normal 0 0 1
    outer loop
      vertex 6.158900000000001 6.158900000000001 9.5692
      vertex 0.42540805810689925 2.337119940638542 9.5692
      vertex 0.5203968553692102 2.3076359180361035 9.5692
    endloop
  endfacet
  facet normal 0 0 1
    outer loop
      vertex 6.158900000000001 6.158900000000001 9.5692
      vertex 0.6128669132590294 2.2736159012913704 9.5692
      vertex 0.7028182393610477 2.2350598676502704 9.5692
    endloop
  endfacet
  facet normal 0 0 1
    outer loop
      vertex 6.158900000000001 6.158900000000001 9.5692
      vertex 0.7028182393610477 2.2350598676502704 9.5692
      vertex 0.7902508260905743 2.1919678398668765 9.5692
    endloop
  endfacet
  facet normal 0 0 1
    outer loop
      vertex 6.158900000000001 6.158900000000001 9.5692
      vertex 0.7902508260905743 2.1919678398668765 9.5692
      vertex 0.875164673447609 2.144339810356498 9.5692
    endloop
  endfacet
  facet normal 0 0 1
    outer loop
      vertex 6.158900000000001 6.158900000000001 9.5692
      vertex 0.875164673447609 2.144339810356498 9.5692
      vertex 0.9575597890168429 2.092175771534443 9.5692
    endloop
  endfacet
  facet normal 0 0 1
    outer loop
      vertex 6.158900000000001 6.158900000000001 9.5692
      vertex 1.5732757321894169 0.9221553006917238 9.5692
      vertex 3.1494818173497916 2.0374997740536926 9.5692
    endloop
  endfacet
  facet normal 0 0 1
    outer loop
      vertex 6.158900000000001 6.158900000000001 9.5692
      vertex 3.1494818173497916 2.0374997740536926 9.5692
      vertex 3.248116439074278 2.101027940303087 9.5692
    endloop
  endfacet
  facet normal 0 0 1
    outer loop
      vertex 6.158900000000001 6.158900000000001 9.5692
      vertex 3.248116439074278 2.101027940303087 9.5692
      vertex 3.3503540620952843 2.157868934750557 9.5692
    endloop
  endfacet
  facet normal 0 0 1
    outer loop
      vertex 6.158900000000001 6.158900000000001 9.5692
      vertex 3.3503540620952843 2.157868934750557 9.5692
      vertex 3.4561946788281204 2.208022757396102 9.5692
    endloop
  endfacet
  facet normal 0 0 1
    outer loop
      vertex 6.158900000000001 6.158900000000001 9.5692
      vertex 3.4561946788281204 2.208022757396102 9.5692
      vertex 3.565638289272785 2.25148939307034 9.5692
    endloop
  endfacet
  facet normal 0 0 1
    outer loop
      vertex 6.158900000000001 6.158900000000001 9.5692
      vertex 3.565638289272785 2.25148939307034 9.5692
      vertex 3.6786849010139706 2.288268864527345 9.5692
    endloop
  endfacet
  facet normal 0 0 1
    outer loop
      vertex 6.158900000000001 6.158900000000001 9.5692
      vertex 3.6786849010139706 2.288268864527345 9.5692
      vertex 3.795334514051676 2.3183611565977333 9.5692
    endloop
  endfacet
  facet normal 0 0 1
    outer loop
      vertex 5.347973925024271 -0.7314940827935934 9.5692
      vertex 4.335252255633473 1.553875199854374 9.5692
      vertex 4.25626307591796 1.551387633562088 9.5692
    endloop
  endfacet
  facet normal 0 0 1
    outer loop
      vertex 5.347973925024271 -0.7314940827935934 9.5692
      vertex 4.41261992700398 1.5521105683892966 9.5692
      vertex 4.335252255633473 1.553875199854374 9.5692
    endloop
  endfacet
  facet normal 0 0 1
    outer loop
      vertex 5.347973925024271 -0.7314940827935934 9.5692
      vertex 4.4870096742212775 1.5468166664093732 9.5692
      vertex 4.41261992700398 1.5521105683892966 9.5692
    endloop
  endfacet
  facet normal 0 0 1
    outer loop
      vertex 5.347973925024271 -0.7314940827935934 9.5692
      vertex 4.558421497285366 1.5379934939146043 9.5692
      vertex 4.4870096742212775 1.5468166664093732 9.5692
    endloop
  endfacet
  facet normal 0 0 1
    outer loop
      vertex 5.347973925024271 -0.7314940827935934 9.5692
      vertex 4.6268554037809375 1.5256410584896802 9.5692
      vertex 4.558421497285366 1.5379934939146043 9.5692
    endloop
  endfacet
  facet normal 0 0 1
    outer loop
      vertex 5.347973925024271 -0.7314940827935934 9.5692
      vertex 4.6923113861233 1.5097593601346015 9.5692
      vertex 4.6268554037809375 1.5256410584896802 9.5692
    endloop
  endfacet
  facet normal 0 0 1
    outer loop
      vertex 5.347973925024271 -0.7314940827935934 9.5692
      vertex 4.754789451897144 1.490348383679986 9.5692
      vertex 4.6923113861233 1.5097593601346015 9.5692
    endloop
  endfacet
  facet normal 0 0 1
    outer loop
      vertex 5.347973925024271 -0.7314940827935934 9.5692
      vertex 4.81428959351778 1.4674081442952156 9.5692
      vertex 4.754789451897144 1.490348383679986 9.5692
    endloop
  endfacet
  facet normal 0 0 1
    outer loop
      vertex 5.347973925024271 -0.7314940827935934 9.5692
      vertex 4.870811810985208 1.4409386419802905 9.5692
      vertex 4.81428959351778 1.4674081442952156 9.5692
    endloop
  endfacet
  facet normal 0 0 1
    outer loop
      vertex 5.347973925024271 -0.7314940827935934 9.5692
      vertex 4.9243561118841175 1.4109398691505195 9.5692
      vertex 4.870811810985208 1.4409386419802905 9.5692
    endloop
  endfacet
  facet normal 0 0 1
    outer loop
      vertex 5.347973925024271 -0.7314940827935934 9.5692
      vertex 4.974922496214509 1.3774118258059025 9.5692
      vertex 4.9243561118841175 1.4109398691505195 9.5692
    endloop
  endfacet
  facet normal 0 0 1
    outer loop
      vertex 5.347973925024271 -0.7314940827935934 9.5692
      vertex 5.067121492415667 1.2997679427415132 9.5692
      vertex 5.022510948807001 1.3403545195311308 9.5692
    endloop
  endfacet
  facet normal 0 0 1
    outer loop
      vertex 5.347973925024271 -0.7314940827935934 9.5692
      vertex 5.108754104286432 1.255652103021741 9.5692
      vertex 5.067121492415667 1.2997679427415132 9.5692
    endloop
  endfacet
  facet normal 0 0 1
    outer loop
      vertex 5.347973925024271 -0.7314940827935934 9.5692
      vertex 5.022510948807001 1.3403545195311308 9.5692
      vertex 4.974922496214509 1.3774118258059025 9.5692
    endloop
  endfacet
  facet normal 0 0 1
    outer loop
      vertex 5.347973925024271 -0.7314940827935934 9.5692
      vertex 5.347973925024271 0.7586136007159948 9.5692
      vertex 5.333319604128599 0.8083166348338128 9.5692
    endloop
  endfacet
  facet normal 0 0 1
    outer loop
      vertex 5.347973925024271 -0.7314940827935934 9.5692
      vertex 5.318040752187371 0.8561081220209599 9.5692
      vertex 5.302137361615896 0.9019880546927452 9.5692
    endloop
  endfacet
  facet normal 0 0 1
    outer loop
      vertex 5.347973925024271 -0.7314940827935934 9.5692
      vertex 5.268456979751587 0.9880132716596127 9.5692
      vertex 5.250679988458753 1.0281585559546949 9.5692
    endloop
  endfacet
  facet normal 0 0 1
    outer loop
      vertex 5.347973925024271 -0.7314940827935934 9.5692
      vertex 5.302137361615896 0.9019880546927452 9.5692
      vertex 5.285609439998865 0.9459564404338598 9.5692
    endloop
  endfacet
  facet normal 0 0 1
    outer loop
      vertex 5.347973925024271 -0.7314940827935934 9.5692
      vertex 5.285609439998865 0.9459564404338598 9.5692
      vertex 5.268456979751587 0.9880132716596127 9.5692
    endloop
  endfacet
  facet normal 0 0 1
    outer loop
      vertex 5.347973925024271 -0.7314940827935934 9.5692
      vertex 5.213252405151725 1.1027144685834647 9.5692
      vertex 5.193601813137532 1.1371250969171525 9.5692
    endloop
  endfacet
  facet normal 0 0 1
    outer loop
      vertex 5.347973925024271 -0.7314940827935934 9.5692
      vertex 5.152427028387785 1.2002116976231336 9.5692
      vertex 5.130902835652233 1.2288876775801183 9.5692
    endloop
  endfacet
  facet normal 0 0 1
    outer loop
      vertex 5.347973925024271 -0.7314940827935934 9.5692
      vertex 5.193601813137532 1.1371250969171525 9.5692
      vertex 5.173326690077782 1.1696241707354784 9.5692
    endloop
  endfacet
  facet normal 0 0 1
    outer loop
      vertex 5.347973925024271 -0.7314940827935934 9.5692
      vertex 5.173326690077782 1.1696241707354784 9.5692
      vertex 5.152427028387785 1.2002116976231336 9.5692
    endloop
  endfacet
  facet normal 0 0 1
    outer loop
      vertex 5.347973925024271 -0.7314940827935934 9.5692
      vertex 5.250679988458753 1.0281585559546949 9.5692
      vertex 5.232278466120363 1.066392285734415 9.5692
    endloop
  endfacet
  facet normal 0 0 1
    outer loop
      vertex 5.347973925024271 -0.7314940827935934 9.5692
      vertex 5.232278466120363 1.066392285734415 9.5692
      vertex 5.213252405151725 1.1027144685834647 9.5692
    endloop
  endfacet
  facet normal 0 0 1
    outer loop
      vertex 5.347973925024271 -0.7314940827935934 9.5692
      vertex 5.333319604128599 0.8083166348338128 9.5692
      vertex 5.318040752187371 0.8561081220209599 9.5692
    endloop
  endfacet
  facet normal 0 0 1
    outer loop
      vertex 5.347973925024271 -0.7314940827935934 9.5692
      vertex 5.130902835652233 1.2288876775801183 9.5692
      vertex 5.108754104286432 1.255652103021741 9.5692
    endloop
  endfacet
  facet normal 0 0 1
    outer loop
      vertex 6.158900000000001 0.7586136007159948 9.5692
      vertex 5.347973925024271 0.7586136007159948 9.5692
      vertex 6.158900000000001 -0.7314940827935934 9.5692
    endloop
  endfacet
  facet normal 0.9526404687211405 -3.5410450374567473e-16 0.3040988940373932
    outer loop
      vertex 6.295462154492736 -0.7314940827935934 9.141396290692425
      vertex 6.30476158490777 0.7586136007159948 9.112264275012262
      vertex 6.158900000000001 0.7586136007159948 9.5692
    endloop
  endfacet
  facet normal 0 0 1
    outer loop
      vertex 6.158900000000001 6.158900000000001 9.5692
      vertex 5.484967780411243 2.0844688456058504 9.5692
      vertex 5.600257723808289 2.008130955323577 9.5692
    endloop
  endfacet
  facet normal 0 0 1
    outer loop
      vertex 6.158900000000001 6.158900000000001 9.5692
      vertex 3.795334514051676 2.3183611565977333 9.5692
      vertex 3.915587113216519 2.3417662692815067 9.5692
    endloop
  endfacet
  facet normal 0 0 1
    outer loop
      vertex 6.158900000000001 6.158900000000001 9.5692
      vertex 3.915587113216519 2.3417662692815067 9.5692
      vertex 4.039442721262574 2.358484210163355 9.5692
    endloop
  endfacet
  facet normal 0 0 1
    outer loop
      vertex 6.158900000000001 6.158900000000001 9.5692
      vertex 4.039442721262574 2.358484210163355 9.5692
      vertex 4.1669013154357675 2.3685149716585876 9.5692
    endloop
  endfacet
  facet normal 0 0 1
    outer loop
      vertex 6.158900000000001 6.158900000000001 9.5692
      vertex 4.1669013154357675 2.3685149716585876 9.5692
      vertex 4.297962918490171 2.371858561351895 9.5692
    endloop
  endfacet
  facet normal 0 0 1
    outer loop
      vertex 6.158900000000001 6.158900000000001 9.5692
      vertex 4.297962918490171 2.371858561351895 9.5692
      vertex 4.47207181482017 2.3673680981099605 9.5692
    endloop
  endfacet
  facet normal 0 0 1
    outer loop
      vertex 6.158900000000001 6.158900000000001 9.5692
      vertex 4.47207181482017 2.3673680981099605 9.5692
      vertex 4.638828346773982 2.3538967007994653 9.5692
    endloop
  endfacet
  facet normal 0 0 1
    outer loop
      vertex 6.158900000000001 6.158900000000001 9.5692
      vertex 4.798232514351606 2.3314443845897914 9.5692
      vertex 4.950284302383661 2.300011134311557 9.5692
    endloop
  endfacet
  facet normal 0 0 1
    outer loop
      vertex 6.158900000000001 6.158900000000001 9.5692
      vertex 4.638828346773982 2.3538967007994653 9.5692
      vertex 4.798232514351606 2.3314443845897914 9.5692
    endloop
  endfacet
  facet normal 0 0 1
    outer loop
      vertex 6.158900000000001 6.158900000000001 9.5692
      vertex 4.950284302383661 2.300011134311557 9.5692
      vertex 5.094983726039529 2.2595969499647617 9.5692
    endloop
  endfacet
  facet normal 0 0 1
    outer loop
      vertex 6.158900000000001 6.158900000000001 9.5692
      vertex 5.094983726039529 2.2595969499647617 9.5692
      vertex 5.232330777734518 2.210201846718788 9.5692
    endloop
  endfacet
  facet normal 0 0 1
    outer loop
      vertex 6.158900000000001 6.158900000000001 9.5692
      vertex 5.232330777734518 2.210201846718788 9.5692
      vertex 5.36232546505332 2.151825809404254 9.5692
    endloop
  endfacet
  facet normal 0 0 1
    outer loop
      vertex 6.158900000000001 6.158900000000001 9.5692
      vertex 5.36232546505332 2.151825809404254 9.5692
      vertex 5.484967780411243 2.0844688456058504 9.5692
    endloop
  endfacet
  facet normal 0.9526404687211458 1.5625431353299556e-15 0.30409889403737655
    outer loop
      vertex 6.158900000000001 6.158900000000001 9.5692
      vertex 6.299796486869455 0.8245480177849531 9.127818272133625
      vertex 6.30476158490777 0.7586136007159948 9.112264275012262
    endloop
  endfacet
  facet normal 0.9526404687211406 -3.2481303401249825e-17 0.304098894037393
    outer loop
      vertex 6.158900000000001 6.158900000000001 9.5692
      vertex 6.291596495345235 0.8904466502815486 9.153506112248497
      vertex 6.299796486869455 0.8245480177849531 9.127818272133625
    endloop
  endfacet
  facet normal 0.9526404687211427 6.706007263682594e-16 0.3040988940373863
    outer loop
      vertex 6.158900000000001 6.158900000000001 9.5692
      vertex 6.280161617919803 0.956309498205781 9.189327771596568
      vertex 6.291596495345235 0.8904466502815486 9.153506112248497
    endloop
  endfacet
  facet normal 0.9526404687211409 1.8230079687731095e-16 0.3040988940373919
    outer loop
      vertex 6.158900000000001 6.158900000000001 9.5692
      vertex 6.265491847008467 1.0221365767270327 9.235283273938148
      vertex 6.280161617919803 0.956309498205781 9.189327771596568
    endloop
  endfacet
  facet normal 0.9526404687211367 -7.64925944252983e-16 0.3040988940374049
    outer loop
      vertex 6.158900000000001 6.158900000000001 9.5692
      vertex 6.247587182611227 1.0879278630912304 9.291372619273233
      vertex 6.265491847008467 1.0221365767270327 9.235283273938148
    endloop
  endfacet
  facet normal 0.9526404687211428 3.9825409493560387e-16 0.3040988940373859
    outer loop
      vertex 6.158900000000001 6.158900000000001 9.5692
      vertex 6.226447624728084 1.1536833800524473 9.357595807601827
      vertex 6.247587182611227 1.0879278630912304 9.291372619273233
    endloop
  endfacet
  facet normal 0.9526404687211393 -1.2708807787548641e-16 0.30409889403739704
    outer loop
      vertex 6.158900000000001 6.158900000000001 9.5692
      vertex 6.202073180943728 1.2194031048566103 9.433952815163618
      vertex 6.226447624728084 1.1536833800524473 9.357595807601827
    endloop
  endfacet
  facet normal 0 0 1
    outer loop
      vertex 6.158900000000001 6.158900000000001 9.5692
      vertex 5.902013344988227 1.7252317028194666 9.5692
      vertex 5.987893815711141 1.6129700990170242 9.5692
    endloop
  endfacet
  facet normal 0 0 1
    outer loop
      vertex 6.158900000000001 6.158900000000001 9.5692
      vertex 5.7081953028291466 1.922812130972743 9.5692
      vertex 5.808780509889126 1.8285123877227307 9.5692
    endloop
  endfacet
  facet normal 0 0 1
    outer loop
      vertex 6.158900000000001 6.158900000000001 9.5692
      vertex 5.600257723808289 2.008130955323577 9.5692
      vertex 5.7081953028291466 1.922812130972743 9.5692
    endloop
  endfacet
  facet normal 0 0 1
    outer loop
      vertex 6.158900000000001 6.158900000000001 9.5692
      vertex 5.808780509889126 1.8285123877227307 9.5692
      vertex 5.902013344988227 1.7252317028194666 9.5692
    endloop
  endfacet
  facet normal 0 0 1
    outer loop
      vertex 6.158900000000001 6.158900000000001 9.5692
      vertex 6.07222650128603 1.4819242266118526 9.5692
      vertex 6.1095405114293095 1.4163476173430682 9.5692
    endloop
  endfacet
  facet normal 0.9526404687211393 -1.2703441505522784e-16 0.3040988940373972
    outer loop
      vertex 6.158900000000001 6.158900000000001 9.5692
      vertex 6.174463851258158 1.2850870602577924 9.520443641958611
      vertex 6.202073180943728 1.2194031048566103 9.433952815163618
    endloop
  endfacet
  facet normal 0 0 1
    outer loop
      vertex 6.158900000000001 6.158900000000001 9.5692
      vertex 6.143619620501995 1.3507352310866119 9.5692
      vertex 6.158900000000001 1.3182128131490591 9.5692
    endloop
  endfacet
  facet normal 0.9526404687211428 0 0.3040988940373856
    outer loop
      vertex 6.158900000000001 6.158900000000001 9.5692
      vertex 6.158900000000001 1.3182128131490591 9.5692
      vertex 6.174463851258158 1.2850870602577924 9.520443641958611
    endloop
  endfacet
  facet normal 0 0 1
    outer loop
      vertex 6.158900000000001 6.158900000000001 9.5692
      vertex 6.1095405114293095 1.4163476173430682 9.5692
      vertex 6.143619620501995 1.3507352310866119 9.5692
    endloop
  endfacet
  facet normal 0 0 1
    outer loop
      vertex 6.158900000000001 6.158900000000001 9.5692
      vertex 6.031677605241537 1.5474650513082744 9.5692
      vertex 6.07222650128603 1.4819242266118526 9.5692
    endloop
  endfacet
  facet normal 0 0 1
    outer loop
      vertex 6.158900000000001 6.158900000000001 9.5692
      vertex 5.987893815711141 1.6129700990170242 9.5692
      vertex 6.031677605241537 1.5474650513082744 9.5692
    endloop
  endfacet
  facet normal 0 0.9429903335828896 -0.3328201177351375
    outer loop
      vertex -8.159150235294119 -8.159150235294119 0
      vertex -5.140900000000001 -5.140900000000001 8.551709
      vertex 8.159150235294119 -8.159150235294119 0
    endloop
  endfacet
  facet normal 0.9429903335828895 -1.5465358717178384e-17 -0.3328201177351374
    outer loop
      vertex -8.159150235294119 -8.159150235294119 0
      vertex -5.140900000000001 5.140900000000001 8.551709
      vertex -5.140900000000001 -5.140900000000001 8.551709
    endloop
  endfacet
  facet normal 0 0 -1
    outer loop
      vertex -5.140900000000001 -5.140900000000001 8.551709
      vertex -2.0869 -1.35903 8.551709
      vertex -1.35903 -2.0869 8.551709
    endloop
  endfacet
  facet normal 0 0 -1
    outer loop
      vertex -5.140900000000001 -5.140900000000001 8.551709
      vertex -5.140900000000001 5.140900000000001 8.551709
      vertex -2.0869 -1.35903 8.551709
    endloop
  endfacet
  facet normal 0 0 -1
    outer loop
      vertex -5.140900000000001 -5.140900000000001 8.551709
      vertex -1.35903 -2.0869 8.551709
      vertex 1.35903 -2.0869 8.551709
    endloop
  endfacet
  facet normal 0 0 -1
    outer loop
      vertex -2.0869 -1.35903 8.551709
      vertex -1.35903 -1.35903 8.551709
      vertex -1.35903 -2.0869 8.551709
    endloop
  endfacet
  facet normal 0.9429903335828896 0 -0.3328201177351375
    outer loop
      vertex -8.159150235294119 -8.159150235294119 0
      vertex -8.159150235294119 8.159150235294119 0
      vertex -5.140900000000001 5.140900000000001 8.551709
    endloop
  endfacet
  facet normal 0 0 -1
    outer loop
      vertex -2.0869 -1.35903 8.551709
      vertex -5.140900000000001 5.140900000000001 8.551709
      vertex -2.0869 1.35903 8.551709
    endloop
  endfacet
  facet normal 0 0 -1
    outer loop
      vertex -5.140900000000001 5.140900000000001 8.551709
      vertex -1.3590300000000004 1.35903 8.551709
      vertex -2.0869 1.35903 8.551709
    endloop
  endfacet
  facet normal 0 0 -1
    outer loop
      vertex -5.140900000000001 5.140900000000001 8.551709
      vertex -1.35903 2.0869 8.551709
      vertex -1.3590300000000004 1.35903 8.551709
    endloop
  endfacet
  facet normal 0 0 -1
    outer loop
      vertex -5.140900000000001 5.140900000000001 8.551709
      vertex 5.140900000000001 5.140900000000001 8.551709
      vertex -1.35903 2.0869 8.551709
    endloop
  endfacet
  facet normal 1.5465358717178384e-17 -0.9429903335828895 -0.3328201177351374
    outer loop
      vertex -8.159150235294119 8.159150235294119 0
      vertex 5.140900000000001 5.140900000000001 8.551709
      vertex -5.140900000000001 5.140900000000001 8.551709
    endloop
  endfacet
  facet normal -0.9429903335828896 0 -0.3328201177351375
    outer loop
      vertex 8.159150235294119 -8.159150235294119 0
      vertex 5.140900000000001 -5.140900000000001 8.551709
      vertex 8.159150235294119 8.159150235294119 0
    endloop
  endfacet
  facet normal 0 0.9429903335828895 -0.3328201177351374
    outer loop
      vertex -5.140900000000001 -5.140900000000001 8.551709
      vertex 5.140900000000001 -5.140900000000001 8.551709
      vertex 8.159150235294119 -8.159150235294119 0
    endloop
  endfacet
  facet normal 0 0 -1
    outer loop
      vertex -5.140900000000001 -5.140900000000001 8.551709
      vertex 1.35903 -2.0869 8.551709
      vertex 5.140900000000001 -5.140900000000001 8.551709
    endloop
  endfacet
  facet normal 0 0 -1
    outer loop
      vertex 1.35903 -2.0869 8.551709
      vertex 1.3590300000000004 -1.35903 8.551709
      vertex 5.140900000000001 -5.140900000000001 8.551709
    endloop
  endfacet
  facet normal 0 0 -1
    outer loop
      vertex 1.3590300000000004 -1.35903 8.551709
      vertex 2.0869 -1.35903 8.551709
      vertex 5.140900000000001 -5.140900000000001 8.551709
    endloop
  endfacet
  facet normal 0 0 -1
    outer loop
      vertex 2.0869 -1.35903 8.551709
      vertex 2.0869 1.35903 8.551709
      vertex 5.140900000000001 -5.140900000000001 8.551709
    endloop
  endfacet
  facet normal 0 -0.9429903335828896 -0.3328201177351375
    outer loop
      vertex -8.159150235294119 8.159150235294119 0
      vertex 8.159150235294119 8.159150235294119 0
      vertex 5.140900000000001 5.140900000000001 8.551709
    endloop
  endfacet
  facet normal 0 0 -1
    outer loop
      vertex 1.35903 1.35903 8.551709
      vertex 1.35903 2.0869 8.551709
      vertex 2.0869 1.35903 8.551709
    endloop
  endfacet
  facet normal 0 0 -1
    outer loop
      vertex -1.35903 2.0869 8.551709
      vertex 5.140900000000001 5.140900000000001 8.551709
      vertex 1.35903 2.0869 8.551709
    endloop
  endfacet
  facet normal 0 0 -1
    outer loop
      vertex 5.140900000000001 -5.140900000000001 8.551709
      vertex 2.0869 1.35903 8.551709
      vertex 5.140900000000001 5.140900000000001 8.551709
    endloop
  endfacet
  facet normal 0 0 -1
    outer loop
      vertex 1.35903 2.0869 8.551709
      vertex 5.140900000000001 5.140900000000001 8.551709
      vertex 2.0869 1.35903 8.551709
    endloop
  endfacet
  facet normal -0.9429903335828895 0 -0.3328201177351374
    outer loop
      vertex 5.140900000000001 -5.140900000000001 8.551709
      vertex 5.140900000000001 5.140900000000001 8.551709
      vertex 8.159150235294119 8.159150235294119 0
    endloop
  endfacet
  facet normal 0 0 -1
    outer loop
      vertex -2.0869 -1.35903 0
      vertex -2.0869 -0.6464300000000001 0
      vertex -1.35903 -0.6464300000000001 0
    endloop
  endfacet
  facet normal 0 0 -1
    outer loop
      vertex -2.0869 -1.35903 0
      vertex -1.35903 -0.6464300000000001 0
      vertex -1.35903 -1.35903 0
    endloop
  endfacet
  facet normal 0 -1 0
    outer loop
      vertex -2.0869 -1.35903 0
      vertex -1.35903 -1.35903 0
      vertex -1.35903 -1.35903 8.551709
    endloop
  endfacet
  facet normal -1 0 0
    outer loop
      vertex -2.0869 -1.35903 0
      vertex -2.0869 -1.35903 8.551709
      vertex -2.0869 -0.6464300000000001 0
    endloop
  endfacet
  facet normal 0 -1 0
    outer loop
      vertex -2.0869 -1.35903 0
      vertex -1.35903 -1.35903 8.551709
      vertex -2.0869 -1.35903 8.551709
    endloop
  endfacet
  facet normal -1 0 0
    outer loop
      vertex -2.0869 -1.35903 8.551709
      vertex -2.0869 -0.6464300000000001 8.194899999999999
      vertex -2.0869 -0.6464300000000001 0
    endloop
  endfacet
  facet normal -1 0 0
    outer loop
      vertex -2.0869 -1.35903 8.551709
      vertex -2.0869 1.35903 8.551709
      vertex -2.0869 -0.6464300000000001 8.194899999999999
    endloop
  endfacet
  facet normal 0 0 -1
    outer loop
      vertex -2.0869 1.35903 0
      vertex -1.35903 1.35903 0
      vertex -2.0869 0.6464300000000001 0
    endloop
  endfacet
  facet normal 0 0 -1
    outer loop
      vertex -1.35903 1.35903 0
      vertex -1.35903 0.6464300000000001 0
      vertex -2.0869 0.6464300000000001 0
    endloop
  endfacet
  facet normal -1 0 0
    outer loop
      vertex -2.0869 1.35903 0
      vertex -2.0869 0.6464300000000001 0
      vertex -2.0869 0.6464300000000001 8.194899999999999
    endloop
  endfacet
  facet normal 0 1 0
    outer loop
      vertex -2.0869 1.35903 0
      vertex -2.0869 1.35903 8.551709
      vertex -1.35903 1.35903 0
    endloop
  endfacet
  facet normal -1 0 0
    outer loop
      vertex -2.0869 1.35903 0
      vertex -2.0869 0.6464300000000001 8.194899999999999
      vertex -2.0869 1.35903 8.551709
    endloop
  endfacet
  facet normal 0 1 0
    outer loop
      vertex -1.35903 1.35903 0
      vertex -2.0869 1.35903 8.551709
      vertex -1.3590300000000004 1.35903 8.551709
    endloop
  endfacet
  facet normal -1 0 0
    outer loop
      vertex -2.0869 1.35903 8.551709
      vertex -2.0869 0.6464300000000001 8.194899999999999
      vertex -2.0869 -0.6464300000000001 8.194899999999999
    endloop
  endfacet
  facet normal 0 0 -1
    outer loop
      vertex 1.35903 -1.35903 0
      vertex 1.35903 -0.6464300000000001 0
      vertex 2.0869 -0.6464300000000001 0
    endloop
  endfacet
  facet normal 0 0 -1
    outer loop
      vertex 1.35903 -1.35903 0
      vertex 2.0869 -0.6464300000000001 0
      vertex 2.0869 -1.35903 0
    endloop
  endfacet
  facet normal 0 -1 0
    outer loop
      vertex 1.35903 -1.35903 0
      vertex 2.0869 -1.35903 0
      vertex 2.0869 -1.35903 8.551709
    endloop
  endfacet
  facet normal 1 0 0
    outer loop
      vertex 2.0869 -1.35903 0
      vertex 2.0869 -0.6464300000000001 0
      vertex 2.0869 -0.6464300000000001 8.194899999999999
    endloop
  endfacet
  facet normal 0 -1 0
    outer loop
      vertex 1.35903 -1.35903 0
      vertex 2.0869 -1.35903 8.551709
      vertex 1.3590300000000004 -1.35903 8.551709
    endloop
  endfacet
  facet normal 1 0 0
    outer loop
      vertex 2.0869 -1.35903 0
      vertex 2.0869 -0.6464300000000001 8.194899999999999
      vertex 2.0869 -1.35903 8.551709
    endloop
  endfacet
  facet normal 1 0 0
    outer loop
      vertex 2.0869 -1.35903 8.551709
      vertex 2.0869 -0.6464300000000001 8.194899999999999
      vertex 2.0869 0.6464300000000001 8.194899999999999
    endloop
  endfacet
  facet normal 0 0 -1
    outer loop
      vertex 1.35903 1.35903 0
      vertex 2.0869 1.35903 0
      vertex 1.35903 0.6464300000000001 0
    endloop
  endfacet
  facet normal 0 0 -1
    outer loop
      vertex 2.0869 1.35903 0
      vertex 2.0869 0.6464300000000001 0
      vertex 1.35903 0.6464300000000001 0
    endloop
  endfacet
  facet normal 1 0 0
    outer loop
      vertex 2.0869 1.35903 0
      vertex 2.0869 1.35903 8.551709
      vertex 2.0869 0.6464300000000001 0
    endloop
  endfacet
  facet normal 0 1 0
    outer loop
      vertex 1.35903 1.35903 0
      vertex 1.35903 1.35903 8.551709
      vertex 2.0869 1.35903 0
    endloop
  endfacet
  facet normal 1 0 0
    outer loop
      vertex 2.0869 1.35903 8.551709
      vertex 2.0869 0.6464300000000001 8.194899999999999
      vertex 2.0869 0.6464300000000001 0
    endloop
  endfacet
  facet normal 0 1 0
    outer loop
      vertex 2.0869 1.35903 0
      vertex 1.35903 1.35903 8.551709
      vertex 2.0869 1.35903 8.551709
    endloop
  endfacet
  facet normal 1 0 0
    outer loop
      vertex 2.0869 -1.35903 8.551709
      vertex 2.0869 0.6464300000000001 8.194899999999999
      vertex 2.0869 1.35903 8.551709
    endloop
  endfacet
  facet normal 0 0 -1
    outer loop
      vertex -1.35903 -2.0869 0
      vertex -1.35903 -1.35903 0
      vertex -0.6464300000000001 -2.0869 0
    endloop
  endfacet
  facet normal 0 0 -1
    outer loop
      vertex -1.35903 -1.35903 0
      vertex -0.6464300000000001 -0.6464300000000001 0
      vertex -0.6464300000000001 -2.0869 0
    endloop
  endfacet
  facet normal 0 0 -1
    outer loop
      vertex -1.35903 -1.35903 0
      vertex -1.35903 -0.6464300000000001 0
      vertex -0.6464300000000001 -0.6464300000000001 0
    endloop
  endfacet
  facet normal -1 0 0
    outer loop
      vertex -1.35903 -2.0869 0
      vertex -1.35903 -2.0869 8.551709
      vertex -1.35903 -1.35903 0
    endloop
  endfacet
  facet normal 0 -1 0
    outer loop
      vertex -1.35903 -2.0869 0
      vertex -0.6464300000000001 -2.0869 0
      vertex -0.6464300000000001 -2.0869 8.194899999999999
    endloop
  endfacet
  facet normal -1 0 0
    outer loop
      vertex -1.35903 -1.35903 0
      vertex -1.35903 -2.0869 8.551709
      vertex -1.35903 -1.35903 8.551709
    endloop
  endfacet
  facet normal 0 -1 0
    outer loop
      vertex -1.35903 -2.0869 0
      vertex -0.6464300000000001 -2.0869 8.194899999999999
      vertex -1.35903 -2.0869 8.551709
    endloop
  endfacet
  facet normal 0 -1 0
    outer loop
      vertex -1.35903 -2.0869 8.551709
      vertex -0.6464300000000001 -2.0869 8.194899999999999
      vertex 0.6464300000000001 -2.0869 8.194899999999999
    endloop
  endfacet
  facet normal 0 0 -1
    outer loop
      vertex -1.35903 1.35903 0
      vertex -0.6464300000000001 0.6464300000000001 0
      vertex -1.35903 0.6464300000000001 0
    endloop
  endfacet
  facet normal 0 0 -1
    outer loop
      vertex -1.35903 1.35903 0
      vertex -1.35903 2.0869 0
      vertex -0.6464300000000001 0.6464300000000001 0
    endloop
  endfacet
  facet normal 0 0 -1
    outer loop
      vertex -1.35903 2.0869 0
      vertex -0.6464300000000001 2.0869 0
      vertex -0.6464300000000001 0.6464300000000001 0
    endloop
  endfacet
  facet normal -1 0 -5.192987855995364e-17
    outer loop
      vertex -1.35903 1.35903 0
      vertex -1.3590300000000004 1.35903 8.551709
      vertex -1.35903 2.0869 0
    endloop
  endfacet
  facet normal 0 1 0
    outer loop
      vertex -1.35903 2.0869 0
      vertex -1.35903 2.0869 8.551709
      vertex -0.6464300000000001 2.0869 0
    endloop
  endfacet
  facet normal -1 6.101216011788679e-16 0
    outer loop
      vertex -1.35903 2.0869 0
      vertex -1.3590300000000004 1.35903 8.551709
      vertex -1.35903 2.0869 8.551709
    endloop
  endfacet
  facet normal 0 1 0
    outer loop
      vertex -1.35903 2.0869 8.551709
      vertex -0.6464300000000001 2.0869 8.194899999999999
      vertex -0.6464300000000001 2.0869 0
    endloop
  endfacet
  facet normal 0 1 0
    outer loop
      vertex -1.35903 2.0869 8.551709
      vertex 1.35903 2.0869 8.551709
      vertex -0.6464300000000001 2.0869 8.194899999999999
    endloop
  endfacet
  facet normal 0 0 -1
    outer loop
      vertex 1.35903 -2.0869 0
      vertex 0.6464300000000001 -2.0869 0
      vertex 0.6464300000000001 -0.6464300000000001 0
    endloop
  endfacet
  facet normal 0 0 -1
    outer loop
      vertex 1.35903 -2.0869 0
      vertex 0.6464300000000001 -0.6464300000000001 0
      vertex 1.35903 -1.35903 0
    endloop
  endfacet
  facet normal 0 0 -1
    outer loop
      vertex 1.35903 -1.35903 0
      vertex 0.6464300000000001 -0.6464300000000001 0
      vertex 1.35903 -0.6464300000000001 0
    endloop
  endfacet
  facet normal 0 -1 0
    outer loop
      vertex 1.35903 -2.0869 0
      vertex 1.35903 -2.0869 8.551709
      vertex 0.6464300000000001 -2.0869 0
    endloop
  endfacet
  facet normal 1 0 -5.192987855995364e-17
    outer loop
      vertex 1.35903 -2.0869 0
      vertex 1.35903 -1.35903 0
      vertex 1.3590300000000004 -1.35903 8.551709
    endloop
  endfacet
  facet normal 0 -1 0
    outer loop
      vertex 1.35903 -2.0869 8.551709
      vertex 0.6464300000000001 -2.0869 8.194899999999999
      vertex 0.6464300000000001 -2.0869 0
    endloop
  endfacet
  facet normal 1 -6.101216011788679e-16 0
    outer loop
      vertex 1.35903 -2.0869 0
      vertex 1.3590300000000004 -1.35903 8.551709
      vertex 1.35903 -2.0869 8.551709
    endloop
  endfacet
  facet normal 0 -1 0
    outer loop
      vertex -1.35903 -2.0869 8.551709
      vertex 0.6464300000000001 -2.0869 8.194899999999999
      vertex 1.35903 -2.0869 8.551709
    endloop
  endfacet
  facet normal 0 0 -1
    outer loop
      vertex 1.35903 1.35903 0
      vertex 1.35903 0.6464300000000001 0
      vertex 0.6464300000000001 0.6464300000000001 0
    endloop
  endfacet
  facet normal 0 0 -1
    outer loop
      vertex 1.35903 1.35903 0
      vertex 0.6464300000000001 0.6464300000000001 0
      vertex 0.6464300000000001 2.0869 0
    endloop
  endfacet
  facet normal 0 0 -1
    outer loop
      vertex 1.35903 1.35903 0
      vertex 0.6464300000000001 2.0869 0
      vertex 1.35903 2.0869 0
    endloop
  endfacet
  facet normal 0 1 0
    outer loop
      vertex 1.35903 2.0869 0
      vertex 0.6464300000000001 2.0869 0
      vertex 0.6464300000000001 2.0869 8.194899999999999
    endloop
  endfacet
  facet normal 1 0 0
    outer loop
      vertex 1.35903 1.35903 0
      vertex 1.35903 2.0869 0
      vertex 1.35903 2.0869 8.551709
    endloop
  endfacet
  facet normal 0 1 0
    outer loop
      vertex 1.35903 2.0869 0
      vertex 0.6464300000000001 2.0869 8.194899999999999
      vertex 1.35903 2.0869 8.551709
    endloop
  endfacet
  facet normal 1 0 0
    outer loop
      vertex 1.35903 1.35903 0
      vertex 1.35903 2.0869 8.551709
      vertex 1.35903 1.35903 8.551709
    endloop
  endfacet
  facet normal 0 1 0
    outer loop
      vertex 1.35903 2.0869 8.551709
      vertex 0.6464300000000001 2.0869 8.194899999999999
      vertex -0.6464300000000001 2.0869 8.194899999999999
    endloop
  endfacet
  facet normal 0 1 0
    outer loop
      vertex -0.6464300000000001 -0.6464300000000001 8.194899999999999
      vertex -1.35903 -0.6464300000000001 0
      vertex -2.0869 -0.6464300000000001 0
    endloop
  endfacet
  facet normal 0 1 0
    outer loop
      vertex -0.6464300000000001 -0.6464300000000001 8.194899999999999
      vertex -0.6464300000000001 -0.6464300000000001 0
      vertex -1.35903 -0.6464300000000001 0
    endloop
  endfacet
  facet normal 0 1 0
    outer loop
      vertex -0.6464300000000001 -0.6464300000000001 8.194899999999999
      vertex -2.0869 -0.6464300000000001 0
      vertex -2.0869 -0.6464300000000001 8.194899999999999
    endloop
  endfacet
  facet normal 0 0 -1
    outer loop
      vertex -0.6464300000000001 -0.6464300000000001 8.194899999999999
      vertex -2.0869 -0.6464300000000001 8.194899999999999
      vertex -2.0869 0.6464300000000001 8.194899999999999
    endloop
  endfacet
  facet normal 0 0 -1
    outer loop
      vertex -0.6464300000000001 -0.6464300000000001 8.194899999999999
      vertex -2.0869 0.6464300000000001 8.194899999999999
      vertex 0.6464300000000001 -0.6464300000000001 8.194899999999999
    endloop
  endfacet
  facet normal 0 -1 0
    outer loop
      vertex -2.0869 0.6464300000000001 8.194899999999999
      vertex -2.0869 0.6464300000000001 0
      vertex -1.35903 0.6464300000000001 0
    endloop
  endfacet
  facet normal 0 -1 0
    outer loop
      vertex -0.6464300000000001 0.6464300000000001 8.194899999999999
      vertex -1.35903 0.6464300000000001 0
      vertex -0.6464300000000001 0.6464300000000001 0
    endloop
  endfacet
  facet normal 0 -1 0
    outer loop
      vertex -0.6464300000000001 0.6464300000000001 8.194899999999999
      vertex -2.0869 0.6464300000000001 8.194899999999999
      vertex -1.35903 0.6464300000000001 0
    endloop
  endfacet
  facet normal 0 0 -1
    outer loop
      vertex -0.6464300000000001 0.6464300000000001 8.194899999999999
      vertex 2.0869 -0.6464300000000001 8.194899999999999
      vertex -2.0869 0.6464300000000001 8.194899999999999
    endloop
  endfacet
  facet normal 0 1 0
    outer loop
      vertex 0.6464300000000001 -0.6464300000000001 8.194899999999999
      vertex 1.35903 -0.6464300000000001 0
      vertex 0.6464300000000001 -0.6464300000000001 0
    endloop
  endfacet
  facet normal 0 1 0
    outer loop
      vertex 1.35903 -0.6464300000000001 0
      vertex 2.0869 -0.6464300000000001 8.194899999999999
      vertex 2.0869 -0.6464300000000001 0
    endloop
  endfacet
  facet normal 0 1 0
    outer loop
      vertex 0.6464300000000001 -0.6464300000000001 8.194899999999999
      vertex 2.0869 -0.6464300000000001 8.194899999999999
      vertex 1.35903 -0.6464300000000001 0
    endloop
  endfacet
  facet normal 0 0 -1
    outer loop
      vertex 0.6464300000000001 -0.6464300000000001 8.194899999999999
      vertex -2.0869 0.6464300000000001 8.194899999999999
      vertex 2.0869 -0.6464300000000001 8.194899999999999
    endloop
  endfacet
  facet normal 0 -1 0
    outer loop
      vertex 0.6464300000000001 0.6464300000000001 8.194899999999999
      vertex 0.6464300000000001 0.6464300000000001 0
      vertex 1.35903 0.6464300000000001 0
    endloop
  endfacet
  facet normal 0 -1 0
    outer loop
      vertex 0.6464300000000001 0.6464300000000001 8.194899999999999
      vertex 1.35903 0.6464300000000001 0
      vertex 2.0869 0.6464300000000001 0
    endloop
  endfacet
  facet normal 0 -1 0
    outer loop
      vertex 0.6464300000000001 0.6464300000000001 8.194899999999999
      vertex 2.0869 0.6464300000000001 0
      vertex 2.0869 0.6464300000000001 8.194899999999999
    endloop
  endfacet
  facet normal 0 0 -1
    outer loop
      vertex -0.6464300000000001 0.6464300000000001 8.194899999999999
      vertex 0.6464300000000001 0.6464300000000001 8.194899999999999
      vertex 2.0869 -0.6464300000000001 8.194899999999999
    endloop
  endfacet
  facet normal 0 0 -1
    outer loop
      vertex 0.6464300000000001 0.6464300000000001 8.194899999999999
      vertex 2.0869 0.6464300000000001 8.194899999999999
      vertex 2.0869 -0.6464300000000001 8.194899999999999
    endloop
  endfacet
  facet normal 1 0 0
    outer loop
      vertex -0.6464300000000001 -0.6464300000000001 8.194899999999999
      vertex -0.6464300000000001 -2.0869 0
      vertex -0.6464300000000001 -0.6464300000000001 0
    endloop
  endfacet
  facet normal 1 0 0
    outer loop
      vertex -0.6464300000000001 -0.6464300000000001 8.194899999999999
      vertex -0.6464300000000001 -2.0869 8.194899999999999
      vertex -0.6464300000000001 -2.0869 0
    endloop
  endfacet
  facet normal 0 0 -1
    outer loop
      vertex -0.6464300000000001 -0.6464300000000001 8.194899999999999
      vertex 0.6464300000000001 -0.6464300000000001 8.194899999999999
      vertex -0.6464300000000001 -2.0869 8.194899999999999
    endloop
  endfacet
  facet normal 1 0 0
    outer loop
      vertex -0.6464300000000001 2.0869 0
      vertex -0.6464300000000001 2.0869 8.194899999999999
      vertex -0.6464300000000001 0.6464300000000001 0
    endloop
  endfacet
  facet normal 1 0 0
    outer loop
      vertex -0.6464300000000001 0.6464300000000001 8.194899999999999
      vertex -0.6464300000000001 0.6464300000000001 0
      vertex -0.6464300000000001 2.0869 8.194899999999999
    endloop
  endfacet
  facet normal 0 0 -1
    outer loop
      vertex -0.6464300000000001 0.6464300000000001 8.194899999999999
      vertex -0.6464300000000001 2.0869 8.194899999999999
      vertex 0.6464300000000001 2.0869 8.194899999999999
    endloop
  endfacet
  facet normal -1 0 0
    outer loop
      vertex 0.6464300000000001 -2.0869 0
      vertex 0.6464300000000001 -2.0869 8.194899999999999
      vertex 0.6464300000000001 -0.6464300000000001 0
    endloop
  endfacet
  facet normal -1 0 0
    outer loop
      vertex 0.6464300000000001 -0.6464300000000001 8.194899999999999
      vertex 0.6464300000000001 -0.6464300000000001 0
      vertex 0.6464300000000001 -2.0869 8.194899999999999
    endloop
  endfacet
  facet normal 0 0 -1
    outer loop
      vertex 0.6464300000000001 -0.6464300000000001 8.194899999999999
      vertex 0.6464300000000001 -2.0869 8.194899999999999
      vertex -0.6464300000000001 -2.0869 8.194899999999999
    endloop
  endfacet
  facet normal -1 0 0
    outer loop
      vertex 0.6464300000000001 0.6464300000000001 8.194899999999999
      vertex 0.6464300000000001 2.0869 0
      vertex 0.6464300000000001 0.6464300000000001 0
    endloop
  endfacet
  facet normal -1 0 0
    outer loop
      vertex 0.6464300000000001 0.6464300000000001 8.194899999999999
      vertex 0.6464300000000001 2.0869 8.194899999999999
      vertex 0.6464300000000001 2.0869 0
    endloop
  endfacet
  facet normal 0 0 -1
    outer loop
      vertex -0.6464300000000001 0.6464300000000001 8.194899999999999
      vertex 0.6464300000000001 2.0869 8.194899999999999
      vertex 0.6464300000000001 0.6464300000000001 8.194899999999999
    endloop
  endfacet
  facet normal 1 0 0
    outer loop
      vertex -6.028573092594743 -2.2926988777816297 9.1111
      vertex -6.028573092594743 2.2868351986408233 9.5692
      vertex -6.028573092594743 -2.2926988777816297 9.5692
    endloop
  endfacet
  facet normal 0 0 1
    outer loop
      vertex -6.028573092594743 -2.2926988777816297 9.1111
      vertex -5.093499371662736 -1.468851837143302 9.1111
      vertex -5.093499371662736 -0.2931840025484562 9.1111
    endloop
  endfacet
  facet normal 0 1 0
    outer loop
      vertex -6.028573092594743 -2.2926988777816297 9.1111
      vertex -6.028573092594743 -2.2926988777816297 9.5692
      vertex -2.5586030220389366 -2.2926988777816297 9.1111
    endloop
  endfacet
  facet normal 0 0 1
    outer loop
      vertex -6.028573092594743 -2.2926988777816297 9.1111
      vertex -5.093499371662736 -0.2931840025484562 9.1111
      vertex -5.093499371662736 0.5013446423858404 9.1111
    endloop
  endfacet
  facet normal -1 0 0
    outer loop
      vertex -5.093499371662736 -1.468851837143302 9.1111
      vertex -5.093499371662736 -1.468851837143302 9.5692
      vertex -5.093499371662736 -0.2931840025484562 9.1111
    endloop
  endfacet
  facet normal -1 0 0
    outer loop
      vertex -5.093499371662736 -0.2931840025484562 9.1111
      vertex -5.093499371662736 -1.468851837143302 9.5692
      vertex -5.093499371662736 -0.2931840025484562 9.5692
    endloop
  endfacet
  facet normal 0 0 1
    outer loop
      vertex -6.028573092594743 -2.2926988777816297 9.1111
      vertex -2.5586030220389366 -2.2926988777816297 9.1111
      vertex -5.093499371662736 -1.468851837143302 9.1111
    endloop
  endfacet
  facet normal 0 -1 0
    outer loop
      vertex -5.093499371662736 -1.468851837143302 9.1111
      vertex -2.5586030220389366 -1.468851837143302 9.5692
      vertex -5.093499371662736 -1.468851837143302 9.5692
    endloop
  endfacet
  facet normal 0 1 0
    outer loop
      vertex -2.5586030220389366 -2.2926988777816297 9.1111
      vertex -6.028573092594743 -2.2926988777816297 9.5692
      vertex -2.5586030220389366 -2.2926988777816297 9.5692
    endloop
  endfacet
  facet normal 0 1 0
    outer loop
      vertex -5.093499371662736 -0.2931840025484562 9.1111
      vertex -5.093499371662736 -0.2931840025484562 9.5692
      vertex -2.8692864465266466 -0.2931840025484562 9.1111
    endloop
  endfacet
  facet normal 0 0 1
    outer loop
      vertex -5.093499371662736 -0.2931840025484562 9.1111
      vertex -2.8692864465266466 -0.2931840025484562 9.1111
      vertex -2.8692864465266466 0.5013446423858404 9.1111
    endloop
  endfacet
  facet normal 0 1 0
    outer loop
      vertex -2.8692864465266466 -0.2931840025484562 9.1111
      vertex -5.093499371662736 -0.2931840025484562 9.5692
      vertex -2.8692864465266466 -0.2931840025484562 9.5692
    endloop
  endfacet
  facet normal 0 0 1
    outer loop
      vertex -5.093499371662736 -1.468851837143302 9.1111
      vertex -2.5586030220389366 -2.2926988777816297 9.1111
      vertex -2.5586030220389366 -1.468851837143302 9.1111
    endloop
  endfacet
  facet normal 0 -1 0
    outer loop
      vertex -5.093499371662736 -1.468851837143302 9.1111
      vertex -2.5586030220389366 -1.468851837143302 9.1111
      vertex -2.5586030220389366 -1.468851837143302 9.5692
    endloop
  endfacet
  facet normal -1 0 0
    outer loop
      vertex -2.5586030220389366 -2.2926988777816297 9.1111
      vertex -2.5586030220389366 -2.2926988777816297 9.5692
      vertex -2.5586030220389366 -1.468851837143302 9.1111
    endloop
  endfacet
  facet normal -1 0 0
    outer loop
      vertex -2.5586030220389366 -1.468851837143302 9.1111
      vertex -2.5586030220389366 -2.2926988777816297 9.5692
      vertex -2.5586030220389366 -1.468851837143302 9.5692
    endloop
  endfacet
  facet normal -1 0 0
    outer loop
      vertex -2.8692864465266466 -0.2931840025484562 9.1111
      vertex -2.8692864465266466 -0.2931840025484562 9.5692
      vertex -2.8692864465266466 0.5013446423858404 9.1111
    endloop
  endfacet
  facet normal 0.22952657731416243 0.9733023940720817 0
    outer loop
      vertex -0.8579943284988404 -2.322937819853425 9.1111
      vertex -0.8579943284988404 -2.322937819853425 9.5692
      vertex -0.7452233899384737 -2.349531741440296 9.1111
    endloop
  endfacet
  facet normal 0.18239535107813484 0.983225272206265 0
    outer loop
      vertex -0.7452233899384737 -2.349531741440296 9.1111
      vertex -0.7452233899384737 -2.349531741440296 9.5692
      vertex -0.6279305420070886 -2.3712904073148966 9.1111
    endloop
  endfacet
  facet normal 0.13760582357708195 0.9904870707473535 0
    outer loop
      vertex -0.6279305420070886 -2.3712904073148966 9.1111
      vertex -0.6279305420070886 -2.3712904073148966 9.5692
      vertex -0.5061157922893763 -2.3882138174772263 9.1111
    endloop
  endfacet
  facet normal 0.27882694637802974 0.9603413632524131 0
    outer loop
      vertex -0.8579943284988404 -2.322937819853425 9.1111
      vertex -0.9662433576881886 -2.2915086349695923 9.5692
      vertex -0.8579943284988404 -2.322937819853425 9.5692
    endloop
  endfacet
  facet normal 0.22952657731416243 0.9733023940720817 0
    outer loop
      vertex -0.7452233899384737 -2.349531741440296 9.1111
      vertex -0.8579943284988404 -2.322937819853425 9.5692
      vertex -0.7452233899384737 -2.349531741440296 9.5692
    endloop
  endfacet
  facet normal 0.18239535107813484 0.983225272206265 0
    outer loop
      vertex -0.6279305420070886 -2.3712904073148966 9.1111
      vertex -0.7452233899384737 -2.349531741440296 9.5692
      vertex -0.6279305420070886 -2.3712904073148966 9.5692
    endloop
  endfacet
  facet normal 0.09524701875897469 0.9954536681420827 0
    outer loop
      vertex -0.5061157922893763 -2.3882138174772263 9.1111
      vertex -0.5061157922893763 -2.3882138174772263 9.5692
      vertex -0.37977913320064544 -2.400301964342594 9.1111
    endloop
  endfacet
  facet normal 0.05534042540699535 0.9984675444478768 0
    outer loop
      vertex -0.37977913320064544 -2.400301964342594 9.1111
      vertex -0.37977913320064544 -2.400301964342594 9.5692
      vertex -0.24892056474089622 -2.4075548479110003 9.1111
    endloop
  endfacet
  facet normal 0.01785523338693238 0.9998405826133975 0
    outer loop
      vertex -0.24892056474089622 -2.4075548479110003 9.1111
      vertex -0.24892056474089622 -2.4075548479110003 9.5692
      vertex -0.1135400869101286 -2.409972483351827 9.1111
    endloop
  endfacet
  facet normal -0.018520952859139128 0.9998284724417431 0
    outer loop
      vertex -0.1135400869101286 -2.409972483351827 9.1111
      vertex -0.1135400869101286 -2.409972483351827 9.5692
      vertex 0.018889308989048004 -2.407519343972206 9.1111
    endloop
  endfacet
  facet normal 0.13760582357708195 0.9904870707473535 0
    outer loop
      vertex -0.5061157922893763 -2.3882138174772263 9.1111
      vertex -0.6279305420070886 -2.3712904073148966 9.5692
      vertex -0.5061157922893763 -2.3882138174772263 9.5692
    endloop
  endfacet
  facet normal 0.09524701875897469 0.9954536681420827 0
    outer loop
      vertex -0.37977913320064544 -2.400301964342594 9.1111
      vertex -0.5061157922893763 -2.3882138174772263 9.5692
      vertex -0.37977913320064544 -2.400301964342594 9.5692
    endloop
  endfacet
  facet normal 0.05534042540699535 0.9984675444478768 0
    outer loop
      vertex -0.24892056474089622 -2.4075548479110003 9.1111
      vertex -0.37977913320064544 -2.400301964342594 9.5692
      vertex -0.24892056474089622 -2.4075548479110003 9.5692
    endloop
  endfacet
  facet normal 0.01785523338693238 0.9998405826133975 0
    outer loop
      vertex -0.1135400869101286 -2.409972483351827 9.1111
      vertex -0.24892056474089622 -2.4075548479110003 9.5692
      vertex -0.1135400869101286 -2.409972483351827 9.5692
    endloop
  endfacet
  facet normal -0.018520952859139128 0.9998284724417431 0
    outer loop
      vertex 0.018889308989048004 -2.407519343972206 9.1111
      vertex -0.1135400869101286 -2.409972483351827 9.5692
      vertex 0.018889308989048004 -2.407519343972206 9.5692
    endloop
  endfacet
  facet normal 0.7950273294676868 0.6065736108663797 2.9401739321147747e-18
    outer loop
      vertex -1.73005083347857 -1.7965264334231614 9.1111
      vertex -1.7876768358647823 -1.7209968588352205 9.1111
      vertex -1.7876768358647823 -1.7209968588352205 9.5692
    endloop
  endfacet
  facet normal 0.7950273294676868 0.6065736108663797 0
    outer loop
      vertex -1.73005083347857 -1.7965264334231614 9.1111
      vertex -1.7876768358647823 -1.7209968588352205 9.5692
      vertex -1.73005083347857 -1.7965264334231614 9.5692
    endloop
  endfacet
  facet normal 0.9097312833255591 0.41519753387855185 5.591480955124197e-19
    outer loop
      vertex -1.8847311492860317 -1.5590766672044993 9.1111
      vertex -1.9241594603210688 -1.4726860577464105 9.1111
      vertex -1.9241594603210688 -1.4726860577464105 9.5692
    endloop
  endfacet
  facet normal 0.8378982725730006 0.5458264237092059 0
    outer loop
      vertex -1.8392369360774756 -1.641846936762333 9.1111
      vertex -1.8392369360774756 -1.641846936762333 9.5692
      vertex -1.7876768358647823 -1.7209968588352205 9.1111
    endloop
  endfacet
  facet normal 0.8763474747319533 0.4816794613961951 6.44310473991223e-19
    outer loop
      vertex -1.8392369360774756 -1.641846936762333 9.1111
      vertex -1.8847311492860317 -1.5590766672044993 9.1111
      vertex -1.8847311492860317 -1.5590766672044993 9.5692
    endloop
  endfacet
  facet normal 0.937663801643697 0.347543659253179 4.801327430391021e-18
    outer loop
      vertex -1.9241594603210688 -1.4726860577464105 9.1111
      vertex -1.9575218843519688 -1.3826751008033753 9.1111
      vertex -1.9575218843519688 -1.3826751008033753 9.5692
    endloop
  endfacet
  facet normal 0.9600347431847036 0.27988085300405985 -1.237297063521777e-18
    outer loop
      vertex -1.9575218843519688 -1.3826751008033753 9.1111
      vertex -1.9848184062093497 -1.2890437963753938 9.1111
      vertex -1.9848184062093497 -1.2890437963753938 9.5692
    endloop
  endfacet
  facet normal 0.9769904536641693 0.2132830360086825 -2.2384785819603895e-18
    outer loop
      vertex -1.9848184062093497 -1.2890437963753938 9.1111
      vertex -2.0060490410625933 -1.1917921444624662 9.1111
      vertex -2.0060490410625933 -1.1917921444624662 9.5692
    endloop
  endfacet
  facet normal 0.9097312833255591 0.41519753387855185 0
    outer loop
      vertex -1.8847311492860317 -1.5590766672044993 9.1111
      vertex -1.9241594603210688 -1.4726860577464105 9.5692
      vertex -1.8847311492860317 -1.5590766672044993 9.5692
    endloop
  endfacet
  facet normal 0.937663801643697 0.347543659253179 0
    outer loop
      vertex -1.9241594603210688 -1.4726860577464105 9.1111
      vertex -1.9575218843519688 -1.3826751008033753 9.5692
      vertex -1.9241594603210688 -1.4726860577464105 9.5692
    endloop
  endfacet
  facet normal 0.8378982725730006 0.5458264237092059 0
    outer loop
      vertex -1.7876768358647823 -1.7209968588352205 9.1111
      vertex -1.8392369360774756 -1.641846936762333 9.5692
      vertex -1.7876768358647823 -1.7209968588352205 9.5692
    endloop
  endfacet
  facet normal 0.8763474747319533 0.4816794613961951 0
    outer loop
      vertex -1.8392369360774756 -1.641846936762333 9.1111
      vertex -1.8847311492860317 -1.5590766672044993 9.5692
      vertex -1.8392369360774756 -1.641846936762333 9.5692
    endloop
  endfacet
  facet normal 0.9600347431847036 0.27988085300405985 0
    outer loop
      vertex -1.9575218843519688 -1.3826751008033753 9.1111
      vertex -1.9848184062093497 -1.2890437963753938 9.5692
      vertex -1.9575218843519688 -1.3826751008033753 9.5692
    endloop
  endfacet
  facet normal 0.9769904536641693 0.2132830360086825 0
    outer loop
      vertex -1.9848184062093497 -1.2890437963753938 9.1111
      vertex -2.0060490410625933 -1.1917921444624662 9.5692
      vertex -1.9848184062093497 -1.2890437963753938 9.5692
    endloop
  endfacet
  facet normal 0.9888874972962176 0.14866579193352883 0
    outer loop
      vertex -2.0060490410625933 -1.1917921444624662 9.1111
      vertex -2.021213773742318 -1.0909201526492833 9.5692
      vertex -2.0060490410625933 -1.1917921444624662 9.5692
    endloop
  endfacet
  facet normal 0.5974825410694699 0.8018819196846687 5.5893291288087975e-18
    outer loop
      vertex -1.4396598934084177 -2.0618338293582203 9.1111
      vertex -1.5207774739563464 -2.0013930874466896 9.1111
      vertex -1.5207774739563464 -2.0013930874466896 9.5692
    endloop
  endfacet
  facet normal 0.6995431535537269 0.714590355599701 -6.448057708068201e-18
    outer loop
      vertex -1.596601160109043 -1.9367245477288961 9.1111
      vertex -1.6663589440882207 -1.8684356605261565 9.1111
      vertex -1.6663589440882207 -1.8684356605261565 9.5692
    endloop
  endfacet
  facet normal 0.7485837382704559 0.6630402603138287 8.489279242924699e-18
    outer loop
      vertex -1.6663589440882207 -1.8684356605261565 9.1111
      vertex -1.73005083347857 -1.7965264334231614 9.1111
      vertex -1.73005083347857 -1.7965264334231614 9.5692
    endloop
  endfacet
  facet normal 0.6489198604447136 0.760856763602988 1.8009948544761993e-19
    outer loop
      vertex -1.5207774739563464 -2.0013930874466896 9.1111
      vertex -1.596601160109043 -1.9367245477288961 9.1111
      vertex -1.596601160109043 -1.9367245477288961 9.5692
    endloop
  endfacet
  facet normal 0.5445738932416732 0.8387128679110669 0
    outer loop
      vertex -1.4396598934084177 -2.0618338293582203 9.1111
      vertex -1.4396598934084177 -2.0618338293582203 9.5692
      vertex -1.3540204034894705 -2.1174393079727887 9.1111
    endloop
  endfacet
  facet normal 0.4906608263037945 0.8713506490104186 0
    outer loop
      vertex -1.3540204034894705 -2.1174393079727887 9.1111
      vertex -1.3540204034894705 -2.1174393079727887 9.5692
      vertex -1.2638590041995048 -2.1682095308750866 9.1111
    endloop
  endfacet
  facet normal 0.4364881546948471 0.8997100037295835 0
    outer loop
      vertex -1.2638590041995048 -2.1682095308750866 9.1111
      vertex -1.2638590041995048 -2.1682095308750866 9.5692
      vertex -1.1691756955385209 -2.214144490480423 9.1111
    endloop
  endfacet
  facet normal 0 0 1
    outer loop
      vertex -1.5207774739563464 -2.0013930874466896 9.1111
      vertex -0.9491602973639965 -1.3474095336794853 9.1111
      vertex -1.596601160109043 -1.9367245477288961 9.1111
    endloop
  endfacet
  facet normal 0 0 1
    outer loop
      vertex -1.4396598934084177 -2.0618338293582203 9.1111
      vertex -0.9113491562306881 -1.3892280994206667 9.1111
      vertex -1.5207774739563464 -2.0013930874466896 9.1111
    endloop
  endfacet
  facet normal 0 0 1
    outer loop
      vertex -1.4396598934084177 -2.0618338293582203 9.1111
      vertex -1.3540204034894705 -2.1174393079727887 9.1111
      vertex -0.8696048597842455 -1.4277011792957783 9.1111
    endloop
  endfacet
  facet normal 0.5974825410694699 0.8018819196846687 0
    outer loop
      vertex -1.4396598934084177 -2.0618338293582203 9.1111
      vertex -1.5207774739563464 -2.0013930874466896 9.5692
      vertex -1.4396598934084177 -2.0618338293582203 9.5692
    endloop
  endfacet
  facet normal 0.6995431535537269 0.714590355599701 0
    outer loop
      vertex -1.596601160109043 -1.9367245477288961 9.1111
      vertex -1.6663589440882207 -1.8684356605261565 9.5692
      vertex -1.596601160109043 -1.9367245477288961 9.5692
    endloop
  endfacet
  facet normal 0.7485837382704559 0.6630402603138287 0
    outer loop
      vertex -1.6663589440882207 -1.8684356605261565 9.1111
      vertex -1.73005083347857 -1.7965264334231614 9.5692
      vertex -1.6663589440882207 -1.8684356605261565 9.5692
    endloop
  endfacet
  facet normal 0.6489198604447136 0.760856763602988 0
    outer loop
      vertex -1.5207774739563464 -2.0013930874466896 9.1111
      vertex -1.596601160109043 -1.9367245477288961 9.5692
      vertex -1.5207774739563464 -2.0013930874466896 9.5692
    endloop
  endfacet
  facet normal 0.5445738932416732 0.8387128679110669 0
    outer loop
      vertex -1.3540204034894705 -2.1174393079727887 9.1111
      vertex -1.4396598934084177 -2.0618338293582203 9.5692
      vertex -1.3540204034894705 -2.1174393079727887 9.5692
    endloop
  endfacet
  facet normal 0.4364881546948471 0.8997100037295835 0
    outer loop
      vertex -1.1691756955385209 -2.214144490480423 9.1111
      vertex -1.2638590041995048 -2.1682095308750866 9.5692
      vertex -1.1691756955385209 -2.214144490480423 9.5692
    endloop
  endfacet
  facet normal 0.4906608263037945 0.8713506490104186 0
    outer loop
      vertex -1.2638590041995048 -2.1682095308750866 9.1111
      vertex -1.3540204034894705 -2.1174393079727887 9.5692
      vertex -1.2638590041995048 -2.1682095308750866 9.5692
    endloop
  endfacet
  facet normal 0 0 1
    outer loop
      vertex -1.8392369360774756 -1.641846936762333 9.1111
      vertex -1.034743675738573 -1.204482333764434 9.1111
      vertex -1.8847311492860317 -1.5590766672044993 9.1111
    endloop
  endfacet
  facet normal 0 0 1
    outer loop
      vertex -1.73005083347857 -1.7965264334231614 9.1111
      vertex -1.0034898716658354 -1.267277265176177 9.1111
      vertex -1.7876768358647823 -1.7209968588352205 9.1111
    endloop
  endfacet
  facet normal 0 0 1
    outer loop
      vertex -1.6663589440882207 -1.8684356605261565 9.1111
      vertex -0.9863731959909201 -1.2958627066761255 9.1111
      vertex -1.73005083347857 -1.7965264334231614 9.1111
    endloop
  endfacet
  facet normal 0 0 1
    outer loop
      vertex -1.8392369360774756 -1.641846936762333 9.1111
      vertex -1.7876768358647823 -1.7209968588352205 9.1111
      vertex -1.0196133623868227 -1.2368171459287405 9.1111
    endloop
  endfacet
  facet normal 0 0 1
    outer loop
      vertex -1.8847311492860317 -1.5590766672044993 9.1111
      vertex -1.0488808041363955 -1.170272828683257 9.1111
      vertex -1.9241594603210688 -1.4726860577464105 9.1111
    endloop
  endfacet
  facet normal 0 0 1
    outer loop
      vertex -1.9241594603210688 -1.4726860577464105 9.1111
      vertex -1.0620247475802898 -1.1341886458545924 9.1111
      vertex -1.9575218843519688 -1.3826751008033753 9.1111
    endloop
  endfacet
  facet normal 0 0 1
    outer loop
      vertex -1.9575218843519688 -1.3826751008033753 9.1111
      vertex -1.0853330947756767 -1.0563962166160346 9.1111
      vertex -1.9848184062093497 -1.2890437963753938 9.1111
    endloop
  endfacet
  facet normal 0 0 1
    outer loop
      vertex -1.9848184062093497 -1.2890437963753938 9.1111
      vertex -1.0954974909424782 -1.0146879777908326 9.1111
      vertex -2.0060490410625933 -1.1917921444624662 9.1111
    endloop
  endfacet
  facet normal 0 0 1
    outer loop
      vertex -1.596601160109043 -1.9367245477288961 9.1111
      vertex -0.9682633353620768 -1.322573462843895 9.1111
      vertex -1.6663589440882207 -1.8684356605261565 9.1111
    endloop
  endfacet
  facet normal 0 0 1
    outer loop
      vertex -1.73005083347857 -1.7965264334231614 9.1111
      vertex -0.9863731959909201 -1.2958627066761255 9.1111
      vertex -1.0034898716658354 -1.267277265176177 9.1111
    endloop
  endfacet
  facet normal 0 0 1
    outer loop
      vertex -1.596601160109043 -1.9367245477288961 9.1111
      vertex -0.9491602973639965 -1.3474095336794853 9.1111
      vertex -0.9682633353620768 -1.322573462843895 9.1111
    endloop
  endfacet
  facet normal 0 0 1
    outer loop
      vertex -1.6663589440882207 -1.8684356605261565 9.1111
      vertex -0.9682633353620768 -1.322573462843895 9.1111
      vertex -0.9863731959909201 -1.2958627066761255 9.1111
    endloop
  endfacet
  facet normal 0 0 1
    outer loop
      vertex -1.8392369360774756 -1.641846936762333 9.1111
      vertex -1.0196133623868227 -1.2368171459287405 9.1111
      vertex -1.034743675738573 -1.204482333764434 9.1111
    endloop
  endfacet
  facet normal 0 0 1
    outer loop
      vertex -1.8847311492860317 -1.5590766672044993 9.1111
      vertex -1.034743675738573 -1.204482333764434 9.1111
      vertex -1.0488808041363955 -1.170272828683257 9.1111
    endloop
  endfacet
  facet normal 0 0 1
    outer loop
      vertex -1.9575218843519688 -1.3826751008033753 9.1111
      vertex -1.0741755136549473 -1.0962297776937484 9.1111
      vertex -1.0853330947756767 -1.0563962166160346 9.1111
    endloop
  endfacet
  facet normal 0 0 1
    outer loop
      vertex -1.9241594603210688 -1.4726860577464105 9.1111
      vertex -1.0488808041363955 -1.170272828683257 9.1111
      vertex -1.0620247475802898 -1.1341886458545924 9.1111
    endloop
  endfacet
  facet normal 0 0 1
    outer loop
      vertex -1.9575218843519688 -1.3826751008033753 9.1111
      vertex -1.0620247475802898 -1.1341886458545924 9.1111
      vertex -1.0741755136549473 -1.0962297776937484 9.1111
    endloop
  endfacet
  facet normal 0 0 1
    outer loop
      vertex -1.7876768358647823 -1.7209968588352205 9.1111
      vertex -1.0034898716658354 -1.267277265176177 9.1111
      vertex -1.0196133623868227 -1.2368171459287405 9.1111
    endloop
  endfacet
  facet normal 0.9888874972962176 0.14866579193352883 -1.195293260781603e-18
    outer loop
      vertex -2.0060490410625933 -1.1917921444624662 9.1111
      vertex -2.021213773742318 -1.0909201526492833 9.1111
      vertex -2.021213773742318 -1.0909201526492833 9.5692
    endloop
  endfacet
  facet normal 0.9962302503332808 0.08674841970254217 6.547134173119344e-19
    outer loop
      vertex -2.021213773742318 -1.0909201526492833 9.1111
      vertex -2.0303126194179058 -0.9864278133511544 9.1111
      vertex -2.0303126194179058 -0.9864278133511544 9.5692
    endloop
  endfacet
  facet normal 0.9996067315795618 0.028042506678715624 -2.3435487741099125e-19
    outer loop
      vertex -2.0303126194179058 -0.9864278133511544 9.1111
      vertex -2.0333455629199744 -0.878315126568079 9.1111
      vertex -2.0333455629199744 -0.878315126568079 9.5692
    endloop
  endfacet
  facet normal 0 0 1
    outer loop
      vertex -2.0303126194179058 -0.9864278133511544 9.1111
      vertex -1.1200315924733877 -0.878315126568079 9.1111
      vertex -2.0333455629199744 -0.878315126568079 9.1111
    endloop
  endfacet
  facet normal 0.9962302503332808 0.08674841970254217 0
    outer loop
      vertex -2.021213773742318 -1.0909201526492833 9.1111
      vertex -2.0303126194179058 -0.9864278133511544 9.5692
      vertex -2.021213773742318 -1.0909201526492833 9.5692
    endloop
  endfacet
  facet normal 0.9996067315795618 0.028042506678715624 0
    outer loop
      vertex -2.0303126194179058 -0.9864278133511544 9.1111
      vertex -2.0333455629199744 -0.878315126568079 9.5692
      vertex -2.0303126194179058 -0.9864278133511544 9.5692
    endloop
  endfacet
  facet normal 0 -1 0
    outer loop
      vertex -2.0333455629199744 -0.878315126568079 9.1111
      vertex -1.1200315924733877 -0.878315126568079 9.5692
      vertex -2.0333455629199744 -0.878315126568079 9.5692
    endloop
  endfacet
  facet normal 0 0 1
    outer loop
      vertex -2.0060490410625933 -1.1917921444624662 9.1111
      vertex -1.1046687097400427 -0.9711050460487605 9.1111
      vertex -2.021213773742318 -1.0909201526492833 9.1111
    endloop
  endfacet
  facet normal 0 0 1
    outer loop
      vertex -2.021213773742318 -1.0909201526492833 9.1111
      vertex -1.1200315924733877 -0.878315126568079 9.1111
      vertex -2.0303126194179058 -0.9864278133511544 9.1111
    endloop
  endfacet
  facet normal 0 0 1
    outer loop
      vertex -1.9848184062093497 -1.2890437963753938 9.1111
      vertex -1.0853330947756767 -1.0563962166160346 9.1111
      vertex -1.0954974909424782 -1.0146879777908326 9.1111
    endloop
  endfacet
  facet normal 0 0 1
    outer loop
      vertex -2.0060490410625933 -1.1917921444624662 9.1111
      vertex -1.0954974909424782 -1.0146879777908326 9.1111
      vertex -1.1046687097400427 -0.9711050460487605 9.1111
    endloop
  endfacet
  facet normal 0 0 1
    outer loop
      vertex -2.021213773742318 -1.0909201526492833 9.1111
      vertex -1.1046687097400427 -0.9711050460487605 9.1111
      vertex -1.1128467435836793 -0.9256474289745092 9.1111
    endloop
  endfacet
  facet normal 0 0 1
    outer loop
      vertex -2.021213773742318 -1.0909201526492833 9.1111
      vertex -1.1128467435836793 -0.9256474289745092 9.1111
      vertex -1.1200315924733877 -0.878315126568079 9.1111
    endloop
  endfacet
  facet normal 0 -1 0
    outer loop
      vertex -2.0333455629199744 -0.878315126568079 9.1111
      vertex -1.1200315924733877 -0.878315126568079 9.1111
      vertex -1.1200315924733877 -0.878315126568079 9.5692
    endloop
  endfacet
  facet normal 0.5441762934800554 0.8389708943785289 -1.0324043440827318e-19
    outer loop
      vertex -1.4512387055158615 -0.02897008393704891 9.1111
      vertex -1.4959026453495026 0 9.1111
      vertex -1.4959026453495026 0 9.5692
    endloop
  endfacet
  facet normal 0.4978994009352201 0.8672347932067467 0
    outer loop
      vertex -1.4512387055158615 -0.02897008393704891 9.1111
      vertex -1.4512387055158615 -0.02897008393704891 9.5692
      vertex -1.4013540559709072 -0.057610006272792814 9.1111
    endloop
  endfacet
  facet normal 0.45696334323234056 0.8894855271121178 2.9102886787101146e-19
    outer loop
      vertex -1.3462486967146396 -0.08591977459192277 9.1111
      vertex -1.4013540559709072 -0.057610006272792814 9.1111
      vertex -1.4013540559709072 -0.057610006272792814 9.5692
    endloop
  endfacet
  facet normal 0.4207533480476256 0.9071750768769574 0
    outer loop
      vertex -1.3462486967146396 -0.08591977459192277 9.1111
      vertex -1.3462486967146396 -0.08591977459192277 9.5692
      vertex -1.2859226125776768 -0.1138993813097477 9.1111
    endloop
  endfacet
  facet normal 0.3601389881516729 0.9328986596694676 -1.569923730732724e-18
    outer loop
      vertex -1.1496083227545024 -0.1688681326955557 9.1111
      vertex -1.2203758263140918 -0.14154883401095866 9.1111
      vertex -1.2203758263140918 -0.14154883401095866 9.5692
    endloop
  endfacet
  facet normal 0.38866353957464833 0.9213797550441977 0
    outer loop
      vertex -1.2859226125776768 -0.1138993813097477 9.1111
      vertex -1.2859226125776768 -0.1138993813097477 9.5692
      vertex -1.2203758263140918 -0.14154883401095866 9.1111
    endloop
  endfacet
  facet normal 0.5441762934800554 0.8389708943785289 0
    outer loop
      vertex -1.4512387055158615 -0.02897008393704891 9.1111
      vertex -1.4959026453495026 0 9.5692
      vertex -1.4512387055158615 -0.02897008393704891 9.5692
    endloop
  endfacet
  facet normal 0.4978994009352201 0.8672347932067467 0
    outer loop
      vertex -1.4013540559709072 -0.057610006272792814 9.1111
      vertex -1.4512387055158615 -0.02897008393704891 9.5692
      vertex -1.4013540559709072 -0.057610006272792814 9.5692
    endloop
  endfacet
  facet normal 0.45696334323234056 0.8894855271121178 0
    outer loop
      vertex -1.3462486967146396 -0.08591977459192277 9.1111
      vertex -1.4013540559709072 -0.057610006272792814 9.5692
      vertex -1.3462486967146396 -0.08591977459192277 9.5692
    endloop
  endfacet
  facet normal 0.4207533480476256 0.9071750768769574 0
    outer loop
      vertex -1.2859226125776768 -0.1138993813097477 9.1111
      vertex -1.3462486967146396 -0.08591977459192277 9.5692
      vertex -1.2859226125776768 -0.1138993813097477 9.5692
    endloop
  endfacet
  facet normal 0.3601389881516729 0.9328986596694676 0
    outer loop
      vertex -1.1496083227545024 -0.1688681326955557 9.1111
      vertex -1.2203758263140918 -0.14154883401095866 9.5692
      vertex -1.1496083227545024 -0.1688681326955557 9.5692
    endloop
  endfacet
  facet normal 0.38866353957464833 0.9213797550441977 0
    outer loop
      vertex -1.2203758263140918 -0.14154883401095866 9.1111
      vertex -1.2859226125776768 -0.1138993813097477 9.5692
      vertex -1.2203758263140918 -0.14154883401095866 9.5692
    endloop
  endfacet
  facet normal 0 0 1
    outer loop
      vertex -1.0699704775065184 -2.2552441867887976 9.1111
      vertex -0.9662433576881886 -2.2915086349695923 9.1111
      vertex -0.7207730461508036 -1.5230475113093853 9.1111
    endloop
  endfacet
  facet normal 0.38274344111246167 0.9238546737909549 0
    outer loop
      vertex -1.1691756955385209 -2.214144490480423 9.1111
      vertex -1.1691756955385209 -2.214144490480423 9.5692
      vertex -1.0699704775065184 -2.2552441867887976 9.1111
    endloop
  endfacet
  facet normal 0.33002575533166656 0.9439719279818457 0
    outer loop
      vertex -1.0699704775065184 -2.2552441867887976 9.1111
      vertex -1.0699704775065184 -2.2552441867887976 9.5692
      vertex -0.9662433576881886 -2.2915086349695923 9.1111
    endloop
  endfacet
  facet normal 0.27882694637802974 0.9603413632524131 0
    outer loop
      vertex -0.9662433576881886 -2.2915086349695923 9.1111
      vertex -0.9662433576881886 -2.2915086349695923 9.5692
      vertex -0.8579943284988404 -2.322937819853425 9.1111
    endloop
  endfacet
  facet normal 0 0 1
    outer loop
      vertex -1.2638590041995048 -2.1682095308750866 9.1111
      vertex -1.1691756955385209 -2.214144490480423 9.1111
      vertex -0.8239274080246687 -1.46282877330482 9.1111
    endloop
  endfacet
  facet normal 0 0 1
    outer loop
      vertex -1.3540204034894705 -2.1174393079727887 9.1111
      vertex -1.2638590041995048 -2.1682095308750866 9.1111
      vertex -0.8239274080246687 -1.46282877330482 9.1111
    endloop
  endfacet
  facet normal 0 0 1
    outer loop
      vertex -1.1691756955385209 -2.214144490480423 9.1111
      vertex -1.0699704775065184 -2.2552441867887976 9.1111
      vertex -0.7743168085366487 -1.494610881447792 9.1111
    endloop
  endfacet
  facet normal 0 0 1
    outer loop
      vertex -0.9662433576881886 -2.2915086349695923 9.1111
      vertex -0.8579943284988404 -2.322937819853425 9.1111
      vertex -0.6632961360365153 -1.5481386477202177 9.1111
    endloop
  endfacet
  facet normal 0 0 1
    outer loop
      vertex -0.8579943284988404 -2.322937819853425 9.1111
      vertex -0.7452233899384737 -2.349531741440296 9.1111
      vertex -0.6018860706090927 -1.5698843058496714 9.1111
    endloop
  endfacet
  facet normal 0 0 1
    outer loop
      vertex -0.7452233899384737 -2.349531741440296 9.1111
      vertex -0.6279305420070886 -2.3712904073148966 9.1111
      vertex -0.536542849868536 -1.5882844705283643 9.1111
    endloop
  endfacet
  facet normal 0 0 1
    outer loop
      vertex -1.0699704775065184 -2.2552441867887976 9.1111
      vertex -0.7207730461508036 -1.5230475113093853 9.1111
      vertex -0.7743168085366487 -1.494610881447792 9.1111
    endloop
  endfacet
  facet normal 0 0 1
    outer loop
      vertex -0.9662433576881886 -2.2915086349695923 9.1111
      vertex -0.6632961360365153 -1.5481386477202177 9.1111
      vertex -0.7207730461508036 -1.5230475113093853 9.1111
    endloop
  endfacet
  facet normal 0 0 1
    outer loop
      vertex -0.8579943284988404 -2.322937819853425 9.1111
      vertex -0.6018860706090927 -1.5698843058496714 9.1111
      vertex -0.6632961360365153 -1.5481386477202177 9.1111
    endloop
  endfacet
  facet normal 0 0 1
    outer loop
      vertex -0.7452233899384737 -2.349531741440296 9.1111
      vertex -0.536542849868536 -1.5882844705283643 9.1111
      vertex -0.6018860706090927 -1.5698843058496714 9.1111
    endloop
  endfacet
  facet normal 0.38274344111246167 0.9238546737909549 0
    outer loop
      vertex -1.0699704775065184 -2.2552441867887976 9.1111
      vertex -1.1691756955385209 -2.214144490480423 9.5692
      vertex -1.0699704775065184 -2.2552441867887976 9.5692
    endloop
  endfacet
  facet normal 0.33002575533166656 0.9439719279818457 0
    outer loop
      vertex -0.9662433576881886 -2.2915086349695923 9.1111
      vertex -1.0699704775065184 -2.2552441867887976 9.5692
      vertex -0.9662433576881886 -2.2915086349695923 9.5692
    endloop
  endfacet
  facet normal 0 0 1
    outer loop
      vertex -1.3540204034894705 -2.1174393079727887 9.1111
      vertex -0.8239274080246687 -1.46282877330482 9.1111
      vertex -0.8696048597842455 -1.4277011792957783 9.1111
    endloop
  endfacet
  facet normal 0 0 1
    outer loop
      vertex -1.4396598934084177 -2.0618338293582203 9.1111
      vertex -0.8696048597842455 -1.4277011792957783 9.1111
      vertex -0.9113491562306881 -1.3892280994206667 9.1111
    endloop
  endfacet
  facet normal 0 0 1
    outer loop
      vertex -1.5207774739563464 -2.0013930874466896 9.1111
      vertex -0.9113491562306881 -1.3892280994206667 9.1111
      vertex -0.9491602973639965 -1.3474095336794853 9.1111
    endloop
  endfacet
  facet normal 0 0 1
    outer loop
      vertex -1.1691756955385209 -2.214144490480423 9.1111
      vertex -0.7743168085366487 -1.494610881447792 9.1111
      vertex -0.8239274080246687 -1.46282877330482 9.1111
    endloop
  endfacet
  facet normal -0.8838173676408807 -0.46783208596284226 -1.1601845030924136e-18
    outer loop
      vertex -1.0196133623868227 -1.2368171459287405 9.1111
      vertex -1.0034898716658354 -1.267277265176177 9.1111
      vertex -1.0034898716658354 -1.267277265176177 9.5692
    endloop
  endfacet
  facet normal -0.9057454001352885 -0.42382221524333297 0
    outer loop
      vertex -1.0196133623868227 -1.2368171459287405 9.1111
      vertex -1.0196133623868227 -1.2368171459287405 9.5692
      vertex -1.034743675738573 -1.204482333764434 9.1111
    endloop
  endfacet
  facet normal -0.9396057638648879 -0.34225868653969943 0
    outer loop
      vertex -1.0488808041363955 -1.170272828683257 9.1111
      vertex -1.0488808041363955 -1.170272828683257 9.5692
      vertex -1.0620247475802898 -1.1341886458545924 9.1111
    endloop
  endfacet
  facet normal -0.9241935848871693 -0.3819243611677609 0
    outer loop
      vertex -1.034743675738573 -1.204482333764434 9.1111
      vertex -1.034743675738573 -1.204482333764434 9.5692
      vertex -1.0488808041363955 -1.170272828683257 9.1111
    endloop
  endfacet
  facet normal -0.8276959273142431 -0.5611768454840373 -9.358693338363661e-20
    outer loop
      vertex -0.9863731959909201 -1.2958627066761255 9.1111
      vertex -0.9682633353620768 -1.322573462843895 9.1111
      vertex -0.9682633353620768 -1.322573462843895 9.5692
    endloop
  endfacet
  facet normal -0.7926491580223065 -0.6096780398591773 0
    outer loop
      vertex -0.9491602973639965 -1.3474095336794853 9.1111
      vertex -0.9491602973639965 -1.3474095336794853 9.5692
      vertex -0.9682633353620768 -1.322573462843895 9.1111
    endloop
  endfacet
  facet normal -0.7417537404789358 -0.6706723406295414 0
    outer loop
      vertex -0.9113491562306881 -1.3892280994206667 9.1111
      vertex -0.9113491562306881 -1.3892280994206667 9.5692
      vertex -0.9491602973639965 -1.3474095336794853 9.1111
    endloop
  endfacet
  facet normal -0.6777081235463808 -0.7353310134077329 0
    outer loop
      vertex -0.8696048597842455 -1.4277011792957783 9.1111
      vertex -0.8696048597842455 -1.4277011792957783 9.5692
      vertex -0.9113491562306881 -1.3892280994206667 9.1111
    endloop
  endfacet
  facet normal -0.8579505912944175 -0.5137322093246242 0
    outer loop
      vertex -0.9863731959909201 -1.2958627066761255 9.1111
      vertex -0.9863731959909201 -1.2958627066761255 9.5692
      vertex -1.0034898716658354 -1.267277265176177 9.1111
    endloop
  endfacet
  facet normal -0.6096136406850524 -0.7926986874536349 -3.1584947621675486e-18
    outer loop
      vertex -0.8696048597842455 -1.4277011792957783 9.1111
      vertex -0.8239274080246687 -1.46282877330482 9.1111
      vertex -0.8239274080246687 -1.46282877330482 9.5692
    endloop
  endfacet
  facet normal -0.4690459576532038 -0.8831737595791606 0
    outer loop
      vertex -0.7207730461508036 -1.5230475113093853 9.1111
      vertex -0.7207730461508036 -1.5230475113093853 9.5692
      vertex -0.7743168085366487 -1.494610881447792 9.1111
    endloop
  endfacet
  facet normal -0.5394308156399169 -0.8420299253221669 0
    outer loop
      vertex -0.7743168085366487 -1.494610881447792 9.1111
      vertex -0.7743168085366487 -1.494610881447792 9.5692
      vertex -0.8239274080246687 -1.46282877330482 9.1111
    endloop
  endfacet
  facet normal -0.4000824553275698 -0.9164791481201648 2.8862480805639828e-18
    outer loop
      vertex -0.7207730461508036 -1.5230475113093853 9.1111
      vertex -0.6632961360365153 -1.5481386477202177 9.1111
      vertex -0.6632961360365153 -1.5481386477202177 9.5692
    endloop
  endfacet
  facet normal -0.3337961305878032 -0.9426452902362639 7.8050541250275335e-19
    outer loop
      vertex -0.6632961360365153 -1.5481386477202177 9.1111
      vertex -0.6018860706090927 -1.5698843058496714 9.1111
      vertex -0.6018860706090927 -1.5698843058496714 9.5692
    endloop
  endfacet
  facet normal -0.8838173676408807 -0.46783208596284226 0
    outer loop
      vertex -1.0196133623868227 -1.2368171459287405 9.1111
      vertex -1.0034898716658354 -1.267277265176177 9.5692
      vertex -1.0196133623868227 -1.2368171459287405 9.5692
    endloop
  endfacet
  facet normal -0.9241935848871693 -0.3819243611677609 0
    outer loop
      vertex -1.0488808041363955 -1.170272828683257 9.1111
      vertex -1.034743675738573 -1.204482333764434 9.5692
      vertex -1.0488808041363955 -1.170272828683257 9.5692
    endloop
  endfacet
  facet normal -0.9057454001352885 -0.42382221524333297 0
    outer loop
      vertex -1.034743675738573 -1.204482333764434 9.1111
      vertex -1.0196133623868227 -1.2368171459287405 9.5692
      vertex -1.034743675738573 -1.204482333764434 9.5692
    endloop
  endfacet
  facet normal -0.8276959273142431 -0.5611768454840373 0
    outer loop
      vertex -0.9863731959909201 -1.2958627066761255 9.1111
      vertex -0.9682633353620768 -1.322573462843895 9.5692
      vertex -0.9863731959909201 -1.2958627066761255 9.5692
    endloop
  endfacet
  facet normal -0.7417537404789358 -0.6706723406295414 0
    outer loop
      vertex -0.9491602973639965 -1.3474095336794853 9.1111
      vertex -0.9113491562306881 -1.3892280994206667 9.5692
      vertex -0.9491602973639965 -1.3474095336794853 9.5692
    endloop
  endfacet
  facet normal -0.7926491580223065 -0.6096780398591773 0
    outer loop
      vertex -0.9682633353620768 -1.322573462843895 9.1111
      vertex -0.9491602973639965 -1.3474095336794853 9.5692
      vertex -0.9682633353620768 -1.322573462843895 9.5692
    endloop
  endfacet
  facet normal -0.6777081235463808 -0.7353310134077329 0
    outer loop
      vertex -0.9113491562306881 -1.3892280994206667 9.1111
      vertex -0.8696048597842455 -1.4277011792957783 9.5692
      vertex -0.9113491562306881 -1.3892280994206667 9.5692
    endloop
  endfacet
  facet normal -0.8579505912944175 -0.5137322093246242 0
    outer loop
      vertex -1.0034898716658354 -1.267277265176177 9.1111
      vertex -0.9863731959909201 -1.2958627066761255 9.5692
      vertex -1.0034898716658354 -1.267277265176177 9.5692
    endloop
  endfacet
  facet normal -0.5394308156399169 -0.8420299253221669 0
    outer loop
      vertex -0.8239274080246687 -1.46282877330482 9.1111
      vertex -0.7743168085366487 -1.494610881447792 9.5692
      vertex -0.8239274080246687 -1.46282877330482 9.5692
    endloop
  endfacet
  facet normal -0.4690459576532038 -0.8831737595791606 0
    outer loop
      vertex -0.7743168085366487 -1.494610881447792 9.1111
      vertex -0.7207730461508036 -1.5230475113093853 9.5692
      vertex -0.7743168085366487 -1.494610881447792 9.5692
    endloop
  endfacet
  facet normal -0.4000824553275698 -0.9164791481201648 0
    outer loop
      vertex -0.7207730461508036 -1.5230475113093853 9.1111
      vertex -0.6632961360365153 -1.5481386477202177 9.5692
      vertex -0.7207730461508036 -1.5230475113093853 9.5692
    endloop
  endfacet
  facet normal -0.3337961305878032 -0.9426452902362639 0
    outer loop
      vertex -0.6632961360365153 -1.5481386477202177 9.1111
      vertex -0.6018860706090927 -1.5698843058496714 9.5692
      vertex -0.6632961360365153 -1.5481386477202177 9.5692
    endloop
  endfacet
  facet normal -0.27105112706594897 -0.9625649518428764 0
    outer loop
      vertex -0.6018860706090927 -1.5698843058496714 9.1111
      vertex -0.536542849868536 -1.5882844705283643 9.5692
      vertex -0.6018860706090927 -1.5698843058496714 9.5692
    endloop
  endfacet
  facet normal -0.6096136406850524 -0.7926986874536349 0
    outer loop
      vertex -0.8696048597842455 -1.4277011792957783 9.1111
      vertex -0.8239274080246687 -1.46282877330482 9.5692
      vertex -0.8696048597842455 -1.4277011792957783 9.5692
    endloop
  endfacet
  facet normal 0 0 1
    outer loop
      vertex -0.6279305420070886 -2.3712904073148966 9.1111
      vertex -0.5061157922893763 -2.3882138174772263 9.1111
      vertex -0.4672664738148451 -1.6033391569256783 9.1111
    endloop
  endfacet
  facet normal 0 0 1
    outer loop
      vertex -0.5061157922893763 -2.3882138174772263 9.1111
      vertex -0.37977913320064544 -2.400301964342594 9.1111
      vertex -0.39405694244802 -1.6150483574569225 9.1111
    endloop
  endfacet
  facet normal 0 0 1
    outer loop
      vertex -0.37977913320064544 -2.400301964342594 9.1111
      vertex -0.24892056474089622 -2.4075548479110003 9.1111
      vertex -0.3169142557680607 -1.623412072122097 9.1111
    endloop
  endfacet
  facet normal 0 0 1
    outer loop
      vertex -0.6279305420070886 -2.3712904073148966 9.1111
      vertex -0.4672664738148451 -1.6033391569256783 9.1111
      vertex -0.536542849868536 -1.5882844705283643 9.1111
    endloop
  endfacet
  facet normal 0 0 1
    outer loop
      vertex -0.5061157922893763 -2.3882138174772263 9.1111
      vertex -0.39405694244802 -1.6150483574569225 9.1111
      vertex -0.4672664738148451 -1.6033391569256783 9.1111
    endloop
  endfacet
  facet normal 0 0 1
    outer loop
      vertex -0.37977913320064544 -2.400301964342594 9.1111
      vertex -0.3169142557680607 -1.623412072122097 9.1111
      vertex -0.39405694244802 -1.6150483574569225 9.1111
    endloop
  endfacet
  facet normal 0 0 1
    outer loop
      vertex -0.24892056474089622 -2.4075548479110003 9.1111
      vertex -0.1135400869101286 -2.409972483351827 9.1111
      vertex -0.15082942405343056 -1.6301030362695457 9.1111
    endloop
  endfacet
  facet normal 0 0 1
    outer loop
      vertex -0.1135400869101286 -2.409972483351827 9.1111
      vertex 0.018889308989048004 -2.407519343972206 9.1111
      vertex -0.09948671625554562 -1.6296620168238878 9.1111
    endloop
  endfacet
  facet normal 0 0 1
    outer loop
      vertex -0.24892056474089622 -2.4075548479110003 9.1111
      vertex -0.23583842135965824 -1.6284303009212018 9.1111
      vertex -0.3169142557680607 -1.623412072122097 9.1111
    endloop
  endfacet
  facet normal 0 0 1
    outer loop
      vertex -0.24892056474089622 -2.4075548479110003 9.1111
      vertex -0.15082942405343056 -1.6301030362695457 9.1111
      vertex -0.23583842135965824 -1.6284303009212018 9.1111
    endloop
  endfacet
  facet normal 0 0 1
    outer loop
      vertex -0.1135400869101286 -2.409972483351827 9.1111
      vertex -0.09948671625554562 -1.6296620168238878 9.1111
      vertex -0.15082942405343056 -1.6301030362695457 9.1111
    endloop
  endfacet
  facet normal 0 0 1
    outer loop
      vertex 0.018889308989048004 -2.407519343972206 9.1111
      vertex -0.04965167059004307 -1.6283389509022237 9.1111
      vertex -0.09948671625554562 -1.6296620168238878 9.1111
    endloop
  endfacet
  facet normal 0 0 1
    outer loop
      vertex 0.018889308989048004 -2.407519343972206 9.1111
      vertex -0.0013242870569229125 -1.6261338309198619 9.1111
      vertex -0.04965167059004307 -1.6283389509022237 9.1111
    endloop
  endfacet
  facet normal -0.21235697282941443 -0.9771921592454205 7.090006090101632e-20
    outer loop
      vertex -0.536542849868536 -1.5882844705283643 9.1111
      vertex -0.4672664738148451 -1.6033391569256783 9.1111
      vertex -0.4672664738148451 -1.6033391569256783 9.5692
    endloop
  endfacet
  facet normal -0.27105112706594897 -0.9625649518428764 0
    outer loop
      vertex -0.536542849868536 -1.5882844705283643 9.1111
      vertex -0.536542849868536 -1.5882844705283643 9.5692
      vertex -0.6018860706090927 -1.5698843058496714 9.1111
    endloop
  endfacet
  facet normal -0.15793362812490103 -0.9874497299140376 -1.5324585955623664e-18
    outer loop
      vertex -0.4672664738148451 -1.6033391569256783 9.1111
      vertex -0.39405694244802 -1.6150483574569225 9.1111
      vertex -0.39405694244802 -1.6150483574569225 9.5692
    endloop
  endfacet
  facet normal -0.1077871150550154 -0.9941739977630258 -7.694181810359525e-19
    outer loop
      vertex -0.39405694244802 -1.6150483574569225 9.1111
      vertex -0.3169142557680607 -1.623412072122097 9.1111
      vertex -0.3169142557680607 -1.623412072122097 9.5692
    endloop
  endfacet
  facet normal -0.061777270863800623 -0.9980899602764375 -2.5257253959305965e-19
    outer loop
      vertex -0.3169142557680607 -1.623412072122097 9.1111
      vertex -0.23583842135965824 -1.6284303009212018 9.1111
      vertex -0.23583842135965824 -1.6284303009212018 9.5692
    endloop
  endfacet
  facet normal -0.01967334825416699 -0.9998064609555541 1.1974463898024704e-19
    outer loop
      vertex -0.23583842135965824 -1.6284303009212018 9.1111
      vertex -0.15082942405343056 -1.6301030362695457 9.1111
      vertex -0.15082942405343056 -1.6301030362695457 9.5692
    endloop
  endfacet
  facet normal 0.008589402381430479 -0.9999631104029437 2.06475008993606e-20
    outer loop
      vertex -0.15082942405343056 -1.6301030362695457 9.1111
      vertex -0.09948671625554562 -1.6296620168238878 9.1111
      vertex -0.09948671625554562 -1.6296620168238878 9.5692
    endloop
  endfacet
  facet normal 0.026539554093968156 -0.9996477639991465 1.731787953875016e-19
    outer loop
      vertex -0.09948671625554562 -1.6296620168238878 9.1111
      vertex -0.04965167059004307 -1.6283389509022237 9.1111
      vertex -0.04965167059004307 -1.6283389509022237 9.5692
    endloop
  endfacet
  facet normal 0.04558136370417263 -0.9989606294959115 -1.2137327478879778e-19
    outer loop
      vertex -0.04965167059004307 -1.6283389509022237 9.1111
      vertex -0.0013242870569229125 -1.6261338309198619 9.1111
      vertex -0.0013242870569229125 -1.6261338309198619 9.5692
    endloop
  endfacet
  facet normal -0.21235697282941443 -0.9771921592454205 0
    outer loop
      vertex -0.536542849868536 -1.5882844705283643 9.1111
      vertex -0.4672664738148451 -1.6033391569256783 9.5692
      vertex -0.536542849868536 -1.5882844705283643 9.5692
    endloop
  endfacet
  facet normal -0.15793362812490103 -0.9874497299140376 0
    outer loop
      vertex -0.4672664738148451 -1.6033391569256783 9.1111
      vertex -0.39405694244802 -1.6150483574569225 9.5692
      vertex -0.4672664738148451 -1.6033391569256783 9.5692
    endloop
  endfacet
  facet normal -0.1077871150550154 -0.9941739977630258 0
    outer loop
      vertex -0.39405694244802 -1.6150483574569225 9.1111
      vertex -0.3169142557680607 -1.623412072122097 9.5692
      vertex -0.39405694244802 -1.6150483574569225 9.5692
    endloop
  endfacet
  facet normal -0.061777270863800623 -0.9980899602764375 0
    outer loop
      vertex -0.3169142557680607 -1.623412072122097 9.1111
      vertex -0.23583842135965824 -1.6284303009212018 9.5692
      vertex -0.3169142557680607 -1.623412072122097 9.5692
    endloop
  endfacet
  facet normal -0.01967334825416699 -0.9998064609555541 0
    outer loop
      vertex -0.23583842135965824 -1.6284303009212018 9.1111
      vertex -0.15082942405343056 -1.6301030362695457 9.5692
      vertex -0.23583842135965824 -1.6284303009212018 9.5692
    endloop
  endfacet
  facet normal 0.008589402381430479 -0.9999631104029437 0
    outer loop
      vertex -0.15082942405343056 -1.6301030362695457 9.1111
      vertex -0.09948671625554562 -1.6296620168238878 9.5692
      vertex -0.15082942405343056 -1.6301030362695457 9.5692
    endloop
  endfacet
  facet normal 0.026539554093968156 -0.9996477639991465 0
    outer loop
      vertex -0.09948671625554562 -1.6296620168238878 9.1111
      vertex -0.04965167059004307 -1.6283389509022237 9.5692
      vertex -0.09948671625554562 -1.6296620168238878 9.5692
    endloop
  endfacet
  facet normal 0.04558136370417263 -0.9989606294959115 0
    outer loop
      vertex -0.04965167059004307 -1.6283389509022237 9.1111
      vertex -0.0013242870569229125 -1.6261338309198619 9.5692
      vertex -0.04965167059004307 -1.6283389509022237 9.5692
    endloop
  endfacet
  facet normal -0.9715650718499227 -0.23677269935795947 0
    outer loop
      vertex -1.0853330947756767 -1.0563962166160346 9.1111
      vertex -1.0853330947756767 -1.0563962166160346 9.5692
      vertex -1.0954974909424782 -1.0146879777908326 9.1111
    endloop
  endfacet
  facet normal -0.9523955331618421 -0.3048651315145279 0
    outer loop
      vertex -1.0620247475802898 -1.1341886458545924 9.1111
      vertex -1.0620247475802898 -1.1341886458545924 9.5692
      vertex -1.0741755136549473 -1.0962297776937484 9.1111
    endloop
  endfacet
  facet normal -0.962937753565018 -0.26972371560386865 0
    outer loop
      vertex -1.0741755136549473 -1.0962297776937484 9.1111
      vertex -1.0741755136549473 -1.0962297776937484 9.5692
      vertex -1.0853330947756767 -1.0563962166160346 9.1111
    endloop
  endfacet
  facet normal -0.9785684985045429 -0.20592157180481307 0
    outer loop
      vertex -1.0954974909424782 -1.0146879777908326 9.1111
      vertex -1.0954974909424782 -1.0146879777908326 9.5692
      vertex -1.1046687097400427 -0.9711050460487605 9.1111
    endloop
  endfacet
  facet normal -0.9841996922137976 -0.17706203954056957 0
    outer loop
      vertex -1.1046687097400427 -0.9711050460487605 9.1111
      vertex -1.1046687097400427 -0.9711050460487605 9.5692
      vertex -1.1128467435836793 -0.9256474289745092 9.1111
    endloop
  endfacet
  facet normal -0.98867435662693 -0.15007670221698566 0
    outer loop
      vertex -1.1128467435836793 -0.9256474289745092 9.1111
      vertex -1.1128467435836793 -0.9256474289745092 9.5692
      vertex -1.1200315924733877 -0.878315126568079 9.1111
    endloop
  endfacet
  facet normal -0.962937753565018 -0.26972371560386865 0
    outer loop
      vertex -1.0853330947756767 -1.0563962166160346 9.1111
      vertex -1.0741755136549473 -1.0962297776937484 9.5692
      vertex -1.0853330947756767 -1.0563962166160346 9.5692
    endloop
  endfacet
  facet normal -0.9715650718499227 -0.23677269935795947 0
    outer loop
      vertex -1.0954974909424782 -1.0146879777908326 9.1111
      vertex -1.0853330947756767 -1.0563962166160346 9.5692
      vertex -1.0954974909424782 -1.0146879777908326 9.5692
    endloop
  endfacet
  facet normal -0.9396057638648879 -0.34225868653969943 0
    outer loop
      vertex -1.0620247475802898 -1.1341886458545924 9.1111
      vertex -1.0488808041363955 -1.170272828683257 9.5692
      vertex -1.0620247475802898 -1.1341886458545924 9.5692
    endloop
  endfacet
  facet normal -0.9523955331618421 -0.3048651315145279 0
    outer loop
      vertex -1.0741755136549473 -1.0962297776937484 9.1111
      vertex -1.0620247475802898 -1.1341886458545924 9.5692
      vertex -1.0741755136549473 -1.0962297776937484 9.5692
    endloop
  endfacet
  facet normal -0.9785684985045429 -0.20592157180481307 0
    outer loop
      vertex -1.1046687097400427 -0.9711050460487605 9.1111
      vertex -1.0954974909424782 -1.0146879777908326 9.5692
      vertex -1.1046687097400427 -0.9711050460487605 9.5692
    endloop
  endfacet
  facet normal -0.9841996922137976 -0.17706203954056957 0
    outer loop
      vertex -1.1128467435836793 -0.9256474289745092 9.1111
      vertex -1.1046687097400427 -0.9711050460487605 9.5692
      vertex -1.1128467435836793 -0.9256474289745092 9.5692
    endloop
  endfacet
  facet normal -0.98867435662693 -0.15007670221698566 0
    outer loop
      vertex -1.1200315924733877 -0.878315126568079 9.1111
      vertex -1.1128467435836793 -0.9256474289745092 9.5692
      vertex -1.1200315924733877 -0.878315126568079 9.5692
    endloop
  endfacet
  facet normal 0.3346915159512469 0.9423277503874414 0
    outer loop
      vertex -1.1496083227545024 -0.1688681326955557 9.1111
      vertex -1.1496083227545024 -0.1688681326955557 9.5692
      vertex -1.0736201018989087 -0.1958572697788477 9.1111
    endloop
  endfacet
  facet normal 0.31190028142908693 0.9501148427661028 0
    outer loop
      vertex -1.0736201018989087 -0.1958572697788477 9.1111
      vertex -1.0736201018989087 -0.1958572697788477 9.5692
      vertex -0.9924111713320017 -0.2225162452608347 9.1111
    endloop
  endfacet
  facet normal 0.29140619751456037 0.9565994083471435 -1.2998424415517593e-18
    outer loop
      vertex -0.9059815234690904 -0.24884506672620774 9.1111
      vertex -0.9924111713320017 -0.2225162452608347 9.1111
      vertex -0.9924111713320017 -0.2225162452608347 9.5692
    endloop
  endfacet
  facet normal 0.2729044230115047 0.9620411508354296 0
    outer loop
      vertex -0.9059815234690904 -0.24884506672620774 9.1111
      vertex -0.9059815234690904 -0.24884506672620774 9.5692
      vertex -0.814331165894866 -0.2748437341749668 9.1111
    endloop
  endfacet
  facet normal 0.24088362251383078 0.9705540069489252 0
    outer loop
      vertex -0.7174600910246373 -0.3005122476071119 9.1111
      vertex -0.7174600910246373 -0.3005122476071119 9.5692
      vertex -0.6153683064430953 -0.325850599437952 9.1111
    endloop
  endfacet
  facet normal 0.22695940860477803 0.973904218517288 0
    outer loop
      vertex -0.6153683064430953 -0.325850599437952 9.1111
      vertex -0.6153683064430953 -0.325850599437952 9.5692
      vertex -0.5080558045655489 -0.3508587896674871 9.1111
    endloop
  endfacet
  facet normal 0 0 1
    outer loop
      vertex -0.814331165894866 -0.2748437341749668 9.1111
      vertex -0.7174600910246373 -0.3005122476071119 9.1111
      vertex -0.5105471632033587 0.5673365210741759 9.1111
    endloop
  endfacet
  facet normal 0 0 1
    outer loop
      vertex -0.7174600910246373 -0.3005122476071119 9.1111
      vertex -0.6153683064430953 -0.325850599437952 9.1111
      vertex -0.45341857244074346 0.5517697921842337 9.1111
    endloop
  endfacet
  facet normal 0.25613659393214094 0.9666405977657061 0
    outer loop
      vertex -0.814331165894866 -0.2748437341749668 9.1111
      vertex -0.814331165894866 -0.2748437341749668 9.5692
      vertex -0.7174600910246373 -0.3005122476071119 9.1111
    endloop
  endfacet
  facet normal 0.3346915159512469 0.9423277503874414 0
    outer loop
      vertex -1.0736201018989087 -0.1958572697788477 9.1111
      vertex -1.1496083227545024 -0.1688681326955557 9.5692
      vertex -1.0736201018989087 -0.1958572697788477 9.5692
    endloop
  endfacet
  facet normal 0.31190028142908693 0.9501148427661028 0
    outer loop
      vertex -0.9924111713320017 -0.2225162452608347 9.1111
      vertex -1.0736201018989087 -0.1958572697788477 9.5692
      vertex -0.9924111713320017 -0.2225162452608347 9.5692
    endloop
  endfacet
  facet normal 0.29140619751456037 0.9565994083471435 0
    outer loop
      vertex -0.9059815234690904 -0.24884506672620774 9.1111
      vertex -0.9924111713320017 -0.2225162452608347 9.5692
      vertex -0.9059815234690904 -0.24884506672620774 9.5692
    endloop
  endfacet
  facet normal 0.25613659393214094 0.9666405977657061 0
    outer loop
      vertex -0.7174600910246373 -0.3005122476071119 9.1111
      vertex -0.814331165894866 -0.2748437341749668 9.5692
      vertex -0.7174600910246373 -0.3005122476071119 9.5692
    endloop
  endfacet
  facet normal 0.24088362251383078 0.9705540069489252 0
    outer loop
      vertex -0.6153683064430953 -0.325850599437952 9.1111
      vertex -0.7174600910246373 -0.3005122476071119 9.5692
      vertex -0.6153683064430953 -0.325850599437952 9.5692
    endloop
  endfacet
  facet normal 0.2729044230115047 0.9620411508354296 0
    outer loop
      vertex -0.814331165894866 -0.2748437341749668 9.1111
      vertex -0.9059815234690904 -0.24884506672620774 9.5692
      vertex -0.814331165894866 -0.2748437341749668 9.5692
    endloop
  endfacet
  facet normal 0.21878565045627385 0.9757729444673208 0
    outer loop
      vertex -0.5080558045655489 -0.3508587896674871 9.1111
      vertex -0.5080558045655489 -0.3508587896674871 9.5692
      vertex -0.02343181838095188 -0.45952010749280453 9.1111
    endloop
  endfacet
  facet normal 0 0 1
    outer loop
      vertex -0.6153683064430953 -0.325850599437952 9.1111
      vertex -0.5080558045655489 -0.3508587896674871 9.1111
      vertex -0.3279132637530565 0.5196442416459323 9.1111
    endloop
  endfacet
  facet normal 0.22053330449752376 0.9753794449379187 0
    outer loop
      vertex -0.02343181838095188 -0.45952010749280453 9.1111
      vertex -0.02343181838095188 -0.45952010749280453 9.5692
      vertex 0.04069947491586209 -0.47402019369602205 9.1111
    endloop
  endfacet
  facet normal 0 0 1
    outer loop
      vertex -0.5080558045655489 -0.3508587896674871 9.1111
      vertex -0.02343181838095188 -0.45952010749280453 9.1111
      vertex -0.25953655341267584 0.503085419997573 9.1111
    endloop
  endfacet
  facet normal 0.22695940860477803 0.973904218517288 0
    outer loop
      vertex -0.5080558045655489 -0.3508587896674871 9.1111
      vertex -0.6153683064430953 -0.325850599437952 9.5692
      vertex -0.5080558045655489 -0.3508587896674871 9.5692
    endloop
  endfacet
  facet normal 0.21878565045627385 0.9757729444673208 0
    outer loop
      vertex -0.02343181838095188 -0.45952010749280453 9.1111
      vertex -0.5080558045655489 -0.3508587896674871 9.5692
      vertex -0.02343181838095188 -0.45952010749280453 9.5692
    endloop
  endfacet
  facet normal 1 0 0
    outer loop
      vertex -6.028573092594743 -2.2926988777816297 9.1111
      vertex -6.028573092594743 2.2868351986408233 9.1111
      vertex -6.028573092594743 2.2868351986408233 9.5692
    endloop
  endfacet
  facet normal 0 0 1
    outer loop
      vertex -6.028573092594743 -2.2926988777816297 9.1111
      vertex -5.093499371662736 0.5013446423858404 9.1111
      vertex -6.028573092594743 2.2868351986408233 9.1111
    endloop
  endfacet
  facet normal -1 0 0
    outer loop
      vertex -5.093499371662736 0.5013446423858404 9.1111
      vertex -5.093499371662736 0.5013446423858404 9.5692
      vertex -5.093499371662736 1.4747155162841081 9.1111
    endloop
  endfacet
  facet normal -1 0 0
    outer loop
      vertex -5.093499371662736 1.4747155162841081 9.1111
      vertex -5.093499371662736 0.5013446423858404 9.5692
      vertex -5.093499371662736 1.4747155162841081 9.5692
    endloop
  endfacet
  facet normal 0 0 1
    outer loop
      vertex -5.093499371662736 0.5013446423858404 9.1111
      vertex -5.093499371662736 1.4747155162841081 9.1111
      vertex -6.028573092594743 2.2868351986408233 9.1111
    endloop
  endfacet
  facet normal 0 -1 0
    outer loop
      vertex -6.028573092594743 2.2868351986408233 9.1111
      vertex -2.6704710486382246 2.2868351986408233 9.5692
      vertex -6.028573092594743 2.2868351986408233 9.5692
    endloop
  endfacet
  facet normal 0 0 1
    outer loop
      vertex -5.093499371662736 -0.2931840025484562 9.1111
      vertex -2.8692864465266466 0.5013446423858404 9.1111
      vertex -5.093499371662736 0.5013446423858404 9.1111
    endloop
  endfacet
  facet normal 0 -1 0
    outer loop
      vertex -5.093499371662736 0.5013446423858404 9.1111
      vertex -2.8692864465266466 0.5013446423858404 9.5692
      vertex -5.093499371662736 0.5013446423858404 9.5692
    endloop
  endfacet
  facet normal 0 -1 0
    outer loop
      vertex -5.093499371662736 0.5013446423858404 9.1111
      vertex -2.8692864465266466 0.5013446423858404 9.1111
      vertex -2.8692864465266466 0.5013446423858404 9.5692
    endloop
  endfacet
  facet normal 0 1 0
    outer loop
      vertex -5.093499371662736 1.4747155162841081 9.1111
      vertex -5.093499371662736 1.4747155162841081 9.5692
      vertex -2.6704710486382246 1.4747155162841081 9.1111
    endloop
  endfacet
  facet normal 0 0 1
    outer loop
      vertex -5.093499371662736 1.4747155162841081 9.1111
      vertex -2.6704710486382246 2.2868351986408233 9.1111
      vertex -6.028573092594743 2.2868351986408233 9.1111
    endloop
  endfacet
  facet normal 0 1 0
    outer loop
      vertex -2.6704710486382246 1.4747155162841081 9.1111
      vertex -5.093499371662736 1.4747155162841081 9.5692
      vertex -2.6704710486382246 1.4747155162841081 9.5692
    endloop
  endfacet
  facet normal 0 -1 0
    outer loop
      vertex -6.028573092594743 2.2868351986408233 9.1111
      vertex -2.6704710486382246 2.2868351986408233 9.1111
      vertex -2.6704710486382246 2.2868351986408233 9.5692
    endloop
  endfacet
  facet normal 0 0 1
    outer loop
      vertex -5.093499371662736 1.4747155162841081 9.1111
      vertex -2.6704710486382246 1.4747155162841081 9.1111
      vertex -2.6704710486382246 2.2868351986408233 9.1111
    endloop
  endfacet
  facet normal -1 0 0
    outer loop
      vertex -2.8692864465266466 0.5013446423858404 9.1111
      vertex -2.8692864465266466 -0.2931840025484562 9.5692
      vertex -2.8692864465266466 0.5013446423858404 9.5692
    endloop
  endfacet
  facet normal -1 0 0
    outer loop
      vertex -2.6704710486382246 1.4747155162841081 9.1111
      vertex -2.6704710486382246 1.4747155162841081 9.5692
      vertex -2.6704710486382246 2.2868351986408233 9.1111
    endloop
  endfacet
  facet normal -1 0 0
    outer loop
      vertex -2.6704710486382246 2.2868351986408233 9.1111
      vertex -2.6704710486382246 1.4747155162841081 9.5692
      vertex -2.6704710486382246 2.2868351986408233 9.5692
    endloop
  endfacet
  facet normal 0.8241113892258366 0.5664277695772532 -7.816633356432598e-19
    outer loop
      vertex -1.736920712903142 0.22871387834846973 9.1111
      vertex -1.7834810227006674 0.2964557576328516 9.1111
      vertex -1.7834810227006674 0.2964557576328516 9.5692
    endloop
  endfacet
  facet normal 0.9364419821181615 0.3508224823562605 2.261660626400173e-18
    outer loop
      vertex -1.8601685824096204 0.4446155979782343 9.1111
      vertex -1.8902958399057388 0.5250335590392351 9.1111
      vertex -1.8902958399057388 0.5250335590392351 9.5692
    endloop
  endfacet
  facet normal 0.8684588455969241 0.49576126664399467 -2.3676344252589372e-18
    outer loop
      vertex -1.7834810227006674 0.2964557576328516 9.1111
      vertex -1.8245636458694936 0.3684229924529791 9.1111
      vertex -1.8245636458694936 0.3684229924529791 9.5692
    endloop
  endfacet
  facet normal 0.9059625376992656 0.42335786314359025 3.4748011354554057e-19
    outer loop
      vertex -1.8245636458694936 0.3684229924529791 9.1111
      vertex -1.8601685824096204 0.4446155979782343 9.1111
      vertex -1.8601685824096204 0.4446155979782343 9.5692
    endloop
  endfacet
  facet normal 0.8241113892258366 0.5664277695772532 0
    outer loop
      vertex -1.736920712903142 0.22871387834846973 9.1111
      vertex -1.7834810227006674 0.2964557576328516 9.5692
      vertex -1.736920712903142 0.22871387834846973 9.5692
    endloop
  endfacet
  facet normal 0.9601159564466347 0.2796021283477003 0
    outer loop
      vertex -1.8902958399057388 0.5250335590392351 9.1111
      vertex -1.9149454183578491 0.6096768832206726 9.5692
      vertex -1.8902958399057388 0.5250335590392351 9.5692
    endloop
  endfacet
  facet normal 0.9059625376992656 0.42335786314359025 0
    outer loop
      vertex -1.8245636458694936 0.3684229924529791 9.1111
      vertex -1.8601685824096204 0.4446155979782343 9.5692
      vertex -1.8245636458694936 0.3684229924529791 9.5692
    endloop
  endfacet
  facet normal 0.8684588455969241 0.49576126664399467 0
    outer loop
      vertex -1.7834810227006674 0.2964557576328516 9.1111
      vertex -1.8245636458694936 0.3684229924529791 9.5692
      vertex -1.7834810227006674 0.2964557576328516 9.5692
    endloop
  endfacet
  facet normal 0.9364419821181615 0.3508224823562605 0
    outer loop
      vertex -1.8601685824096204 0.4446155979782343 9.1111
      vertex -1.8902958399057388 0.5250335590392351 9.5692
      vertex -1.8601685824096204 0.4446155979782343 9.5692
    endloop
  endfacet
  facet normal 0.9601159564466347 0.2796021283477003 8.024685931354953e-19
    outer loop
      vertex -1.8902958399057388 0.5250335590392351 9.1111
      vertex -1.9149454183578491 0.6096768832206726 9.1111
      vertex -1.9149454183578491 0.6096768832206726 9.5692
    endloop
  endfacet
  facet normal 0.9775116711839409 0.21088132373251842 -2.4313830183571205e-18
    outer loop
      vertex -1.9149454183578491 0.6096768832206726 9.1111
      vertex -1.93411731018126 0.6985455781072378 9.1111
      vertex -1.93411731018126 0.6985455781072378 9.5692
    endloop
  endfacet
  facet normal 0.9964548608848767 0.08412912824284383 3.5077316928066275e-19
    outer loop
      vertex -1.9478115153759719 0.7916396285295486 9.1111
      vertex -1.9560280415266753 0.8889590420722961 9.1111
      vertex -1.9560280415266753 0.8889590420722961 9.5692
    endloop
  endfacet
  facet normal 0.9893531627947603 0.14553459818202868 1.2786335168782238e-18
    outer loop
      vertex -1.93411731018126 0.6985455781072378 9.1111
      vertex -1.9478115153759719 0.7916396285295486 9.1111
      vertex -1.9478115153759719 0.7916396285295486 9.5692
    endloop
  endfacet
  facet normal 0.9996364588903138 0.02696201137218456 -3.169609655722319e-19
    outer loop
      vertex -1.9560280415266753 0.8889590420722961 9.1111
      vertex -1.9587668886333705 0.9905038187354803 9.1111
      vertex -1.9587668886333705 0.9905038187354803 9.5692
    endloop
  endfacet
  facet normal 0.9995982281336144 -0.028343999579074807 -5.04208903378146e-19
    outer loop
      vertex -1.9587668886333705 0.9905038187354803 9.1111
      vertex -1.9561199376434089 1.0838529423177243 9.1111
      vertex -1.9561199376434089 1.0838529423177243 9.5692
    endloop
  endfacet
  facet normal 0.996204928071824 -0.08703873439688811 3.895657465398041e-19
    outer loop
      vertex -1.9561199376434089 1.0838529423177243 9.1111
      vertex -1.9481790846735239 1.1747402572184802 9.1111
      vertex -1.9481790846735239 1.1747402572184802 9.5692
    endloop
  endfacet
  facet normal 0.9775116711839409 0.21088132373251842 0
    outer loop
      vertex -1.9149454183578491 0.6096768832206726 9.1111
      vertex -1.93411731018126 0.6985455781072378 9.5692
      vertex -1.9149454183578491 0.6096768832206726 9.5692
    endloop
  endfacet
  facet normal 0.9964548608848767 0.08412912824284383 0
    outer loop
      vertex -1.9478115153759719 0.7916396285295486 9.1111
      vertex -1.9560280415266753 0.8889590420722961 9.5692
      vertex -1.9478115153759719 0.7916396285295486 9.5692
    endloop
  endfacet
  facet normal 0.9893531627947603 0.14553459818202868 0
    outer loop
      vertex -1.93411731018126 0.6985455781072378 9.1111
      vertex -1.9478115153759719 0.7916396285295486 9.5692
      vertex -1.93411731018126 0.6985455781072378 9.5692
    endloop
  endfacet
  facet normal 0.9996364588903138 0.02696201137218456 0
    outer loop
      vertex -1.9560280415266753 0.8889590420722961 9.1111
      vertex -1.9587668886333705 0.9905038187354803 9.5692
      vertex -1.9560280415266753 0.8889590420722961 9.5692
    endloop
  endfacet
  facet normal 0.9995982281336144 -0.028343999579074807 0
    outer loop
      vertex -1.9587668886333705 0.9905038187354803 9.1111
      vertex -1.9561199376434089 1.0838529423177243 9.5692
      vertex -1.9587668886333705 0.9905038187354803 9.5692
    endloop
  endfacet
  facet normal 0.996204928071824 -0.08703873439688811 0
    outer loop
      vertex -1.9561199376434089 1.0838529423177243 9.1111
      vertex -1.9481790846735239 1.1747402572184802 9.5692
      vertex -1.9561199376434089 1.0838529423177243 9.5692
    endloop
  endfacet
  facet normal 0.658143086420071 0.7528928727232467 0
    outer loop
      vertex -1.6273670410066843 0.10590621672570706 9.1111
      vertex -1.6273670410066843 0.10590621672570706 9.5692
      vertex -1.5643736864924431 0.050840426802635195 9.1111
    endloop
  endfacet
  facet normal 0.7735396936010396 0.6337478539794905 -3.766662756877522e-18
    outer loop
      vertex -1.6848827164769173 0.16519736218452455 9.1111
      vertex -1.736920712903142 0.22871387834846973 9.1111
      vertex -1.736920712903142 0.22871387834846973 9.5692
    endloop
  endfacet
  facet normal 0.7177719296479417 0.6962782899168048 8.651086089477122e-19
    outer loop
      vertex -1.6273670410066843 0.10590621672570706 9.1111
      vertex -1.6848827164769173 0.16519736218452455 9.1111
      vertex -1.6848827164769173 0.16519736218452455 9.5692
    endloop
  endfacet
  facet normal 0.5961443393129529 0.8028772799781566 0
    outer loop
      vertex -1.5643736864924431 0.050840426802635195 9.1111
      vertex -1.5643736864924431 0.050840426802635195 9.5692
      vertex -1.4959026453495026 0 9.1111
    endloop
  endfacet
  facet normal 0 0 1
    outer loop
      vertex -1.6848827164769173 0.16519736218452455 9.1111
      vertex -0.9910910861939192 0.8041042870432139 9.1111
      vertex -1.736920712903142 0.22871387834846973 9.1111
    endloop
  endfacet
  facet normal 0 0 1
    outer loop
      vertex -1.7834810227006674 0.2964557576328516 9.1111
      vertex -1.0103922742456197 0.8308247971236706 9.1111
      vertex -1.8245636458694936 0.3684229924529791 9.1111
    endloop
  endfacet
  facet normal 0 0 1
    outer loop
      vertex -1.8245636458694936 0.3684229924529791 9.1111
      vertex -1.0271199690401553 0.8590155692249537 9.1111
      vertex -1.8601685824096204 0.4446155979782343 9.1111
    endloop
  endfacet
  facet normal 0 0 1
    outer loop
      vertex -1.736920712903142 0.22871387834846973 9.1111
      vertex -1.0103922742456197 0.8308247971236706 9.1111
      vertex -1.7834810227006674 0.2964557576328516 9.1111
    endloop
  endfacet
  facet normal 0 0 1
    outer loop
      vertex -1.5643736864924431 0.050840426802635195 9.1111
      vertex -1.4959026453495026 0 9.1111
      vertex -0.9447682303190231 0.7550740301907063 9.1111
    endloop
  endfacet
  facet normal 0 0 1
    outer loop
      vertex -1.4512387055158615 -0.02897008393704891 9.1111
      vertex -1.4013540559709072 -0.057610006272792814 9.1111
      vertex -0.9177465624958276 0.7327642910033465 9.1111
    endloop
  endfacet
  facet normal 0 0 1
    outer loop
      vertex -1.4512387055158615 -0.02897008393704891 9.1111
      vertex -0.9177465624958276 0.7327642910033465 9.1111
      vertex -1.4959026453495026 0 9.1111
    endloop
  endfacet
  facet normal 0 0 1
    outer loop
      vertex -1.3462486967146396 -0.08591977459192277 9.1111
      vertex -0.8881514014154672 0.711924806252122 9.1111
      vertex -1.4013540559709072 -0.057610006272792814 9.1111
    endloop
  endfacet
  facet normal 0 0 1
    outer loop
      vertex -1.3462486967146396 -0.08591977459192277 9.1111
      vertex -1.2859226125776768 -0.1138993813097477 9.1111
      vertex -0.8881514014154672 0.711924806252122 9.1111
    endloop
  endfacet
  facet normal 0 0 1
    outer loop
      vertex -1.6273670410066843 0.10590621672570706 9.1111
      vertex -0.9692163973003626 0.7788540313988924 9.1111
      vertex -1.6848827164769173 0.16519736218452455 9.1111
    endloop
  endfacet
  facet normal 0 0 1
    outer loop
      vertex -1.6273670410066843 0.10590621672570706 9.1111
      vertex -1.5643736864924431 0.050840426802635195 9.1111
      vertex -0.9447682303190231 0.7550740301907063 9.1111
    endloop
  endfacet
  facet normal 0 0 1
    outer loop
      vertex -1.6273670410066843 0.10590621672570706 9.1111
      vertex -0.9447682303190231 0.7550740301907063 9.1111
      vertex -0.9692163973003626 0.7788540313988924 9.1111
    endloop
  endfacet
  facet normal 0.658143086420071 0.7528928727232467 0
    outer loop
      vertex -1.5643736864924431 0.050840426802635195 9.1111
      vertex -1.6273670410066843 0.10590621672570706 9.5692
      vertex -1.5643736864924431 0.050840426802635195 9.5692
    endloop
  endfacet
  facet normal 0.7177719296479417 0.6962782899168048 0
    outer loop
      vertex -1.6273670410066843 0.10590621672570706 9.1111
      vertex -1.6848827164769173 0.16519736218452455 9.5692
      vertex -1.6273670410066843 0.10590621672570706 9.5692
    endloop
  endfacet
  facet normal 0.7735396936010396 0.6337478539794905 0
    outer loop
      vertex -1.6848827164769173 0.16519736218452455 9.1111
      vertex -1.736920712903142 0.22871387834846973 9.5692
      vertex -1.6848827164769173 0.16519736218452455 9.5692
    endloop
  endfacet
  facet normal 0.5961443393129529 0.8028772799781566 0
    outer loop
      vertex -1.4959026453495026 0 9.1111
      vertex -1.5643736864924431 0.050840426802635195 9.5692
      vertex -1.4959026453495026 0 9.5692
    endloop
  endfacet
  facet normal 0 0 1
    outer loop
      vertex -1.8601685824096204 0.4446155979782343 9.1111
      vertex -1.0271199690401553 0.8590155692249537 9.1111
      vertex -1.8902958399057388 0.5250335590392351 9.1111
    endloop
  endfacet
  facet normal 0 0 1
    outer loop
      vertex -1.8902958399057388 0.5250335590392351 9.1111
      vertex -1.0412741781622172 0.888676595762372 9.1111
      vertex -1.9149454183578491 0.6096768832206726 9.1111
    endloop
  endfacet
  facet normal 0 0 1
    outer loop
      vertex -1.9149454183578491 0.6096768832206726 9.1111
      vertex -1.052854886442423 0.9198078767359257 9.1111
      vertex -1.93411731018126 0.6985455781072378 9.1111
    endloop
  endfacet
  facet normal 0 0 1
    outer loop
      vertex -1.93411731018126 0.6985455781072378 9.1111
      vertex -1.0618621090501548 0.9524094197303057 9.1111
      vertex -1.9478115153759719 0.7916396285295486 9.1111
    endloop
  endfacet
  facet normal 0 0 1
    outer loop
      vertex -1.9478115153759719 0.7916396285295486 9.1111
      vertex -1.0682958384007215 0.9864812171608209 9.1111
      vertex -1.9560280415266753 0.8889590420722961 9.1111
    endloop
  endfacet
  facet normal 0 0 1
    outer loop
      vertex -1.9560280415266753 0.8889590420722961 9.1111
      vertex -1.0721560820788145 1.0220232690274715 9.1111
      vertex -1.9587668886333705 0.9905038187354803 9.1111
    endloop
  endfacet
  facet normal 0 0 1
    outer loop
      vertex -1.9587668886333705 0.9905038187354803 9.1111
      vertex -1.0734428249150514 1.0590355829149485 9.1111
      vertex -1.9561199376434089 1.0838529423177243 9.1111
    endloop
  endfacet
  facet normal 0 0 1
    outer loop
      vertex -1.9561199376434089 1.0838529423177243 9.1111
      vertex -1.0721376436948777 1.0994253597259522 9.1111
      vertex -1.9481790846735239 1.1747402572184802 9.1111
    endloop
  endfacet
  facet normal 0 0 1
    outer loop
      vertex -1.8902958399057388 0.5250335590392351 9.1111
      vertex -1.0271199690401553 0.8590155692249537 9.1111
      vertex -1.0412741781622172 0.888676595762372 9.1111
    endloop
  endfacet
  facet normal 0 0 1
    outer loop
      vertex -1.9149454183578491 0.6096768832206726 9.1111
      vertex -1.0412741781622172 0.888676595762372 9.1111
      vertex -1.052854886442423 0.9198078767359257 9.1111
    endloop
  endfacet
  facet normal 0 0 1
    outer loop
      vertex -1.93411731018126 0.6985455781072378 9.1111
      vertex -1.052854886442423 0.9198078767359257 9.1111
      vertex -1.0618621090501548 0.9524094197303057 9.1111
    endloop
  endfacet
  facet normal 0 0 1
    outer loop
      vertex -1.736920712903142 0.22871387834846973 9.1111
      vertex -0.9910910861939192 0.8041042870432139 9.1111
      vertex -1.0103922742456197 0.8308247971236706 9.1111
    endloop
  endfacet
  facet normal 0 0 1
    outer loop
      vertex -1.8245636458694936 0.3684229924529791 9.1111
      vertex -1.0103922742456197 0.8308247971236706 9.1111
      vertex -1.0271199690401553 0.8590155692249537 9.1111
    endloop
  endfacet
  facet normal 0 0 1
    outer loop
      vertex -1.6848827164769173 0.16519736218452455 9.1111
      vertex -0.9692163973003626 0.7788540313988924 9.1111
      vertex -0.9910910861939192 0.8041042870432139 9.1111
    endloop
  endfacet
  facet normal 0 0 1
    outer loop
      vertex -1.9478115153759719 0.7916396285295486 9.1111
      vertex -1.0618621090501548 0.9524094197303057 9.1111
      vertex -1.0682958384007215 0.9864812171608209 9.1111
    endloop
  endfacet
  facet normal 0 0 1
    outer loop
      vertex -1.9560280415266753 0.8889590420722961 9.1111
      vertex -1.0682958384007215 0.9864812171608209 9.1111
      vertex -1.0721560820788145 1.0220232690274715 9.1111
    endloop
  endfacet
  facet normal 0 0 1
    outer loop
      vertex -1.9587668886333705 0.9905038187354803 9.1111
      vertex -1.0721560820788145 1.0220232690274715 9.1111
      vertex -1.0734428249150514 1.0590355829149485 9.1111
    endloop
  endfacet
  facet normal 0 0 1
    outer loop
      vertex -1.9561199376434089 1.0838529423177243 9.1111
      vertex -1.0734428249150514 1.0590355829149485 9.1111
      vertex -1.0721376436948777 1.0994253597259522 9.1111
    endloop
  endfacet
  facet normal 0 0 1
    outer loop
      vertex -1.9481790846735239 1.1747402572184802 9.1111
      vertex -1.0721376436948777 1.0994253597259522 9.1111
      vertex -1.0682221076190472 1.138418620467186 9.1111
    endloop
  endfacet
  facet normal 0.9889839977988065 -0.14802247159769474 -1.3826184649883806e-18
    outer loop
      vertex -1.9481790846735239 1.1747402572184802 9.1111
      vertex -1.9349443297237159 1.263165755853057 9.1111
      vertex -1.9349443297237159 1.263165755853057 9.5692
    endloop
  endfacet
  facet normal 0.9775503996928319 -0.21070172296491693 6.484020563065998e-19
    outer loop
      vertex -1.9349443297237159 1.263165755853057 9.1111
      vertex -1.9164156727939845 1.3491294382214547 9.1111
      vertex -1.9164156727939845 1.3491294382214547 9.5692
    endloop
  endfacet
  facet normal 0.9616307320940499 -0.27434710695077785 -4.390396976117841e-18
    outer loop
      vertex -1.9164156727939845 1.3491294382214547 9.1111
      vertex -1.8925931214690208 1.4326313119083642 9.1111
      vertex -1.8925931214690208 1.4326313119083642 9.5692
    endloop
  endfacet
  facet normal 0.9411017301571302 -0.33812354767932984 1.5833856772860271e-18
    outer loop
      vertex -1.8925931214690208 1.4326313119083642 9.1111
      vertex -1.863476660579443 1.5136713693290949 9.1111
      vertex -1.863476660579443 1.5136713693290949 9.5692
    endloop
  endfacet
  facet normal 0.9160186916879623 -0.40113558366003105 3.808069636995483e-18
    outer loop
      vertex -1.863476660579443 1.5136713693290949 9.1111
      vertex -1.829066305294633 1.5922496104836463 9.1111
      vertex -1.829066305294633 1.5922496104836463 9.5692
    endloop
  endfacet
  facet normal 0.8866262307550205 -0.46248667757800893 -4.1817897069268545e-18
    outer loop
      vertex -1.829066305294633 1.5922496104836463 9.1111
      vertex -1.7893620480298997 1.66836604295671 9.1111
      vertex -1.7893620480298997 1.66836604295671 9.5692
    endloop
  endfacet
  facet normal 0.8533488407383623 -0.5213403456577029 -5.144943690793469e-18
    outer loop
      vertex -1.7893620480298997 1.66836604295671 9.1111
      vertex -1.744363888785243 1.7420206667482854 9.1111
      vertex -1.744363888785243 1.7420206667482854 9.5692
    endloop
  endfacet
  facet normal 0.9889839977988065 -0.14802247159769474 0
    outer loop
      vertex -1.9481790846735239 1.1747402572184802 9.1111
      vertex -1.9349443297237159 1.263165755853057 9.5692
      vertex -1.9481790846735239 1.1747402572184802 9.5692
    endloop
  endfacet
  facet normal 0.9775503996928319 -0.21070172296491693 0
    outer loop
      vertex -1.9349443297237159 1.263165755853057 9.1111
      vertex -1.9164156727939845 1.3491294382214547 9.5692
      vertex -1.9349443297237159 1.263165755853057 9.5692
    endloop
  endfacet
  facet normal 0.9616307320940499 -0.27434710695077785 0
    outer loop
      vertex -1.9164156727939845 1.3491294382214547 9.1111
      vertex -1.8925931214690208 1.4326313119083642 9.5692
      vertex -1.9164156727939845 1.3491294382214547 9.5692
    endloop
  endfacet
  facet normal 0.9411017301571302 -0.33812354767932984 0
    outer loop
      vertex -1.8925931214690208 1.4326313119083642 9.1111
      vertex -1.863476660579443 1.5136713693290949 9.5692
      vertex -1.8925931214690208 1.4326313119083642 9.5692
    endloop
  endfacet
  facet normal 0.9160186916879623 -0.40113558366003105 0
    outer loop
      vertex -1.863476660579443 1.5136713693290949 9.1111
      vertex -1.829066305294633 1.5922496104836463 9.5692
      vertex -1.863476660579443 1.5136713693290949 9.5692
    endloop
  endfacet
  facet normal 0.8866262307550205 -0.46248667757800893 0
    outer loop
      vertex -1.829066305294633 1.5922496104836463 9.1111
      vertex -1.7893620480298997 1.66836604295671 9.5692
      vertex -1.829066305294633 1.5922496104836463 9.5692
    endloop
  endfacet
  facet normal 0.8533488407383623 -0.5213403456577029 0
    outer loop
      vertex -1.7893620480298997 1.66836604295671 9.1111
      vertex -1.744363888785243 1.7420206667482854 9.5692
      vertex -1.7893620480298997 1.66836604295671 9.5692
    endloop
  endfacet
  facet normal 0.816760716913058 -0.5769765431173676 0
    outer loop
      vertex -1.744363888785243 1.7420206667482854 9.1111
      vertex -1.6940718275606632 1.8132134742736816 9.5692
      vertex -1.744363888785243 1.7420206667482854 9.5692
    endloop
  endfacet
  facet normal 0 0 1
    outer loop
      vertex -1.9481790846735239 1.1747402572184802 9.1111
      vertex -1.0682221076190472 1.138418620467186 9.1111
      vertex -1.9349443297237159 1.263165755853057 9.1111
    endloop
  endfacet
  facet normal 0 0 1
    outer loop
      vertex -1.06169621668756 1.1760153423845767 9.1111
      vertex -1.9164156727939845 1.3491294382214547 9.1111
      vertex -1.9349443297237159 1.263165755853057 9.1111
    endloop
  endfacet
  facet normal 0 0 1
    outer loop
      vertex -1.06169621668756 1.1760153423845767 9.1111
      vertex -1.8925931214690208 1.4326313119083642 9.1111
      vertex -1.9164156727939845 1.3491294382214547 9.1111
    endloop
  endfacet
  facet normal 0 0 1
    outer loop
      vertex -1.8925931214690208 1.4326313119083642 9.1111
      vertex -1.0525599709004163 1.2122155482321977 9.1111
      vertex -1.863476660579443 1.5136713693290949 9.1111
    endloop
  endfacet
  facet normal 0 0 1
    outer loop
      vertex -1.863476660579443 1.5136713693290949 9.1111
      vertex -1.040813362672925 1.2470192228406667 9.1111
      vertex -1.829066305294633 1.5922496104836463 9.1111
    endloop
  endfacet
  facet normal 0 0 1
    outer loop
      vertex -1.829066305294633 1.5922496104836463 9.1111
      vertex -1.026456399589777 1.2804263662099837 9.1111
      vertex -1.7893620480298997 1.66836604295671 9.1111
    endloop
  endfacet
  facet normal 0 0 1
    outer loop
      vertex -1.7893620480298997 1.66836604295671 9.1111
      vertex -1.0094890816509723 1.31243698592484 9.1111
      vertex -1.744363888785243 1.7420206667482854 9.1111
    endloop
  endfacet
  facet normal 0 0 1
    outer loop
      vertex -1.744363888785243 1.7420206667482854 9.1111
      vertex -1.0094890816509723 1.31243698592484 9.1111
      vertex -1.6940718275606632 1.8132134742736816 9.1111
    endloop
  endfacet
  facet normal 0 0 1
    outer loop
      vertex -1.6940718275606632 1.8132134742736816 9.1111
      vertex -0.9899114088565111 1.3430510744005442 9.1111
      vertex -1.6384858643561602 1.881944465532899 9.1111
    endloop
  endfacet
  facet normal 0 0 1
    outer loop
      vertex -1.0682221076190472 1.138418620467186 9.1111
      vertex -1.06169621668756 1.1760153423845767 9.1111
      vertex -1.9349443297237159 1.263165755853057 9.1111
    endloop
  endfacet
  facet normal 0 0 1
    outer loop
      vertex -1.06169621668756 1.1760153423845767 9.1111
      vertex -1.0525599709004163 1.2122155482321977 9.1111
      vertex -1.8925931214690208 1.4326313119083642 9.1111
    endloop
  endfacet
  facet normal 0 0 1
    outer loop
      vertex -1.863476660579443 1.5136713693290949 9.1111
      vertex -1.0525599709004163 1.2122155482321977 9.1111
      vertex -1.040813362672925 1.2470192228406667 9.1111
    endloop
  endfacet
  facet normal 0 0 1
    outer loop
      vertex -1.829066305294633 1.5922496104836463 9.1111
      vertex -1.040813362672925 1.2470192228406667 9.1111
      vertex -1.026456399589777 1.2804263662099837 9.1111
    endloop
  endfacet
  facet normal 0 0 1
    outer loop
      vertex -1.7893620480298997 1.66836604295671 9.1111
      vertex -1.026456399589777 1.2804263662099837 9.1111
      vertex -1.0094890816509723 1.31243698592484 9.1111
    endloop
  endfacet
  facet normal 0 0 1
    outer loop
      vertex -1.6940718275606632 1.8132134742736816 9.1111
      vertex -1.0094890816509723 1.31243698592484 9.1111
      vertex -0.9899114088565111 1.3430510744005442 9.1111
    endloop
  endfacet
  facet normal 0 0 1
    outer loop
      vertex -1.6384858643561602 1.881944465532899 9.1111
      vertex -0.9899114088565111 1.3430510744005442 9.1111
      vertex -0.9677233736217022 1.3722686392217875 9.1111
    endloop
  endfacet
  facet normal 0 0 1
    outer loop
      vertex -1.577605999171734 1.9482136405259372 9.1111
      vertex -0.9677233736217022 1.3722686392217875 9.1111
      vertex -0.9429249835312367 1.4000896728038787 9.1111
    endloop
  endfacet
  facet normal 0.816760716913058 -0.5769765431173676 2.0371977449737644e-18
    outer loop
      vertex -1.744363888785243 1.7420206667482854 9.1111
      vertex -1.6940718275606632 1.8132134742736816 9.1111
      vertex -1.6940718275606632 1.8132134742736816 9.5692
    endloop
  endfacet
  facet normal 0.7775402756060004 -0.6288331414696151 1.3792346352574545e-18
    outer loop
      vertex -1.6940718275606632 1.8132134742736816 9.1111
      vertex -1.6384858643561602 1.881944465532899 9.1111
      vertex -1.6384858643561602 1.881944465532899 9.5692
    endloop
  endfacet
  facet normal 0.7364168364264477 -0.6765280799993912 -8.994610521811824e-18
    outer loop
      vertex -1.6384858643561602 1.881944465532899 9.1111
      vertex -1.577605999171734 1.9482136405259372 9.1111
      vertex -1.577605999171734 1.9482136405259372 9.5692
    endloop
  endfacet
  facet normal 0.6941183664424149 -0.719860884732122 4.941475566963003e-18
    outer loop
      vertex -1.577605999171734 1.9482136405259372 9.1111
      vertex -1.5114322320073843 2.0120210068374873 9.1111
      vertex -1.5114322320073843 2.0120210068374873 9.5692
    endloop
  endfacet
  facet normal 0.6449246232190193 -0.764246184397283 7.673659583788984e-18
    outer loop
      vertex -1.5114322320073843 2.0120210068374873 9.1111
      vertex -1.4401301897615195 2.072190679475665 9.1111
      vertex -1.4401301897615195 2.072190679475665 9.5692
    endloop
  endfacet
  facet normal 0 0 1
    outer loop
      vertex -1.6384858643561602 1.881944465532899 9.1111
      vertex -0.9677233736217022 1.3722686392217875 9.1111
      vertex -1.577605999171734 1.9482136405259372 9.1111
    endloop
  endfacet
  facet normal 0 0 1
    outer loop
      vertex -1.577605999171734 1.9482136405259372 9.1111
      vertex -0.9429249835312367 1.4000896728038787 9.1111
      vertex -1.5114322320073843 2.0120210068374873 9.1111
    endloop
  endfacet
  facet normal 0 0 1
    outer loop
      vertex -1.5114322320073843 2.0120210068374873 9.1111
      vertex -0.9155162385851144 1.4265141827315093 9.1111
      vertex -1.4401301897615195 2.072190679475665 9.1111
    endloop
  endfacet
  facet normal 0 0 1
    outer loop
      vertex -1.4401301897615195 2.072190679475665 9.1111
      vertex -0.8854971387833357 1.4515421690046788 9.1111
      vertex -1.3638654841631652 2.1275467810332773 9.1111
    endloop
  endfacet
  facet normal 0 0 1
    outer loop
      vertex -0.8528676765412092 1.4751736164540052 9.1111
      vertex -1.2826381227970123 2.1780893039256335 9.1111
      vertex -1.3638654841631652 2.1275467810332773 9.1111
    endloop
  endfacet
  facet normal 0.5874139584298199 -0.8092866250234276 2.6813115145957386e-18
    outer loop
      vertex -1.4401301897615195 2.072190679475665 9.1111
      vertex -1.3638654841631652 2.1275467810332773 9.1111
      vertex -1.3638654841631652 2.1275467810332773 9.5692
    endloop
  endfacet
  facet normal 0.528309826027814 -0.8490516637534261 -6.203612358762153e-18
    outer loop
      vertex -1.3638654841631652 2.1275467810332773 9.1111
      vertex -1.2826381227970123 2.1780893039256335 9.1111
      vertex -1.2826381227970123 2.1780893039256335 9.5692
    endloop
  endfacet
  facet normal 0.4686795726969358 -0.8833682460540552 -8.607392042533069e-18
    outer loop
      vertex -1.2826381227970123 2.1780893039256335 9.1111
      vertex -1.19644809807837 2.2238182557374238 9.1111
      vertex -1.19644809807837 2.2238182557374238 9.5692
    endloop
  endfacet
  facet normal 0.7775402756060004 -0.6288331414696151 0
    outer loop
      vertex -1.6940718275606632 1.8132134742736816 9.1111
      vertex -1.6384858643561602 1.881944465532899 9.5692
      vertex -1.6940718275606632 1.8132134742736816 9.5692
    endloop
  endfacet
  facet normal 0.7364168364264477 -0.6765280799993912 0
    outer loop
      vertex -1.6384858643561602 1.881944465532899 9.1111
      vertex -1.577605999171734 1.9482136405259372 9.5692
      vertex -1.6384858643561602 1.881944465532899 9.5692
    endloop
  endfacet
  facet normal 0.6941183664424149 -0.719860884732122 0
    outer loop
      vertex -1.577605999171734 1.9482136405259372 9.1111
      vertex -1.5114322320073843 2.0120210068374873 9.5692
      vertex -1.577605999171734 1.9482136405259372 9.5692
    endloop
  endfacet
  facet normal 0.6449246232190193 -0.764246184397283 0
    outer loop
      vertex -1.5114322320073843 2.0120210068374873 9.1111
      vertex -1.4401301897615195 2.072190679475665 9.5692
      vertex -1.5114322320073843 2.0120210068374873 9.5692
    endloop
  endfacet
  facet normal 0.5874139584298199 -0.8092866250234276 0
    outer loop
      vertex -1.4401301897615195 2.072190679475665 9.1111
      vertex -1.3638654841631652 2.1275467810332773 9.5692
      vertex -1.4401301897615195 2.072190679475665 9.5692
    endloop
  endfacet
  facet normal 0.528309826027814 -0.8490516637534261 0
    outer loop
      vertex -1.3638654841631652 2.1275467810332773 9.1111
      vertex -1.2826381227970123 2.1780893039256335 9.5692
      vertex -1.3638654841631652 2.1275467810332773 9.5692
    endloop
  endfacet
  facet normal 0.4686795726969358 -0.8833682460540552 0
    outer loop
      vertex -1.2826381227970123 2.1780893039256335 9.1111
      vertex -1.19644809807837 2.2238182557374238 9.5692
      vertex -1.2826381227970123 2.1780893039256335 9.5692
    endloop
  endfacet
  facet normal 0.4095044743859252 -0.9123081088414743 0
    outer loop
      vertex -1.19644809807837 2.2238182557374238 9.1111
      vertex -1.1052954100072383 2.264733636468649 9.5692
      vertex -1.19644809807837 2.2238182557374238 9.5692
    endloop
  endfacet
  facet normal 0 0 1
    outer loop
      vertex -1.1496083227545024 -0.1688681326955557 9.1111
      vertex -0.8325985150486231 0.6799651480764151 9.1111
      vertex -1.2203758263140918 -0.14154883401095866 9.1111
    endloop
  endfacet
  facet normal 0 0 1
    outer loop
      vertex -1.2859226125776768 -0.1138993813097477 9.1111
      vertex -1.2203758263140918 -0.14154883401095866 9.1111
      vertex -0.855982754662633 0.6925555835217237 9.1111
    endloop
  endfacet
  facet normal 0 0 1
    outer loop
      vertex -1.1496083227545024 -0.1688681326955557 9.1111
      vertex -1.0736201018989087 -0.1958572697788477 9.1111
      vertex -0.7745819086581469 0.6537921844273805 9.1111
    endloop
  endfacet
  facet normal 0 0 1
    outer loop
      vertex -1.0736201018989087 -0.1958572697788477 9.1111
      vertex -0.9924111713320017 -0.2225162452608347 9.1111
      vertex -0.7399495494663716 0.6402096562236548 9.1111
    endloop
  endfacet
  facet normal 0 0 1
    outer loop
      vertex -1.2859226125776768 -0.1138993813097477 9.1111
      vertex -0.855982754662633 0.6925555835217237 9.1111
      vertex -0.8881514014154672 0.711924806252122 9.1111
    endloop
  endfacet
  facet normal 0 0 1
    outer loop
      vertex -1.4959026453495026 0 9.1111
      vertex -0.9177465624958276 0.7327642910033465 9.1111
      vertex -0.9447682303190231 0.7550740301907063 9.1111
    endloop
  endfacet
  facet normal 0 0 1
    outer loop
      vertex -1.4013540559709072 -0.057610006272792814 9.1111
      vertex -0.8881514014154672 0.711924806252122 9.1111
      vertex -0.9177465624958276 0.7327642910033465 9.1111
    endloop
  endfacet
  facet normal 0 0 1
    outer loop
      vertex -1.2203758263140918 -0.14154883401095866 9.1111
      vertex -0.8325985150486231 0.6799651480764151 9.1111
      vertex -0.855982754662633 0.6925555835217237 9.1111
    endloop
  endfacet
  facet normal 0 0 1
    outer loop
      vertex -1.1496083227545024 -0.1688681326955557 9.1111
      vertex -0.805464897185564 0.667044020101428 9.1111
      vertex -0.8325985150486231 0.6799651480764151 9.1111
    endloop
  endfacet
  facet normal 0 0 1
    outer loop
      vertex -1.1496083227545024 -0.1688681326955557 9.1111
      vertex -0.7745819086581469 0.6537921844273805 9.1111
      vertex -0.805464897185564 0.667044020101428 9.1111
    endloop
  endfacet
  facet normal 0 0 1
    outer loop
      vertex -0.9059815234690904 -0.24884506672620774 9.1111
      vertex -0.6594367115050555 0.6120524994730949 9.1111
      vertex -0.9924111713320017 -0.2225162452608347 9.1111
    endloop
  endfacet
  facet normal 0 0 1
    outer loop
      vertex -0.9059815234690904 -0.24884506672620774 9.1111
      vertex -0.814331165894866 -0.2748437341749668 9.1111
      vertex -0.6135562327355146 0.5974778709262609 9.1111
    endloop
  endfacet
  facet normal 0 0 1
    outer loop
      vertex -0.9924111713320017 -0.2225162452608347 9.1111
      vertex -0.7015678196102381 0.6262964279055595 9.1111
      vertex -0.7399495494663716 0.6402096562236548 9.1111
    endloop
  endfacet
  facet normal 0 0 1
    outer loop
      vertex -1.0736201018989087 -0.1958572697788477 9.1111
      vertex -0.7399495494663716 0.6402096562236548 9.1111
      vertex -0.7745819086581469 0.6537921844273805 9.1111
    endloop
  endfacet
  facet normal 0 0 1
    outer loop
      vertex -0.9924111713320017 -0.2225162452608347 9.1111
      vertex -0.6594367115050555 0.6120524994730949 9.1111
      vertex -0.7015678196102381 0.6262964279055595 9.1111
    endloop
  endfacet
  facet normal 0 0 1
    outer loop
      vertex -0.9059815234690904 -0.24884506672620774 9.1111
      vertex -0.6135562327355146 0.5974778709262609 9.1111
      vertex -0.6594367115050555 0.6120524994730949 9.1111
    endloop
  endfacet
  facet normal 0 0 1
    outer loop
      vertex -0.814331165894866 -0.2748437341749668 9.1111
      vertex -0.5639263833016157 0.5825725498497486 9.1111
      vertex -0.6135562327355146 0.5974778709262609 9.1111
    endloop
  endfacet
  facet normal 0 0 1
    outer loop
      vertex -0.814331165894866 -0.2748437341749668 9.1111
      vertex -0.5105471632033587 0.5673365210741759 9.1111
      vertex -0.5639263833016157 0.5825725498497486 9.1111
    endloop
  endfacet
  facet normal -0.8599963457749021 -0.5103001913127359 1.0686797080703161e-18
    outer loop
      vertex -1.0271199690401553 0.8590155692249537 9.1111
      vertex -1.0103922742456197 0.8308247971236706 9.1111
      vertex -1.0103922742456197 0.8308247971236706 9.5692
    endloop
  endfacet
  facet normal -0.5757383950676352 -0.8176339648308061 0
    outer loop
      vertex -0.8881514014154672 0.711924806252122 9.1111
      vertex -0.8881514014154672 0.711924806252122 9.5692
      vertex -0.9177465624958276 0.7327642910033465 9.1111
    endloop
  endfacet
  facet normal -0.5158273780228896 -0.8566925446635048 2.25362073199293e-18
    outer loop
      vertex -0.8881514014154672 0.711924806252122 9.1111
      vertex -0.855982754662633 0.6925555835217237 9.1111
      vertex -0.855982754662633 0.6925555835217237 9.5692
    endloop
  endfacet
  facet normal -0.7558204142020469 -0.6547789714670487 0
    outer loop
      vertex -0.9692163973003626 0.7788540313988924 9.1111
      vertex -0.9692163973003626 0.7788540313988924 9.5692
      vertex -0.9910910861939192 0.8041042870432139 9.1111
    endloop
  endfacet
  facet normal -0.6972434257204101 -0.7168344336662874 0
    outer loop
      vertex -0.9447682303190231 0.7550740301907063 9.1111
      vertex -0.9447682303190231 0.7550740301907063 9.5692
      vertex -0.9692163973003626 0.7788540313988924 9.1111
    endloop
  endfacet
  facet normal -0.8106354243064439 -0.5855512008864057 0
    outer loop
      vertex -0.9910910861939192 0.8041042870432139 9.1111
      vertex -0.9910910861939192 0.8041042870432139 9.5692
      vertex -1.0103922742456197 0.8308247971236706 9.1111
    endloop
  endfacet
  facet normal -0.6366692558223459 -0.7711369908716742 2.3718505746044485e-18
    outer loop
      vertex -0.9447682303190231 0.7550740301907063 9.1111
      vertex -0.9177465624958276 0.7327642910033465 9.1111
      vertex -0.9177465624958276 0.7327642910033465 9.5692
    endloop
  endfacet
  facet normal -0.9372516055583434 -0.3486537363607443 0
    outer loop
      vertex -1.0412741781622172 0.888676595762372 9.1111
      vertex -1.0412741781622172 0.888676595762372 9.5692
      vertex -1.052854886442423 0.9198078767359257 9.1111
    endloop
  endfacet
  facet normal -0.9638887578228094 -0.26630520562467713 0
    outer loop
      vertex -1.052854886442423 0.9198078767359257 9.1111
      vertex -1.052854886442423 0.9198078767359257 9.5692
      vertex -1.0618621090501548 0.9524094197303057 9.1111
    endloop
  endfacet
  facet normal -0.9025069381260009 -0.430675314633229 0
    outer loop
      vertex -1.0271199690401553 0.8590155692249537 9.1111
      vertex -1.0271199690401553 0.8590155692249537 9.5692
      vertex -1.0412741781622172 0.888676595762372 9.1111
    endloop
  endfacet
  facet normal -0.982634907052346 -0.18554956060909217 0
    outer loop
      vertex -1.0618621090501548 0.9524094197303057 9.1111
      vertex -1.0618621090501548 0.9524094197303057 9.5692
      vertex -1.0682958384007215 0.9864812171608209 9.1111
    endloop
  endfacet
  facet normal -0.9941535426917162 -0.10797561555050202 0
    outer loop
      vertex -1.0682958384007215 0.9864812171608209 9.1111
      vertex -1.0682958384007215 0.9864812171608209 9.5692
      vertex -1.0721560820788145 1.0220232690274715 9.1111
    endloop
  endfacet
  facet normal -0.99939623547308 -0.034744273229353036 0
    outer loop
      vertex -1.0721560820788145 1.0220232690274715 9.1111
      vertex -1.0721560820788145 1.0220232690274715 9.5692
      vertex -1.0734428249150514 1.0590355829149485 9.1111
    endloop
  endfacet
  facet normal -0.9994782904779721 0.032297784184529395 0
    outer loop
      vertex -1.0734428249150514 1.0590355829149485 9.1111
      vertex -1.0734428249150514 1.0590355829149485 9.5692
      vertex -1.0721376436948777 1.0994253597259522 9.1111
    endloop
  endfacet
  facet normal -0.9949961521945542 0.09991324796057686 0
    outer loop
      vertex -1.0721376436948777 1.0994253597259522 9.1111
      vertex -1.0721376436948777 1.0994253597259522 9.5692
      vertex -1.0682221076190472 1.138418620467186 9.1111
    endloop
  endfacet
  facet normal -0.9852677490282421 0.17101889581219085 0
    outer loop
      vertex -1.0682221076190472 1.138418620467186 9.1111
      vertex -1.0682221076190472 1.138418620467186 9.5692
      vertex -1.06169621668756 1.1760153423845767 9.1111
    endloop
  endfacet
  facet normal -0.4740683505444782 -0.8804880459222817 0
    outer loop
      vertex -0.8325985150486231 0.6799651480764151 9.1111
      vertex -0.8325985150486231 0.6799651480764151 9.5692
      vertex -0.855982754662633 0.6925555835217237 9.1111
    endloop
  endfacet
  facet normal -0.4299432788962481 -0.9028559004248369 6.865002590161115e-19
    outer loop
      vertex -0.8325985150486231 0.6799651480764151 9.1111
      vertex -0.805464897185564 0.667044020101428 9.1111
      vertex -0.805464897185564 0.667044020101428 9.5692
    endloop
  endfacet
  facet normal -0.36511573995177676 -0.9309621348043466 0
    outer loop
      vertex -0.7399495494663716 0.6402096562236548 9.1111
      vertex -0.7399495494663716 0.6402096562236548 9.5692
      vertex -0.7745819086581469 0.6537921844273805 9.1111
    endloop
  endfacet
  facet normal -0.39432825187946735 -0.9189696566098814 3.4108970524692746e-19
    outer loop
      vertex -0.805464897185564 0.667044020101428 9.1111
      vertex -0.7745819086581469 0.6537921844273805 9.1111
      vertex -0.7745819086581469 0.6537921844273805 9.5692
    endloop
  endfacet
  facet normal -0.3407961031514152 -0.9401372325766117 -1.9822710988861555e-18
    outer loop
      vertex -0.7399495494663716 0.6402096562236548 9.1111
      vertex -0.7015678196102381 0.6262964279055595 9.1111
      vertex -0.7015678196102381 0.6262964279055595 9.5692
    endloop
  endfacet
  facet normal -0.32027677555113226 -0.9473240137580012 5.316905444611016e-19
    outer loop
      vertex -0.7015678196102381 0.6262964279055595 9.1111
      vertex -0.6594367115050555 0.6120524994730949 9.1111
      vertex -0.6594367115050555 0.6120524994730949 9.5692
    endloop
  endfacet
  facet normal -0.3027564616157655 -0.9530679540042785 0
    outer loop
      vertex -0.6135562327355146 0.5974778709262609 9.1111
      vertex -0.6135562327355146 0.5974778709262609 9.5692
      vertex -0.6594367115050555 0.6120524994730949 9.1111
    endloop
  endfacet
  facet normal -0.2876376247531107 -0.9577393156941969 1.7192127143223816e-18
    outer loop
      vertex -0.6135562327355146 0.5974778709262609 9.1111
      vertex -0.5639263833016157 0.5825725498497486 9.1111
      vertex -0.5639263833016157 0.5825725498497486 9.5692
    endloop
  endfacet
  facet normal -0.8599963457749021 -0.5103001913127359 0
    outer loop
      vertex -1.0271199690401553 0.8590155692249537 9.1111
      vertex -1.0103922742456197 0.8308247971236706 9.5692
      vertex -1.0271199690401553 0.8590155692249537 9.5692
    endloop
  endfacet
  facet normal -0.5158273780228896 -0.8566925446635048 0
    outer loop
      vertex -0.8881514014154672 0.711924806252122 9.1111
      vertex -0.855982754662633 0.6925555835217237 9.5692
      vertex -0.8881514014154672 0.711924806252122 9.5692
    endloop
  endfacet
  facet normal -0.6366692558223459 -0.7711369908716742 0
    outer loop
      vertex -0.9447682303190231 0.7550740301907063 9.1111
      vertex -0.9177465624958276 0.7327642910033465 9.5692
      vertex -0.9447682303190231 0.7550740301907063 9.5692
    endloop
  endfacet
  facet normal -0.6972434257204101 -0.7168344336662874 0
    outer loop
      vertex -0.9692163973003626 0.7788540313988924 9.1111
      vertex -0.9447682303190231 0.7550740301907063 9.5692
      vertex -0.9692163973003626 0.7788540313988924 9.5692
    endloop
  endfacet
  facet normal -0.8106354243064439 -0.5855512008864057 0
    outer loop
      vertex -1.0103922742456197 0.8308247971236706 9.1111
      vertex -0.9910910861939192 0.8041042870432139 9.5692
      vertex -1.0103922742456197 0.8308247971236706 9.5692
    endloop
  endfacet
  facet normal -0.7558204142020469 -0.6547789714670487 0
    outer loop
      vertex -0.9910910861939192 0.8041042870432139 9.1111
      vertex -0.9692163973003626 0.7788540313988924 9.5692
      vertex -0.9910910861939192 0.8041042870432139 9.5692
    endloop
  endfacet
  facet normal -0.5757383950676352 -0.8176339648308061 0
    outer loop
      vertex -0.9177465624958276 0.7327642910033465 9.1111
      vertex -0.8881514014154672 0.711924806252122 9.5692
      vertex -0.9177465624958276 0.7327642910033465 9.5692
    endloop
  endfacet
  facet normal -0.9372516055583434 -0.3486537363607443 0
    outer loop
      vertex -1.052854886442423 0.9198078767359257 9.1111
      vertex -1.0412741781622172 0.888676595762372 9.5692
      vertex -1.052854886442423 0.9198078767359257 9.5692
    endloop
  endfacet
  facet normal -0.9025069381260009 -0.430675314633229 0
    outer loop
      vertex -1.0412741781622172 0.888676595762372 9.1111
      vertex -1.0271199690401553 0.8590155692249537 9.5692
      vertex -1.0412741781622172 0.888676595762372 9.5692
    endloop
  endfacet
  facet normal -0.9638887578228094 -0.26630520562467713 0
    outer loop
      vertex -1.0618621090501548 0.9524094197303057 9.1111
      vertex -1.052854886442423 0.9198078767359257 9.5692
      vertex -1.0618621090501548 0.9524094197303057 9.5692
    endloop
  endfacet
  facet normal -0.982634907052346 -0.18554956060909217 0
    outer loop
      vertex -1.0682958384007215 0.9864812171608209 9.1111
      vertex -1.0618621090501548 0.9524094197303057 9.5692
      vertex -1.0682958384007215 0.9864812171608209 9.5692
    endloop
  endfacet
  facet normal -0.9941535426917162 -0.10797561555050202 0
    outer loop
      vertex -1.0721560820788145 1.0220232690274715 9.1111
      vertex -1.0682958384007215 0.9864812171608209 9.5692
      vertex -1.0721560820788145 1.0220232690274715 9.5692
    endloop
  endfacet
  facet normal -0.99939623547308 -0.034744273229353036 0
    outer loop
      vertex -1.0734428249150514 1.0590355829149485 9.1111
      vertex -1.0721560820788145 1.0220232690274715 9.5692
      vertex -1.0734428249150514 1.0590355829149485 9.5692
    endloop
  endfacet
  facet normal -0.9994782904779721 0.032297784184529395 0
    outer loop
      vertex -1.0721376436948777 1.0994253597259522 9.1111
      vertex -1.0734428249150514 1.0590355829149485 9.5692
      vertex -1.0721376436948777 1.0994253597259522 9.5692
    endloop
  endfacet
  facet normal -0.9949961521945542 0.09991324796057686 0
    outer loop
      vertex -1.0682221076190472 1.138418620467186 9.1111
      vertex -1.0721376436948777 1.0994253597259522 9.5692
      vertex -1.0682221076190472 1.138418620467186 9.5692
    endloop
  endfacet
  facet normal -0.4740683505444782 -0.8804880459222817 0
    outer loop
      vertex -0.855982754662633 0.6925555835217237 9.1111
      vertex -0.8325985150486231 0.6799651480764151 9.5692
      vertex -0.855982754662633 0.6925555835217237 9.5692
    endloop
  endfacet
  facet normal -0.4299432788962481 -0.9028559004248369 0
    outer loop
      vertex -0.8325985150486231 0.6799651480764151 9.1111
      vertex -0.805464897185564 0.667044020101428 9.5692
      vertex -0.8325985150486231 0.6799651480764151 9.5692
    endloop
  endfacet
  facet normal -0.39432825187946735 -0.9189696566098814 0
    outer loop
      vertex -0.805464897185564 0.667044020101428 9.1111
      vertex -0.7745819086581469 0.6537921844273805 9.5692
      vertex -0.805464897185564 0.667044020101428 9.5692
    endloop
  endfacet
  facet normal -0.3407961031514152 -0.9401372325766117 0
    outer loop
      vertex -0.7399495494663716 0.6402096562236548 9.1111
      vertex -0.7015678196102381 0.6262964279055595 9.5692
      vertex -0.7399495494663716 0.6402096562236548 9.5692
    endloop
  endfacet
  facet normal -0.36511573995177676 -0.9309621348043466 0
    outer loop
      vertex -0.7745819086581469 0.6537921844273805 9.1111
      vertex -0.7399495494663716 0.6402096562236548 9.5692
      vertex -0.7745819086581469 0.6537921844273805 9.5692
    endloop
  endfacet
  facet normal -0.32027677555113226 -0.9473240137580012 0
    outer loop
      vertex -0.7015678196102381 0.6262964279055595 9.1111
      vertex -0.6594367115050555 0.6120524994730949 9.5692
      vertex -0.7015678196102381 0.6262964279055595 9.5692
    endloop
  endfacet
  facet normal -0.3027564616157655 -0.9530679540042785 0
    outer loop
      vertex -0.6594367115050555 0.6120524994730949 9.1111
      vertex -0.6135562327355146 0.5974778709262609 9.5692
      vertex -0.6594367115050555 0.6120524994730949 9.5692
    endloop
  endfacet
  facet normal -0.2876376247531107 -0.9577393156941969 0
    outer loop
      vertex -0.6135562327355146 0.5974778709262609 9.1111
      vertex -0.5639263833016157 0.5825725498497486 9.5692
      vertex -0.6135562327355146 0.5974778709262609 9.5692
    endloop
  endfacet
  facet normal 0 0 1
    outer loop
      vertex -0.7174600910246373 -0.3005122476071119 9.1111
      vertex -0.45341857244074346 0.5517697921842337 9.1111
      vertex -0.5105471632033587 0.5673365210741759 9.1111
    endloop
  endfacet
  facet normal 0 0 1
    outer loop
      vertex -0.6153683064430953 -0.325850599437952 9.1111
      vertex -0.39254060342907904 0.5358723707646131 9.1111
      vertex -0.45341857244074346 0.5517697921842337 9.1111
    endloop
  endfacet
  facet normal 0 0 1
    outer loop
      vertex -0.6153683064430953 -0.325850599437952 9.1111
      vertex -0.3279132637530565 0.5196442416459323 9.1111
      vertex -0.39254060342907904 0.5358723707646131 9.1111
    endloop
  endfacet
  facet normal 0 0 1
    outer loop
      vertex -0.5080558045655489 -0.3508587896674871 9.1111
      vertex -0.25953655341267584 0.503085419997573 9.1111
      vertex -0.3279132637530565 0.5196442416459323 9.1111
    endloop
  endfacet
  facet normal -0.2744683483171119 -0.9615961344411055 1.992918785338943e-18
    outer loop
      vertex -0.5639263833016157 0.5825725498497486 9.1111
      vertex -0.5105471632033587 0.5673365210741759 9.1111
      vertex -0.5105471632033587 0.5673365210741759 9.5692
    endloop
  endfacet
  facet normal -0.2629005363666601 -0.9648229412581992 0
    outer loop
      vertex -0.45341857244074346 0.5517697921842337 9.1111
      vertex -0.45341857244074346 0.5517697921842337 9.5692
      vertex -0.5105471632033587 0.5673365210741759 9.1111
    endloop
  endfacet
  facet normal -0.2526631363572699 -0.9675543083083801 7.515115878645918e-20
    outer loop
      vertex -0.45341857244074346 0.5517697921842337 9.1111
      vertex -0.39254060342907904 0.5358723707646131 9.1111
      vertex -0.39254060342907904 0.5358723707646131 9.5692
    endloop
  endfacet
  facet normal -0.24354249923042806 -0.969890226298109 0
    outer loop
      vertex -0.3279132637530565 0.5196442416459323 9.1111
      vertex -0.3279132637530565 0.5196442416459323 9.5692
      vertex -0.39254060342907904 0.5358723707646131 9.1111
    endloop
  endfacet
  facet normal -0.2353670873360849 -0.9719065460212354 -3.289747635056587e-18
    outer loop
      vertex -0.3279132637530565 0.5196442416459323 9.1111
      vertex -0.25953655341267584 0.503085419997573 9.1111
      vertex -0.25953655341267584 0.503085419997573 9.5692
    endloop
  endfacet
  facet normal -0.2629005363666601 -0.9648229412581992 0
    outer loop
      vertex -0.5105471632033587 0.5673365210741759 9.1111
      vertex -0.45341857244074346 0.5517697921842337 9.5692
      vertex -0.5105471632033587 0.5673365210741759 9.5692
    endloop
  endfacet
  facet normal -0.2526631363572699 -0.9675543083083801 0
    outer loop
      vertex -0.45341857244074346 0.5517697921842337 9.1111
      vertex -0.39254060342907904 0.5358723707646131 9.5692
      vertex -0.45341857244074346 0.5517697921842337 9.5692
    endloop
  endfacet
  facet normal -0.24354249923042806 -0.969890226298109 0
    outer loop
      vertex -0.39254060342907904 0.5358723707646131 9.1111
      vertex -0.3279132637530565 0.5196442416459323 9.5692
      vertex -0.39254060342907904 0.5358723707646131 9.5692
    endloop
  endfacet
  facet normal -0.2353670873360849 -0.9719065460212354 0
    outer loop
      vertex -0.3279132637530565 0.5196442416459323 9.1111
      vertex -0.25953655341267584 0.503085419997573 9.5692
      vertex -0.3279132637530565 0.5196442416459323 9.5692
    endloop
  endfacet
  facet normal -0.2744683483171119 -0.9615961344411055 0
    outer loop
      vertex -0.5639263833016157 0.5825725498497486 9.1111
      vertex -0.5105471632033587 0.5673365210741759 9.5692
      vertex -0.5639263833016157 0.5825725498497486 9.5692
    endloop
  endfacet
  facet normal -0.9695968541665319 0.24470786744680928 0
    outer loop
      vertex -1.06169621668756 1.1760153423845767 9.1111
      vertex -1.06169621668756 1.1760153423845767 9.5692
      vertex -1.0525599709004163 1.2122155482321977 9.1111
    endloop
  endfacet
  facet normal -0.9474892431122955 0.3197876392021579 0
    outer loop
      vertex -1.0525599709004163 1.2122155482321977 9.1111
      vertex -1.0525599709004163 1.2122155482321977 9.5692
      vertex -1.040813362672925 1.2470192228406667 9.1111
    endloop
  endfacet
  facet normal -0.9187500944469075 0.39483954203422755 0
    outer loop
      vertex -1.040813362672925 1.2470192228406667 9.1111
      vertex -1.040813362672925 1.2470192228406667 9.5692
      vertex -1.026456399589777 1.2804263662099837 9.1111
    endloop
  endfacet
  facet normal -0.883553603762283 0.4683300431092187 0
    outer loop
      vertex -1.026456399589777 1.2804263662099837 9.1111
      vertex -1.026456399589777 1.2804263662099837 9.5692
      vertex -1.0094890816509723 1.31243698592484 9.1111
    endloop
  endfacet
  facet normal -0.8424630585548222 0.5387541136459694 0
    outer loop
      vertex -1.0094890816509723 1.31243698592484 9.1111
      vertex -1.0094890816509723 1.31243698592484 9.5692
      vertex -0.9899114088565111 1.3430510744005442 9.1111
    endloop
  endfacet
  facet normal -0.7963894886501159 0.6047840791287473 0
    outer loop
      vertex -0.9899114088565111 1.3430510744005442 9.1111
      vertex -0.9899114088565111 1.3430510744005442 9.5692
      vertex -0.9677233736217022 1.3722686392217875 9.1111
    endloop
  endfacet
  facet normal -0.746494853895059 0.6653911880301651 0
    outer loop
      vertex -0.9677233736217022 1.3722686392217875 9.1111
      vertex -0.9677233736217022 1.3722686392217875 9.5692
      vertex -0.9429249835312367 1.4000896728038787 9.1111
    endloop
  endfacet
  facet normal -0.6940627344306234 0.7199145231724986 0
    outer loop
      vertex -0.9429249835312367 1.4000896728038787 9.1111
      vertex -0.9429249835312367 1.4000896728038787 9.5692
      vertex -0.9155162385851144 1.4265141827315093 9.1111
    endloop
  endfacet
  facet normal -0.6403666345742263 0.768069380540638 0
    outer loop
      vertex -0.9155162385851144 1.4265141827315093 9.1111
      vertex -0.9155162385851144 1.4265141827315093 9.5692
      vertex -0.8854971387833357 1.4515421690046788 9.1111
    endloop
  endfacet
  facet normal 0 0 1
    outer loop
      vertex -1.5114322320073843 2.0120210068374873 9.1111
      vertex -0.9429249835312367 1.4000896728038787 9.1111
      vertex -0.9155162385851144 1.4265141827315093 9.1111
    endloop
  endfacet
  facet normal 0 0 1
    outer loop
      vertex -1.4401301897615195 2.072190679475665 9.1111
      vertex -0.9155162385851144 1.4265141827315093 9.1111
      vertex -0.8854971387833357 1.4515421690046788 9.1111
    endloop
  endfacet
  facet normal 0 0 1
    outer loop
      vertex -0.8854971387833357 1.4515421690046788 9.1111
      vertex -0.8528676765412092 1.4751736164540052 9.1111
      vertex -1.3638654841631652 2.1275467810332773 9.1111
    endloop
  endfacet
  facet normal 0 0 1
    outer loop
      vertex -0.8528676765412092 1.4751736164540052 9.1111
      vertex -0.8180509941875935 1.497224763184786 9.1111
      vertex -1.2826381227970123 2.1780893039256335 9.1111
    endloop
  endfacet
  facet normal -0.5865621795030367 0.8099041977769023 0
    outer loop
      vertex -0.8854971387833357 1.4515421690046788 9.1111
      vertex -0.8854971387833357 1.4515421690046788 9.5692
      vertex -0.8528676765412092 1.4751736164540052 9.1111
    endloop
  endfacet
  facet normal -0.5350621471268355 0.8448127003732963 0
    outer loop
      vertex -0.8528676765412092 1.4751736164540052 9.1111
      vertex -0.8528676765412092 1.4751736164540052 9.5692
      vertex -0.8180509941875935 1.497224763184786 9.1111
    endloop
  endfacet
  facet normal -0.4849923880323973 0.8745183723345282 0
    outer loop
      vertex -0.8180509941875935 1.497224763184786 9.1111
      vertex -0.8180509941875935 1.497224763184786 9.5692
      vertex -0.7814702112972737 1.5175118169635535 9.1111
    endloop
  endfacet
  facet normal -0.4349708964880282 0.900444512009708 0
    outer loop
      vertex -0.7814702112972737 1.5175118169635535 9.1111
      vertex -0.7814702112972737 1.5175118169635535 9.5692
      vertex -0.743125350624323 1.536034777790308 9.1111
    endloop
  endfacet
  facet normal -0.3855327132920849 0.9226941676317473 0
    outer loop
      vertex -0.743125350624323 1.536034777790308 9.1111
      vertex -0.743125350624323 1.536034777790308 9.5692
      vertex -0.703016389414668 1.5527936532497406 9.1111
    endloop
  endfacet
  facet normal -0.33713613071540993 0.9414559094117165 0
    outer loop
      vertex -0.703016389414668 1.5527936532497406 9.1111
      vertex -0.703016389414668 1.5527936532497406 9.5692
      vertex -0.6611433352530003 1.5677884281724692 9.1111
    endloop
  endfacet
  facet normal -0.290154299370926 0.9569798757322784 0
    outer loop
      vertex -0.6611433352530003 1.5677884281724692 9.1111
      vertex -0.6611433352530003 1.5677884281724692 9.5692
      vertex -0.6175061957240104 1.5810191177278758 9.1111
    endloop
  endfacet
  facet normal -0.24487221188451022 0.9695553619297804 0
    outer loop
      vertex -0.6175061957240104 1.5810191177278758 9.1111
      vertex -0.6175061957240104 1.5810191177278758 9.5692
      vertex -0.5721049632430076 1.5924857143312694 9.1111
    endloop
  endfacet
  facet normal -0.9852677490282421 0.17101889581219085 0
    outer loop
      vertex -1.06169621668756 1.1760153423845767 9.1111
      vertex -1.0682221076190472 1.138418620467186 9.5692
      vertex -1.06169621668756 1.1760153423845767 9.5692
    endloop
  endfacet
  facet normal -0.9695968541665319 0.24470786744680928 0
    outer loop
      vertex -1.0525599709004163 1.2122155482321977 9.1111
      vertex -1.06169621668756 1.1760153423845767 9.5692
      vertex -1.0525599709004163 1.2122155482321977 9.5692
    endloop
  endfacet
  facet normal -0.9474892431122955 0.3197876392021579 0
    outer loop
      vertex -1.040813362672925 1.2470192228406667 9.1111
      vertex -1.0525599709004163 1.2122155482321977 9.5692
      vertex -1.040813362672925 1.2470192228406667 9.5692
    endloop
  endfacet
  facet normal -0.9187500944469075 0.39483954203422755 0
    outer loop
      vertex -1.026456399589777 1.2804263662099837 9.1111
      vertex -1.040813362672925 1.2470192228406667 9.5692
      vertex -1.026456399589777 1.2804263662099837 9.5692
    endloop
  endfacet
  facet normal -0.883553603762283 0.4683300431092187 0
    outer loop
      vertex -1.0094890816509723 1.31243698592484 9.1111
      vertex -1.026456399589777 1.2804263662099837 9.5692
      vertex -1.0094890816509723 1.31243698592484 9.5692
    endloop
  endfacet
  facet normal -0.8424630585548222 0.5387541136459694 0
    outer loop
      vertex -0.9899114088565111 1.3430510744005442 9.1111
      vertex -1.0094890816509723 1.31243698592484 9.5692
      vertex -0.9899114088565111 1.3430510744005442 9.5692
    endloop
  endfacet
  facet normal -0.7963894886501159 0.6047840791287473 0
    outer loop
      vertex -0.9677233736217022 1.3722686392217875 9.1111
      vertex -0.9899114088565111 1.3430510744005442 9.5692
      vertex -0.9677233736217022 1.3722686392217875 9.5692
    endloop
  endfacet
  facet normal -0.746494853895059 0.6653911880301651 0
    outer loop
      vertex -0.9429249835312367 1.4000896728038787 9.1111
      vertex -0.9677233736217022 1.3722686392217875 9.5692
      vertex -0.9429249835312367 1.4000896728038787 9.5692
    endloop
  endfacet
  facet normal -0.6940627344306234 0.7199145231724986 0
    outer loop
      vertex -0.9155162385851144 1.4265141827315093 9.1111
      vertex -0.9429249835312367 1.4000896728038787 9.5692
      vertex -0.9155162385851144 1.4265141827315093 9.5692
    endloop
  endfacet
  facet normal -0.6403666345742263 0.768069380540638 0
    outer loop
      vertex -0.8854971387833357 1.4515421690046788 9.1111
      vertex -0.9155162385851144 1.4265141827315093 9.5692
      vertex -0.8854971387833357 1.4515421690046788 9.5692
    endloop
  endfacet
  facet normal -0.5865621795030367 0.8099041977769023 0
    outer loop
      vertex -0.8528676765412092 1.4751736164540052 9.1111
      vertex -0.8854971387833357 1.4515421690046788 9.5692
      vertex -0.8528676765412092 1.4751736164540052 9.5692
    endloop
  endfacet
  facet normal -0.5350621471268355 0.8448127003732963 0
    outer loop
      vertex -0.8180509941875935 1.497224763184786 9.1111
      vertex -0.8528676765412092 1.4751736164540052 9.5692
      vertex -0.8180509941875935 1.497224763184786 9.5692
    endloop
  endfacet
  facet normal -0.4849923880323973 0.8745183723345282 0
    outer loop
      vertex -0.7814702112972737 1.5175118169635535 9.1111
      vertex -0.8180509941875935 1.497224763184786 9.5692
      vertex -0.7814702112972737 1.5175118169635535 9.5692
    endloop
  endfacet
  facet normal -0.4349708964880282 0.900444512009708 0
    outer loop
      vertex -0.743125350624323 1.536034777790308 9.1111
      vertex -0.7814702112972737 1.5175118169635535 9.5692
      vertex -0.743125350624323 1.536034777790308 9.5692
    endloop
  endfacet
  facet normal -0.3855327132920849 0.9226941676317473 0
    outer loop
      vertex -0.703016389414668 1.5527936532497406 9.1111
      vertex -0.743125350624323 1.536034777790308 9.5692
      vertex -0.703016389414668 1.5527936532497406 9.5692
    endloop
  endfacet
  facet normal -0.33713613071540993 0.9414559094117165 0
    outer loop
      vertex -0.6611433352530003 1.5677884281724692 9.1111
      vertex -0.703016389414668 1.5527936532497406 9.5692
      vertex -0.6611433352530003 1.5677884281724692 9.5692
    endloop
  endfacet
  facet normal -0.290154299370926 0.9569798757322784 0
    outer loop
      vertex -0.6175061957240104 1.5810191177278758 9.1111
      vertex -0.6611433352530003 1.5677884281724692 9.5692
      vertex -0.6175061957240104 1.5810191177278758 9.5692
    endloop
  endfacet
  facet normal -0.24487221188451022 0.9695553619297804 0
    outer loop
      vertex -0.5721049632430076 1.5924857143312694 9.1111
      vertex -0.6175061957240104 1.5810191177278758 9.5692
      vertex -0.5721049632430076 1.5924857143312694 9.5692
    endloop
  endfacet
  facet normal 0 0 1
    outer loop
      vertex -0.8180509941875935 1.497224763184786 9.1111
      vertex -1.19644809807837 2.2238182557374238 9.1111
      vertex -1.2826381227970123 2.1780893039256335 9.1111
    endloop
  endfacet
  facet normal 0 0 1
    outer loop
      vertex -0.7814702112972737 1.5175118169635535 9.1111
      vertex -1.1052954100072383 2.264733636468649 9.1111
      vertex -1.19644809807837 2.2238182557374238 9.1111
    endloop
  endfacet
  facet normal 0 0 1
    outer loop
      vertex -0.8180509941875935 1.497224763184786 9.1111
      vertex -0.7814702112972737 1.5175118169635535 9.1111
      vertex -1.19644809807837 2.2238182557374238 9.1111
    endloop
  endfacet
  facet normal 0 0 1
    outer loop
      vertex -0.7814702112972737 1.5175118169635535 9.1111
      vertex -0.743125350624323 1.536034777790308 9.1111
      vertex -1.1052954100072383 2.264733636468649 9.1111
    endloop
  endfacet
  facet normal 0 0 1
    outer loop
      vertex -0.743125350624323 1.536034777790308 9.1111
      vertex -1.0091800661683084 2.3008354385346172 9.1111
      vertex -1.1052954100072383 2.264733636468649 9.1111
    endloop
  endfacet
  facet normal 0.4095044743859252 -0.9123081088414743 2.2133340660897443e-18
    outer loop
      vertex -1.19644809807837 2.2238182557374238 9.1111
      vertex -1.1052954100072383 2.264733636468649 9.1111
      vertex -1.1052954100072383 2.264733636468649 9.5692
    endloop
  endfacet
  facet normal 0.35162333272868246 -0.9361415661537384 -3.250932121343313e-19
    outer loop
      vertex -1.1052954100072383 2.264733636468649 9.1111
      vertex -1.0091800661683084 2.3008354385346172 9.1111
      vertex -1.0091800661683084 2.3008354385346172 9.5692
    endloop
  endfacet
  facet normal 0 0 1
    outer loop
      vertex -0.743125350624323 1.536034777790308 9.1111
      vertex -0.703016389414668 1.5527936532497406 9.1111
      vertex -1.0091800661683084 2.3008354385346172 9.1111
    endloop
  endfacet
  facet normal 0 0 1
    outer loop
      vertex -0.703016389414668 1.5527936532497406 9.1111
      vertex -0.6611433352530003 1.5677884281724692 9.1111
      vertex -1.0091800661683084 2.3008354385346172 9.1111
    endloop
  endfacet
  facet normal 0 0 1
    outer loop
      vertex -0.6611433352530003 1.5677884281724692 9.1111
      vertex -0.6175061957240104 1.5810191177278758 9.1111
      vertex -0.9081020665615798 2.3321236695200205 9.1111
    endloop
  endfacet
  facet normal 0 0 1
    outer loop
      vertex -0.6175061957240104 1.5810191177278758 9.1111
      vertex -0.5721049632430076 1.5924857143312694 9.1111
      vertex -0.8020614036023617 2.3585983294248583 9.1111
    endloop
  endfacet
  facet normal 0 0 1
    outer loop
      vertex -0.5721049632430076 1.5924857143312694 9.1111
      vertex -0.5249396378099919 1.6021882179826499 9.1111
      vertex -0.6910580772906542 2.380259410664439 9.1111
    endloop
  endfacet
  facet normal 0 0 1
    outer loop
      vertex -0.6611433352530003 1.5677884281724692 9.1111
      vertex -0.9081020665615798 2.3321236695200205 9.1111
      vertex -1.0091800661683084 2.3008354385346172 9.1111
    endloop
  endfacet
  facet normal 0 0 1
    outer loop
      vertex -0.6175061957240104 1.5810191177278758 9.1111
      vertex -0.8020614036023617 2.3585983294248583 9.1111
      vertex -0.9081020665615798 2.3321236695200205 9.1111
    endloop
  endfacet
  facet normal 0 0 1
    outer loop
      vertex -0.5721049632430076 1.5924857143312694 9.1111
      vertex -0.6910580772906542 2.380259410664439 9.1111
      vertex -0.8020614036023617 2.3585983294248583 9.1111
    endloop
  endfacet
  facet normal 0 0 1
    outer loop
      vertex -0.476010219424963 1.6101266286820173 9.1111
      vertex -0.5750920952111482 2.397106920823455 9.1111
      vertex -0.6910580772906542 2.380259410664439 9.1111
    endloop
  endfacet
  facet normal 0.35162333272868246 -0.9361415661537384 0
    outer loop
      vertex -1.1052954100072383 2.264733636468649 9.1111
      vertex -1.0091800661683084 2.3008354385346172 9.5692
      vertex -1.1052954100072383 2.264733636468649 9.5692
    endloop
  endfacet
  facet normal -0.20149344633680835 0.979489862675115 0
    outer loop
      vertex -0.5721049632430076 1.5924857143312694 9.1111
      vertex -0.5721049632430076 1.5924857143312694 9.5692
      vertex -0.5249396378099919 1.6021882179826499 9.1111
    endloop
  endfacet
  facet normal -0.16014802483826898 0.9870930098731331 0
    outer loop
      vertex -0.5249396378099919 1.6021882179826499 9.1111
      vertex -0.5249396378099919 1.6021882179826499 9.5692
      vertex -0.476010219424963 1.6101266286820173 9.1111
    endloop
  endfacet
  facet normal -0.12090353193144919 0.9926642614532374 0
    outer loop
      vertex -0.476010219424963 1.6101266286820173 9.1111
      vertex -0.476010219424963 1.6101266286820173 9.5692
      vertex -0.42531670808792116 1.6163009464293718 9.1111
    endloop
  endfacet
  facet normal -0.08377677761729357 0.9964845465595855 0
    outer loop
      vertex -0.42531670808792116 1.6163009464293718 9.1111
      vertex -0.42531670808792116 1.6163009464293718 9.5692
      vertex -0.3728591113835573 1.6207111788094044 9.1111
    endloop
  endfacet
  facet normal -0.048744080188698344 0.998811300820409 0
    outer loop
      vertex -0.3728591113835573 1.6207111788094044 9.1111
      vertex -0.3728591113835573 1.6207111788094044 9.5692
      vertex -0.31863742172718046 1.6233573106527328 9.1111
    endloop
  endfacet
  facet normal -0.015752872736730917 0.999875915801826 0
    outer loop
      vertex -0.31863742172718046 1.6233573106527328 9.1111
      vertex -0.31863742172718046 1.6233573106527328 9.5692
      vertex -0.2626516315340996 1.6242393571287395 9.1111
    endloop
  endfacet
  facet normal 0.013467418622284776 0.9999093102055068 0
    outer loop
      vertex -0.2626516315340996 1.6242393571287395 9.1111
      vertex -0.2626516315340996 1.6242393571287395 9.5692
      vertex -0.2121568163484335 1.623559260636568 9.1111
    endloop
  endfacet
  facet normal 0.041427133199026606 0.9991415278302219 0
    outer loop
      vertex -0.2121568163484335 1.623559260636568 9.1111
      vertex -0.2121568163484335 1.623559260636568 9.5692
      vertex -0.16294847095012666 1.621518948405981 9.1111
    endloop
  endfacet
  facet normal 0.0707815432288777 0.9974918411386323 0
    outer loop
      vertex -0.16294847095012666 1.621518948405981 9.1111
      vertex -0.16294847095012666 1.621518948405981 9.5692
      vertex -0.11502660292387008 1.6181184356063605 9.1111
    endloop
  endfacet
  facet normal 0.10155591319692302 0.9948298329336225 0
    outer loop
      vertex -0.11502660292387008 1.6181184356063605 9.1111
      vertex -0.11502660292387008 1.6181184356063605 9.5692
      vertex -0.06839121226966381 1.6133577222377062 9.1111
    endloop
  endfacet
  facet normal 0.1337609911447037 0.9910136211213176 0
    outer loop
      vertex -0.06839121226966381 1.6133577222377062 9.1111
      vertex -0.06839121226966381 1.6133577222377062 9.5692
      vertex -0.023042291402816772 1.6072368007153273 9.1111
    endloop
  endfacet
  facet normal 0.16738904521999498 0.9858909207109774 0
    outer loop
      vertex -0.023042291402816772 1.6072368007153273 9.1111
      vertex -0.023042291402816772 1.6072368007153273 9.5692
      vertex 0.02102015209197998 1.5997556786239147 9.1111
    endloop
  endfacet
  facet normal -0.20149344633680835 0.979489862675115 0
    outer loop
      vertex -0.5249396378099919 1.6021882179826499 9.1111
      vertex -0.5721049632430076 1.5924857143312694 9.5692
      vertex -0.5249396378099919 1.6021882179826499 9.5692
    endloop
  endfacet
  facet normal -0.16014802483826898 0.9870930098731331 0
    outer loop
      vertex -0.476010219424963 1.6101266286820173 9.1111
      vertex -0.5249396378099919 1.6021882179826499 9.5692
      vertex -0.476010219424963 1.6101266286820173 9.5692
    endloop
  endfacet
  facet normal -0.12090353193144919 0.9926642614532374 0
    outer loop
      vertex -0.42531670808792116 1.6163009464293718 9.1111
      vertex -0.476010219424963 1.6101266286820173 9.5692
      vertex -0.42531670808792116 1.6163009464293718 9.5692
    endloop
  endfacet
  facet normal -0.08377677761729357 0.9964845465595855 0
    outer loop
      vertex -0.3728591113835573 1.6207111788094044 9.1111
      vertex -0.42531670808792116 1.6163009464293718 9.5692
      vertex -0.3728591113835573 1.6207111788094044 9.5692
    endloop
  endfacet
  facet normal -0.048744080188698344 0.998811300820409 0
    outer loop
      vertex -0.31863742172718046 1.6233573106527328 9.1111
      vertex -0.3728591113835573 1.6207111788094044 9.5692
      vertex -0.31863742172718046 1.6233573106527328 9.5692
    endloop
  endfacet
  facet normal -0.015752872736730917 0.999875915801826 0
    outer loop
      vertex -0.2626516315340996 1.6242393571287395 9.1111
      vertex -0.31863742172718046 1.6233573106527328 9.5692
      vertex -0.2626516315340996 1.6242393571287395 9.5692
    endloop
  endfacet
  facet normal 0.013467418622284776 0.9999093102055068 0
    outer loop
      vertex -0.2121568163484335 1.623559260636568 9.1111
      vertex -0.2626516315340996 1.6242393571287395 9.5692
      vertex -0.2121568163484335 1.623559260636568 9.5692
    endloop
  endfacet
  facet normal 0.041427133199026606 0.9991415278302219 0
    outer loop
      vertex -0.16294847095012666 1.621518948405981 9.1111
      vertex -0.2121568163484335 1.623559260636568 9.5692
      vertex -0.16294847095012666 1.621518948405981 9.5692
    endloop
  endfacet
  facet normal 0.0707815432288777 0.9974918411386323 0
    outer loop
      vertex -0.11502660292387008 1.6181184356063605 9.1111
      vertex -0.16294847095012666 1.621518948405981 9.5692
      vertex -0.11502660292387008 1.6181184356063605 9.5692
    endloop
  endfacet
  facet normal 0.10155591319692302 0.9948298329336225 0
    outer loop
      vertex -0.06839121226966381 1.6133577222377062 9.1111
      vertex -0.11502660292387008 1.6181184356063605 9.5692
      vertex -0.06839121226966381 1.6133577222377062 9.5692
    endloop
  endfacet
  facet normal 0.1337609911447037 0.9910136211213176 0
    outer loop
      vertex -0.023042291402816772 1.6072368007153273 9.1111
      vertex -0.06839121226966381 1.6133577222377062 9.5692
      vertex -0.023042291402816772 1.6072368007153273 9.5692
    endloop
  endfacet
  facet normal 0 0 1
    outer loop
      vertex -0.5249396378099919 1.6021882179826499 9.1111
      vertex -0.476010219424963 1.6101266286820173 9.1111
      vertex -0.6910580772906542 2.380259410664439 9.1111
    endloop
  endfacet
  facet normal 0 0 1
    outer loop
      vertex -0.476010219424963 1.6101266286820173 9.1111
      vertex -0.42531670808792116 1.6163009464293718 9.1111
      vertex -0.5750920952111482 2.397106920823455 9.1111
    endloop
  endfacet
  facet normal 0 0 1
    outer loop
      vertex -0.42531670808792116 1.6163009464293718 9.1111
      vertex -0.3728591113835573 1.6207111788094044 9.1111
      vertex -0.45416345736384395 2.409140852317214 9.1111
    endloop
  endfacet
  facet normal 0 0 1
    outer loop
      vertex -0.3728591113835573 1.6207111788094044 9.1111
      vertex -0.31863742172718046 1.6233573106527328 9.1111
      vertex -0.45416345736384395 2.409140852317214 9.1111
    endloop
  endfacet
  facet normal 0 0 1
    outer loop
      vertex -0.31863742172718046 1.6233573106527328 9.1111
      vertex -0.2626516315340996 1.6242393571287395 9.1111
      vertex -0.3282721561640501 2.4163612127304077 9.1111
    endloop
  endfacet
  facet normal 0 0 1
    outer loop
      vertex -0.42531670808792116 1.6163009464293718 9.1111
      vertex -0.45416345736384395 2.409140852317214 9.1111
      vertex -0.5750920952111482 2.397106920823455 9.1111
    endloop
  endfacet
  facet normal 0 0 1
    outer loop
      vertex -0.31863742172718046 1.6233573106527328 9.1111
      vertex -0.3282721561640501 2.4163612127304077 9.1111
      vertex -0.45416345736384395 2.409140852317214 9.1111
    endloop
  endfacet
  facet normal 0 0 1
    outer loop
      vertex -0.2626516315340996 1.6242393571287395 9.1111
      vertex -0.2121568163484335 1.623559260636568 9.1111
      vertex -0.19741819161176682 2.418768002063036 9.1111
    endloop
  endfacet
  facet normal 0 0 1
    outer loop
      vertex -0.2121568163484335 1.623559260636568 9.1111
      vertex -0.16294847095012666 1.621518948405981 9.1111
      vertex -0.19741819161176682 2.418768002063036 9.1111
    endloop
  endfacet
  facet normal 0 0 1
    outer loop
      vertex -0.16294847095012666 1.621518948405981 9.1111
      vertex -0.11502660292387008 1.6181184356063605 9.1111
      vertex -0.08731698086857796 2.416499997407198 9.1111
    endloop
  endfacet
  facet normal 0 0 1
    outer loop
      vertex -0.11502660292387008 1.6181184356063605 9.1111
      vertex -0.06839121226966381 1.6133577222377062 9.1111
      vertex 0.02026550567150116 2.409695991024375 9.1111
    endloop
  endfacet
  facet normal 0 0 1
    outer loop
      vertex -0.06839121226966381 1.6133577222377062 9.1111
      vertex -0.023042291402816772 1.6072368007153273 9.1111
      vertex 0.02026550567150116 2.409695991024375 9.1111
    endloop
  endfacet
  facet normal 0 0 1
    outer loop
      vertex -0.2626516315340996 1.6242393571287395 9.1111
      vertex -0.19741819161176682 2.418768002063036 9.1111
      vertex -0.3282721561640501 2.4163612127304077 9.1111
    endloop
  endfacet
  facet normal 0 0 1
    outer loop
      vertex -0.16294847095012666 1.621518948405981 9.1111
      vertex -0.08731698086857796 2.416499997407198 9.1111
      vertex -0.19741819161176682 2.418768002063036 9.1111
    endloop
  endfacet
  facet normal 0 0 1
    outer loop
      vertex -0.11502660292387008 1.6181184356063605 9.1111
      vertex 0.02026550567150116 2.409695991024375 9.1111
      vertex -0.08731698086857796 2.416499997407198 9.1111
    endloop
  endfacet
  facet normal 0.2957025598047638 -0.9552800616180106 2.008895006407185e-18
    outer loop
      vertex -1.0091800661683084 2.3008354385346172 9.1111
      vertex -0.9081020665615798 2.3321236695200205 9.1111
      vertex -0.9081020665615798 2.3321236695200205 9.5692
    endloop
  endfacet
  facet normal 0.24222986185259465 -0.970218889749562 -2.019130714658957e-18
    outer loop
      vertex -0.9081020665615798 2.3321236695200205 9.1111
      vertex -0.8020614036023617 2.3585983294248583 9.1111
      vertex -0.8020614036023617 2.3585983294248583 9.5692
    endloop
  endfacet
  facet normal 0.19152650564886572 -0.9814874414040838 6.478220812640501e-19
    outer loop
      vertex -0.8020614036023617 2.3585983294248583 9.1111
      vertex -0.6910580772906542 2.380259410664439 9.1111
      vertex -0.6910580772906542 2.380259410664439 9.5692
    endloop
  endfacet
  facet normal 0.14377045864369495 -0.989611062600546 3.889524817398004e-18
    outer loop
      vertex -0.6910580772906542 2.380259410664439 9.1111
      vertex -0.5750920952111482 2.397106920823455 9.1111
      vertex -0.5750920952111482 2.397106920823455 9.5692
    endloop
  endfacet
  facet normal 0.2957025598047638 -0.9552800616180106 0
    outer loop
      vertex -1.0091800661683084 2.3008354385346172 9.1111
      vertex -0.9081020665615798 2.3321236695200205 9.5692
      vertex -1.0091800661683084 2.3008354385346172 9.5692
    endloop
  endfacet
  facet normal 0.24222986185259465 -0.970218889749562 0
    outer loop
      vertex -0.9081020665615798 2.3321236695200205 9.1111
      vertex -0.8020614036023617 2.3585983294248583 9.5692
      vertex -0.9081020665615798 2.3321236695200205 9.5692
    endloop
  endfacet
  facet normal 0.19152650564886572 -0.9814874414040838 0
    outer loop
      vertex -0.8020614036023617 2.3585983294248583 9.1111
      vertex -0.6910580772906542 2.380259410664439 9.5692
      vertex -0.8020614036023617 2.3585983294248583 9.5692
    endloop
  endfacet
  facet normal 0.14377045864369495 -0.989611062600546 0
    outer loop
      vertex -0.6910580772906542 2.380259410664439 9.1111
      vertex -0.5750920952111482 2.397106920823455 9.5692
      vertex -0.6910580772906542 2.380259410664439 9.5692
    endloop
  endfacet
  facet normal 0.09902357283259167 -0.9950850878309193 6.316502723623322e-19
    outer loop
      vertex -0.5750920952111482 2.397106920823455 9.1111
      vertex -0.45416345736384395 2.409140852317214 9.1111
      vertex -0.45416345736384395 2.409140852317214 9.5692
    endloop
  endfacet
  facet normal 0.057259826317698714 -0.9983593102135457 -2.739297807475641e-19
    outer loop
      vertex -0.45416345736384395 2.409140852317214 9.1111
      vertex -0.3282721561640501 2.4163612127304077 9.1111
      vertex -0.3282721561640501 2.4163612127304077 9.5692
    endloop
  endfacet
  facet normal 0.01838983125461559 -0.9998308927545833 3.647480541198654e-19
    outer loop
      vertex -0.3282721561640501 2.4163612127304077 9.1111
      vertex -0.19741819161176682 2.418768002063036 9.1111
      vertex -0.19741819161176682 2.418768002063036 9.5692
    endloop
  endfacet
  facet normal -0.02059490174954452 -0.9997879025182924 3.8542461968453803e-19
    outer loop
      vertex -0.19741819161176682 2.418768002063036 9.1111
      vertex -0.08731698086857796 2.416499997407198 9.1111
      vertex -0.08731698086857796 2.416499997407198 9.5692
    endloop
  endfacet
  facet normal -0.06311844710297558 -0.9980060428851665 1.1040612426813389e-19
    outer loop
      vertex -0.08731698086857796 2.416499997407198 9.1111
      vertex 0.02026550567150116 2.409695991024375 9.1111
      vertex 0.02026550567150116 2.409695991024375 9.5692
    endloop
  endfacet
  facet normal 0.09902357283259167 -0.9950850878309193 0
    outer loop
      vertex -0.5750920952111482 2.397106920823455 9.1111
      vertex -0.45416345736384395 2.409140852317214 9.5692
      vertex -0.5750920952111482 2.397106920823455 9.5692
    endloop
  endfacet
  facet normal 0.057259826317698714 -0.9983593102135457 0
    outer loop
      vertex -0.45416345736384395 2.409140852317214 9.1111
      vertex -0.3282721561640501 2.4163612127304077 9.5692
      vertex -0.45416345736384395 2.409140852317214 9.5692
    endloop
  endfacet
  facet normal 0.01838983125461559 -0.9998308927545833 0
    outer loop
      vertex -0.3282721561640501 2.4163612127304077 9.1111
      vertex -0.19741819161176682 2.418768002063036 9.5692
      vertex -0.3282721561640501 2.4163612127304077 9.5692
    endloop
  endfacet
  facet normal -0.02059490174954452 -0.9997879025182924 0
    outer loop
      vertex -0.19741819161176682 2.418768002063036 9.1111
      vertex -0.08731698086857796 2.416499997407198 9.5692
      vertex -0.19741819161176682 2.418768002063036 9.5692
    endloop
  endfacet
  facet normal -0.06311844710297558 -0.9980060428851665 0
    outer loop
      vertex -0.08731698086857796 2.416499997407198 9.1111
      vertex 0.02026550567150116 2.409695991024375 9.5692
      vertex -0.08731698086857796 2.416499997407198 9.5692
    endloop
  endfacet
  facet normal -0.0575161462330736 0.9983445762473474 0
    outer loop
      vertex 0.018889308989048004 -2.407519343972206 9.1111
      vertex 0.018889308989048004 -2.407519343972206 9.5692
      vertex 0.14663144166767597 -2.4001599258333446 9.1111
    endloop
  endfacet
  facet normal -0.0991851359596735 0.9950689970070724 0
    outer loop
      vertex 0.14663144166767597 -2.4001599258333446 9.1111
      vertex 0.14663144166767597 -2.4001599258333446 9.5692
      vertex 0.26968631871044635 -2.3878942289352416 9.1111
    endloop
  endfacet
  facet normal -0.14357031852931534 0.9896401182436931 0
    outer loop
      vertex 0.26968631871044635 -2.3878942289352416 9.1111
      vertex 0.26968631871044635 -2.3878942289352416 9.5692
      vertex 0.3880539325326681 -2.370722253277898 9.1111
    endloop
  endfacet
  facet normal -0.19065108134691405 0.9816578656442643 0
    outer loop
      vertex 0.3880539325326681 -2.370722253277898 9.1111
      vertex 0.3880539325326681 -2.370722253277898 9.5692
      vertex 0.5017342983037233 -2.348644006446004 9.1111
    endloop
  endfacet
  facet normal -0.24032427477463864 0.9706926614299934 0
    outer loop
      vertex 0.5017342983037233 -2.348644006446004 9.1111
      vertex 0.5017342983037233 -2.348644006446004 9.5692
      vertex 0.6107274008542299 -2.321659473270178 9.1111
    endloop
  endfacet
  facet normal -0.0575161462330736 0.9983445762473474 0
    outer loop
      vertex 0.14663144166767597 -2.4001599258333446 9.1111
      vertex 0.018889308989048004 -2.407519343972206 9.5692
      vertex 0.14663144166767597 -2.4001599258333446 9.5692
    endloop
  endfacet
  facet normal -0.0991851359596735 0.9950689970070724 0
    outer loop
      vertex 0.26968631871044635 -2.3878942289352416 9.1111
      vertex 0.14663144166767597 -2.4001599258333446 9.5692
      vertex 0.26968631871044635 -2.3878942289352416 9.5692
    endloop
  endfacet
  facet normal -0.14357031852931534 0.9896401182436931 0
    outer loop
      vertex 0.3880539325326681 -2.370722253277898 9.1111
      vertex 0.26968631871044635 -2.3878942289352416 9.5692
      vertex 0.3880539325326681 -2.370722253277898 9.5692
    endloop
  endfacet
  facet normal -0.19065108134691405 0.9816578656442643 0
    outer loop
      vertex 0.5017342983037233 -2.348644006446004 9.1111
      vertex 0.3880539325326681 -2.370722253277898 9.5692
      vertex 0.5017342983037233 -2.348644006446004 9.5692
    endloop
  endfacet
  facet normal -0.24032427477463864 0.9706926614299934 0
    outer loop
      vertex 0.6107274008542299 -2.321659473270178 9.1111
      vertex 0.5017342983037233 -2.348644006446004 9.5692
      vertex 0.6107274008542299 -2.321659473270178 9.5692
    endloop
  endfacet
  facet normal -0.292382660711764 0.9563014063124186 0
    outer loop
      vertex 0.6107274008542299 -2.321659473270178 9.1111
      vertex 0.6107274008542299 -2.321659473270178 9.5692
      vertex 0.715033247768879 -2.289768668919802 9.1111
    endloop
  endfacet
  facet normal 0 0 1
    outer loop
      vertex 0.018889308989048004 -2.407519343972206 9.1111
      vertex 0.14663144166767597 -2.4001599258333446 9.1111
      vertex -0.0013242870569229125 -1.6261338309198619 9.1111
    endloop
  endfacet
  facet normal 0 0 1
    outer loop
      vertex 0.09080748602747918 -1.6190774666965009 9.1111
      vertex 0.14663144166767597 -2.4001599258333446 9.1111
      vertex 0.26968631871044635 -2.3878942289352416 9.1111
    endloop
  endfacet
  facet normal 0 0 1
    outer loop
      vertex 0.26968631871044635 -2.3878942289352416 9.1111
      vertex 0.3880539325326681 -2.370722253277898 9.1111
      vertex 0.1769085954129696 -1.6084929165691138 9.1111
    endloop
  endfacet
  facet normal 0 0 1
    outer loop
      vertex -0.0013242870569229125 -1.6261338309198619 9.1111
      vertex 0.14663144166767597 -2.4001599258333446 9.1111
      vertex 0.045495426759123804 -1.6230466720461845 9.1111
    endloop
  endfacet
  facet normal 0 0 1
    outer loop
      vertex 0.045495426759123804 -1.6230466720461845 9.1111
      vertex 0.14663144166767597 -2.4001599258333446 9.1111
      vertex 0.09080748602747918 -1.6190774666965009 9.1111
    endloop
  endfacet
  facet normal 0 0 1
    outer loop
      vertex 0.09080748602747918 -1.6190774666965009 9.1111
      vertex 0.26968631871044635 -2.3878942289352416 9.1111
      vertex 0.13461187557876111 -1.6142262148708106 9.1111
    endloop
  endfacet
  facet normal 0 0 1
    outer loop
      vertex 0.13461187557876111 -1.6142262148708106 9.1111
      vertex 0.26968631871044635 -2.3878942289352416 9.1111
      vertex 0.1769085954129696 -1.6084929165691138 9.1111
    endloop
  endfacet
  facet normal 0 0 1
    outer loop
      vertex 0.3880539325326681 -2.370722253277898 9.1111
      vertex 0.21769766069948673 -1.6018775717914104 9.1111
      vertex 0.1769085954129696 -1.6084929165691138 9.1111
    endloop
  endfacet
  facet normal 0 0 1
    outer loop
      vertex 0.3880539325326681 -2.370722253277898 9.1111
      vertex 0.2569790562689304 -1.5943801881223918 9.1111
      vertex 0.21769766069948673 -1.6018775717914104 9.1111
    endloop
  endfacet
  facet normal 0 0 1
    outer loop
      vertex 0.3880539325326681 -2.370722253277898 9.1111
      vertex 0.5017342983037233 -2.348644006446004 9.1111
      vertex 0.2569790562689304 -1.5943801881223918 9.1111
    endloop
  endfacet
  facet normal 0 0 1
    outer loop
      vertex 0.5017342983037233 -2.348644006446004 9.1111
      vertex 0.6107274008542299 -2.321659473270178 9.1111
      vertex 0.3310188610106707 -1.5767392661869526 9.1111
    endloop
  endfacet
  facet normal 0 0 1
    outer loop
      vertex 0.6107274008542299 -2.321659473270178 9.1111
      vertex 0.715033247768879 -2.289768668919802 9.1111
      vertex 0.39902800205349925 -1.5555701735168697 9.1111
    endloop
  endfacet
  facet normal 0 0 1
    outer loop
      vertex 0.5017342983037233 -2.348644006446004 9.1111
      vertex 0.2947527897059917 -1.5860007503926754 9.1111
      vertex 0.2569790562689304 -1.5943801881223918 9.1111
    endloop
  endfacet
  facet normal 0 0 1
    outer loop
      vertex 0.5017342983037233 -2.348644006446004 9.1111
      vertex 0.3310188610106707 -1.5767392661869526 9.1111
      vertex 0.2947527897059917 -1.5860007503926754 9.1111
    endloop
  endfacet
  facet normal 0 0 1
    outer loop
      vertex 0.6107274008542299 -2.321659473270178 9.1111
      vertex 0.36577726259827614 -1.5665957430899144 9.1111
      vertex 0.3310188610106707 -1.5767392661869526 9.1111
    endloop
  endfacet
  facet normal 0 0 1
    outer loop
      vertex 0.6107274008542299 -2.321659473270178 9.1111
      vertex 0.39902800205349925 -1.5555701735168697 9.1111
      vertex 0.36577726259827614 -1.5665957430899144 9.1111
    endloop
  endfacet
  facet normal 0 0 1
    outer loop
      vertex 0.715033247768879 -2.289768668919802 9.1111
      vertex 0.4583099396973848 -1.5321441801786424 9.1111
      vertex 0.39902800205349925 -1.5555701735168697 9.1111
    endloop
  endfacet
  facet normal 0.06579428605813145 -0.9978332084682794 -3.616111051197757e-19
    outer loop
      vertex -0.0013242870569229125 -1.6261338309198619 9.1111
      vertex 0.045495426759123804 -1.6230466720461845 9.1111
      vertex 0.045495426759123804 -1.6230466720461845 9.5692
    endloop
  endfacet
  facet normal 0.08726295242548962 -0.9961853126471936 6.428404943958286e-19
    outer loop
      vertex 0.045495426759123804 -1.6230466720461845 9.1111
      vertex 0.09080748602747918 -1.6190774666965009 9.1111
      vertex 0.09080748602747918 -1.6190774666965009 9.5692
    endloop
  endfacet
  facet normal 0.11007508944171819 -0.9939232740430208 -2.9085047333043783e-19
    outer loop
      vertex 0.09080748602747918 -1.6190774666965009 9.1111
      vertex 0.13461187557876111 -1.6142262148708106 9.1111
      vertex 0.13461187557876111 -1.6142262148708106 9.5692
    endloop
  endfacet
  facet normal 0.1343211096223865 -0.9909378585510854 2.631282284153702e-19
    outer loop
      vertex 0.13461187557876111 -1.6142262148708106 9.1111
      vertex 0.1769085954129696 -1.6084929165691138 9.1111
      vertex 0.1769085954129696 -1.6084929165691138 9.5692
    endloop
  endfacet
  facet normal 0.16009242205554172 -0.9871020293771007 -3.905379773707413e-19
    outer loop
      vertex 0.1769085954129696 -1.6084929165691138 9.1111
      vertex 0.21769766069948673 -1.6018775717914104 9.1111
      vertex 0.21769766069948673 -1.6018775717914104 9.5692
    endloop
  endfacet
  facet normal 0.18747919365798388 -0.9822685742429879 1.0636269627390576e-18
    outer loop
      vertex 0.21769766069948673 -1.6018775717914104 9.1111
      vertex 0.2569790562689304 -1.5943801881223918 9.1111
      vertex 0.2569790562689304 -1.5943801881223918 9.5692
    endloop
  endfacet
  facet normal 0.21656777595279733 -0.9762675854594677 8.122383902719883e-19
    outer loop
      vertex 0.2569790562689304 -1.5943801881223918 9.1111
      vertex 0.2947527897059917 -1.5860007503926754 9.1111
      vertex 0.2947527897059917 -1.5860007503926754 9.5692
    endloop
  endfacet
  facet normal 0.24743495665854595 -0.9689045062457824 6.893305116240458e-19
    outer loop
      vertex 0.2947527897059917 -1.5860007503926754 9.1111
      vertex 0.3310188610106707 -1.5767392661869526 9.1111
      vertex 0.3310188610106707 -1.5767392661869526 9.5692
    endloop
  endfacet
  facet normal 0.28014395683702265 -0.9599580008769637 1.5400410131097053e-18
    outer loop
      vertex 0.3310188610106707 -1.5767392661869526 9.1111
      vertex 0.36577726259827614 -1.5665957430899144 9.1111
      vertex 0.36577726259827614 -1.5665957430899144 9.5692
    endloop
  endfacet
  facet normal 0.31473700617823885 -0.9491789172447729 8.874126613807228e-19
    outer loop
      vertex 0.36577726259827614 -1.5665957430899144 9.1111
      vertex 0.39902800205349925 -1.5555701735168697 9.1111
      vertex 0.39902800205349925 -1.5555701735168697 9.5692
    endloop
  endfacet
  facet normal 0.3675089398614133 -0.9300199885604288 -2.617468910973837e-18
    outer loop
      vertex 0.39902800205349925 -1.5555701735168697 9.1111
      vertex 0.4583099396973848 -1.5321441801786424 9.1111
      vertex 0.4583099396973848 -1.5321441801786424 9.5692
    endloop
  endfacet
  facet normal 0.4347382400728153 -0.9005568625125184 9.167230610408177e-19
    outer loop
      vertex 0.4583099396973848 -1.5321441801786424 9.1111
      vertex 0.5128493217229844 -1.505815631762147 9.1111
      vertex 0.5128493217229844 -1.505815631762147 9.5692
    endloop
  endfacet
  facet normal 0.5062333708798562 -0.8623965295660796 -3.2628867900623147e-18
    outer loop
      vertex 0.5128493217229844 -1.505815631762147 9.1111
      vertex 0.5626461481302977 -1.4765845130980015 9.1111
      vertex 0.5626461481302977 -1.4765845130980015 9.5692
    endloop
  endfacet
  facet normal 0.06579428605813145 -0.9978332084682794 0
    outer loop
      vertex -0.0013242870569229125 -1.6261338309198619 9.1111
      vertex 0.045495426759123804 -1.6230466720461845 9.5692
      vertex -0.0013242870569229125 -1.6261338309198619 9.5692
    endloop
  endfacet
  facet normal 0.08726295242548962 -0.9961853126471936 0
    outer loop
      vertex 0.045495426759123804 -1.6230466720461845 9.1111
      vertex 0.09080748602747918 -1.6190774666965009 9.5692
      vertex 0.045495426759123804 -1.6230466720461845 9.5692
    endloop
  endfacet
  facet normal 0.11007508944171819 -0.9939232740430208 0
    outer loop
      vertex 0.09080748602747918 -1.6190774666965009 9.1111
      vertex 0.13461187557876111 -1.6142262148708106 9.5692
      vertex 0.09080748602747918 -1.6190774666965009 9.5692
    endloop
  endfacet
  facet normal 0.1343211096223865 -0.9909378585510854 0
    outer loop
      vertex 0.13461187557876111 -1.6142262148708106 9.1111
      vertex 0.1769085954129696 -1.6084929165691138 9.5692
      vertex 0.13461187557876111 -1.6142262148708106 9.5692
    endloop
  endfacet
  facet normal 0.16009242205554172 -0.9871020293771007 0
    outer loop
      vertex 0.1769085954129696 -1.6084929165691138 9.1111
      vertex 0.21769766069948673 -1.6018775717914104 9.5692
      vertex 0.1769085954129696 -1.6084929165691138 9.5692
    endloop
  endfacet
  facet normal 0.18747919365798388 -0.9822685742429879 0
    outer loop
      vertex 0.21769766069948673 -1.6018775717914104 9.1111
      vertex 0.2569790562689304 -1.5943801881223918 9.5692
      vertex 0.21769766069948673 -1.6018775717914104 9.5692
    endloop
  endfacet
  facet normal 0.21656777595279733 -0.9762675854594677 0
    outer loop
      vertex 0.2569790562689304 -1.5943801881223918 9.1111
      vertex 0.2947527897059917 -1.5860007503926754 9.5692
      vertex 0.2569790562689304 -1.5943801881223918 9.5692
    endloop
  endfacet
  facet normal 0.24743495665854595 -0.9689045062457824 0
    outer loop
      vertex 0.2947527897059917 -1.5860007503926754 9.1111
      vertex 0.3310188610106707 -1.5767392661869526 9.5692
      vertex 0.2947527897059917 -1.5860007503926754 9.5692
    endloop
  endfacet
  facet normal 0.28014395683702265 -0.9599580008769637 0
    outer loop
      vertex 0.3310188610106707 -1.5767392661869526 9.1111
      vertex 0.36577726259827614 -1.5665957430899144 9.5692
      vertex 0.3310188610106707 -1.5767392661869526 9.5692
    endloop
  endfacet
  facet normal 0.31473700617823885 -0.9491789172447729 0
    outer loop
      vertex 0.36577726259827614 -1.5665957430899144 9.1111
      vertex 0.39902800205349925 -1.5555701735168697 9.5692
      vertex 0.36577726259827614 -1.5665957430899144 9.5692
    endloop
  endfacet
  facet normal 0.3675089398614133 -0.9300199885604288 0
    outer loop
      vertex 0.39902800205349925 -1.5555701735168697 9.1111
      vertex 0.4583099396973848 -1.5321441801786424 9.5692
      vertex 0.39902800205349925 -1.5555701735168697 9.5692
    endloop
  endfacet
  facet normal 0.4347382400728153 -0.9005568625125184 0
    outer loop
      vertex 0.4583099396973848 -1.5321441801786424 9.1111
      vertex 0.5128493217229844 -1.505815631762147 9.5692
      vertex 0.4583099396973848 -1.5321441801786424 9.5692
    endloop
  endfacet
  facet normal 0.5062333708798562 -0.8623965295660796 0
    outer loop
      vertex 0.5128493217229844 -1.505815631762147 9.1111
      vertex 0.5626461481302977 -1.4765845130980015 9.5692
      vertex 0.5128493217229844 -1.505815631762147 9.5692
    endloop
  endfacet
  facet normal 0 0 1
    outer loop
      vertex 0.715033247768879 -2.289768668919802 9.1111
      vertex 0.8146518314629794 -2.2529715782254933 9.1111
      vertex 0.4583099396973848 -1.5321441801786424 9.1111
    endloop
  endfacet
  facet normal -0.3464970907893062 0.9380510466251543 0
    outer loop
      vertex 0.715033247768879 -2.289768668919802 9.1111
      vertex 0.715033247768879 -2.289768668919802 9.5692
      vertex 0.8146518314629794 -2.2529715782254933 9.1111
    endloop
  endfacet
  facet normal -0.40220182099474105 0.9155510336341248 0
    outer loop
      vertex 0.8146518314629794 -2.2529715782254933 9.1111
      vertex 0.8146518314629794 -2.2529715782254933 9.5692
      vertex 0.9095831671059131 -2.2112682163566353 9.1111
    endloop
  endfacet
  facet normal 0 0 1
    outer loop
      vertex 0.8146518314629794 -2.2529715782254933 9.1111
      vertex 0.5128493217229844 -1.505815631762147 9.1111
      vertex 0.4583099396973848 -1.5321441801786424 9.1111
    endloop
  endfacet
  facet normal 0 0 1
    outer loop
      vertex 0.9095831671059131 -2.2112682163566353 9.1111
      vertex 0.5626461481302977 -1.4765845130980015 9.1111
      vertex 0.5128493217229844 -1.505815631762147 9.1111
    endloop
  endfacet
  facet normal 0 0 1
    outer loop
      vertex 0.8146518314629794 -2.2529715782254933 9.1111
      vertex 0.9095831671059131 -2.2112682163566353 9.1111
      vertex 0.5128493217229844 -1.505815631762147 9.1111
    endloop
  endfacet
  facet normal 0 0 1
    outer loop
      vertex 0.9095831671059131 -2.2112682163566353 9.1111
      vertex 0.9998272395282984 -2.1646585757285357 9.1111
      vertex 0.5626461481302977 -1.4765845130980015 9.1111
    endloop
  endfacet
  facet normal -0.45889210948943204 0.888491998753134 0
    outer loop
      vertex 0.9095831671059131 -2.2112682163566353 9.1111
      vertex 0.9095831671059131 -2.2112682163566353 9.5692
      vertex 0.9998272395282984 -2.1646585757285357 9.1111
    endloop
  endfacet
  facet normal -0.515833859617035 0.8566886419654419 0
    outer loop
      vertex 0.9998272395282984 -2.1646585757285357 9.1111
      vertex 0.9998272395282984 -2.1646585757285357 9.5692
      vertex 1.085384056314826 -2.113142656341195 9.1111
    endloop
  endfacet
  facet normal -0.5721923329812685 0.8201194632963257 0
    outer loop
      vertex 1.085384056314826 -2.113142656341195 9.1111
      vertex 1.085384056314826 -2.113142656341195 9.5692
      vertex 1.166253617465496 -2.0567204581946137 9.1111
    endloop
  endfacet
  facet normal 0 0 1
    outer loop
      vertex 0.9998272395282984 -2.1646585757285357 9.1111
      vertex 1.085384056314826 -2.113142656341195 9.1111
      vertex 0.5626461481302977 -1.4765845130980015 9.1111
    endloop
  endfacet
  facet normal 0 0 1
    outer loop
      vertex 1.085384056314826 -2.113142656341195 9.1111
      vertex 1.166253617465496 -2.0567204581946137 9.1111
      vertex 0.6077004189193249 -1.4444508317708968 9.1111
    endloop
  endfacet
  facet normal 0 0 1
    outer loop
      vertex 1.166253617465496 -2.0567204581946137 9.1111
      vertex 1.2424359153956175 -1.9953919812887908 9.1111
      vertex 0.648012134090066 -1.4094145877808333 9.1111
    endloop
  endfacet
  facet normal 0 0 1
    outer loop
      vertex 1.2424359153956175 -1.9953919812887908 9.1111
      vertex 1.313434638261795 -1.9303447607010604 9.1111
      vertex 0.683581293642521 -1.3714757735431196 9.1111
    endloop
  endfacet
  facet normal -0.292382660711764 0.9563014063124186 0
    outer loop
      vertex 0.715033247768879 -2.289768668919802 9.1111
      vertex 0.6107274008542299 -2.321659473270178 9.5692
      vertex 0.715033247768879 -2.289768668919802 9.5692
    endloop
  endfacet
  facet normal -0.3464970907893062 0.9380510466251543 0
    outer loop
      vertex 0.8146518314629794 -2.2529715782254933 9.1111
      vertex 0.715033247768879 -2.289768668919802 9.5692
      vertex 0.8146518314629794 -2.2529715782254933 9.5692
    endloop
  endfacet
  facet normal -0.40220182099474105 0.9155510336341248 0
    outer loop
      vertex 0.9095831671059131 -2.2112682163566353 9.1111
      vertex 0.8146518314629794 -2.2529715782254933 9.5692
      vertex 0.9095831671059131 -2.2112682163566353 9.5692
    endloop
  endfacet
  facet normal -0.45889210948943204 0.888491998753134 0
    outer loop
      vertex 0.9998272395282984 -2.1646585757285357 9.1111
      vertex 0.9095831671059131 -2.2112682163566353 9.5692
      vertex 0.9998272395282984 -2.1646585757285357 9.5692
    endloop
  endfacet
  facet normal -0.515833859617035 0.8566886419654419 0
    outer loop
      vertex 1.085384056314826 -2.113142656341195 9.1111
      vertex 0.9998272395282984 -2.1646585757285357 9.5692
      vertex 1.085384056314826 -2.113142656341195 9.5692
    endloop
  endfacet
  facet normal -0.5721923329812685 0.8201194632963257 0
    outer loop
      vertex 1.166253617465496 -2.0567204581946137 9.1111
      vertex 1.085384056314826 -2.113142656341195 9.5692
      vertex 1.166253617465496 -2.0567204581946137 9.5692
    endloop
  endfacet
  facet normal 0 0 1
    outer loop
      vertex 1.085384056314826 -2.113142656341195 9.1111
      vertex 0.6077004189193249 -1.4444508317708968 9.1111
      vertex 0.5626461481302977 -1.4765845130980015 9.1111
    endloop
  endfacet
  facet normal 0 0 1
    outer loop
      vertex 1.166253617465496 -2.0567204581946137 9.1111
      vertex 0.648012134090066 -1.4094145877808333 9.1111
      vertex 0.6077004189193249 -1.4444508317708968 9.1111
    endloop
  endfacet
  facet normal 0 0 1
    outer loop
      vertex 1.2424359153956175 -1.9953919812887908 9.1111
      vertex 0.683581293642521 -1.3714757735431196 9.1111
      vertex 0.648012134090066 -1.4094145877808333 9.1111
    endloop
  endfacet
  facet normal 0.5806644175956646 -0.8141430059506055 1.4293931929772836e-19
    outer loop
      vertex 0.5626461481302977 -1.4765845130980015 9.1111
      vertex 0.6077004189193249 -1.4444508317708968 9.1111
      vertex 0.6077004189193249 -1.4444508317708968 9.5692
    endloop
  endfacet
  facet normal 0.6559929556462964 -0.7547670118271176 -2.1417059656230257e-18
    outer loop
      vertex 0.6077004189193249 -1.4444508317708968 9.1111
      vertex 0.648012134090066 -1.4094145877808333 9.1111
      vertex 0.648012134090066 -1.4094145877808333 9.5692
    endloop
  endfacet
  facet normal 0.7295226088160828 -0.6839566968940188 2.4280128143555604e-18
    outer loop
      vertex 0.648012134090066 -1.4094145877808333 9.1111
      vertex 0.683581293642521 -1.3714757735431196 9.1111
      vertex 0.683581293642521 -1.3714757735431196 9.5692
    endloop
  endfacet
  facet normal 0.7981616798692807 -0.6024433025507445 -4.319047678300714e-18
    outer loop
      vertex 0.683581293642521 -1.3714757735431196 9.1111
      vertex 0.7144078975766898 -1.3306343966424465 9.1111
      vertex 0.7144078975766898 -1.3306343966424465 9.5692
    endloop
  endfacet
  facet normal 0.8588956884968882 -0.5121505601690349 2.8019148079568925e-18
    outer loop
      vertex 0.7144078975766898 -1.3306343966424465 9.1111
      vertex 0.7404919534772635 -1.2868904570788144 9.1111
      vertex 0.7404919534772635 -1.2868904570788144 9.5692
    endloop
  endfacet
  facet normal 0.9093463642885801 -0.4160398896201432 1.9222988308395162e-18
    outer loop
      vertex 0.7404919534772635 -1.2868904570788144 9.1111
      vertex 0.76183344617486 -1.2402439472675324 9.1111
      vertex 0.76183344617486 -1.2402439472675324 9.5692
    endloop
  endfacet
  facet normal 0.9482080967465428 -0.31764981546397764 2.2522365114637992e-18
    outer loop
      vertex 0.76183344617486 -1.2402439472675324 9.1111
      vertex 0.7784323908388615 -1.190694874793291 9.1111
      vertex 0.7784323908388615 -1.190694874793291 9.5692
    endloop
  endfacet
  facet normal 0.9753911793163943 -0.220481399015367 -5.033303270554638e-19
    outer loop
      vertex 0.7784323908388615 -1.190694874793291 9.1111
      vertex 0.7902887722998858 -1.1382432396560906 9.1111
      vertex 0.7902887722998858 -1.1382432396560906 9.5692
    endloop
  endfacet
  facet normal 0 0 1
    outer loop
      vertex 1.3787534666359424 -1.8627804314494134 9.1111
      vertex 0.7144078975766898 -1.3306343966424465 9.1111
      vertex 0.683581293642521 -1.3714757735431196 9.1111
    endloop
  endfacet
  facet normal 0 0 1
    outer loop
      vertex 0.7144078975766898 -1.3306343966424465 9.1111
      vertex 1.4383923929333686 -1.7926989935338498 9.1111
      vertex 0.7404919534772635 -1.2868904570788144 9.1111
    endloop
  endfacet
  facet normal 0 0 1
    outer loop
      vertex 1.313434638261795 -1.9303447607010604 9.1111
      vertex 1.3787534666359424 -1.8627804314494134 9.1111
      vertex 0.683581293642521 -1.3714757735431196 9.1111
    endloop
  endfacet
  facet normal 0 0 1
    outer loop
      vertex 0.7404919534772635 -1.2868904570788144 9.1111
      vertex 1.5406305544674397 -1.6449847841262817 9.1111
      vertex 0.76183344617486 -1.2402439472675324 9.1111
    endloop
  endfacet
  facet normal 0 0 1
    outer loop
      vertex 0.76183344617486 -1.2402439472675324 9.1111
      vertex 1.620149122864008 -1.4872021324783564 9.1111
      vertex 0.7784323908388615 -1.190694874793291 9.1111
    endloop
  endfacet
  facet normal 0 0 1
    outer loop
      vertex 1.6513885615319013 -1.4045351436585187 9.1111
      vertex 0.7902887722998858 -1.1382432396560906 9.1111
      vertex 0.7784323908388615 -1.190694874793291 9.1111
    endloop
  endfacet
  facet normal 0.5806644175956646 -0.8141430059506055 0
    outer loop
      vertex 0.5626461481302977 -1.4765845130980015 9.1111
      vertex 0.6077004189193249 -1.4444508317708968 9.5692
      vertex 0.5626461481302977 -1.4765845130980015 9.5692
    endloop
  endfacet
  facet normal 0.6559929556462964 -0.7547670118271176 0
    outer loop
      vertex 0.6077004189193249 -1.4444508317708968 9.1111
      vertex 0.648012134090066 -1.4094145877808333 9.5692
      vertex 0.6077004189193249 -1.4444508317708968 9.5692
    endloop
  endfacet
  facet normal 0.7295226088160828 -0.6839566968940188 0
    outer loop
      vertex 0.648012134090066 -1.4094145877808333 9.1111
      vertex 0.683581293642521 -1.3714757735431196 9.5692
      vertex 0.648012134090066 -1.4094145877808333 9.5692
    endloop
  endfacet
  facet normal 0.7981616798692807 -0.6024433025507445 0
    outer loop
      vertex 0.683581293642521 -1.3714757735431196 9.1111
      vertex 0.7144078975766898 -1.3306343966424465 9.5692
      vertex 0.683581293642521 -1.3714757735431196 9.5692
    endloop
  endfacet
  facet normal 0.8588956884968882 -0.5121505601690349 0
    outer loop
      vertex 0.7144078975766898 -1.3306343966424465 9.1111
      vertex 0.7404919534772635 -1.2868904570788144 9.5692
      vertex 0.7144078975766898 -1.3306343966424465 9.5692
    endloop
  endfacet
  facet normal 0.9093463642885801 -0.4160398896201432 0
    outer loop
      vertex 0.7404919534772635 -1.2868904570788144 9.1111
      vertex 0.76183344617486 -1.2402439472675324 9.5692
      vertex 0.7404919534772635 -1.2868904570788144 9.5692
    endloop
  endfacet
  facet normal 0.9482080967465428 -0.31764981546397764 0
    outer loop
      vertex 0.76183344617486 -1.2402439472675324 9.1111
      vertex 0.7784323908388615 -1.190694874793291 9.5692
      vertex 0.76183344617486 -1.2402439472675324 9.5692
    endloop
  endfacet
  facet normal 0.9753911793163943 -0.220481399015367 0
    outer loop
      vertex 0.7784323908388615 -1.190694874793291 9.1111
      vertex 0.7902887722998858 -1.1382432396560906 9.5692
      vertex 0.7784323908388615 -1.190694874793291 9.5692
    endloop
  endfacet
  facet normal 0.3728183171521319 0.9279043605867214 0
    outer loop
      vertex 0.4144792540222407 -0.584765193015337 9.1111
      vertex 0.4144792540222407 -0.584765193015337 9.5692
      vertex 0.4571421930789948 -0.6019065341055393 9.1111
    endloop
  endfacet
  facet normal 0.4004440267443702 0.9163212217583712 9.172096140527235e-19
    outer loop
      vertex 0.49712158501148224 -0.6193780367970466 9.1111
      vertex 0.4571421930789948 -0.6019065341055393 9.1111
      vertex 0.4571421930789948 -0.6019065341055393 9.5692
    endloop
  endfacet
  facet normal 0.43075652994343394 0.9024681777830682 0
    outer loop
      vertex 0.49712158501148224 -0.6193780367970466 9.1111
      vertex 0.49712158501148224 -0.6193780367970466 9.5692
      vertex 0.5344174298197031 -0.637179693505168 9.1111
    endloop
  endfacet
  facet normal 0.46403831397828427 0.8858151292229047 -9.320180347272319e-19
    outer loop
      vertex 0.5690297275036573 -0.6553115042299033 9.1111
      vertex 0.5344174298197031 -0.637179693505168 9.1111
      vertex 0.5344174298197031 -0.637179693505168 9.5692
    endloop
  endfacet
  facet normal 0.34760881230246343 0.937639650190664 0
    outer loop
      vertex 0.4144792540222407 -0.584765193015337 9.1111
      vertex 0.36913277542591094 -0.5679540059417486 9.5692
      vertex 0.4144792540222407 -0.584765193015337 9.5692
    endloop
  endfacet
  facet normal 0.3728183171521319 0.9279043605867214 0
    outer loop
      vertex 0.4571421930789948 -0.6019065341055393 9.1111
      vertex 0.4144792540222407 -0.584765193015337 9.5692
      vertex 0.4571421930789948 -0.6019065341055393 9.5692
    endloop
  endfacet
  facet normal 0.4004440267443702 0.9163212217583712 0
    outer loop
      vertex 0.49712158501148224 -0.6193780367970466 9.1111
      vertex 0.4571421930789948 -0.6019065341055393 9.5692
      vertex 0.49712158501148224 -0.6193780367970466 9.5692
    endloop
  endfacet
  facet normal 0.46403831397828427 0.8858151292229047 0
    outer loop
      vertex 0.5690297275036573 -0.6553115042299033 9.1111
      vertex 0.5344174298197031 -0.637179693505168 9.5692
      vertex 0.5690297275036573 -0.6553115042299033 9.5692
    endloop
  endfacet
  facet normal 0.43075652994343394 0.9024681777830682 0
    outer loop
      vertex 0.5344174298197031 -0.637179693505168 9.1111
      vertex 0.49712158501148224 -0.6193780367970466 9.5692
      vertex 0.5344174298197031 -0.637179693505168 9.5692
    endloop
  endfacet
  facet normal 0.23461101848891577 0.9720893323165283 0
    outer loop
      vertex 0.04069947491586209 -0.47402019369602205 9.1111
      vertex 0.04069947491586209 -0.47402019369602205 9.5692
      vertex 0.10214722108840943 -0.48885043391585353 9.1111
    endloop
  endfacet
  facet normal 0.24980768352303054 0.9682954720811501 0
    outer loop
      vertex 0.10214722108840943 -0.48885043391585353 9.1111
      vertex 0.10214722108840943 -0.48885043391585353 9.5692
      vertex 0.16091142013669013 -0.50401083573699 9.1111
    endloop
  endfacet
  facet normal 0.26624889447128014 0.9639043138158586 0
    outer loop
      vertex 0.16091142013669013 -0.50401083573699 9.1111
      vertex 0.16091142013669013 -0.50401083573699 9.5692
      vertex 0.21699207964539527 -0.5195013915747404 9.1111
    endloop
  endfacet
  facet normal 0.2840776506069451 0.9588012768168586 6.642729068211622e-19
    outer loop
      vertex 0.27038918444514276 -0.5353221090137958 9.1111
      vertex 0.21699207964539527 -0.5195013915747404 9.1111
      vertex 0.21699207964539527 -0.5195013915747404 9.5692
    endloop
  endfacet
  facet normal 0.3034550414270882 0.9528457576294729 0
    outer loop
      vertex 0.27038918444514276 -0.5353221090137958 9.1111
      vertex 0.27038918444514276 -0.5353221090137958 9.5692
      vertex 0.3211027572900057 -0.5514729804694652 9.1111
    endloop
  endfacet
  facet normal 0 0 1
    outer loop
      vertex -0.02343181838095188 -0.45952010749280453 9.1111
      vertex 0.04069947491586209 -0.47402019369602205 9.1111
      vertex 0.5294948818981647 0.31366106800735 9.1111
    endloop
  endfacet
  facet normal 0 0 1
    outer loop
      vertex 0.04069947491586209 -0.47402019369602205 9.1111
      vertex 0.10214722108840943 -0.48885043391585353 9.1111
      vertex 0.5294948818981647 0.31366106800735 9.1111
    endloop
  endfacet
  facet normal 0 0 1
    outer loop
      vertex 0.10214722108840943 -0.48885043391585353 9.1111
      vertex 0.16091142013669013 -0.50401083573699 9.1111
      vertex 0.5294948818981647 0.31366106800735 9.1111
    endloop
  endfacet
  facet normal 0 0 1
    outer loop
      vertex 0.36913277542591094 -0.5679540059417486 9.1111
      vertex 0.4144792540222407 -0.584765193015337 9.1111
      vertex 0.6830955472737551 0.27345019130408765 9.1111
    endloop
  endfacet
  facet normal 0 0 1
    outer loop
      vertex 0.4144792540222407 -0.584765193015337 9.1111
      vertex 0.4571421930789948 -0.6019065341055393 9.1111
      vertex 0.7553736937493086 0.2518566062301397 9.1111
    endloop
  endfacet
  facet normal 0.32456380524783157 0.9458638043201821 0
    outer loop
      vertex 0.3211027572900057 -0.5514729804694652 9.1111
      vertex 0.3211027572900057 -0.5514729804694652 9.5692
      vertex 0.36913277542591094 -0.5679540059417486 9.1111
    endloop
  endfacet
  facet normal 0.34760881230246343 0.937639650190664 0
    outer loop
      vertex 0.36913277542591094 -0.5679540059417486 9.1111
      vertex 0.36913277542591094 -0.5679540059417486 9.5692
      vertex 0.4144792540222407 -0.584765193015337 9.1111
    endloop
  endfacet
  facet normal 0 0 1
    outer loop
      vertex 0.16091142013669013 -0.50401083573699 9.1111
      vertex 0.21699207964539527 -0.5195013915747404 9.1111
      vertex 0.5294948818981647 0.31366106800735 9.1111
    endloop
  endfacet
  facet normal 0 0 1
    outer loop
      vertex 0.27038918444514276 -0.5353221090137958 9.1111
      vertex 0.5294948818981647 0.31366106800735 9.1111
      vertex 0.21699207964539527 -0.5195013915747404 9.1111
    endloop
  endfacet
  facet normal 0 0 1
    outer loop
      vertex 0.27038918444514276 -0.5353221090137958 9.1111
      vertex 0.3211027572900057 -0.5514729804694652 9.1111
      vertex 0.5294948818981647 0.31366106800735 9.1111
    endloop
  endfacet
  facet normal 0 0 1
    outer loop
      vertex 0.3211027572900057 -0.5514729804694652 9.1111
      vertex 0.36913277542591094 -0.5679540059417486 9.1111
      vertex 0.6078026074618101 0.2940516760349274 9.1111
    endloop
  endfacet
  facet normal 0 0 1
    outer loop
      vertex 0.36913277542591094 -0.5679540059417486 9.1111
      vertex 0.6830955472737551 0.27345019130408765 9.1111
      vertex 0.6078026074618101 0.2940516760349274 9.1111
    endloop
  endfacet
  facet normal 0.22053330449752376 0.9753794449379187 0
    outer loop
      vertex 0.04069947491586209 -0.47402019369602205 9.1111
      vertex -0.02343181838095188 -0.45952010749280453 9.5692
      vertex 0.04069947491586209 -0.47402019369602205 9.5692
    endloop
  endfacet
  facet normal 0.23461101848891577 0.9720893323165283 0
    outer loop
      vertex 0.10214722108840943 -0.48885043391585353 9.1111
      vertex 0.04069947491586209 -0.47402019369602205 9.5692
      vertex 0.10214722108840943 -0.48885043391585353 9.5692
    endloop
  endfacet
  facet normal 0.24980768352303054 0.9682954720811501 0
    outer loop
      vertex 0.16091142013669013 -0.50401083573699 9.1111
      vertex 0.10214722108840943 -0.48885043391585353 9.5692
      vertex 0.16091142013669013 -0.50401083573699 9.5692
    endloop
  endfacet
  facet normal 0.26624889447128014 0.9639043138158586 0
    outer loop
      vertex 0.21699207964539527 -0.5195013915747404 9.1111
      vertex 0.16091142013669013 -0.50401083573699 9.5692
      vertex 0.21699207964539527 -0.5195013915747404 9.5692
    endloop
  endfacet
  facet normal 0.2840776506069451 0.9588012768168586 0
    outer loop
      vertex 0.27038918444514276 -0.5353221090137958 9.1111
      vertex 0.21699207964539527 -0.5195013915747404 9.5692
      vertex 0.27038918444514276 -0.5353221090137958 9.5692
    endloop
  endfacet
  facet normal 0.3034550414270882 0.9528457576294729 0
    outer loop
      vertex 0.3211027572900057 -0.5514729804694652 9.1111
      vertex 0.27038918444514276 -0.5353221090137958 9.5692
      vertex 0.3211027572900057 -0.5514729804694652 9.5692
    endloop
  endfacet
  facet normal 0.32456380524783157 0.9458638043201821 0
    outer loop
      vertex 0.36913277542591094 -0.5679540059417486 9.1111
      vertex 0.3211027572900057 -0.5514729804694652 9.5692
      vertex 0.36913277542591094 -0.5679540059417486 9.5692
    endloop
  endfacet
  facet normal 0.9918428804945877 -0.12746646779525517 8.754130844913756e-19
    outer loop
      vertex 0.7902887722998858 -1.1382432396560906 9.1111
      vertex 0.7974026057273149 -1.0828890342712403 9.1111
      vertex 0.7974026057273149 -1.0828890342712403 9.5692
    endloop
  endfacet
  facet normal 0.9991726241190535 -0.04067022511671791 -4.2559666457773713e-19
    outer loop
      vertex 0.7974026057273149 -1.0828890342712403 9.1111
      vertex 0.7997738835364581 -1.0246322662234306 9.1111
      vertex 0.7997738835364581 -1.0246322662234306 9.5692
    endloop
  endfacet
  facet normal 0.9833604363632243 0.18166522010425984 5.923559114352371e-19
    outer loop
      vertex 0.7950681971013546 -0.9573137947320939 9.1111
      vertex 0.7891860795766116 -0.9254736788719893 9.1111
      vertex 0.7891860795766116 -0.9254736788719893 9.5692
    endloop
  endfacet
  facet normal 0.965701786539854 0.25965372994381264 1.2329704790676659e-18
    outer loop
      vertex 0.7891860795766116 -0.9254736788719893 9.1111
      vertex 0.7809511226266622 -0.8948463020175695 9.1111
      vertex 0.7809511226266622 -0.8948463020175695 9.5692
    endloop
  endfacet
  facet normal 0.9409023740944774 0.33867790365386397 8.589613509193416e-19
    outer loop
      vertex 0.7809511226266622 -0.8948463020175695 9.1111
      vertex 0.7703633262515068 -0.8654316793382167 9.1111
      vertex 0.7703633262515068 -0.8654316793382167 9.5692
    endloop
  endfacet
  facet normal 0.9994111604860215 0.03431227617025202 3.036653409430949e-20
    outer loop
      vertex 0.7997738835364581 -1.0246322662234306 9.1111
      vertex 0.7985974600315094 -0.9903666647672653 9.1111
      vertex 0.7985974600315094 -0.9903666647672653 9.5692
    endloop
  endfacet
  facet normal 0.9943476981521989 0.10617276100499401 -3.5592084453902813e-19
    outer loop
      vertex 0.7985974600315094 -0.9903666647672653 9.1111
      vertex 0.7950681971013546 -0.9573137947320939 9.1111
      vertex 0.7950681971013546 -0.9573137947320939 9.5692
    endloop
  endfacet
  facet normal 0.667360316597489 0.7447349916788517 -2.7265284623916114e-18
    outer loop
      vertex 0.682131639227271 -0.7365497117042542 9.1111
      vertex 0.6574267607927322 -0.7144115609824657 9.1111
      vertex 0.6574267607927322 -0.7144115609824657 9.5692
    endloop
  endfacet
  facet normal 0.7754767607557067 0.631376110989192 0
    outer loop
      vertex 0.7044836630672217 -0.7599006166011095 9.1111
      vertex 0.7044836630672217 -0.7599006166011095 9.5692
      vertex 0.724482847481966 -0.7844642680883408 9.1111
    endloop
  endfacet
  facet normal 0.7223887579784726 0.6914871526979511 2.3939548773971345e-18
    outer loop
      vertex 0.7044836630672217 -0.7599006166011095 9.1111
      vertex 0.682131639227271 -0.7365497117042542 9.1111
      vertex 0.682131639227271 -0.7365497117042542 9.5692
    endloop
  endfacet
  facet normal 0.5005671437078846 0.865697715510518 0
    outer loop
      vertex 0.5690297275036573 -0.6553115042299033 9.1111
      vertex 0.5690297275036573 -0.6553115042299033 9.5692
      vertex 0.600958485648036 -0.6737734765559436 9.1111
    endloop
  endfacet
  facet normal 0.5567639139630627 0.8306707796164081 -6.039584376919937e-19
    outer loop
      vertex 0.6303690505176782 -0.6934861492663622 9.1111
      vertex 0.600958485648036 -0.6737734765559436 9.1111
      vertex 0.600958485648036 -0.6737734765559436 9.5692
    endloop
  endfacet
  facet normal 0.6117619552044841 0.7910419142905052 -9.203005982542512e-19
    outer loop
      vertex 0.6574267607927322 -0.7144115609824657 9.1111
      vertex 0.6303690505176782 -0.6934861492663622 9.1111
      vertex 0.6303690505176782 -0.6934861492663622 9.5692
    endloop
  endfacet
  facet normal 0.8251601372412131 0.5648988829056599 -1.2472332895651883e-18
    outer loop
      vertex 0.7421291848868131 -0.8102406585812569 9.1111
      vertex 0.724482847481966 -0.7844642680883408 9.1111
      vertex 0.724482847481966 -0.7844642680883408 9.5692
    endloop
  endfacet
  facet normal 0.8700270799500281 0.49300393523138075 -1.801793350327624e-18
    outer loop
      vertex 0.7574226752817631 -0.8372297956645489 9.1111
      vertex 0.7421291848868131 -0.8102406585812569 9.1111
      vertex 0.7421291848868131 -0.8102406585812569 9.5692
    endloop
  endfacet
  facet normal 0.9088842281660621 0.4170485101172063 0
    outer loop
      vertex 0.7574226752817631 -0.8372297956645489 9.1111
      vertex 0.7574226752817631 -0.8372297956645489 9.5692
      vertex 0.7703633262515068 -0.8654316793382167 9.1111
    endloop
  endfacet
  facet normal 0 0 1
    outer loop
      vertex 1.6968277478069067 -1.231649824857712 9.1111
      vertex 0.7974026057273149 -1.0828890342712403 9.1111
      vertex 0.7902887722998858 -1.1382432396560906 9.1111
    endloop
  endfacet
  facet normal 0 0 1
    outer loop
      vertex 0.7974026057273149 -1.0828890342712403 9.1111
      vertex 1.7110274878293277 -1.1414315024614334 9.1111
      vertex 0.7997738835364581 -1.0246322662234306 9.1111
    endloop
  endfacet
  facet normal 0 0 1
    outer loop
      vertex 0.7997738835364581 -1.0246322662234306 9.1111
      vertex 1.722387284398079 -0.9534435316771269 9.1111
      vertex 0.7985974600315094 -0.9903666647672653 9.1111
    endloop
  endfacet
  facet normal 0 0 1
    outer loop
      vertex 0.7985974600315094 -0.9903666647672653 9.1111
      vertex 1.719960979655385 -0.8610238892287017 9.1111
      vertex 0.7950681971013546 -0.9573137947320939 9.1111
    endloop
  endfacet
  facet normal 0 0 1
    outer loop
      vertex 0.7950681971013546 -0.9573137947320939 9.1111
      vertex 1.7126820730119945 -0.7720229173302651 9.1111
      vertex 0.7891860795766116 -0.9254736788719893 9.1111
    endloop
  endfacet
  facet normal 0 0 1
    outer loop
      vertex 0.7421291848868131 -0.8102406585812569 9.1111
      vertex 1.5258566912561655 -0.24473897287249566 9.1111
      vertex 0.724482847481966 -0.7844642680883408 9.1111
    endloop
  endfacet
  facet normal 0 0 1
    outer loop
      vertex 0.7809511226266622 -0.8948463020175695 9.1111
      vertex 1.6835664236843586 -0.6042770003527403 9.1111
      vertex 0.7703633262515068 -0.8654316793382167 9.1111
    endloop
  endfacet
  facet normal 0 0 1
    outer loop
      vertex 0.7891860795766116 -0.9254736788719893 9.1111
      vertex 1.700550549298525 -0.6864406235665083 9.1111
      vertex 0.7809511226266622 -0.8948463020175695 9.1111
    endloop
  endfacet
  facet normal 0 0 1
    outer loop
      vertex 0.7574226752817631 -0.8372297956645489 9.1111
      vertex 1.5671038567125797 -0.3098092357516289 9.1111
      vertex 0.7421291848868131 -0.8102406585812569 9.1111
    endloop
  endfacet
  facet normal 0 0 1
    outer loop
      vertex 0.7574226752817631 -0.8372297956645489 9.1111
      vertex 0.7703633262515068 -0.8654316793382167 9.1111
      vertex 1.6350403515845537 -0.45020577315986154 9.1111
    endloop
  endfacet
  facet normal 0.9918428804945877 -0.12746646779525517 0
    outer loop
      vertex 0.7902887722998858 -1.1382432396560906 9.1111
      vertex 0.7974026057273149 -1.0828890342712403 9.5692
      vertex 0.7902887722998858 -1.1382432396560906 9.5692
    endloop
  endfacet
  facet normal 0.9991726241190535 -0.04067022511671791 0
    outer loop
      vertex 0.7974026057273149 -1.0828890342712403 9.1111
      vertex 0.7997738835364581 -1.0246322662234306 9.5692
      vertex 0.7974026057273149 -1.0828890342712403 9.5692
    endloop
  endfacet
  facet normal 0.9994111604860215 0.03431227617025202 0
    outer loop
      vertex 0.7997738835364581 -1.0246322662234306 9.1111
      vertex 0.7985974600315094 -0.9903666647672653 9.5692
      vertex 0.7997738835364581 -1.0246322662234306 9.5692
    endloop
  endfacet
  facet normal 0.965701786539854 0.25965372994381264 0
    outer loop
      vertex 0.7891860795766116 -0.9254736788719893 9.1111
      vertex 0.7809511226266622 -0.8948463020175695 9.5692
      vertex 0.7891860795766116 -0.9254736788719893 9.5692
    endloop
  endfacet
  facet normal 0.9409023740944774 0.33867790365386397 0
    outer loop
      vertex 0.7809511226266622 -0.8948463020175695 9.1111
      vertex 0.7703633262515068 -0.8654316793382167 9.5692
      vertex 0.7809511226266622 -0.8948463020175695 9.5692
    endloop
  endfacet
  facet normal 0.9943476981521989 0.10617276100499401 0
    outer loop
      vertex 0.7985974600315094 -0.9903666647672653 9.1111
      vertex 0.7950681971013546 -0.9573137947320939 9.5692
      vertex 0.7985974600315094 -0.9903666647672653 9.5692
    endloop
  endfacet
  facet normal 0.9833604363632243 0.18166522010425984 0
    outer loop
      vertex 0.7950681971013546 -0.9573137947320939 9.1111
      vertex 0.7891860795766116 -0.9254736788719893 9.5692
      vertex 0.7950681971013546 -0.9573137947320939 9.5692
    endloop
  endfacet
  facet normal 0.667360316597489 0.7447349916788517 0
    outer loop
      vertex 0.682131639227271 -0.7365497117042542 9.1111
      vertex 0.6574267607927322 -0.7144115609824657 9.5692
      vertex 0.682131639227271 -0.7365497117042542 9.5692
    endloop
  endfacet
  facet normal 0.7754767607557067 0.631376110989192 0
    outer loop
      vertex 0.724482847481966 -0.7844642680883408 9.1111
      vertex 0.7044836630672217 -0.7599006166011095 9.5692
      vertex 0.724482847481966 -0.7844642680883408 9.5692
    endloop
  endfacet
  facet normal 0.7223887579784726 0.6914871526979511 0
    outer loop
      vertex 0.7044836630672217 -0.7599006166011095 9.1111
      vertex 0.682131639227271 -0.7365497117042542 9.5692
      vertex 0.7044836630672217 -0.7599006166011095 9.5692
    endloop
  endfacet
  facet normal 0.5005671437078846 0.865697715510518 0
    outer loop
      vertex 0.600958485648036 -0.6737734765559436 9.1111
      vertex 0.5690297275036573 -0.6553115042299033 9.5692
      vertex 0.600958485648036 -0.6737734765559436 9.5692
    endloop
  endfacet
  facet normal 0.5567639139630627 0.8306707796164081 0
    outer loop
      vertex 0.6303690505176782 -0.6934861492663622 9.1111
      vertex 0.600958485648036 -0.6737734765559436 9.5692
      vertex 0.6303690505176782 -0.6934861492663622 9.5692
    endloop
  endfacet
  facet normal 0.6117619552044841 0.7910419142905052 0
    outer loop
      vertex 0.6574267607927322 -0.7144115609824657 9.1111
      vertex 0.6303690505176782 -0.6934861492663622 9.5692
      vertex 0.6574267607927322 -0.7144115609824657 9.5692
    endloop
  endfacet
  facet normal 0.8700270799500281 0.49300393523138075 0
    outer loop
      vertex 0.7574226752817631 -0.8372297956645489 9.1111
      vertex 0.7421291848868131 -0.8102406585812569 9.5692
      vertex 0.7574226752817631 -0.8372297956645489 9.5692
    endloop
  endfacet
  facet normal 0.8251601372412131 0.5648988829056599 0
    outer loop
      vertex 0.7421291848868131 -0.8102406585812569 9.1111
      vertex 0.724482847481966 -0.7844642680883408 9.5692
      vertex 0.7421291848868131 -0.8102406585812569 9.5692
    endloop
  endfacet
  facet normal 0.9088842281660621 0.4170485101172063 0
    outer loop
      vertex 0.7703633262515068 -0.8654316793382167 9.1111
      vertex 0.7574226752817631 -0.8372297956645489 9.5692
      vertex 0.7703633262515068 -0.8654316793382167 9.5692
    endloop
  endfacet
  facet normal 0 0 1
    outer loop
      vertex 0.49712158501148224 -0.6193780367970466 9.1111
      vertex 0.8246370620578528 0.22927092081308365 9.1111
      vertex 0.4571421930789948 -0.6019065341055393 9.1111
    endloop
  endfacet
  facet normal 0 0 1
    outer loop
      vertex 0.49712158501148224 -0.6193780367970466 9.1111
      vertex 0.5344174298197031 -0.637179693505168 9.1111
      vertex 0.8908856370300055 0.2056931350529194 9.1111
    endloop
  endfacet
  facet normal 0 0 1
    outer loop
      vertex 0.5690297275036573 -0.6553115042299033 9.1111
      vertex 0.9541194338351489 0.18112324894964696 9.1111
      vertex 0.5344174298197031 -0.637179693505168 9.1111
    endloop
  endfacet
  facet normal 0 0 1
    outer loop
      vertex 0.6574267607927322 -0.7144115609824657 9.1111
      vertex 1.1769067407846452 0.07292274661362172 9.1111
      vertex 0.6303690505176782 -0.6934861492663622 9.1111
    endloop
  endfacet
  facet normal 0 0 1
    outer loop
      vertex 0.5690297275036573 -0.6553115042299033 9.1111
      vertex 0.600958485648036 -0.6737734765559436 9.1111
      vertex 1.0143384373039008 0.1555612700879574 9.1111
    endloop
  endfacet
  facet normal 0 0 1
    outer loop
      vertex 0.6303690505176782 -0.6934861492663622 9.1111
      vertex 1.0715426550209521 0.12900719088315965 9.1111
      vertex 0.600958485648036 -0.6737734765559436 9.1111
    endloop
  endfacet
  facet normal 0 0 1
    outer loop
      vertex 0.4144792540222407 -0.584765193015337 9.1111
      vertex 0.7553736937493086 0.2518566062301397 9.1111
      vertex 0.6830955472737551 0.27345019130408765 9.1111
    endloop
  endfacet
  facet normal 0 0 1
    outer loop
      vertex 0.4571421930789948 -0.6019065341055393 9.1111
      vertex 0.8246370620578528 0.22927092081308365 9.1111
      vertex 0.7553736937493086 0.2518566062301397 9.1111
    endloop
  endfacet
  facet normal 0 0 1
    outer loop
      vertex 0.49712158501148224 -0.6193780367970466 9.1111
      vertex 0.8908856370300055 0.2056931350529194 9.1111
      vertex 0.8246370620578528 0.22927092081308365 9.1111
    endloop
  endfacet
  facet normal 0 0 1
    outer loop
      vertex 0.5344174298197031 -0.637179693505168 9.1111
      vertex 0.9541194338351489 0.18112324894964696 9.1111
      vertex 0.8908856370300055 0.2056931350529194 9.1111
    endloop
  endfacet
  facet normal 0 0 1
    outer loop
      vertex 0.5690297275036573 -0.6553115042299033 9.1111
      vertex 1.0143384373039008 0.1555612700879574 9.1111
      vertex 0.9541194338351489 0.18112324894964696 9.1111
    endloop
  endfacet
  facet normal 0 0 1
    outer loop
      vertex 0.7044836630672217 -0.7599006166011095 9.1111
      vertex 1.3729995683133602 -0.07004023787379265 9.1111
      vertex 0.682131639227271 -0.7365497117042542 9.1111
    endloop
  endfacet
  facet normal 0 0 1
    outer loop
      vertex 0.682131639227271 -0.7365497117042542 9.1111
      vertex 1.2702116835415362 0.012869900971651077 9.1111
      vertex 0.6574267607927322 -0.7144115609824657 9.1111
    endloop
  endfacet
  facet normal 0 0 1
    outer loop
      vertex 0.7044836630672217 -0.7599006166011095 9.1111
      vertex 0.724482847481966 -0.7844642680883408 9.1111
      vertex 1.4288045470565558 -0.12485447393357754 9.1111
    endloop
  endfacet
  facet normal 0 0 1
    outer loop
      vertex 0.6303690505176782 -0.6934861492663622 9.1111
      vertex 1.1257320945709943 0.10146101891994476 9.1111
      vertex 1.0715426550209521 0.12900719088315965 9.1111
    endloop
  endfacet
  facet normal 0 0 1
    outer loop
      vertex 0.6303690505176782 -0.6934861492663622 9.1111
      vertex 1.1769067407846452 0.07292274661362172 9.1111
      vertex 1.1257320945709943 0.10146101891994476 9.1111
    endloop
  endfacet
  facet normal 0 0 1
    outer loop
      vertex 0.600958485648036 -0.6737734765559436 9.1111
      vertex 1.0715426550209521 0.12900719088315965 9.1111
      vertex 1.0143384373039008 0.1555612700879574 9.1111
    endloop
  endfacet
  facet normal 0 0 1
    outer loop
      vertex 0.6574267607927322 -0.7144115609824657 9.1111
      vertex 1.2702116835415362 0.012869900971651077 9.1111
      vertex 1.2250666088312865 0.04339237396419048 9.1111
    endloop
  endfacet
  facet normal 0 0 1
    outer loop
      vertex 0.6574267607927322 -0.7144115609824657 9.1111
      vertex 1.2250666088312865 0.04339237396419048 9.1111
      vertex 1.1769067407846452 0.07292274661362172 9.1111
    endloop
  endfacet
  facet normal 0 0 1
    outer loop
      vertex 0.682131639227271 -0.7365497117042542 9.1111
      vertex 1.3123419725000858 -0.018644672363996508 9.1111
      vertex 1.2702116835415362 0.012869900971651077 9.1111
    endloop
  endfacet
  facet normal 0 0 1
    outer loop
      vertex 0.682131639227271 -0.7365497117042542 9.1111
      vertex 1.3729995683133602 -0.07004023787379265 9.1111
      vertex 1.3123419725000858 -0.018644672363996508 9.1111
    endloop
  endfacet
  facet normal -0.6270777678290301 0.7789566567496301 0
    outer loop
      vertex 1.166253617465496 -2.0567204581946137 9.1111
      vertex 1.166253617465496 -2.0567204581946137 9.5692
      vertex 1.2424359153956175 -1.9953919812887908 9.1111
    endloop
  endfacet
  facet normal -0.6755274169665947 0.7373348689207913 0
    outer loop
      vertex 1.2424359153956175 -1.9953919812887908 9.1111
      vertex 1.2424359153956175 -1.9953919812887908 9.5692
      vertex 1.313434638261795 -1.9303447607010604 9.1111
    endloop
  endfacet
  facet normal -0.7189530489984963 0.6950586402137346 0
    outer loop
      vertex 1.313434638261795 -1.9303447607010604 9.1111
      vertex 1.313434638261795 -1.9303447607010604 9.5692
      vertex 1.3787534666359424 -1.8627804314494134 9.1111
    endloop
  endfacet
  facet normal -0.7615654057216766 0.6480880594548691 0
    outer loop
      vertex 1.3787534666359424 -1.8627804314494134 9.1111
      vertex 1.3787534666359424 -1.8627804314494134 9.5692
      vertex 1.4383923929333686 -1.7926989935338498 9.1111
    endloop
  endfacet
  facet normal -0.8025920297254735 0.5965283177026425 0
    outer loop
      vertex 1.4383923929333686 -1.7926989935338498 9.1111
      vertex 1.4383923929333686 -1.7926989935338498 9.5692
      vertex 1.4923514247387648 -1.7201004469543695 9.1111
    endloop
  endfacet
  facet normal -0.6270777678290301 0.7789566567496301 0
    outer loop
      vertex 1.2424359153956175 -1.9953919812887908 9.1111
      vertex 1.166253617465496 -2.0567204581946137 9.5692
      vertex 1.2424359153956175 -1.9953919812887908 9.5692
    endloop
  endfacet
  facet normal -0.6755274169665947 0.7373348689207913 0
    outer loop
      vertex 1.313434638261795 -1.9303447607010604 9.1111
      vertex 1.2424359153956175 -1.9953919812887908 9.5692
      vertex 1.313434638261795 -1.9303447607010604 9.5692
    endloop
  endfacet
  facet normal -0.7189530489984963 0.6950586402137346 0
    outer loop
      vertex 1.3787534666359424 -1.8627804314494134 9.1111
      vertex 1.313434638261795 -1.9303447607010604 9.5692
      vertex 1.3787534666359424 -1.8627804314494134 9.5692
    endloop
  endfacet
  facet normal -0.7615654057216766 0.6480880594548691 0
    outer loop
      vertex 1.4383923929333686 -1.7926989935338498 9.1111
      vertex 1.3787534666359424 -1.8627804314494134 9.5692
      vertex 1.4383923929333686 -1.7926989935338498 9.5692
    endloop
  endfacet
  facet normal -0.8025920297254735 0.5965283177026425 0
    outer loop
      vertex 1.4923514247387648 -1.7201004469543695 9.1111
      vertex 1.4383923929333686 -1.7926989935338498 9.5692
      vertex 1.4923514247387648 -1.7201004469543695 9.5692
    endloop
  endfacet
  facet normal 0 0 1
    outer loop
      vertex 1.3787534666359424 -1.8627804314494134 9.1111
      vertex 1.4383923929333686 -1.7926989935338498 9.1111
      vertex 0.7144078975766898 -1.3306343966424465 9.1111
    endloop
  endfacet
  facet normal 0 0 1
    outer loop
      vertex 0.7404919534772635 -1.2868904570788144 9.1111
      vertex 1.4383923929333686 -1.7926989935338498 9.1111
      vertex 1.4923514247387648 -1.7201004469543695 9.1111
    endloop
  endfacet
  facet normal 0 0 1
    outer loop
      vertex 0.7404919534772635 -1.2868904570788144 9.1111
      vertex 1.4923514247387648 -1.7201004469543695 9.1111
      vertex 1.5406305544674397 -1.6449847841262817 9.1111
    endloop
  endfacet
  facet normal 0 0 1
    outer loop
      vertex 0.76183344617486 -1.2402439472675324 9.1111
      vertex 1.5406305544674397 -1.6449847841262817 9.1111
      vertex 1.5832297897040843 -1.5673520126342773 9.1111
    endloop
  endfacet
  facet normal 0 0 1
    outer loop
      vertex 0.76183344617486 -1.2402439472675324 9.1111
      vertex 1.5832297897040843 -1.5673520126342773 9.1111
      vertex 1.620149122864008 -1.4872021324783564 9.1111
    endloop
  endfacet
  facet normal 0 0 1
    outer loop
      vertex 1.620149122864008 -1.4872021324783564 9.1111
      vertex 1.6513885615319013 -1.4045351436585187 9.1111
      vertex 0.7784323908388615 -1.190694874793291 9.1111
    endloop
  endfacet
  facet normal 0 0 1
    outer loop
      vertex 1.6513885615319013 -1.4045351436585187 9.1111
      vertex 1.6769481057077646 -1.3193510385900735 9.1111
      vertex 0.7902887722998858 -1.1382432396560906 9.1111
    endloop
  endfacet
  facet normal 0 0 1
    outer loop
      vertex 1.6769481057077646 -1.3193510385900735 9.1111
      vertex 1.6968277478069067 -1.231649824857712 9.1111
      vertex 0.7902887722998858 -1.1382432396560906 9.1111
    endloop
  endfacet
  facet normal 0 0 1
    outer loop
      vertex 1.6968277478069067 -1.231649824857712 9.1111
      vertex 1.7110274878293277 -1.1414315024614334 9.1111
      vertex 0.7974026057273149 -1.0828890342712403 9.1111
    endloop
  endfacet
  facet normal -0.841226920923476 0.5406822241516804 0
    outer loop
      vertex 1.4923514247387648 -1.7201004469543695 9.1111
      vertex 1.4923514247387648 -1.7201004469543695 9.5692
      vertex 1.5406305544674397 -1.6449847841262817 9.1111
    endloop
  endfacet
  facet normal -0.876686568442199 0.48106201337565774 0
    outer loop
      vertex 1.5406305544674397 -1.6449847841262817 9.1111
      vertex 1.5406305544674397 -1.6449847841262817 9.5692
      vertex 1.5832297897040843 -1.5673520126342773 9.1111
    endloop
  endfacet
  facet normal -0.9082735390840141 0.4183768375517457 0
    outer loop
      vertex 1.5832297897040843 -1.5673520126342773 9.1111
      vertex 1.5832297897040843 -1.5673520126342773 9.5692
      vertex 1.620149122864008 -1.4872021324783564 9.1111
    endloop
  endfacet
  facet normal -0.9354358490700817 0.35349649542044304 0
    outer loop
      vertex 1.620149122864008 -1.4872021324783564 9.1111
      vertex 1.620149122864008 -1.4872021324783564 9.5692
      vertex 1.6513885615319013 -1.4045351436585187 9.1111
    endloop
  endfacet
  facet normal -0.9578129378646933 0.28739237300075493 0
    outer loop
      vertex 1.6513885615319013 -1.4045351436585187 9.1111
      vertex 1.6513885615319013 -1.4045351436585187 9.5692
      vertex 1.6769481057077646 -1.3193510385900735 9.1111
    endloop
  endfacet
  facet normal -0.9752587503216351 0.22106643779887147 0
    outer loop
      vertex 1.6769481057077646 -1.3193510385900735 9.1111
      vertex 1.6769481057077646 -1.3193510385900735 9.5692
      vertex 1.6968277478069067 -1.231649824857712 9.1111
    endloop
  endfacet
  facet normal -0.9878391887964504 0.15547905671816661 0
    outer loop
      vertex 1.6968277478069067 -1.231649824857712 9.1111
      vertex 1.6968277478069067 -1.231649824857712 9.5692
      vertex 1.7110274878293277 -1.1414315024614334 9.1111
    endloop
  endfacet
  facet normal -0.841226920923476 0.5406822241516804 0
    outer loop
      vertex 1.5406305544674397 -1.6449847841262817 9.1111
      vertex 1.4923514247387648 -1.7201004469543695 9.5692
      vertex 1.5406305544674397 -1.6449847841262817 9.5692
    endloop
  endfacet
  facet normal -0.876686568442199 0.48106201337565774 0
    outer loop
      vertex 1.5832297897040843 -1.5673520126342773 9.1111
      vertex 1.5406305544674397 -1.6449847841262817 9.5692
      vertex 1.5832297897040843 -1.5673520126342773 9.5692
    endloop
  endfacet
  facet normal -0.9082735390840141 0.4183768375517457 0
    outer loop
      vertex 1.620149122864008 -1.4872021324783564 9.1111
      vertex 1.5832297897040843 -1.5673520126342773 9.5692
      vertex 1.620149122864008 -1.4872021324783564 9.5692
    endloop
  endfacet
  facet normal -0.9354358490700817 0.35349649542044304 0
    outer loop
      vertex 1.6513885615319013 -1.4045351436585187 9.1111
      vertex 1.620149122864008 -1.4872021324783564 9.5692
      vertex 1.6513885615319013 -1.4045351436585187 9.5692
    endloop
  endfacet
  facet normal -0.9578129378646933 0.28739237300075493 0
    outer loop
      vertex 1.6769481057077646 -1.3193510385900735 9.1111
      vertex 1.6513885615319013 -1.4045351436585187 9.5692
      vertex 1.6769481057077646 -1.3193510385900735 9.5692
    endloop
  endfacet
  facet normal -0.9752587503216351 0.22106643779887147 0
    outer loop
      vertex 1.6968277478069067 -1.231649824857712 9.1111
      vertex 1.6769481057077646 -1.3193510385900735 9.5692
      vertex 1.6968277478069067 -1.231649824857712 9.5692
    endloop
  endfacet
  facet normal -0.9878391887964504 0.15547905671816661 0
    outer loop
      vertex 1.7110274878293277 -1.1414315024614334 9.1111
      vertex 1.6968277478069067 -1.231649824857712 9.5692
      vertex 1.7110274878293277 -1.1414315024614334 9.5692
    endloop
  endfacet
  facet normal 0 0 1
    outer loop
      vertex 0.7997738835364581 -1.0246322662234306 9.1111
      vertex 1.7110274878293277 -1.1414315024614334 9.1111
      vertex 1.7195473333597184 -1.0486960714012385 9.1111
    endloop
  endfacet
  facet normal 0 0 1
    outer loop
      vertex 0.7997738835364581 -1.0246322662234306 9.1111
      vertex 1.7195473333597184 -1.0486960714012385 9.1111
      vertex 1.722387284398079 -0.9534435316771269 9.1111
    endloop
  endfacet
  facet normal 0 0 1
    outer loop
      vertex 0.7985974600315094 -0.9903666647672653 9.1111
      vertex 1.722387284398079 -0.9534435316771269 9.1111
      vertex 1.719960979655385 -0.8610238892287017 9.1111
    endloop
  endfacet
  facet normal 0 0 1
    outer loop
      vertex 0.7891860795766116 -0.9254736788719893 9.1111
      vertex 1.7126820730119945 -0.7720229173302651 9.1111
      vertex 1.700550549298525 -0.6864406235665083 9.1111
    endloop
  endfacet
  facet normal 0 0 1
    outer loop
      vertex 0.7950681971013546 -0.9573137947320939 9.1111
      vertex 1.719960979655385 -0.8610238892287017 9.1111
      vertex 1.7126820730119945 -0.7720229173302651 9.1111
    endloop
  endfacet
  facet normal 0 0 1
    outer loop
      vertex 0.7809511226266622 -0.8948463020175695 9.1111
      vertex 1.700550549298525 -0.6864406235665083 9.1111
      vertex 1.6835664236843586 -0.6042770003527403 9.1111
    endloop
  endfacet
  facet normal 0 0 1
    outer loop
      vertex 0.7703633262515068 -0.8654316793382167 9.1111
      vertex 1.6617296961694956 -0.525532047688961 9.1111
      vertex 1.6350403515845537 -0.45020577315986154 9.1111
    endloop
  endfacet
  facet normal 0 0 1
    outer loop
      vertex 0.7703633262515068 -0.8654316793382167 9.1111
      vertex 1.6835664236843586 -0.6042770003527403 9.1111
      vertex 1.6617296961694956 -0.525532047688961 9.1111
    endloop
  endfacet
  facet normal -0.9958062420237537 0.0914873124893788 0
    outer loop
      vertex 1.7110274878293277 -1.1414315024614334 9.1111
      vertex 1.7110274878293277 -1.1414315024614334 9.5692
      vertex 1.7195473333597184 -1.0486960714012385 9.1111
    endloop
  endfacet
  facet normal -0.9995558300679716 0.029801721043059008 0
    outer loop
      vertex 1.7195473333597184 -1.0486960714012385 9.1111
      vertex 1.7195473333597184 -1.0486960714012385 9.5692
      vertex 1.722387284398079 -0.9534435316771269 9.1111
    endloop
  endfacet
  facet normal -0.9996555646591233 -0.026244085925201655 0
    outer loop
      vertex 1.722387284398079 -0.9534435316771269 9.1111
      vertex 1.722387284398079 -0.9534435316771269 9.5692
      vertex 1.719960979655385 -0.8610238892287017 9.1111
    endloop
  endfacet
  facet normal -0.9966723257911723 -0.08151242237852735 0
    outer loop
      vertex 1.719960979655385 -0.8610238892287017 9.1111
      vertex 1.719960979655385 -0.8610238892287017 9.5692
      vertex 1.7126820730119945 -0.7720229173302651 9.1111
    endloop
  endfacet
  facet normal -0.9901020011569953 -0.1403496608649733 0
    outer loop
      vertex 1.7126820730119945 -0.7720229173302651 9.1111
      vertex 1.7126820730119945 -0.7720229173302651 9.5692
      vertex 1.700550549298525 -0.6864406235665083 9.1111
    endloop
  endfacet
  facet normal -0.9792964538426792 -0.202431359949869 0
    outer loop
      vertex 1.700550549298525 -0.6864406235665083 9.1111
      vertex 1.700550549298525 -0.6864406235665083 9.5692
      vertex 1.6835664236843586 -0.6042770003527403 9.1111
    endloop
  endfacet
  facet normal -0.963634173553431 -0.2672249605856392 5.085610911894133e-19
    outer loop
      vertex 1.6617296961694956 -0.525532047688961 9.1111
      vertex 1.6835664236843586 -0.6042770003527403 9.1111
      vertex 1.6835664236843586 -0.6042770003527403 9.5692
    endloop
  endfacet
  facet normal -0.9958062420237537 0.0914873124893788 0
    outer loop
      vertex 1.7195473333597184 -1.0486960714012385 9.1111
      vertex 1.7110274878293277 -1.1414315024614334 9.5692
      vertex 1.7195473333597184 -1.0486960714012385 9.5692
    endloop
  endfacet
  facet normal -0.9995558300679716 0.029801721043059008 0
    outer loop
      vertex 1.722387284398079 -0.9534435316771269 9.1111
      vertex 1.7195473333597184 -1.0486960714012385 9.5692
      vertex 1.722387284398079 -0.9534435316771269 9.5692
    endloop
  endfacet
  facet normal -0.9996555646591233 -0.026244085925201655 0
    outer loop
      vertex 1.719960979655385 -0.8610238892287017 9.1111
      vertex 1.722387284398079 -0.9534435316771269 9.5692
      vertex 1.719960979655385 -0.8610238892287017 9.5692
    endloop
  endfacet
  facet normal -0.9966723257911723 -0.08151242237852735 0
    outer loop
      vertex 1.7126820730119945 -0.7720229173302651 9.1111
      vertex 1.719960979655385 -0.8610238892287017 9.5692
      vertex 1.7126820730119945 -0.7720229173302651 9.5692
    endloop
  endfacet
  facet normal -0.9901020011569953 -0.1403496608649733 0
    outer loop
      vertex 1.700550549298525 -0.6864406235665083 9.1111
      vertex 1.7126820730119945 -0.7720229173302651 9.5692
      vertex 1.700550549298525 -0.6864406235665083 9.5692
    endloop
  endfacet
  facet normal -0.9792964538426792 -0.202431359949869 0
    outer loop
      vertex 1.6835664236843586 -0.6042770003527403 9.1111
      vertex 1.700550549298525 -0.6864406235665083 9.5692
      vertex 1.6835664236843586 -0.6042770003527403 9.5692
    endloop
  endfacet
  facet normal 0 0 1
    outer loop
      vertex 0.7421291848868131 -0.8102406585812569 9.1111
      vertex 1.5671038567125797 -0.3098092357516289 9.1111
      vertex 1.5258566912561655 -0.24473897287249566 9.1111
    endloop
  endfacet
  facet normal 0 0 1
    outer loop
      vertex 0.724482847481966 -0.7844642680883408 9.1111
      vertex 1.4797569238990544 -0.18308738812804223 9.1111
      vertex 1.4288045470565558 -0.12485447393357754 9.1111
    endloop
  endfacet
  facet normal 0 0 1
    outer loop
      vertex 0.7044836630672217 -0.7599006166011095 9.1111
      vertex 1.4288045470565558 -0.12485447393357754 9.1111
      vertex 1.3729995683133602 -0.07004023787379265 9.1111
    endloop
  endfacet
  facet normal 0 0 1
    outer loop
      vertex 0.724482847481966 -0.7844642680883408 9.1111
      vertex 1.5258566912561655 -0.24473897287249566 9.1111
      vertex 1.4797569238990544 -0.18308738812804223 9.1111
    endloop
  endfacet
  facet normal 0 0 1
    outer loop
      vertex 0.7574226752817631 -0.8372297956645489 9.1111
      vertex 1.6034984050989152 -0.3782981691807509 9.1111
      vertex 1.5671038567125797 -0.3098092357516289 9.1111
    endloop
  endfacet
  facet normal 0 0 1
    outer loop
      vertex 0.7574226752817631 -0.8372297956645489 9.1111
      vertex 1.6350403515845537 -0.45020577315986154 9.1111
      vertex 1.6034984050989152 -0.3782981691807509 9.1111
    endloop
  endfacet
  facet normal -0.5989881402931903 -0.8007578958637281 0
    outer loop
      vertex 1.3123419725000858 -0.018644672363996508 9.1111
      vertex 1.3123419725000858 -0.018644672363996508 9.5692
      vertex 1.2702116835415362 0.012869900971651077 9.1111
    endloop
  endfacet
  facet normal -0.646454514548859 -0.7629525284179868 0
    outer loop
      vertex 1.3729995683133602 -0.07004023787379265 9.1111
      vertex 1.3729995683133602 -0.07004023787379265 9.5692
      vertex 1.3123419725000858 -0.018644672363996508 9.1111
    endloop
  endfacet
  facet normal -0.7007455914536529 -0.7134112531059978 0
    outer loop
      vertex 1.4288045470565558 -0.12485447393357754 9.1111
      vertex 1.4288045470565558 -0.12485447393357754 9.5692
      vertex 1.3729995683133602 -0.07004023787379265 9.1111
    endloop
  endfacet
  facet normal -0.8446077959135294 -0.5353855349951937 0
    outer loop
      vertex 1.5671038567125797 -0.3098092357516289 9.1111
      vertex 1.5671038567125797 -0.3098092357516289 9.5692
      vertex 1.5258566912561655 -0.24473897287249566 9.1111
    endloop
  endfacet
  facet normal -0.9425827621755551 -0.33397265823642036 0
    outer loop
      vertex 1.6617296961694956 -0.525532047688961 9.1111
      vertex 1.6617296961694956 -0.525532047688961 9.5692
      vertex 1.6350403515845537 -0.45020577315986154 9.1111
    endloop
  endfacet
  facet normal -0.9157717011377282 -0.4016991304388288 0
    outer loop
      vertex 1.6350403515845537 -0.45020577315986154 9.1111
      vertex 1.6350403515845537 -0.45020577315986154 9.5692
      vertex 1.6034984050989152 -0.3782981691807509 9.1111
    endloop
  endfacet
  facet normal -0.8830633487795213 -0.4692537927841367 0
    outer loop
      vertex 1.6034984050989152 -0.3782981691807509 9.1111
      vertex 1.6034984050989152 -0.3782981691807509 9.5692
      vertex 1.5671038567125797 -0.3098092357516289 9.1111
    endloop
  endfacet
  facet normal -0.8008653799934738 -0.5988444231416945 -1.7607405063608174e-18
    outer loop
      vertex 1.4797569238990544 -0.18308738812804223 9.1111
      vertex 1.5258566912561655 -0.24473897287249566 9.1111
      vertex 1.5258566912561655 -0.24473897287249566 9.5692
    endloop
  endfacet
  facet normal -0.7525858089844231 -0.658494191405863 0
    outer loop
      vertex 1.4797569238990544 -0.18308738812804223 9.1111
      vertex 1.4797569238990544 -0.18308738812804223 9.5692
      vertex 1.4288045470565558 -0.12485447393357754 9.1111
    endloop
  endfacet
  facet normal -0.646454514548859 -0.7629525284179868 0
    outer loop
      vertex 1.3123419725000858 -0.018644672363996508 9.1111
      vertex 1.3729995683133602 -0.07004023787379265 9.5692
      vertex 1.3123419725000858 -0.018644672363996508 9.5692
    endloop
  endfacet
  facet normal -0.7007455914536529 -0.7134112531059978 0
    outer loop
      vertex 1.3729995683133602 -0.07004023787379265 9.1111
      vertex 1.4288045470565558 -0.12485447393357754 9.5692
      vertex 1.3729995683133602 -0.07004023787379265 9.5692
    endloop
  endfacet
  facet normal -0.8830633487795213 -0.4692537927841367 0
    outer loop
      vertex 1.5671038567125797 -0.3098092357516289 9.1111
      vertex 1.6034984050989152 -0.3782981691807509 9.5692
      vertex 1.5671038567125797 -0.3098092357516289 9.5692
    endloop
  endfacet
  facet normal -0.9425827621755551 -0.33397265823642036 0
    outer loop
      vertex 1.6350403515845537 -0.45020577315986154 9.1111
      vertex 1.6617296961694956 -0.525532047688961 9.5692
      vertex 1.6350403515845537 -0.45020577315986154 9.5692
    endloop
  endfacet
  facet normal -0.963634173553431 -0.2672249605856392 0
    outer loop
      vertex 1.6617296961694956 -0.525532047688961 9.1111
      vertex 1.6835664236843586 -0.6042770003527403 9.5692
      vertex 1.6617296961694956 -0.525532047688961 9.5692
    endloop
  endfacet
  facet normal -0.9157717011377282 -0.4016991304388288 0
    outer loop
      vertex 1.6034984050989152 -0.3782981691807509 9.1111
      vertex 1.6350403515845537 -0.45020577315986154 9.5692
      vertex 1.6034984050989152 -0.3782981691807509 9.5692
    endloop
  endfacet
  facet normal -0.7525858089844231 -0.658494191405863 0
    outer loop
      vertex 1.4288045470565558 -0.12485447393357754 9.1111
      vertex 1.4797569238990544 -0.18308738812804223 9.5692
      vertex 1.4288045470565558 -0.12485447393357754 9.5692
    endloop
  endfacet
  facet normal -0.8008653799934738 -0.5988444231416945 0
    outer loop
      vertex 1.4797569238990544 -0.18308738812804223 9.1111
      vertex 1.5258566912561655 -0.24473897287249566 9.5692
      vertex 1.4797569238990544 -0.18308738812804223 9.5692
    endloop
  endfacet
  facet normal -0.8446077959135294 -0.5353855349951937 0
    outer loop
      vertex 1.5258566912561655 -0.24473897287249566 9.1111
      vertex 1.5671038567125797 -0.3098092357516289 9.5692
      vertex 1.5258566912561655 -0.24473897287249566 9.5692
    endloop
  endfacet
  facet normal 0.9792217231520213 0.20279254647838083 -3.885251181100596e-18
    outer loop
      vertex 2.31579809987545 -0.8233303866535425 9.1111
      vertex 2.285688727080822 -0.6779416511058808 9.1111
      vertex 2.285688727080822 -0.6779416511058808 9.5692
    endloop
  endfacet
  facet normal 0.9881823191742348 0.15328308475311572 8.705548358796804e-20
    outer loop
      vertex 2.285688727080822 -0.6779416511058808 9.1111
      vertex 2.2622703336030243 -0.5269684213101864 9.1111
      vertex 2.2622703336030243 -0.5269684213101864 9.5692
    endloop
  endfacet
  facet normal 0.9881823191742348 0.15328308475311572 0
    outer loop
      vertex 2.285688727080822 -0.6779416511058808 9.1111
      vertex 2.2622703336030243 -0.5269684213101864 9.5692
      vertex 2.285688727080822 -0.6779416511058808 9.5692
    endloop
  endfacet
  facet normal 0.9943404692737193 0.10624044034415353 1.4660378971817427e-18
    outer loop
      vertex 2.2622703336030243 -0.5269684213101864 9.1111
      vertex 2.2455429042726753 -0.37041071243584156 9.1111
      vertex 2.2455429042726753 -0.37041071243584156 9.5692
    endloop
  endfacet
  facet normal 0.9980897375398536 0.0617808693498716 -5.026003783480133e-19
    outer loop
      vertex 2.2455429042726753 -0.37041071243584156 9.1111
      vertex 2.2355064466744663 -0.20826852448284627 9.1111
      vertex 2.2355064466744663 -0.20826852448284627 9.5692
    endloop
  endfacet
  facet normal 0.999801137635747 0.01994204558880878 4.340058659074065e-19
    outer loop
      vertex 2.2355064466744663 -0.20826852448284627 9.1111
      vertex 2.2321609683930874 -0.04054184986650944 9.1111
      vertex 2.2321609683930874 -0.04054184986650944 9.5692
    endloop
  endfacet
  facet normal 0.9943404692737193 0.10624044034415353 0
    outer loop
      vertex 2.2622703336030243 -0.5269684213101864 9.1111
      vertex 2.2455429042726753 -0.37041071243584156 9.5692
      vertex 2.2622703336030243 -0.5269684213101864 9.5692
    endloop
  endfacet
  facet normal 0.9980897375398536 0.0617808693498716 0
    outer loop
      vertex 2.2455429042726753 -0.37041071243584156 9.1111
      vertex 2.2355064466744663 -0.20826852448284627 9.5692
      vertex 2.2455429042726753 -0.37041071243584156 9.5692
    endloop
  endfacet
  facet normal 0.999801137635747 0.01994204558880878 0
    outer loop
      vertex 2.2355064466744663 -0.20826852448284627 9.1111
      vertex 2.2321609683930874 -0.04054184986650944 9.5692
      vertex 2.2355064466744663 -0.20826852448284627 9.5692
    endloop
  endfacet
  facet normal 0.2520908516282639 0.9677035716196032 1.5368579898053685e-18
    outer loop
      vertex 3.7828722902238368 -2.3588040641695263 9.1111
      vertex 3.6533937183767557 -2.3250743514746426 9.1111
      vertex 3.6533937183767557 -2.3250743514746426 9.5692
    endloop
  endfacet
  facet normal 0.19147235785969524 0.981498006200547 0
    outer loop
      vertex 3.7828722902238368 -2.3588040641695263 9.1111
      vertex 3.7828722902238368 -2.3588040641695263 9.5692
      vertex 3.9173503946065904 -2.3850382893681528 9.1111
    endloop
  endfacet
  facet normal 0.1331530508299248 0.991095487354616 0
    outer loop
      vertex 3.9173503946065904 -2.3850382893681528 9.1111
      vertex 3.9173503946065904 -2.3850382893681528 9.5692
      vertex 4.056828016355634 -2.4037770194858314 9.1111
    endloop
  endfacet
  facet normal 0.3143890498167996 0.9492942248614441 0
    outer loop
      vertex 3.6533937183767557 -2.3250743514746426 9.1111
      vertex 3.5289146638959648 -2.2838491436988115 9.5692
      vertex 3.6533937183767557 -2.3250743514746426 9.5692
    endloop
  endfacet
  facet normal 0.2520908516282639 0.9677035716196032 0
    outer loop
      vertex 3.7828722902238368 -2.3588040641695263 9.1111
      vertex 3.6533937183767557 -2.3250743514746426 9.5692
      vertex 3.7828722902238368 -2.3588040641695263 9.5692
    endloop
  endfacet
  facet normal 0.19147235785969524 0.981498006200547 0
    outer loop
      vertex 3.9173503946065904 -2.3850382893681528 9.1111
      vertex 3.7828722902238368 -2.3588040641695263 9.5692
      vertex 3.9173503946065904 -2.3850382893681528 9.5692
    endloop
  endfacet
  facet normal 0.1331530508299248 0.991095487354616 0
    outer loop
      vertex 4.056828016355634 -2.4037770194858314 9.1111
      vertex 3.9173503946065904 -2.3850382893681528 9.5692
      vertex 4.056828016355634 -2.4037770194858314 9.5692
    endloop
  endfacet
  facet normal 0.07758558478172033 0.9969856955012336 0
    outer loop
      vertex 4.056828016355634 -2.4037770194858314 9.1111
      vertex 4.056828016355634 -2.4037770194858314 9.5692
      vertex 4.2013051706403495 -2.415020254522562 9.1111
    endloop
  endfacet
  facet normal 0.0250645808767232 0.9996858340426126 0
    outer loop
      vertex 4.2013051706403495 -2.415020254522562 9.1111
      vertex 4.2013051706403495 -2.415020254522562 9.5692
      vertex 4.350781842291355 -2.418768002063036 9.1111
    endloop
  endfacet
  facet normal -0.02291917051291865 0.9997373213114531 0
    outer loop
      vertex 4.350781842291355 -2.418768002063036 9.1111
      vertex 4.350781842291355 -2.418768002063036 9.5692
      vertex 4.471917853176594 -2.4159909356981517 9.1111
    endloop
  endfacet
  facet normal -0.07057454079604711 0.9975065083453978 0
    outer loop
      vertex 4.471917853176594 -2.4159909356981517 9.1111
      vertex 4.471917853176594 -2.4159909356981517 9.5692
      vertex 4.58967150901258 -2.4076597517728806 9.1111
    endloop
  endfacet
  facet normal 0.07758558478172033 0.9969856955012336 0
    outer loop
      vertex 4.2013051706403495 -2.415020254522562 9.1111
      vertex 4.056828016355634 -2.4037770194858314 9.5692
      vertex 4.2013051706403495 -2.415020254522562 9.5692
    endloop
  endfacet
  facet normal 0.0250645808767232 0.9996858340426126 0
    outer loop
      vertex 4.350781842291355 -2.418768002063036 9.1111
      vertex 4.2013051706403495 -2.415020254522562 9.5692
      vertex 4.350781842291355 -2.418768002063036 9.5692
    endloop
  endfacet
  facet normal -0.02291917051291865 0.9997373213114531 0
    outer loop
      vertex 4.471917853176594 -2.4159909356981517 9.1111
      vertex 4.350781842291355 -2.418768002063036 9.5692
      vertex 4.471917853176594 -2.4159909356981517 9.5692
    endloop
  endfacet
  facet normal -0.07057454079604711 0.9975065083453978 0
    outer loop
      vertex 4.58967150901258 -2.4076597517728806 9.1111
      vertex 4.471917853176594 -2.4159909356981517 9.5692
      vertex 4.58967150901258 -2.4076597517728806 9.5692
    endloop
  endfacet
  facet normal 0.7231722814524683 0.6906676851705399 1.1033390573174937e-17
    outer loop
      vertex 2.887030368566513 -1.8790925913602115 9.1111
      vertex 2.79754798874259 -1.7853989407718183 9.1111
      vertex 2.79754798874259 -1.7853989407718183 9.5692
    endloop
  endfacet
  facet normal 0.7693105929814816 0.6388749576611068 0
    outer loop
      vertex 2.79754798874259 -1.7853989407718183 9.1111
      vertex 2.7139108496755364 -1.6846860606074334 9.5692
      vertex 2.79754798874259 -1.7853989407718183 9.5692
    endloop
  endfacet
  facet normal 0.7231722814524683 0.6906676851705399 0
    outer loop
      vertex 2.887030368566513 -1.8790925913602115 9.1111
      vertex 2.79754798874259 -1.7853989407718183 9.5692
      vertex 2.887030368566513 -1.8790925913602115 9.5692
    endloop
  endfacet
  facet normal 0.8468770213157596 0.5317887839803942 8.209890406570065e-18
    outer loop
      vertex 2.636964689925313 -1.578388701364398 9.1111
      vertex 2.5667094943225384 -1.4665068554580212 9.1111
      vertex 2.5667094943225384 -1.4665068554580212 9.5692
    endloop
  endfacet
  facet normal 0.87949061102326 0.47591623750606865 -3.253441085765633e-18
    outer loop
      vertex 2.5667094943225384 -1.4665068554580212 9.1111
      vertex 2.5031452780365946 -1.3490405304729938 9.1111
      vertex 2.5031452780365946 -1.3490405304729938 9.5692
    endloop
  endfacet
  facet normal 0.9077331073216608 0.4195480972095598 0
    outer loop
      vertex 2.446272025898099 -1.225989718824625 9.1111
      vertex 2.446272025898099 -1.225989718824625 9.5692
      vertex 2.5031452780365946 -1.3490405304729938 9.1111
    endloop
  endfacet
  facet normal 0.8100427110188143 0.5863708777943271 -1.3781752958478978e-17
    outer loop
      vertex 2.7139108496755364 -1.6846860606074334 9.1111
      vertex 2.636964689925313 -1.578388701364398 9.1111
      vertex 2.636964689925313 -1.578388701364398 9.5692
    endloop
  endfacet
  facet normal 0.7693105929814816 0.6388749576611068 -8.068900961210059e-18
    outer loop
      vertex 2.79754798874259 -1.7853989407718183 9.1111
      vertex 2.7139108496755364 -1.6846860606074334 9.1111
      vertex 2.7139108496755364 -1.6846860606074334 9.5692
    endloop
  endfacet
  facet normal 0 0 1
    outer loop
      vertex 2.446272025898099 -1.225989718824625 9.1111
      vertex 2.5031452780365946 -1.3490405304729938 9.1111
      vertex 3.3633044669777155 -0.9364810906946659 9.1111
    endloop
  endfacet
  facet normal 0 0 1
    outer loop
      vertex 2.5667094943225384 -1.4665068554580212 9.1111
      vertex 3.3990986112207175 -1.0114254381060601 9.1111
      vertex 2.5031452780365946 -1.3490405304729938 9.1111
    endloop
  endfacet
  facet normal 0.9316189604580843 0.36343653161865624 0
    outer loop
      vertex 2.446272025898099 -1.225989718824625 9.1111
      vertex 2.396089745491743 -1.0973544280976057 9.5692
      vertex 2.446272025898099 -1.225989718824625 9.5692
    endloop
  endfacet
  facet normal 0.9077331073216608 0.4195480972095598 0
    outer loop
      vertex 2.5031452780365946 -1.3490405304729938 9.1111
      vertex 2.446272025898099 -1.225989718824625 9.5692
      vertex 2.5031452780365946 -1.3490405304729938 9.5692
    endloop
  endfacet
  facet normal 0.87949061102326 0.47591623750606865 0
    outer loop
      vertex 2.5667094943225384 -1.4665068554580212 9.1111
      vertex 2.5031452780365946 -1.3490405304729938 9.5692
      vertex 2.5667094943225384 -1.4665068554580212 9.5692
    endloop
  endfacet
  facet normal 0.8100427110188143 0.5863708777943271 0
    outer loop
      vertex 2.7139108496755364 -1.6846860606074334 9.1111
      vertex 2.636964689925313 -1.578388701364398 9.5692
      vertex 2.7139108496755364 -1.6846860606074334 9.5692
    endloop
  endfacet
  facet normal 0.8468770213157596 0.5317887839803942 0
    outer loop
      vertex 2.636964689925313 -1.578388701364398 9.1111
      vertex 2.5667094943225384 -1.4665068554580212 9.5692
      vertex 2.636964689925313 -1.578388701364398 9.5692
    endloop
  endfacet
  facet normal 0.5631756968014319 0.8263371796864896 0
    outer loop
      vertex 3.080993703067303 -2.0439934072941544 9.1111
      vertex 3.080993703067303 -2.0439934072941544 9.5692
      vertex 3.1854746577441695 -2.115200580224395 9.1111
    endloop
  endfacet
  facet normal 0.6739796420306879 0.7387499185300704 -1.4608380208108778e-18
    outer loop
      vertex 2.9815122733414174 -1.9652907468676568 9.1111
      vertex 2.887030368566513 -1.8790925913602115 9.1111
      vertex 2.887030368566513 -1.8790925913602115 9.5692
    endloop
  endfacet
  facet normal 0.6204437804064928 0.784250926269711 0
    outer loop
      vertex 2.9815122733414174 -1.9652907468676568 9.1111
      vertex 2.9815122733414174 -1.9652907468676568 9.5692
      vertex 3.080993703067303 -2.0439934072941544 9.1111
    endloop
  endfacet
  facet normal 0.5029758454000347 0.86430046797634 0
    outer loop
      vertex 3.1854746577441695 -2.115200580224395 9.1111
      vertex 3.1854746577441695 -2.115200580224395 9.5692
      vertex 3.294955129787326 -2.1789122580736877 9.1111
    endloop
  endfacet
  facet normal 0.4407800618320497 0.897615138626424 2.1207919093729775e-18
    outer loop
      vertex 3.409435134366155 -2.2351284484267233 9.1111
      vertex 3.294955129787326 -2.1789122580736877 9.1111
      vertex 3.294955129787326 -2.1789122580736877 9.5692
    endloop
  endfacet
  facet normal 0.37758833092065625 0.925973570007564 4.4101491614829035e-18
    outer loop
      vertex 3.5289146638959648 -2.2838491436988115 9.1111
      vertex 3.409435134366155 -2.2351284484267233 9.1111
      vertex 3.409435134366155 -2.2351284484267233 9.5692
    endloop
  endfacet
  facet normal 0 0 1
    outer loop
      vertex 2.9815122733414174 -1.9652907468676568 9.1111
      vertex 3.080993703067303 -2.0439934072941544 9.1111
      vertex 3.63114605230093 -1.3176593263447285 9.1111
    endloop
  endfacet
  facet normal 0 0 1
    outer loop
      vertex 3.1854746577441695 -2.115200580224395 9.1111
      vertex 3.294955129787326 -2.1789122580736877 9.1111
      vertex 3.7413665323108436 -1.4083468604832887 9.1111
    endloop
  endfacet
  facet normal 0 0 1
    outer loop
      vertex 3.080993703067303 -2.0439934072941544 9.1111
      vertex 3.1854746577441695 -2.115200580224395 9.1111
      vertex 3.6852360034585 -1.365270282715559 9.1111
    endloop
  endfacet
  facet normal 0.6204437804064928 0.784250926269711 0
    outer loop
      vertex 3.080993703067303 -2.0439934072941544 9.1111
      vertex 2.9815122733414174 -1.9652907468676568 9.5692
      vertex 3.080993703067303 -2.0439934072941544 9.5692
    endloop
  endfacet
  facet normal 0.5631756968014319 0.8263371796864896 0
    outer loop
      vertex 3.1854746577441695 -2.115200580224395 9.1111
      vertex 3.080993703067303 -2.0439934072941544 9.5692
      vertex 3.1854746577441695 -2.115200580224395 9.5692
    endloop
  endfacet
  facet normal 0.6739796420306879 0.7387499185300704 0
    outer loop
      vertex 2.9815122733414174 -1.9652907468676568 9.1111
      vertex 2.887030368566513 -1.8790925913602115 9.5692
      vertex 2.9815122733414174 -1.9652907468676568 9.5692
    endloop
  endfacet
  facet normal 0.5029758454000347 0.86430046797634 0
    outer loop
      vertex 3.294955129787326 -2.1789122580736877 9.1111
      vertex 3.1854746577441695 -2.115200580224395 9.5692
      vertex 3.294955129787326 -2.1789122580736877 9.5692
    endloop
  endfacet
  facet normal 0.4407800618320497 0.897615138626424 0
    outer loop
      vertex 3.409435134366155 -2.2351284484267233 9.1111
      vertex 3.294955129787326 -2.1789122580736877 9.5692
      vertex 3.409435134366155 -2.2351284484267233 9.5692
    endloop
  endfacet
  facet normal 0 0 1
    outer loop
      vertex 2.7139108496755364 -1.6846860606074334 9.1111
      vertex 3.4819903192669153 -1.1476020354479552 9.1111
      vertex 2.636964689925313 -1.578388701364398 9.1111
    endloop
  endfacet
  facet normal 0 0 1
    outer loop
      vertex 2.79754798874259 -1.7853989407718183 9.1111
      vertex 3.4819903192669153 -1.1476020354479552 9.1111
      vertex 2.7139108496755364 -1.6846860606074334 9.1111
    endloop
  endfacet
  facet normal 0 0 1
    outer loop
      vertex 2.887030368566513 -1.8790925913602115 9.1111
      vertex 3.5290878754854202 -1.208834277793765 9.1111
      vertex 2.79754798874259 -1.7853989407718183 9.1111
    endloop
  endfacet
  facet normal 0 0 1
    outer loop
      vertex 2.9815122733414174 -1.9652907468676568 9.1111
      vertex 3.579096671253443 -1.2655139913707971 9.1111
      vertex 2.887030368566513 -1.8790925913602115 9.1111
    endloop
  endfacet
  facet normal 0 0 1
    outer loop
      vertex 2.636964689925313 -1.578388701364398 9.1111
      vertex 3.4386605645120145 -1.0817990838289262 9.1111
      vertex 2.5667094943225384 -1.4665068554580212 9.1111
    endloop
  endfacet
  facet normal 0 0 1
    outer loop
      vertex 2.5667094943225384 -1.4665068554580212 9.1111
      vertex 3.4386605645120145 -1.0817990838289262 9.1111
      vertex 3.3990986112207175 -1.0114254381060601 9.1111
    endloop
  endfacet
  facet normal 0 0 1
    outer loop
      vertex 2.887030368566513 -1.8790925913602115 9.1111
      vertex 3.579096671253443 -1.2655139913707971 9.1111
      vertex 3.5290878754854202 -1.208834277793765 9.1111
    endloop
  endfacet
  facet normal 0 0 1
    outer loop
      vertex 2.9815122733414174 -1.9652907468676568 9.1111
      vertex 3.63114605230093 -1.3176593263447285 9.1111
      vertex 3.579096671253443 -1.2655139913707971 9.1111
    endloop
  endfacet
  facet normal 0 0 1
    outer loop
      vertex 2.79754798874259 -1.7853989407718183 9.1111
      vertex 3.5290878754854202 -1.208834277793765 9.1111
      vertex 3.4819903192669153 -1.1476020354479552 9.1111
    endloop
  endfacet
  facet normal 0 0 1
    outer loop
      vertex 2.636964689925313 -1.578388701364398 9.1111
      vertex 3.4819903192669153 -1.1476020354479552 9.1111
      vertex 3.4386605645120145 -1.0817990838289262 9.1111
    endloop
  endfacet
  facet normal 0.9513047965668657 0.30825181918177597 7.023369997571517e-19
    outer loop
      vertex 2.396089745491743 -1.0973544280976057 9.1111
      vertex 2.352598436817527 -0.9631346507072449 9.1111
      vertex 2.352598436817527 -0.9631346507072449 9.5692
    endloop
  endfacet
  facet normal 0.9316189604580843 0.36343653161865624 -1.9820803528469635e-19
    outer loop
      vertex 2.446272025898099 -1.225989718824625 9.1111
      vertex 2.396089745491743 -1.0973544280976057 9.1111
      vertex 2.396089745491743 -1.0973544280976057 9.5692
    endloop
  endfacet
  facet normal 0.9670579516366926 0.2545563163157503 3.230433716074723e-18
    outer loop
      vertex 2.352598436817527 -0.9631346507072449 9.1111
      vertex 2.31579809987545 -0.8233303866535425 9.1111
      vertex 2.31579809987545 -0.8233303866535425 9.5692
    endloop
  endfacet
  facet normal 0 0 1
    outer loop
      vertex 2.446272025898099 -1.225989718824625 9.1111
      vertex 3.3312781241983176 -0.8569660415947438 9.1111
      vertex 2.396089745491743 -1.0973544280976057 9.1111
    endloop
  endfacet
  facet normal 0 0 1
    outer loop
      vertex 2.396089745491743 -1.0973544280976057 9.1111
      vertex 3.3030195904672146 -0.7728802983909846 9.1111
      vertex 2.352598436817527 -0.9631346507072449 9.1111
    endloop
  endfacet
  facet normal 0 0 1
    outer loop
      vertex 2.352598436817527 -0.9631346507072449 9.1111
      vertex 3.278528858199716 -0.6842238534986973 9.1111
      vertex 2.31579809987545 -0.8233303866535425 9.1111
    endloop
  endfacet
  facet normal 0 0 1
    outer loop
      vertex 2.31579809987545 -0.8233303866535425 9.1111
      vertex 3.2578059349805115 -0.590996706917882 9.1111
      vertex 2.285688727080822 -0.6779416511058808 9.1111
    endloop
  endfacet
  facet normal 0.9513047965668657 0.30825181918177597 0
    outer loop
      vertex 2.396089745491743 -1.0973544280976057 9.1111
      vertex 2.352598436817527 -0.9631346507072449 9.5692
      vertex 2.396089745491743 -1.0973544280976057 9.5692
    endloop
  endfacet
  facet normal 0.9670579516366926 0.2545563163157503 0
    outer loop
      vertex 2.352598436817527 -0.9631346507072449 9.1111
      vertex 2.31579809987545 -0.8233303866535425 9.5692
      vertex 2.352598436817527 -0.9631346507072449 9.5692
    endloop
  endfacet
  facet normal 0.9792217231520213 0.20279254647838083 0
    outer loop
      vertex 2.31579809987545 -0.8233303866535425 9.1111
      vertex 2.285688727080822 -0.6779416511058808 9.5692
      vertex 2.31579809987545 -0.8233303866535425 9.5692
    endloop
  endfacet
  facet normal 0 0 1
    outer loop
      vertex 2.2622703336030243 -0.5269684213101864 9.1111
      vertex 3.2276634929329155 -0.3908303162753582 9.1111
      vertex 2.2455429042726753 -0.37041071243584156 9.1111
    endloop
  endfacet
  facet normal 0 0 1
    outer loop
      vertex 2.2455429042726753 -0.37041071243584156 9.1111
      vertex 3.2182439816892146 -0.28389107221364973 9.1111
      vertex 2.2355064466744663 -0.20826852448284627 9.1111
    endloop
  endfacet
  facet normal 0 0 1
    outer loop
      vertex 2.2355064466744663 -0.20826852448284627 9.1111
      vertex 3.212592279493809 -0.1723811340481043 9.1111
      vertex 2.2321609683930874 -0.04054184986650944 9.1111
    endloop
  endfacet
  facet normal 0 0 1
    outer loop
      vertex 2.285688727080822 -0.6779416511058808 9.1111
      vertex 3.240850813224912 -0.49319886623322967 9.1111
      vertex 2.2622703336030243 -0.5269684213101864 9.1111
    endloop
  endfacet
  facet normal 0 0 1
    outer loop
      vertex 2.396089745491743 -1.0973544280976057 9.1111
      vertex 3.3312781241983176 -0.8569660415947438 9.1111
      vertex 3.3030195904672146 -0.7728802983909846 9.1111
    endloop
  endfacet
  facet normal 0 0 1
    outer loop
      vertex 2.5031452780365946 -1.3490405304729938 9.1111
      vertex 3.3990986112207175 -1.0114254381060601 9.1111
      vertex 3.3633044669777155 -0.9364810906946659 9.1111
    endloop
  endfacet
  facet normal 0 0 1
    outer loop
      vertex 2.446272025898099 -1.225989718824625 9.1111
      vertex 3.3633044669777155 -0.9364810906946659 9.1111
      vertex 3.3312781241983176 -0.8569660415947438 9.1111
    endloop
  endfacet
  facet normal 0 0 1
    outer loop
      vertex 2.352598436817527 -0.9631346507072449 9.1111
      vertex 3.3030195904672146 -0.7728802983909846 9.1111
      vertex 3.278528858199716 -0.6842238534986973 9.1111
    endloop
  endfacet
  facet normal 0 0 1
    outer loop
      vertex 2.31579809987545 -0.8233303866535425 9.1111
      vertex 3.278528858199716 -0.6842238534986973 9.1111
      vertex 3.2578059349805115 -0.590996706917882 9.1111
    endloop
  endfacet
  facet normal 0 0 1
    outer loop
      vertex 2.285688727080822 -0.6779416511058808 9.1111
      vertex 3.2578059349805115 -0.590996706917882 9.1111
      vertex 3.240850813224912 -0.49319886623322967 9.1111
    endloop
  endfacet
  facet normal -0.8716984223380356 -0.4900427129275365 0
    outer loop
      vertex 3.4386605645120145 -1.0817990838289262 9.1111
      vertex 3.4386605645120145 -1.0817990838289262 9.5692
      vertex 3.3990986112207175 -1.0114254381060601 9.1111
    endloop
  endfacet
  facet normal -0.9275877735978757 -0.37360530278856563 0
    outer loop
      vertex 3.3633044669777155 -0.9364810906946659 9.1111
      vertex 3.3633044669777155 -0.9364810906946659 9.5692
      vertex 3.3312781241983176 -0.8569660415947438 9.1111
    endloop
  endfacet
  facet normal -0.9023628177010721 -0.4309771980401997 0
    outer loop
      vertex 3.3990986112207175 -1.0114254381060601 9.1111
      vertex 3.3990986112207175 -1.0114254381060601 9.5692
      vertex 3.3633044669777155 -0.9364810906946659 9.1111
    endloop
  endfacet
  facet normal -0.9638984024119385 -0.2662702946776318 0
    outer loop
      vertex 3.3030195904672146 -0.7728802983909846 9.1111
      vertex 3.3030195904672146 -0.7728802983909846 9.5692
      vertex 3.278528858199716 -0.6842238534986973 9.1111
    endloop
  endfacet
  facet normal -0.9761742431031782 -0.21698812663815784 0
    outer loop
      vertex 3.278528858199716 -0.6842238534986973 9.1111
      vertex 3.278528858199716 -0.6842238534986973 9.5692
      vertex 3.2578059349805115 -0.590996706917882 9.1111
    endloop
  endfacet
  facet normal -0.9479027489616411 -0.31855985075172955 0
    outer loop
      vertex 3.3312781241983176 -0.8569660415947438 9.1111
      vertex 3.3312781241983176 -0.8569660415947438 9.5692
      vertex 3.3030195904672146 -0.7728802983909846 9.1111
    endloop
  endfacet
  facet normal -0.8351935798009157 -0.5499560748453747 0
    outer loop
      vertex 3.4386605645120145 -1.0817990838289262 9.1111
      vertex 3.4819903192669153 -1.1476020354479552 9.5692
      vertex 3.4386605645120145 -1.0817990838289262 9.5692
    endloop
  endfacet
  facet normal -0.8716984223380356 -0.4900427129275365 0
    outer loop
      vertex 3.3990986112207175 -1.0114254381060601 9.1111
      vertex 3.4386605645120145 -1.0817990838289262 9.5692
      vertex 3.3990986112207175 -1.0114254381060601 9.5692
    endloop
  endfacet
  facet normal -0.9023628177010721 -0.4309771980401997 0
    outer loop
      vertex 3.3633044669777155 -0.9364810906946659 9.1111
      vertex 3.3990986112207175 -1.0114254381060601 9.5692
      vertex 3.3633044669777155 -0.9364810906946659 9.5692
    endloop
  endfacet
  facet normal -0.9275877735978757 -0.37360530278856563 0
    outer loop
      vertex 3.3312781241983176 -0.8569660415947438 9.1111
      vertex 3.3633044669777155 -0.9364810906946659 9.5692
      vertex 3.3312781241983176 -0.8569660415947438 9.5692
    endloop
  endfacet
  facet normal -0.9638984024119385 -0.2662702946776318 0
    outer loop
      vertex 3.278528858199716 -0.6842238534986973 9.1111
      vertex 3.3030195904672146 -0.7728802983909846 9.5692
      vertex 3.278528858199716 -0.6842238534986973 9.5692
    endloop
  endfacet
  facet normal -0.9761742431031782 -0.21698812663815784 0
    outer loop
      vertex 3.2578059349805115 -0.590996706917882 9.1111
      vertex 3.278528858199716 -0.6842238534986973 9.5692
      vertex 3.2578059349805115 -0.590996706917882 9.5692
    endloop
  endfacet
  facet normal -0.9479027489616411 -0.31855985075172955 0
    outer loop
      vertex 3.3030195904672146 -0.7728802983909846 9.1111
      vertex 3.3312781241983176 -0.8569660415947438 9.5692
      vertex 3.3030195904672146 -0.7728802983909846 9.5692
    endloop
  endfacet
  facet normal 0 0 1
    outer loop
      vertex 2.2622703336030243 -0.5269684213101864 9.1111
      vertex 3.240850813224912 -0.49319886623322967 9.1111
      vertex 3.2276634929329155 -0.3908303162753582 9.1111
    endloop
  endfacet
  facet normal 0 0 1
    outer loop
      vertex 2.2455429042726753 -0.37041071243584156 9.1111
      vertex 3.2276634929329155 -0.3908303162753582 9.1111
      vertex 3.2182439816892146 -0.28389107221364973 9.1111
    endloop
  endfacet
  facet normal 0 0 1
    outer loop
      vertex 2.2355064466744663 -0.20826852448284627 9.1111
      vertex 3.2182439816892146 -0.28389107221364973 9.1111
      vertex 3.212592279493809 -0.1723811340481043 9.1111
    endloop
  endfacet
  facet normal 0 0 1
    outer loop
      vertex 2.2321609683930874 -0.04054184986650944 9.1111
      vertex 3.212592279493809 -0.1723811340481043 9.1111
      vertex 3.210708378762007 -0.056300486609339714 9.1111
    endloop
  endfacet
  facet normal 0 0 1
    outer loop
      vertex 2.2321609683930874 -0.04054184986650944 9.1111
      vertex 3.210708378762007 -0.056300486609339714 9.1111
      vertex 3.2124911679774524 0.06000703410804272 9.1111
    endloop
  endfacet
  facet normal -0.9918043137770277 -0.1277662051298361 0
    outer loop
      vertex 3.240850813224912 -0.49319886623322967 9.1111
      vertex 3.240850813224912 -0.49319886623322967 9.5692
      vertex 3.2276634929329155 -0.3908303162753582 9.1111
    endloop
  endfacet
  facet normal -0.9853020927059983 -0.17082091824241113 0
    outer loop
      vertex 3.2578059349805115 -0.590996706917882 9.1111
      vertex 3.2578059349805115 -0.590996706917882 9.5692
      vertex 3.240850813224912 -0.49319886623322967 9.1111
    endloop
  endfacet
  facet normal -0.9961431359400409 -0.08774310639327403 3.0687068682829904e-19
    outer loop
      vertex 3.2182439816892146 -0.28389107221364973 9.1111
      vertex 3.2276634929329155 -0.3908303162753582 9.1111
      vertex 3.2276634929329155 -0.3908303162753582 9.5692
    endloop
  endfacet
  facet normal -0.99871806600927 -0.050618421811661755 0
    outer loop
      vertex 3.2182439816892146 -0.28389107221364973 9.1111
      vertex 3.2182439816892146 -0.28389107221364973 9.5692
      vertex 3.212592279493809 -0.1723811340481043 9.1111
    endloop
  endfacet
  facet normal -0.9998683318875008 -0.016227103515614627 0
    outer loop
      vertex 3.212592279493809 -0.1723811340481043 9.1111
      vertex 3.212592279493809 -0.1723811340481043 9.5692
      vertex 3.210708378762007 -0.056300486609339714 9.1111
    endloop
  endfacet
  facet normal -0.9998825432761577 0.015326436363443455 0
    outer loop
      vertex 3.210708378762007 -0.056300486609339714 9.1111
      vertex 3.210708378762007 -0.056300486609339714 9.5692
      vertex 3.2124911679774524 0.06000703410804272 9.1111
    endloop
  endfacet
  facet normal -0.9853020927059983 -0.17082091824241113 0
    outer loop
      vertex 3.240850813224912 -0.49319886623322967 9.1111
      vertex 3.2578059349805115 -0.590996706917882 9.5692
      vertex 3.240850813224912 -0.49319886623322967 9.5692
    endloop
  endfacet
  facet normal -0.9918043137770277 -0.1277662051298361 0
    outer loop
      vertex 3.2276634929329155 -0.3908303162753582 9.1111
      vertex 3.240850813224912 -0.49319886623322967 9.5692
      vertex 3.2276634929329155 -0.3908303162753582 9.5692
    endloop
  endfacet
  facet normal -0.9961431359400409 -0.08774310639327403 0
    outer loop
      vertex 3.2182439816892146 -0.28389107221364973 9.1111
      vertex 3.2276634929329155 -0.3908303162753582 9.5692
      vertex 3.2182439816892146 -0.28389107221364973 9.5692
    endloop
  endfacet
  facet normal -0.99871806600927 -0.050618421811661755 0
    outer loop
      vertex 3.212592279493809 -0.1723811340481043 9.1111
      vertex 3.2182439816892146 -0.28389107221364973 9.5692
      vertex 3.212592279493809 -0.1723811340481043 9.5692
    endloop
  endfacet
  facet normal -0.9998683318875008 -0.016227103515614627 0
    outer loop
      vertex 3.210708378762007 -0.056300486609339714 9.1111
      vertex 3.212592279493809 -0.1723811340481043 9.5692
      vertex 3.210708378762007 -0.056300486609339714 9.5692
    endloop
  endfacet
  facet normal 0 0 1
    outer loop
      vertex 3.5289146638959648 -2.2838491436988115 9.1111
      vertex 3.6533937183767557 -2.3250743514746426 9.1111
      vertex 3.922001600205898 -1.5103703373372555 9.1111
    endloop
  endfacet
  facet normal 0.3143890498167996 0.9492942248614441 0
    outer loop
      vertex 3.5289146638959648 -2.2838491436988115 9.1111
      vertex 3.5289146638959648 -2.2838491436988115 9.5692
      vertex 3.6533937183767557 -2.3250743514746426 9.1111
    endloop
  endfacet
  facet normal 0 0 1
    outer loop
      vertex 3.409435134366155 -2.2351284484267233 9.1111
      vertex 3.799537646442652 -1.4468890596479178 9.1111
      vertex 3.294955129787326 -2.1789122580736877 9.1111
    endloop
  endfacet
  facet normal 0 0 1
    outer loop
      vertex 3.5289146638959648 -2.2838491436988115 9.1111
      vertex 3.8597493306845427 -1.480896887794137 9.1111
      vertex 3.409435134366155 -2.2351284484267233 9.1111
    endloop
  endfacet
  facet normal 0 0 1
    outer loop
      vertex 3.7828722902238368 -2.3588040641695263 9.1111
      vertex 3.9862944474220274 -1.5353094082772731 9.1111
      vertex 3.6533937183767557 -2.3250743514746426 9.1111
    endloop
  endfacet
  facet normal 0 0 1
    outer loop
      vertex 3.7828722902238368 -2.3588040641695263 9.1111
      vertex 3.9173503946065904 -2.3850382893681528 9.1111
      vertex 4.052627864748239 -1.5557141081988812 9.1111
    endloop
  endfacet
  facet normal 0 0 1
    outer loop
      vertex 3.5289146638959648 -2.2838491436988115 9.1111
      vertex 3.922001600205898 -1.5103703373372555 9.1111
      vertex 3.8597493306845427 -1.480896887794137 9.1111
    endloop
  endfacet
  facet normal 0 0 1
    outer loop
      vertex 3.6533937183767557 -2.3250743514746426 9.1111
      vertex 3.9862944474220274 -1.5353094082772731 9.1111
      vertex 3.922001600205898 -1.5103703373372555 9.1111
    endloop
  endfacet
  facet normal 0 0 1
    outer loop
      vertex 3.7828722902238368 -2.3588040641695263 9.1111
      vertex 4.052627864748239 -1.5557141081988812 9.1111
      vertex 3.9862944474220274 -1.5353094082772731 9.1111
    endloop
  endfacet
  facet normal 0 0 1
    outer loop
      vertex 3.9173503946065904 -2.3850382893681528 9.1111
      vertex 4.121001867353916 -1.5715844219326973 9.1111
      vertex 4.052627864748239 -1.5557141081988812 9.1111
    endloop
  endfacet
  facet normal 0.37758833092065625 0.925973570007564 0
    outer loop
      vertex 3.5289146638959648 -2.2838491436988115 9.1111
      vertex 3.409435134366155 -2.2351284484267233 9.5692
      vertex 3.5289146638959648 -2.2838491436988115 9.5692
    endloop
  endfacet
  facet normal 0 0 1
    outer loop
      vertex 3.1854746577441695 -2.115200580224395 9.1111
      vertex 3.7413665323108436 -1.4083468604832887 9.1111
      vertex 3.6852360034585 -1.365270282715559 9.1111
    endloop
  endfacet
  facet normal 0 0 1
    outer loop
      vertex 3.080993703067303 -2.0439934072941544 9.1111
      vertex 3.6852360034585 -1.365270282715559 9.1111
      vertex 3.63114605230093 -1.3176593263447285 9.1111
    endloop
  endfacet
  facet normal 0 0 1
    outer loop
      vertex 3.294955129787326 -2.1789122580736877 9.1111
      vertex 3.799537646442652 -1.4468890596479178 9.1111
      vertex 3.7413665323108436 -1.4083468604832887 9.1111
    endloop
  endfacet
  facet normal 0 0 1
    outer loop
      vertex 3.409435134366155 -2.2351284484267233 9.1111
      vertex 3.8597493306845427 -1.480896887794137 9.1111
      vertex 3.799537646442652 -1.4468890596479178 9.1111
    endloop
  endfacet
  facet normal -0.7926500672745195 -0.6096768577285018 -5.6590146967988914e-18
    outer loop
      vertex 3.4819903192669153 -1.1476020354479552 9.1111
      vertex 3.5290878754854202 -1.208834277793765 9.1111
      vertex 3.5290878754854202 -1.208834277793765 9.5692
    endloop
  endfacet
  facet normal -0.7498556826041264 -0.661601432333924 0
    outer loop
      vertex 3.579096671253443 -1.2655139913707971 9.1111
      vertex 3.579096671253443 -1.2655139913707971 9.5692
      vertex 3.5290878754854202 -1.208834277793765 9.1111
    endloop
  endfacet
  facet normal -0.7077576625766768 -0.7064553001174237 3.3500514180372963e-18
    outer loop
      vertex 3.579096671253443 -1.2655139913707971 9.1111
      vertex 3.63114605230093 -1.3176593263447285 9.1111
      vertex 3.63114605230093 -1.3176593263447285 9.5692
    endloop
  endfacet
  facet normal -0.6607201719638841 -0.750632303035258 0
    outer loop
      vertex 3.6852360034585 -1.365270282715559 9.1111
      vertex 3.6852360034585 -1.365270282715559 9.5692
      vertex 3.63114605230093 -1.3176593263447285 9.1111
    endloop
  endfacet
  facet normal -0.6088157634054612 -0.793311645085981 -2.9350380367505067e-18
    outer loop
      vertex 3.6852360034585 -1.365270282715559 9.1111
      vertex 3.7413665323108436 -1.4083468604832887 9.1111
      vertex 3.7413665323108436 -1.4083468604832887 9.5692
    endloop
  endfacet
  facet normal -0.49178474354335977 -0.8707168116086835 1.6900010035611971e-18
    outer loop
      vertex 3.799537646442652 -1.4468890596479178 9.1111
      vertex 3.8597493306845427 -1.480896887794137 9.1111
      vertex 3.8597493306845427 -1.480896887794137 9.5692
    endloop
  endfacet
  facet normal -0.4279147803187093 -0.9038190863136223 1.5785959741810223e-18
    outer loop
      vertex 3.8597493306845427 -1.480896887794137 9.1111
      vertex 3.922001600205898 -1.5103703373372555 9.1111
      vertex 3.922001600205898 -1.5103703373372555 9.5692
    endloop
  endfacet
  facet normal -0.3616437164008239 -0.932316374621727 0
    outer loop
      vertex 3.9862944474220274 -1.5353094082772731 9.1111
      vertex 3.9862944474220274 -1.5353094082772731 9.5692
      vertex 3.922001600205898 -1.5103703373372555 9.1111
    endloop
  endfacet
  facet normal -0.2940123684884784 -0.9558016149681873 1.9205976138292686e-19
    outer loop
      vertex 3.9862944474220274 -1.5353094082772731 9.1111
      vertex 4.052627864748239 -1.5557141081988812 9.1111
      vertex 4.052627864748239 -1.5557141081988812 9.5692
    endloop
  endfacet
  facet normal -0.5523313238929173 -0.8336246809246338 0
    outer loop
      vertex 3.799537646442652 -1.4468890596479178 9.1111
      vertex 3.799537646442652 -1.4468890596479178 9.5692
      vertex 3.7413665323108436 -1.4083468604832887 9.1111
    endloop
  endfacet
  facet normal -0.7926500672745195 -0.6096768577285018 0
    outer loop
      vertex 3.4819903192669153 -1.1476020354479552 9.1111
      vertex 3.5290878754854202 -1.208834277793765 9.5692
      vertex 3.4819903192669153 -1.1476020354479552 9.5692
    endloop
  endfacet
  facet normal -0.7498556826041264 -0.661601432333924 0
    outer loop
      vertex 3.5290878754854202 -1.208834277793765 9.1111
      vertex 3.579096671253443 -1.2655139913707971 9.5692
      vertex 3.5290878754854202 -1.208834277793765 9.5692
    endloop
  endfacet
  facet normal -0.7077576625766768 -0.7064553001174237 0
    outer loop
      vertex 3.579096671253443 -1.2655139913707971 9.1111
      vertex 3.63114605230093 -1.3176593263447285 9.5692
      vertex 3.579096671253443 -1.2655139913707971 9.5692
    endloop
  endfacet
  facet normal -0.6607201719638841 -0.750632303035258 0
    outer loop
      vertex 3.63114605230093 -1.3176593263447285 9.1111
      vertex 3.6852360034585 -1.365270282715559 9.5692
      vertex 3.63114605230093 -1.3176593263447285 9.5692
    endloop
  endfacet
  facet normal -0.6088157634054612 -0.793311645085981 0
    outer loop
      vertex 3.6852360034585 -1.365270282715559 9.1111
      vertex 3.7413665323108436 -1.4083468604832887 9.5692
      vertex 3.6852360034585 -1.365270282715559 9.5692
    endloop
  endfacet
  facet normal -0.49178474354335977 -0.8707168116086835 0
    outer loop
      vertex 3.799537646442652 -1.4468890596479178 9.1111
      vertex 3.8597493306845427 -1.480896887794137 9.5692
      vertex 3.799537646442652 -1.4468890596479178 9.5692
    endloop
  endfacet
  facet normal -0.4279147803187093 -0.9038190863136223 0
    outer loop
      vertex 3.8597493306845427 -1.480896887794137 9.1111
      vertex 3.922001600205898 -1.5103703373372555 9.5692
      vertex 3.8597493306845427 -1.480896887794137 9.5692
    endloop
  endfacet
  facet normal -0.3616437164008239 -0.932316374621727 0
    outer loop
      vertex 3.922001600205898 -1.5103703373372555 9.1111
      vertex 3.9862944474220274 -1.5353094082772731 9.5692
      vertex 3.922001600205898 -1.5103703373372555 9.5692
    endloop
  endfacet
  facet normal -0.2940123684884784 -0.9558016149681873 0
    outer loop
      vertex 3.9862944474220274 -1.5353094082772731 9.1111
      vertex 4.052627864748239 -1.5557141081988812 9.5692
      vertex 3.9862944474220274 -1.5353094082772731 9.5692
    endloop
  endfacet
  facet normal -0.5523313238929173 -0.8336246809246338 0
    outer loop
      vertex 3.7413665323108436 -1.4083468604832887 9.1111
      vertex 3.799537646442652 -1.4468890596479178 9.5692
      vertex 3.7413665323108436 -1.4083468604832887 9.5692
    endloop
  endfacet
  facet normal 0 0 1
    outer loop
      vertex 3.9173503946065904 -2.3850382893681528 9.1111
      vertex 4.056828016355634 -2.4037770194858314 9.1111
      vertex 4.121001867353916 -1.5715844219326973 9.1111
    endloop
  endfacet
  facet normal 0 0 1
    outer loop
      vertex 4.056828016355634 -2.4037770194858314 9.1111
      vertex 4.2013051706403495 -2.415020254522562 9.1111
      vertex 4.191416447654366 -1.5829203646481038 9.1111
    endloop
  endfacet
  facet normal 0 0 1
    outer loop
      vertex 4.2013051706403495 -2.415020254522562 9.1111
      vertex 4.350781842291355 -2.418768002063036 9.1111
      vertex 4.338367333754897 -1.5919891218543052 9.1111
    endloop
  endfacet
  facet normal 0 0 1
    outer loop
      vertex 4.056828016355634 -2.4037770194858314 9.1111
      vertex 4.191416447654366 -1.5829203646481038 9.1111
      vertex 4.121001867353916 -1.5715844219326973 9.1111
    endloop
  endfacet
  facet normal 0 0 1
    outer loop
      vertex 4.2013051706403495 -2.415020254522562 9.1111
      vertex 4.2638715980649 -1.5897219287604094 9.1111
      vertex 4.191416447654366 -1.5829203646481038 9.1111
    endloop
  endfacet
  facet normal 0 0 1
    outer loop
      vertex 4.2013051706403495 -2.415020254522562 9.1111
      vertex 4.338367333754897 -1.5919891218543052 9.1111
      vertex 4.2638715980649 -1.5897219287604094 9.1111
    endloop
  endfacet
  facet normal 0 0 1
    outer loop
      vertex 4.350781842291355 -2.418768002063036 9.1111
      vertex 4.471917853176594 -2.4159909356981517 9.1111
      vertex 4.414371004626155 -1.5900407057404518 9.1111
    endloop
  endfacet
  facet normal 0 0 1
    outer loop
      vertex 4.471917853176594 -2.4159909356981517 9.1111
      vertex 4.58967150901258 -2.4076597517728806 9.1111
      vertex 4.487544212907553 -1.5841954573988914 9.1111
    endloop
  endfacet
  facet normal 0 0 1
    outer loop
      vertex 4.350781842291355 -2.418768002063036 9.1111
      vertex 4.414371004626155 -1.5900407057404518 9.1111
      vertex 4.338367333754897 -1.5919891218543052 9.1111
    endloop
  endfacet
  facet normal 0 0 1
    outer loop
      vertex 4.471917853176594 -2.4159909356981517 9.1111
      vertex 4.487544212907553 -1.5841954573988914 9.1111
      vertex 4.414371004626155 -1.5900407057404518 9.1111
    endloop
  endfacet
  facet normal 0 0 1
    outer loop
      vertex 4.58967150901258 -2.4076597517728806 9.1111
      vertex 4.557886958599091 -1.5744533768296243 9.1111
      vertex 4.487544212907553 -1.5841954573988914 9.1111
    endloop
  endfacet
  facet normal -0.22609966172986987 -0.9741041745961457 -2.955716449284712e-19
    outer loop
      vertex 4.052627864748239 -1.5557141081988812 9.1111
      vertex 4.121001867353916 -1.5715844219326973 9.1111
      vertex 4.121001867353916 -1.5715844219326973 9.5692
    endloop
  endfacet
  facet normal -0.15894207064856383 -0.9872879104789782 -4.888475607511931e-19
    outer loop
      vertex 4.121001867353916 -1.5715844219326973 9.1111
      vertex 4.191416447654366 -1.5829203646481038 9.1111
      vertex 4.191416447654366 -1.5829203646481038 9.5692
    endloop
  endfacet
  facet normal -0.09346185445507071 -0.9956228612089113 0
    outer loop
      vertex 4.2638715980649 -1.5897219287604094 9.1111
      vertex 4.2638715980649 -1.5897219287604094 9.5692
      vertex 4.191416447654366 -1.5829203646481038 9.1111
    endloop
  endfacet
  facet normal -0.03041977962667411 -0.9995372114170961 -3.3507220254314745e-19
    outer loop
      vertex 4.2638715980649 -1.5897219287604094 9.1111
      vertex 4.338367333754897 -1.5919891218543052 9.1111
      vertex 4.338367333754897 -1.5919891218543052 9.5692
    endloop
  endfacet
  facet normal 0.025627396179786446 -0.9996715643475332 -2.0999075897522853e-19
    outer loop
      vertex 4.338367333754897 -1.5919891218543052 9.1111
      vertex 4.414371004626155 -1.5900407057404518 9.1111
      vertex 4.414371004626155 -1.5900407057404518 9.5692
    endloop
  endfacet
  facet normal 0.07962869798343435 -0.9968245936259111 -5.397187219059767e-19
    outer loop
      vertex 4.414371004626155 -1.5900407057404518 9.1111
      vertex 4.487544212907553 -1.5841954573988914 9.1111
      vertex 4.487544212907553 -1.5841954573988914 9.5692
    endloop
  endfacet
  facet normal 0.1371850551118147 -0.9905454359361655 4.627010607632787e-19
    outer loop
      vertex 4.487544212907553 -1.5841954573988914 9.1111
      vertex 4.557886958599091 -1.5744533768296243 9.1111
      vertex 4.557886958599091 -1.5744533768296243 9.5692
    endloop
  endfacet
  facet normal 0.19802074672281492 -0.980197828944412 2.67406012592735e-19
    outer loop
      vertex 4.557886958599091 -1.5744533768296243 9.1111
      vertex 4.6253992417007685 -1.56081446403265 9.1111
      vertex 4.6253992417007685 -1.56081446403265 9.5692
    endloop
  endfacet
  facet normal -0.22609966172986987 -0.9741041745961457 0
    outer loop
      vertex 4.052627864748239 -1.5557141081988812 9.1111
      vertex 4.121001867353916 -1.5715844219326973 9.5692
      vertex 4.052627864748239 -1.5557141081988812 9.5692
    endloop
  endfacet
  facet normal -0.15894207064856383 -0.9872879104789782 0
    outer loop
      vertex 4.121001867353916 -1.5715844219326973 9.1111
      vertex 4.191416447654366 -1.5829203646481038 9.5692
      vertex 4.121001867353916 -1.5715844219326973 9.5692
    endloop
  endfacet
  facet normal -0.09346185445507071 -0.9956228612089113 0
    outer loop
      vertex 4.191416447654366 -1.5829203646481038 9.1111
      vertex 4.2638715980649 -1.5897219287604094 9.5692
      vertex 4.191416447654366 -1.5829203646481038 9.5692
    endloop
  endfacet
  facet normal -0.03041977962667411 -0.9995372114170961 0
    outer loop
      vertex 4.2638715980649 -1.5897219287604094 9.1111
      vertex 4.338367333754897 -1.5919891218543052 9.5692
      vertex 4.2638715980649 -1.5897219287604094 9.5692
    endloop
  endfacet
  facet normal 0.025627396179786446 -0.9996715643475332 0
    outer loop
      vertex 4.338367333754897 -1.5919891218543052 9.1111
      vertex 4.414371004626155 -1.5900407057404518 9.5692
      vertex 4.338367333754897 -1.5919891218543052 9.5692
    endloop
  endfacet
  facet normal 0.07962869798343435 -0.9968245936259111 0
    outer loop
      vertex 4.414371004626155 -1.5900407057404518 9.1111
      vertex 4.487544212907553 -1.5841954573988914 9.5692
      vertex 4.414371004626155 -1.5900407057404518 9.5692
    endloop
  endfacet
  facet normal 0.1371850551118147 -0.9905454359361655 0
    outer loop
      vertex 4.487544212907553 -1.5841954573988914 9.1111
      vertex 4.557886958599091 -1.5744533768296243 9.5692
      vertex 4.487544212907553 -1.5841954573988914 9.5692
    endloop
  endfacet
  facet normal 0.19802074672281492 -0.980197828944412 0
    outer loop
      vertex 4.557886958599091 -1.5744533768296243 9.1111
      vertex 4.6253992417007685 -1.56081446403265 9.5692
      vertex 4.557886958599091 -1.5744533768296243 9.5692
    endloop
  endfacet
  facet normal -0.8351935798009157 -0.5499560748453747 0
    outer loop
      vertex 3.4819903192669153 -1.1476020354479552 9.1111
      vertex 3.4819903192669153 -1.1476020354479552 9.5692
      vertex 3.4386605645120145 -1.0817990838289262 9.1111
    endloop
  endfacet
  facet normal -0.12052058220877175 0.9927108286223428 0
    outer loop
      vertex 4.58967150901258 -2.4076597517728806 9.1111
      vertex 4.58967150901258 -2.4076597517728806 9.5692
      vertex 4.704042817384004 -2.393774442702532 9.1111
    endloop
  endfacet
  facet normal -0.17252127107853701 0.9850057923816723 0
    outer loop
      vertex 4.704042817384004 -2.393774442702532 9.1111
      vertex 4.704042817384004 -2.393774442702532 9.5692
      vertex 4.8150317707061765 -2.3743350084871055 9.1111
    endloop
  endfacet
  facet normal -0.22624520411946705 0.9740703812420028 0
    outer loop
      vertex 4.8150317707061765 -2.3743350084871055 9.1111
      vertex 4.8150317707061765 -2.3743350084871055 9.5692
      vertex 4.922638376563787 -2.3493414567112922 9.1111
    endloop
  endfacet
  facet normal -0.28126362837342117 0.9596305389858214 0
    outer loop
      vertex 4.922638376563787 -2.3493414567112922 9.1111
      vertex 4.922638376563787 -2.3493414567112922 9.5692
      vertex 5.026862627372146 -2.3187937722057104 9.1111
    endloop
  endfacet
  facet normal -0.3370552929667996 0.9414848535600904 0
    outer loop
      vertex 5.026862627372146 -2.3187937722057104 9.1111
      vertex 5.026862627372146 -2.3187937722057104 9.5692
      vertex 5.127704538300634 -2.282691970139742 9.1111
    endloop
  endfacet
  facet normal -0.12052058220877175 0.9927108286223428 0
    outer loop
      vertex 4.704042817384004 -2.393774442702532 9.1111
      vertex 4.58967150901258 -2.4076597517728806 9.5692
      vertex 4.704042817384004 -2.393774442702532 9.5692
    endloop
  endfacet
  facet normal -0.17252127107853701 0.9850057923816723 0
    outer loop
      vertex 4.8150317707061765 -2.3743350084871055 9.1111
      vertex 4.704042817384004 -2.393774442702532 9.5692
      vertex 4.8150317707061765 -2.3743350084871055 9.5692
    endloop
  endfacet
  facet normal -0.22624520411946705 0.9740703812420028 0
    outer loop
      vertex 4.922638376563787 -2.3493414567112922 9.1111
      vertex 4.8150317707061765 -2.3743350084871055 9.5692
      vertex 4.922638376563787 -2.3493414567112922 9.5692
    endloop
  endfacet
  facet normal -0.28126362837342117 0.9596305389858214 0
    outer loop
      vertex 5.026862627372146 -2.3187937722057104 9.1111
      vertex 4.922638376563787 -2.3493414567112922 9.5692
      vertex 5.026862627372146 -2.3187937722057104 9.5692
    endloop
  endfacet
  facet normal 0 0 1
    outer loop
      vertex 4.58967150901258 -2.4076597517728806 9.1111
      vertex 4.704042817384004 -2.393774442702532 9.1111
      vertex 4.557886958599091 -1.5744533768296243 9.1111
    endloop
  endfacet
  facet normal 0 0 1
    outer loop
      vertex 4.704042817384004 -2.393774442702532 9.1111
      vertex 4.8150317707061765 -2.3743350084871055 9.1111
      vertex 4.6253992417007685 -1.56081446403265 9.1111
    endloop
  endfacet
  facet normal 0 0 1
    outer loop
      vertex 4.690081062212586 -1.54327872659266 9.1111
      vertex 4.8150317707061765 -2.3743350084871055 9.1111
      vertex 4.922638376563787 -2.3493414567112922 9.1111
    endloop
  endfacet
  facet normal 0 0 1
    outer loop
      vertex 4.690081062212586 -1.54327872659266 9.1111
      vertex 4.922638376563787 -2.3493414567112922 9.1111
      vertex 5.026862627372146 -2.3187937722057104 9.1111
    endloop
  endfacet
  facet normal 0 0 1
    outer loop
      vertex 4.704042817384004 -2.393774442702532 9.1111
      vertex 4.6253992417007685 -1.56081446403265 9.1111
      vertex 4.557886958599091 -1.5744533768296243 9.1111
    endloop
  endfacet
  facet normal 0 0 1
    outer loop
      vertex 4.6253992417007685 -1.56081446403265 9.1111
      vertex 4.8150317707061765 -2.3743350084871055 9.1111
      vertex 4.690081062212586 -1.54327872659266 9.1111
    endloop
  endfacet
  facet normal 0 0 1
    outer loop
      vertex 4.690081062212586 -1.54327872659266 9.1111
      vertex 5.026862627372146 -2.3187937722057104 9.1111
      vertex 4.751932427719235 -1.521846149340272 9.1111
    endloop
  endfacet
  facet normal 0 0 1
    outer loop
      vertex 4.751932427719235 -1.521846149340272 9.1111
      vertex 5.026862627372146 -2.3187937722057104 9.1111
      vertex 5.127704538300634 -2.282691970139742 9.1111
    endloop
  endfacet
  facet normal -0.3930227493084951 0.919528748069353 0
    outer loop
      vertex 5.127704538300634 -2.282691970139742 9.1111
      vertex 5.127704538300634 -2.282691970139742 9.5692
      vertex 5.225164094179869 -2.2410360429286955 9.1111
    endloop
  endfacet
  facet normal 0 0 1
    outer loop
      vertex 4.751932427719235 -1.521846149340272 9.1111
      vertex 5.127704538300634 -2.282691970139742 9.1111
      vertex 4.810953323051334 -1.496516739860177 9.1111
    endloop
  endfacet
  facet normal 0 0 1
    outer loop
      vertex 5.225164094179869 -2.2410360429286955 9.1111
      vertex 4.867143763378262 -1.4672905057370662 9.1111
      vertex 4.810953323051334 -1.496516739860177 9.1111
    endloop
  endfacet
  facet normal 0 0 1
    outer loop
      vertex 5.127704538300634 -2.282691970139742 9.1111
      vertex 5.225164094179869 -2.2410360429286955 9.1111
      vertex 4.810953323051334 -1.496516739860177 9.1111
    endloop
  endfacet
  facet normal 0 0 1
    outer loop
      vertex 5.225164094179869 -2.2410360429286955 9.1111
      vertex 5.319241295009851 -2.193825990572572 9.1111
      vertex 4.867143763378262 -1.4672905057370662 9.1111
    endloop
  endfacet
  facet normal -0.3370552929667996 0.9414848535600904 0
    outer loop
      vertex 5.127704538300634 -2.282691970139742 9.1111
      vertex 5.026862627372146 -2.3187937722057104 9.5692
      vertex 5.127704538300634 -2.282691970139742 9.5692
    endloop
  endfacet
  facet normal 0.2616621484589012 -0.9651595308879626 2.7097061486016523e-18
    outer loop
      vertex 4.6253992417007685 -1.56081446403265 9.1111
      vertex 4.690081062212586 -1.54327872659266 9.1111
      vertex 4.690081062212586 -1.54327872659266 9.5692
    endloop
  endfacet
  facet normal 0.327417344245424 -0.944879824468315 1.6241792936770523e-19
    outer loop
      vertex 4.690081062212586 -1.54327872659266 9.1111
      vertex 4.751932427719235 -1.521846149340272 9.1111
      vertex 4.751932427719235 -1.521846149340272 9.5692
    endloop
  endfacet
  facet normal 0.39437621622670416 -0.9189490737112193 -2.162868275956615e-18
    outer loop
      vertex 4.751932427719235 -1.521846149340272 9.1111
      vertex 4.810953323051334 -1.496516739860177 9.1111
      vertex 4.810953323051334 -1.496516739860177 9.5692
    endloop
  endfacet
  facet normal 0.4614422805115593 -0.8871702326815815 -3.350662531256276e-18
    outer loop
      vertex 4.810953323051334 -1.496516739860177 9.1111
      vertex 4.867143763378262 -1.4672905057370662 9.1111
      vertex 4.867143763378262 -1.4672905057370662 9.5692
    endloop
  endfacet
  facet normal 0 0 1
    outer loop
      vertex 5.319241295009851 -2.193825990572572 9.1111
      vertex 4.920503741115332 -1.4341674318015576 9.1111
      vertex 4.867143763378262 -1.4672905057370662 9.1111
    endloop
  endfacet
  facet normal 0 0 1
    outer loop
      vertex 5.409936148375273 -2.1410618130713703 9.1111
      vertex 4.97103324867785 -1.397147533223033 9.1111
      vertex 4.920503741115332 -1.4341674318015576 9.1111
    endloop
  endfacet
  facet normal 0.5273983525341968 -0.849618136426133 1.1672388599977367e-18
    outer loop
      vertex 4.867143763378262 -1.4672905057370662 9.1111
      vertex 4.920503741115332 -1.4341674318015576 9.1111
      vertex 4.920503741115332 -1.4341674318015576 9.5692
    endloop
  endfacet
  facet normal 0.5909994879297288 -0.8066719316220183 3.6158123547837125e-18
    outer loop
      vertex 4.920503741115332 -1.4341674318015576 9.1111
      vertex 4.97103324867785 -1.397147533223033 9.1111
      vertex 4.97103324867785 -1.397147533223033 9.5692
    endloop
  endfacet
  facet normal 0.6510832901475304 -0.7590062906792451 9.402227899987663e-19
    outer loop
      vertex 4.97103324867785 -1.397147533223033 9.1111
      vertex 5.018732301235199 -1.3562308024168015 9.1111
      vertex 5.018732301235199 -1.3562308024168015 9.5692
    endloop
  endfacet
  facet normal 0.7066727236897807 -0.707540572400528 3.715206951250673e-18
    outer loop
      vertex 5.018732301235199 -1.3562308024168015 9.1111
      vertex 5.06360089878738 -1.3114172393828631 9.1111
      vertex 5.06360089878738 -1.3114172393828631 9.5692
    endloop
  endfacet
  facet normal 0.7570532053274583 -0.6533532308815969 3.297593116627712e-18
    outer loop
      vertex 5.06360089878738 -1.3114172393828631 9.1111
      vertex 5.105639026165009 -1.2627068365365266 9.1111
      vertex 5.105639026165009 -1.2627068365365266 9.5692
    endloop
  endfacet
  facet normal 0.7870212918138034 -0.6169258352766012 2.184372578093606e-18
    outer loop
      vertex 5.105639026165009 -1.2627068365365266 9.1111
      vertex 5.127812688410282 -1.2344195719957352 9.1111
      vertex 5.127812688410282 -1.2344195719957352 9.5692
    endloop
  endfacet
  facet normal 0.8152197593318202 -0.5791517452231055 4.4097118277026105e-20
    outer loop
      vertex 5.127812688410282 -1.2344195719957352 9.1111
      vertex 5.149397604182362 -1.2040364297777415 9.1111
      vertex 5.149397604182362 -1.2040364297777415 9.5692
    endloop
  endfacet
  facet normal 0.8398021081815026 -0.542892640486039 -1.274124023180483e-18
    outer loop
      vertex 5.149397604182362 -1.2040364297777415 9.1111
      vertex 5.170393765896558 -1.1715574098825454 9.1111
      vertex 5.170393765896558 -1.1715574098825454 9.5692
    endloop
  endfacet
  facet normal 0.2616621484589012 -0.9651595308879626 0
    outer loop
      vertex 4.6253992417007685 -1.56081446403265 9.1111
      vertex 4.690081062212586 -1.54327872659266 9.5692
      vertex 4.6253992417007685 -1.56081446403265 9.5692
    endloop
  endfacet
  facet normal 0.327417344245424 -0.944879824468315 0
    outer loop
      vertex 4.690081062212586 -1.54327872659266 9.1111
      vertex 4.751932427719235 -1.521846149340272 9.5692
      vertex 4.690081062212586 -1.54327872659266 9.5692
    endloop
  endfacet
  facet normal 0.39437621622670416 -0.9189490737112193 0
    outer loop
      vertex 4.751932427719235 -1.521846149340272 9.1111
      vertex 4.810953323051334 -1.496516739860177 9.5692
      vertex 4.751932427719235 -1.521846149340272 9.5692
    endloop
  endfacet
  facet normal 0.4614422805115593 -0.8871702326815815 0
    outer loop
      vertex 4.810953323051334 -1.496516739860177 9.1111
      vertex 4.867143763378262 -1.4672905057370662 9.5692
      vertex 4.810953323051334 -1.496516739860177 9.5692
    endloop
  endfacet
  facet normal 0.5273983525341968 -0.849618136426133 0
    outer loop
      vertex 4.867143763378262 -1.4672905057370662 9.1111
      vertex 4.920503741115332 -1.4341674318015576 9.5692
      vertex 4.867143763378262 -1.4672905057370662 9.5692
    endloop
  endfacet
  facet normal 0.5909994879297288 -0.8066719316220183 0
    outer loop
      vertex 4.920503741115332 -1.4341674318015576 9.1111
      vertex 4.97103324867785 -1.397147533223033 9.5692
      vertex 4.920503741115332 -1.4341674318015576 9.5692
    endloop
  endfacet
  facet normal 0.6510832901475304 -0.7590062906792451 0
    outer loop
      vertex 4.97103324867785 -1.397147533223033 9.1111
      vertex 5.018732301235199 -1.3562308024168015 9.5692
      vertex 4.97103324867785 -1.397147533223033 9.5692
    endloop
  endfacet
  facet normal 0.7066727236897807 -0.707540572400528 0
    outer loop
      vertex 5.018732301235199 -1.3562308024168015 9.1111
      vertex 5.06360089878738 -1.3114172393828631 9.5692
      vertex 5.018732301235199 -1.3562308024168015 9.5692
    endloop
  endfacet
  facet normal 0.7570532053274583 -0.6533532308815969 0
    outer loop
      vertex 5.06360089878738 -1.3114172393828631 9.1111
      vertex 5.105639026165009 -1.2627068365365266 9.5692
      vertex 5.06360089878738 -1.3114172393828631 9.5692
    endloop
  endfacet
  facet normal 0.7870212918138034 -0.6169258352766012 0
    outer loop
      vertex 5.105639026165009 -1.2627068365365266 9.1111
      vertex 5.127812688410282 -1.2344195719957352 9.5692
      vertex 5.105639026165009 -1.2627068365365266 9.5692
    endloop
  endfacet
  facet normal 0.8152197593318202 -0.5791517452231055 0
    outer loop
      vertex 5.127812688410282 -1.2344195719957352 9.1111
      vertex 5.149397604182362 -1.2040364297777415 9.5692
      vertex 5.127812688410282 -1.2344195719957352 9.5692
    endloop
  endfacet
  facet normal 0.8398021081815026 -0.542892640486039 0
    outer loop
      vertex 5.149397604182362 -1.2040364297777415 9.1111
      vertex 5.170393765896558 -1.1715574098825454 9.5692
      vertex 5.149397604182362 -1.2040364297777415 9.5692
    endloop
  endfacet
  facet normal 0.8611796595597648 -0.5083006924651269 0
    outer loop
      vertex 5.170393765896558 -1.1715574098825454 9.1111
      vertex 5.190801173552871 -1.1369825123101474 9.5692
      vertex 5.170393765896558 -1.1715574098825454 9.5692
    endloop
  endfacet
  facet normal -0.44851621582535894 0.8937746942835761 0
    outer loop
      vertex 5.225164094179869 -2.2410360429286955 9.1111
      vertex 5.225164094179869 -2.2410360429286955 9.5692
      vertex 5.319241295009851 -2.193825990572572 9.1111
    endloop
  endfacet
  facet normal -0.5028669686069077 0.8643638191665007 0
    outer loop
      vertex 5.319241295009851 -2.193825990572572 9.1111
      vertex 5.319241295009851 -2.193825990572572 9.5692
      vertex 5.409936148375273 -2.1410618130713703 9.1111
    endloop
  endfacet
  facet normal -0.5554249986213109 0.8315666364799137 0
    outer loop
      vertex 5.409936148375273 -2.1410618130713703 9.1111
      vertex 5.409936148375273 -2.1410618130713703 9.5692
      vertex 5.497248654276133 -2.082743518009782 9.1111
    endloop
  endfacet
  facet normal 0 0 1
    outer loop
      vertex 5.319241295009851 -2.193825990572572 9.1111
      vertex 5.409936148375273 -2.1410618130713703 9.1111
      vertex 4.920503741115332 -1.4341674318015576 9.1111
    endloop
  endfacet
  facet normal 0 0 1
    outer loop
      vertex 5.409936148375273 -2.1410618130713703 9.1111
      vertex 5.497248654276133 -2.082743518009782 9.1111
      vertex 4.97103324867785 -1.397147533223033 9.1111
    endloop
  endfacet
  facet normal 0 0 1
    outer loop
      vertex 5.497248654276133 -2.082743518009782 9.1111
      vertex 5.581178812712431 -2.0188710978031157 9.1111
      vertex 4.97103324867785 -1.397147533223033 9.1111
    endloop
  endfacet
  facet normal 0 0 1
    outer loop
      vertex 5.581178812712431 -2.0188710978031157 9.1111
      vertex 5.661726616099477 -1.9494445524513722 9.1111
      vertex 5.018732301235199 -1.3562308024168015 9.1111
    endloop
  endfacet
  facet normal -0.6055969940561737 0.7957715003630921 0
    outer loop
      vertex 5.497248654276133 -2.082743518009782 9.1111
      vertex 5.497248654276133 -2.082743518009782 9.5692
      vertex 5.581178812712431 -2.0188710978031157 9.1111
    endloop
  endfacet
  facet normal -0.6528791117410278 0.757462121463672 0
    outer loop
      vertex 5.581178812712431 -2.0188710978031157 9.1111
      vertex 5.581178812712431 -2.0188710978031157 9.5692
      vertex 5.661726616099477 -1.9494445524513722 9.1111
    endloop
  endfacet
  facet normal -0.6964253729897609 0.7176292217127674 0
    outer loop
      vertex 5.661726616099477 -1.9494445524513722 9.1111
      vertex 5.661726616099477 -1.9494445524513722 9.5692
      vertex 5.737824883237481 -1.8755947669744493 9.1111
    endloop
  endfacet
  facet normal -0.3930227493084951 0.919528748069353 0
    outer loop
      vertex 5.225164094179869 -2.2410360429286955 9.1111
      vertex 5.127704538300634 -2.282691970139742 9.5692
      vertex 5.225164094179869 -2.2410360429286955 9.5692
    endloop
  endfacet
  facet normal -0.44851621582535894 0.8937746942835761 0
    outer loop
      vertex 5.319241295009851 -2.193825990572572 9.1111
      vertex 5.225164094179869 -2.2410360429286955 9.5692
      vertex 5.319241295009851 -2.193825990572572 9.5692
    endloop
  endfacet
  facet normal -0.5028669686069077 0.8643638191665007 0
    outer loop
      vertex 5.409936148375273 -2.1410618130713703 9.1111
      vertex 5.319241295009851 -2.193825990572572 9.5692
      vertex 5.409936148375273 -2.1410618130713703 9.5692
    endloop
  endfacet
  facet normal -0.5554249986213109 0.8315666364799137 0
    outer loop
      vertex 5.497248654276133 -2.082743518009782 9.1111
      vertex 5.409936148375273 -2.1410618130713703 9.5692
      vertex 5.497248654276133 -2.082743518009782 9.5692
    endloop
  endfacet
  facet normal -0.6055969940561737 0.7957715003630921 0
    outer loop
      vertex 5.581178812712431 -2.0188710978031157 9.1111
      vertex 5.497248654276133 -2.082743518009782 9.5692
      vertex 5.581178812712431 -2.0188710978031157 9.5692
    endloop
  endfacet
  facet normal -0.6528791117410278 0.757462121463672 0
    outer loop
      vertex 5.661726616099477 -1.9494445524513722 9.1111
      vertex 5.581178812712431 -2.0188710978031157 9.5692
      vertex 5.661726616099477 -1.9494445524513722 9.5692
    endloop
  endfacet
  facet normal -0.6964253729897609 0.7176292217127674 0
    outer loop
      vertex 5.737824883237481 -1.8755947669744493 9.1111
      vertex 5.661726616099477 -1.9494445524513722 9.5692
      vertex 5.737824883237481 -1.8755947669744493 9.5692
    endloop
  endfacet
  facet normal 0 0 1
    outer loop
      vertex 5.581178812712431 -2.0188710978031157 9.1111
      vertex 5.018732301235199 -1.3562308024168015 9.1111
      vertex 4.97103324867785 -1.397147533223033 9.1111
    endloop
  endfacet
  facet normal 0 0 1
    outer loop
      vertex 5.661726616099477 -1.9494445524513722 9.1111
      vertex 5.06360089878738 -1.3114172393828631 9.1111
      vertex 5.018732301235199 -1.3562308024168015 9.1111
    endloop
  endfacet
  facet normal 0 0 1
    outer loop
      vertex 5.737824883237481 -1.8755947669744493 9.1111
      vertex 5.105639026165009 -1.2627068365365266 9.1111
      vertex 5.06360089878738 -1.3114172393828631 9.1111
    endloop
  endfacet
  facet normal 0 0 1
    outer loop
      vertex 5.105639026165009 -1.2627068365365266 9.1111
      vertex 5.809364925503731 -1.7984385264515876 9.1111
      vertex 5.127812688410282 -1.2344195719957352 9.1111
    endloop
  endfacet
  facet normal 0 0 1
    outer loop
      vertex 5.127812688410282 -1.2344195719957352 9.1111
      vertex 5.876346735313535 -1.7179758384674788 9.1111
      vertex 5.149397604182362 -1.2040364297777415 9.1111
    endloop
  endfacet
  facet normal 0 0 1
    outer loop
      vertex 5.876346735313535 -1.7179758384674788 9.1111
      vertex 5.170393765896558 -1.1715574098825454 9.1111
      vertex 5.149397604182362 -1.2040364297777415 9.1111
    endloop
  endfacet
  facet normal 0 0 1
    outer loop
      vertex 5.938770312666893 -1.6342066954374315 9.1111
      vertex 5.190801173552871 -1.1369825123101474 9.1111
      vertex 5.170393765896558 -1.1715574098825454 9.1111
    endloop
  endfacet
  facet normal 0 0 1
    outer loop
      vertex 5.996635665148497 -1.5471310973614454 9.1111
      vertex 5.210619819566608 -1.100311744645238 9.1111
      vertex 5.190801173552871 -1.1369825123101474 9.1111
    endloop
  endfacet
  facet normal 0 0 1
    outer loop
      vertex 5.661726616099477 -1.9494445524513722 9.1111
      vertex 5.737824883237481 -1.8755947669744493 9.1111
      vertex 5.06360089878738 -1.3114172393828631 9.1111
    endloop
  endfacet
  facet normal 0 0 1
    outer loop
      vertex 5.737824883237481 -1.8755947669744493 9.1111
      vertex 5.809364925503731 -1.7984385264515876 9.1111
      vertex 5.105639026165009 -1.2627068365365266 9.1111
    endloop
  endfacet
  facet normal 0 0 1
    outer loop
      vertex 5.127812688410282 -1.2344195719957352 9.1111
      vertex 5.809364925503731 -1.7984385264515876 9.1111
      vertex 5.876346735313535 -1.7179758384674788 9.1111
    endloop
  endfacet
  facet normal 0 0 1
    outer loop
      vertex 5.876346735313535 -1.7179758384674788 9.1111
      vertex 5.938770312666893 -1.6342066954374315 9.1111
      vertex 5.170393765896558 -1.1715574098825454 9.1111
    endloop
  endfacet
  facet normal 0 0 1
    outer loop
      vertex 5.996635665148497 -1.5471310973614454 9.1111
      vertex 5.229849719107151 -1.0615450993031263 9.1111
      vertex 5.210619819566608 -1.100311744645238 9.1111
    endloop
  endfacet
  facet normal 0 0 1
    outer loop
      vertex 6.049942785173655 -1.456749051824212 9.1111
      vertex 5.248490872174502 -1.0206825838685036 9.1111
      vertex 5.229849719107151 -1.0615450993031263 9.1111
    endloop
  endfacet
  facet normal 0 0 1
    outer loop
      vertex 5.938770312666893 -1.6342066954374315 9.1111
      vertex 5.996635665148497 -1.5471310973614454 9.1111
      vertex 5.190801173552871 -1.1369825123101474 9.1111
    endloop
  endfacet
  facet normal 0.8611796595597648 -0.5083006924651269 -1.4624825093483636e-18
    outer loop
      vertex 5.170393765896558 -1.1715574098825454 9.1111
      vertex 5.190801173552871 -1.1369825123101474 9.1111
      vertex 5.190801173552871 -1.1369825123101474 9.5692
    endloop
  endfacet
  facet normal 0.8797405372666307 -0.47545408515420284 2.665327733125696e-19
    outer loop
      vertex 5.190801173552871 -1.1369825123101474 9.1111
      vertex 5.210619819566608 -1.100311744645238 9.1111
      vertex 5.210619819566608 -1.100311744645238 9.5692
    endloop
  endfacet
  facet normal 0.8958408481472758 -0.44437503844249576 -1.046058920454646e-18
    outer loop
      vertex 5.210619819566608 -1.100311744645238 9.1111
      vertex 5.229849719107151 -1.0615450993031263 9.1111
      vertex 5.229849719107151 -1.0615450993031263 9.5692
    endloop
  endfacet
  facet normal 0.9098013012462529 -0.4150440847074258 -2.0565385030721775e-20
    outer loop
      vertex 5.229849719107151 -1.0615450993031263 9.1111
      vertex 5.248490872174502 -1.0206825838685036 9.1111
      vertex 5.248490872174502 -1.0206825838685036 9.5692
    endloop
  endfacet
  facet normal 0.9219065183134554 -0.38741240492679446 1.780170435923649e-18
    outer loop
      vertex 5.248490872174502 -1.0206825838685036 9.1111
      vertex 5.266543263599277 -0.9777241831719875 9.1111
      vertex 5.266543263599277 -0.9777241831719875 9.5692
    endloop
  endfacet
  facet normal 0.9324058494364467 -0.3614129659222235 -2.1937945537931237e-18
    outer loop
      vertex 5.266543263599277 -0.9777241831719875 9.1111
      vertex 5.284006900966167 -0.9326699123829604 9.1111
      vertex 5.284006900966167 -0.9326699123829604 9.5692
    endloop
  endfacet
  facet normal 0.9415168696354355 -0.3369658501864695 1.7140477584574464e-18
    outer loop
      vertex 5.284006900966167 -0.9326699123829604 9.1111
      vertex 5.300881784275174 -0.8855197715014219 9.1111
      vertex 5.300881784275174 -0.8855197715014219 9.5692
    endloop
  endfacet
  facet normal 0.9494279441378061 -0.3139849978745151 -1.770176530349871e-18
    outer loop
      vertex 5.300881784275174 -0.8855197715014219 9.1111
      vertex 5.317167921110988 -0.8362737453579903 9.1111
      vertex 5.317167921110988 -0.8362737453579903 9.5692
    endloop
  endfacet
  facet normal 0.9563017235650156 -0.29238162306578114 -7.446923770074488e-19
    outer loop
      vertex 5.317167921110988 -0.8362737453579903 9.1111
      vertex 5.332865296304226 -0.7849318491220474 9.1111
      vertex 5.332865296304226 -0.7849318491220474 9.5692
    endloop
  endfacet
  facet normal 0.9622780514136023 -0.2720679175640532 -9.44672318031857e-19
    outer loop
      vertex 5.332865296304226 -0.7849318491220474 9.1111
      vertex 5.347973925024271 -0.7314940827935934 9.1111
      vertex 5.347973925024271 -0.7314940827935934 9.5692
    endloop
  endfacet
  facet normal 0 0 1
    outer loop
      vertex 6.098691672742367 -1.3630605588257314 9.1111
      vertex 5.266543263599277 -0.9777241831719875 9.1111
      vertex 5.248490872174502 -1.0206825838685036 9.1111
    endloop
  endfacet
  facet normal 0 0 1
    outer loop
      vertex 6.142882327854633 -1.266065610781312 9.1111
      vertex 5.284006900966167 -0.9326699123829604 9.1111
      vertex 5.266543263599277 -0.9777241831719875 9.1111
    endloop
  endfacet
  facet normal 0 0 1
    outer loop
      vertex 6.142882327854633 -1.266065610781312 9.1111
      vertex 5.300881784275174 -0.8855197715014219 9.1111
      vertex 5.284006900966167 -0.9326699123829604 9.1111
    endloop
  endfacet
  facet normal 0 0 1
    outer loop
      vertex 5.300881784275174 -0.8855197715014219 9.1111
      vertex 6.182514750510454 -1.1657642076909542 9.1111
      vertex 5.317167921110988 -0.8362737453579903 9.1111
    endloop
  endfacet
  facet normal 0 0 1
    outer loop
      vertex 5.317167921110988 -0.8362737453579903 9.1111
      vertex 6.21758894829452 -1.062156349554658 9.1111
      vertex 5.332865296304226 -0.7849318491220474 9.1111
    endloop
  endfacet
  facet normal 0 0 1
    outer loop
      vertex 5.332865296304226 -0.7849318491220474 9.1111
      vertex 6.21758894829452 -1.062156349554658 9.1111
      vertex 5.347973925024271 -0.7314940827935934 9.1111
    endloop
  endfacet
  facet normal 0.8797405372666307 -0.47545408515420284 0
    outer loop
      vertex 5.190801173552871 -1.1369825123101474 9.1111
      vertex 5.210619819566608 -1.100311744645238 9.5692
      vertex 5.190801173552871 -1.1369825123101474 9.5692
    endloop
  endfacet
  facet normal 0.8958408481472758 -0.44437503844249576 0
    outer loop
      vertex 5.210619819566608 -1.100311744645238 9.1111
      vertex 5.229849719107151 -1.0615450993031263 9.5692
      vertex 5.210619819566608 -1.100311744645238 9.5692
    endloop
  endfacet
  facet normal 0.9098013012462529 -0.4150440847074258 0
    outer loop
      vertex 5.229849719107151 -1.0615450993031263 9.1111
      vertex 5.248490872174502 -1.0206825838685036 9.5692
      vertex 5.229849719107151 -1.0615450993031263 9.5692
    endloop
  endfacet
  facet normal 0.9219065183134554 -0.38741240492679446 0
    outer loop
      vertex 5.248490872174502 -1.0206825838685036 9.1111
      vertex 5.266543263599277 -0.9777241831719875 9.5692
      vertex 5.248490872174502 -1.0206825838685036 9.5692
    endloop
  endfacet
  facet normal 0.9324058494364467 -0.3614129659222235 0
    outer loop
      vertex 5.266543263599277 -0.9777241831719875 9.1111
      vertex 5.284006900966167 -0.9326699123829604 9.5692
      vertex 5.266543263599277 -0.9777241831719875 9.5692
    endloop
  endfacet
  facet normal 0.9415168696354355 -0.3369658501864695 0
    outer loop
      vertex 5.284006900966167 -0.9326699123829604 9.1111
      vertex 5.300881784275174 -0.8855197715014219 9.5692
      vertex 5.284006900966167 -0.9326699123829604 9.5692
    endloop
  endfacet
  facet normal 0.9494279441378061 -0.3139849978745151 0
    outer loop
      vertex 5.300881784275174 -0.8855197715014219 9.1111
      vertex 5.317167921110988 -0.8362737453579903 9.5692
      vertex 5.300881784275174 -0.8855197715014219 9.5692
    endloop
  endfacet
  facet normal 0.9563017235650156 -0.29238162306578114 0
    outer loop
      vertex 5.317167921110988 -0.8362737453579903 9.1111
      vertex 5.332865296304226 -0.7849318491220474 9.5692
      vertex 5.317167921110988 -0.8362737453579903 9.5692
    endloop
  endfacet
  facet normal 0.9622780514136023 -0.2720679175640532 0
    outer loop
      vertex 5.332865296304226 -0.7849318491220474 9.1111
      vertex 5.347973925024271 -0.7314940827935934 9.5692
      vertex 5.332865296304226 -0.7849318491220474 9.5692
    endloop
  endfacet
  facet normal 0 -1 0
    outer loop
      vertex 5.347973925024271 -0.7314940827935934 9.1111
      vertex 6.158900000000001 -0.7314940827935934 9.5692
      vertex 5.347973925024271 -0.7314940827935934 9.5692
    endloop
  endfacet
  facet normal -0.7332910684087931 0.6799148542221228 0
    outer loop
      vertex 5.737824883237481 -1.8755947669744493 9.1111
      vertex 5.737824883237481 -1.8755947669744493 9.5692
      vertex 5.809364925503731 -1.7984385264515876 9.1111
    endloop
  endfacet
  facet normal -0.7685520253277206 0.639787296188865 0
    outer loop
      vertex 5.809364925503731 -1.7984385264515876 9.1111
      vertex 5.809364925503731 -1.7984385264515876 9.5692
      vertex 5.876346735313535 -1.7179758384674788 9.1111
    endloop
  endfacet
  facet normal -0.7332910684087931 0.6799148542221228 0
    outer loop
      vertex 5.809364925503731 -1.7984385264515876 9.1111
      vertex 5.737824883237481 -1.8755947669744493 9.5692
      vertex 5.809364925503731 -1.7984385264515876 9.5692
    endloop
  endfacet
  facet normal -0.7685520253277206 0.639787296188865 0
    outer loop
      vertex 5.876346735313535 -1.7179758384674788 9.1111
      vertex 5.809364925503731 -1.7984385264515876 9.5692
      vertex 5.876346735313535 -1.7179758384674788 9.5692
    endloop
  endfacet
  facet normal -0.8018491041007911 0.5975265803734245 0
    outer loop
      vertex 5.876346735313535 -1.7179758384674788 9.1111
      vertex 5.876346735313535 -1.7179758384674788 9.5692
      vertex 5.938770312666893 -1.6342066954374315 9.1111
    endloop
  endfacet
  facet normal -0.8328662884449138 0.553474250143576 0
    outer loop
      vertex 5.938770312666893 -1.6342066954374315 9.1111
      vertex 5.938770312666893 -1.6342066954374315 9.5692
      vertex 5.996635665148497 -1.5471310973614454 9.1111
    endloop
  endfacet
  facet normal -0.8613455196617933 0.5080195820621043 0
    outer loop
      vertex 5.996635665148497 -1.5471310973614454 9.1111
      vertex 5.996635665148497 -1.5471310973614454 9.5692
      vertex 6.049942785173655 -1.456749051824212 9.1111
    endloop
  endfacet
  facet normal 0 0 1
    outer loop
      vertex 5.996635665148497 -1.5471310973614454 9.1111
      vertex 6.049942785173655 -1.456749051824212 9.1111
      vertex 5.229849719107151 -1.0615450993031263 9.1111
    endloop
  endfacet
  facet normal 0 0 1
    outer loop
      vertex 6.049942785173655 -1.456749051824212 9.1111
      vertex 6.098691672742367 -1.3630605588257314 9.1111
      vertex 5.248490872174502 -1.0206825838685036 9.1111
    endloop
  endfacet
  facet normal 0 0 1
    outer loop
      vertex 6.098691672742367 -1.3630605588257314 9.1111
      vertex 6.142882327854633 -1.266065610781312 9.1111
      vertex 5.266543263599277 -0.9777241831719875 9.1111
    endloop
  endfacet
  facet normal -0.8870971245068464 0.46158281130441203 0
    outer loop
      vertex 6.049942785173655 -1.456749051824212 9.1111
      vertex 6.049942785173655 -1.456749051824212 9.5692
      vertex 6.098691672742367 -1.3630605588257314 9.1111
    endloop
  endfacet
  facet normal -0.9100054822830773 0.4145962158712305 0
    outer loop
      vertex 6.098691672742367 -1.3630605588257314 9.1111
      vertex 6.098691672742367 -1.3630605588257314 9.5692
      vertex 6.142882327854633 -1.266065610781312 9.1111
    endloop
  endfacet
  facet normal -0.9300292470791628 0.3674855093433827 4.225066671237877e-16
    outer loop
      vertex 6.142882327854633 -1.266065610781312 9.1111
      vertex 6.158900000000001 -1.225528220363022 9.5692
      vertex 6.182514750510454 -1.1657642076909542 9.1111
    endloop
  endfacet
  facet normal -0.8018491041007911 0.5975265803734245 0
    outer loop
      vertex 5.938770312666893 -1.6342066954374315 9.1111
      vertex 5.876346735313535 -1.7179758384674788 9.5692
      vertex 5.938770312666893 -1.6342066954374315 9.5692
    endloop
  endfacet
  facet normal -0.8328662884449138 0.553474250143576 0
    outer loop
      vertex 5.996635665148497 -1.5471310973614454 9.1111
      vertex 5.938770312666893 -1.6342066954374315 9.5692
      vertex 5.996635665148497 -1.5471310973614454 9.5692
    endloop
  endfacet
  facet normal -0.8613455196617933 0.5080195820621043 0
    outer loop
      vertex 6.049942785173655 -1.456749051824212 9.1111
      vertex 5.996635665148497 -1.5471310973614454 9.5692
      vertex 6.049942785173655 -1.456749051824212 9.5692
    endloop
  endfacet
  facet normal -0.8870971245068464 0.46158281130441203 0
    outer loop
      vertex 6.098691672742367 -1.3630605588257314 9.1111
      vertex 6.049942785173655 -1.456749051824212 9.5692
      vertex 6.098691672742367 -1.3630605588257314 9.5692
    endloop
  endfacet
  facet normal -0.9100054822830773 0.4145962158712305 0
    outer loop
      vertex 6.142882327854633 -1.266065610781312 9.1111
      vertex 6.098691672742367 -1.3630605588257314 9.5692
      vertex 6.142882327854633 -1.266065610781312 9.5692
    endloop
  endfacet
  facet normal -0.9300292470791611 0.3674855093433869 0
    outer loop
      vertex 6.142882327854633 -1.266065610781312 9.1111
      vertex 6.142882327854633 -1.266065610781312 9.5692
      vertex 6.158900000000001 -1.225528220363022 9.5692
    endloop
  endfacet
  facet normal -0.930029247079164 0.36748550934338003 0
    outer loop
      vertex 6.182514750510454 -1.1657642076909542 9.1111
      vertex 6.158900000000001 -1.225528220363022 9.5692
      vertex 6.182514750510454 -1.1657642076909542 9.495222858234253
    endloop
  endfacet
  facet normal 0 0 1
    outer loop
      vertex 6.142882327854633 -1.266065610781312 9.1111
      vertex 6.182514750510454 -1.1657642076909542 9.1111
      vertex 5.300881784275174 -0.8855197715014219 9.1111
    endloop
  endfacet
  facet normal 0 0 1
    outer loop
      vertex 5.317167921110988 -0.8362737453579903 9.1111
      vertex 6.182514750510454 -1.1657642076909542 9.1111
      vertex 6.21758894829452 -1.062156349554658 9.1111
    endloop
  endfacet
  facet normal 0 0 1
    outer loop
      vertex 5.347973925024271 -0.7314940827935934 9.1111
      vertex 6.21758894829452 -1.062156349554658 9.1111
      vertex 6.248104913622141 -0.9552420439571142 9.1111
    endloop
  endfacet
  facet normal 0 0 1
    outer loop
      vertex 5.347973925024271 -0.7314940827935934 9.1111
      vertex 6.248104913622141 -0.9552420439571142 9.1111
      vertex 6.274062654078007 -0.8450212908983231 9.1111
    endloop
  endfacet
  facet normal 0 0 1
    outer loop
      vertex 5.347973925024271 -0.7314940827935934 9.1111
      vertex 6.274062654078007 -0.8450212908983231 9.1111
      vertex 6.295462154492736 -0.7314940827935934 9.1111
    endloop
  endfacet
  facet normal 0 -1 0
    outer loop
      vertex 5.347973925024271 -0.7314940827935934 9.1111
      vertex 6.295462154492736 -0.7314940827935934 9.1111
      vertex 6.295462154492736 -0.7314940827935934 9.141396290692425
    endloop
  endfacet
  facet normal -0.9471967488267955 0.3206529572792807 0
    outer loop
      vertex 6.182514750510454 -1.1657642076909542 9.1111
      vertex 6.182514750510454 -1.1657642076909542 9.495222858234253
      vertex 6.21758894829452 -1.062156349554658 9.1111
    endloop
  endfacet
  facet normal -0.9615975133144675 0.2744635174070177 0
    outer loop
      vertex 6.21758894829452 -1.062156349554658 9.1111
      vertex 6.21758894829452 -1.062156349554658 9.385347087976037
      vertex 6.248104913622141 -0.9552420439571142 9.1111
    endloop
  endfacet
  facet normal -0.9733709864381844 0.2292355181038836 0
    outer loop
      vertex 6.248104913622141 -0.9552420439571142 9.1111
      vertex 6.248104913622141 -0.9552420439571142 9.289750740593043
      vertex 6.274062654078007 -0.8450212908983231 9.1111
    endloop
  endfacet
  facet normal -0.9615975133144675 0.2744635174070177 0
    outer loop
      vertex 6.248104913622141 -0.9552420439571142 9.1111
      vertex 6.21758894829452 -1.062156349554658 9.385347087976037
      vertex 6.248104913622141 -0.9552420439571142 9.289750740593043
    endloop
  endfacet
  facet normal -0.9733709864381843 0.22923551810388357 0
    outer loop
      vertex 6.274062654078007 -0.8450212908983231 9.1111
      vertex 6.248104913622141 -0.9552420439571142 9.289750740593043
      vertex 6.274062654078007 -0.8450212908983231 9.208433792324968
    endloop
  endfacet
  facet normal -0.9826943272159816 0.18523460599339853 0
    outer loop
      vertex 6.274062654078007 -0.8450212908983231 9.1111
      vertex 6.274062654078007 -0.8450212908983231 9.208433792324968
      vertex 6.295462154492736 -0.7314940827935934 9.1111
    endloop
  endfacet
  facet normal -0.9826943272159814 0.18523460599339847 0
    outer loop
      vertex 6.295462154492736 -0.7314940827935934 9.1111
      vertex 6.274062654078007 -0.8450212908983231 9.208433792324968
      vertex 6.295462154492736 -0.7314940827935934 9.141396290692425
    endloop
  endfacet
  facet normal 0 -1 0
    outer loop
      vertex 5.347973925024271 -0.7314940827935934 9.1111
      vertex 6.295462154492736 -0.7314940827935934 9.141396290692425
      vertex 6.158900000000001 -0.7314940827935934 9.5692
    endloop
  endfacet
  facet normal -0.9471967488267957 0.3206529572792808 0
    outer loop
      vertex 6.21758894829452 -1.062156349554658 9.1111
      vertex 6.182514750510454 -1.1657642076909542 9.495222858234253
      vertex 6.21758894829452 -1.062156349554658 9.385347087976037
    endloop
  endfacet
  facet normal 0 0 1
    outer loop
      vertex -0.02343181838095188 -0.45952010749280453 9.1111
      vertex 0.5294948818981647 0.31366106800735 9.1111
      vertex -0.25953655341267584 0.503085419997573 9.1111
    endloop
  endfacet
  facet normal -0.23343914648409006 -0.972371413035564 -2.880177945977785e-17
    outer loop
      vertex -0.25953655341267584 0.503085419997573 9.1111
      vertex 0.5294948818981647 0.31366106800735 9.1111
      vertex 0.5294948818981647 0.31366106800735 9.5692
    endloop
  endfacet
  facet normal 0 0 1
    outer loop
      vertex 0.3211027572900057 -0.5514729804694652 9.1111
      vertex 0.6078026074618101 0.2940516760349274 9.1111
      vertex 0.5294948818981647 0.31366106800735 9.1111
    endloop
  endfacet
  facet normal -0.23343914648409006 -0.972371413035564 0
    outer loop
      vertex -0.25953655341267584 0.503085419997573 9.1111
      vertex 0.5294948818981647 0.31366106800735 9.5692
      vertex -0.25953655341267584 0.503085419997573 9.5692
    endloop
  endfacet
  facet normal -0.24291406301081006 -0.9700478122193671 0
    outer loop
      vertex 0.5294948818981647 0.31366106800735 9.1111
      vertex 0.6078026074618101 0.2940516760349274 9.5692
      vertex 0.5294948818981647 0.31366106800735 9.5692
    endloop
  endfacet
  facet normal -0.26391675794604896 -0.9645454602429306 2.815121038097893e-18
    outer loop
      vertex 0.6078026074618101 0.2940516760349274 9.1111
      vertex 0.6830955472737551 0.27345019130408765 9.1111
      vertex 0.6830955472737551 0.27345019130408765 9.5692
    endloop
  endfacet
  facet normal -0.286254843535968 -0.9581535182590515 1.829406422971387e-18
    outer loop
      vertex 0.6830955472737551 0.27345019130408765 9.1111
      vertex 0.7553736937493086 0.2518566062301397 9.1111
      vertex 0.7553736937493086 0.2518566062301397 9.5692
    endloop
  endfacet
  facet normal -0.31001817359481093 -0.9507306306420014 5.324898726827786e-19
    outer loop
      vertex 0.7553736937493086 0.2518566062301397 9.1111
      vertex 0.8246370620578528 0.22927092081308365 9.1111
      vertex 0.8246370620578528 0.22927092081308365 9.5692
    endloop
  endfacet
  facet normal -0.24291406301081006 -0.9700478122193671 0
    outer loop
      vertex 0.6078026074618101 0.2940516760349274 9.1111
      vertex 0.6078026074618101 0.2940516760349274 9.5692
      vertex 0.5294948818981647 0.31366106800735 9.1111
    endloop
  endfacet
  facet normal -0.33529670167662107 -0.9421125844848792 0
    outer loop
      vertex 0.8908856370300055 0.2056931350529194 9.1111
      vertex 0.8908856370300055 0.2056931350529194 9.5692
      vertex 0.8246370620578528 0.22927092081308365 9.1111
    endloop
  endfacet
  facet normal -0.3621769104202981 -0.9321093742466102 -5.73280313749472e-19
    outer loop
      vertex 0.8908856370300055 0.2056931350529194 9.1111
      vertex 0.9541194338351489 0.18112324894964696 9.1111
      vertex 0.9541194338351489 0.18112324894964696 9.5692
    endloop
  endfacet
  facet normal -0.39073797283137024 -0.9205019481715568 1.6897890227913481e-18
    outer loop
      vertex 0.9541194338351489 0.18112324894964696 9.1111
      vertex 1.0143384373039008 0.1555612700879574 9.1111
      vertex 1.0143384373039008 0.1555612700879574 9.5692
    endloop
  endfacet
  facet normal -0.42104579839990625 -0.9070393793269318 0
    outer loop
      vertex 1.0715426550209521 0.12900719088315965 9.1111
      vertex 1.0715426550209521 0.12900719088315965 9.5692
      vertex 1.0143384373039008 0.1555612700879574 9.1111
    endloop
  endfacet
  facet normal -0.4531449769654037 -0.8914368344706336 -3.707348860052083e-18
    outer loop
      vertex 1.0715426550209521 0.12900719088315965 9.1111
      vertex 1.1257320945709943 0.10146101891994476 9.1111
      vertex 1.1257320945709943 0.10146101891994476 9.5692
    endloop
  endfacet
  facet normal -0.26391675794604896 -0.9645454602429306 0
    outer loop
      vertex 0.6078026074618101 0.2940516760349274 9.1111
      vertex 0.6830955472737551 0.27345019130408765 9.5692
      vertex 0.6078026074618101 0.2940516760349274 9.5692
    endloop
  endfacet
  facet normal -0.286254843535968 -0.9581535182590515 0
    outer loop
      vertex 0.6830955472737551 0.27345019130408765 9.1111
      vertex 0.7553736937493086 0.2518566062301397 9.5692
      vertex 0.6830955472737551 0.27345019130408765 9.5692
    endloop
  endfacet
  facet normal -0.31001817359481093 -0.9507306306420014 0
    outer loop
      vertex 0.7553736937493086 0.2518566062301397 9.1111
      vertex 0.8246370620578528 0.22927092081308365 9.5692
      vertex 0.7553736937493086 0.2518566062301397 9.5692
    endloop
  endfacet
  facet normal -0.33529670167662107 -0.9421125844848792 0
    outer loop
      vertex 0.8246370620578528 0.22927092081308365 9.1111
      vertex 0.8908856370300055 0.2056931350529194 9.5692
      vertex 0.8246370620578528 0.22927092081308365 9.5692
    endloop
  endfacet
  facet normal -0.3621769104202981 -0.9321093742466102 0
    outer loop
      vertex 0.8908856370300055 0.2056931350529194 9.1111
      vertex 0.9541194338351489 0.18112324894964696 9.5692
      vertex 0.8908856370300055 0.2056931350529194 9.5692
    endloop
  endfacet
  facet normal -0.39073797283137024 -0.9205019481715568 0
    outer loop
      vertex 0.9541194338351489 0.18112324894964696 9.1111
      vertex 1.0143384373039008 0.1555612700879574 9.5692
      vertex 0.9541194338351489 0.18112324894964696 9.5692
    endloop
  endfacet
  facet normal -0.4531449769654037 -0.8914368344706336 0
    outer loop
      vertex 1.0715426550209521 0.12900719088315965 9.1111
      vertex 1.1257320945709943 0.10146101891994476 9.5692
      vertex 1.0715426550209521 0.12900719088315965 9.5692
    endloop
  endfacet
  facet normal -0.4870496438903096 -0.8733742865383218 0
    outer loop
      vertex 1.1257320945709943 0.10146101891994476 9.1111
      vertex 1.1769067407846452 0.07292274661362172 9.5692
      vertex 1.1257320945709943 0.10146101891994476 9.5692
    endloop
  endfacet
  facet normal -0.42104579839990625 -0.9070393793269318 0
    outer loop
      vertex 1.0143384373039008 0.1555612700879574 9.1111
      vertex 1.0715426550209521 0.12900719088315965 9.5692
      vertex 1.0143384373039008 0.1555612700879574 9.5692
    endloop
  endfacet
  facet normal 0.9958716390266084 0.09077267530736638 4.890511890029938e-19
    outer loop
      vertex 0.6537774170339108 0.9221553006917238 9.1111
      vertex 0.648112699508667 0.9843032048642636 9.1111
      vertex 0.648112699508667 0.9843032048642636 9.5692
    endloop
  endfacet
  facet normal 0.9878284216093832 0.1555474508332254 -8.513072624905995e-19
    outer loop
      vertex 0.648112699508667 0.9843032048642636 9.1111
      vertex 0.6387723345160484 1.0436206540316344 9.1111
      vertex 0.6387723345160484 1.0436206540316344 9.5692
    endloop
  endfacet
  facet normal 0.9744646664846776 0.22454089554668266 3.0626406129923504e-19
    outer loop
      vertex 0.6387723345160484 1.0436206540316344 9.1111
      vertex 0.6257563296407461 1.1001076330244541 9.1111
      vertex 0.6257563296407461 1.1001076330244541 9.5692
    endloop
  endfacet
  facet normal 0.95486432787999 0.29704227871179384 1.5519127183433828e-19
    outer loop
      vertex 0.6257563296407461 1.1001076330244541 9.1111
      vertex 0.6090646848827601 1.153764157012105 9.1111
      vertex 0.6090646848827601 1.153764157012105 9.5692
    endloop
  endfacet
  facet normal 0 0 1
    outer loop
      vertex 0.6537774170339108 0.9221553006917238 9.1111
      vertex 1.5665790719389916 1.0324156306684018 9.1111
      vertex 0.648112699508667 0.9843032048642636 9.1111
    endloop
  endfacet
  facet normal 0 0 1
    outer loop
      vertex 0.648112699508667 0.9843032048642636 9.1111
      vertex 1.5541287788301708 1.1385725821107626 9.1111
      vertex 0.6387723345160484 1.0436206540316344 9.1111
    endloop
  endfacet
  facet normal 0 1 0
    outer loop
      vertex 0.6537774170339108 0.9221553006917238 9.1111
      vertex 0.6537774170339108 0.9221553006917238 9.5692
      vertex 1.5732757321894169 0.9221553006917238 9.1111
    endloop
  endfacet
  facet normal 0.9878284216093832 0.1555474508332254 0
    outer loop
      vertex 0.648112699508667 0.9843032048642636 9.1111
      vertex 0.6387723345160484 1.0436206540316344 9.5692
      vertex 0.648112699508667 0.9843032048642636 9.5692
    endloop
  endfacet
  facet normal 0.9958716390266084 0.09077267530736638 0
    outer loop
      vertex 0.6537774170339108 0.9221553006917238 9.1111
      vertex 0.648112699508667 0.9843032048642636 9.5692
      vertex 0.6537774170339108 0.9221553006917238 9.5692
    endloop
  endfacet
  facet normal 0.9744646664846776 0.22454089554668266 0
    outer loop
      vertex 0.6387723345160484 1.0436206540316344 9.1111
      vertex 0.6257563296407461 1.1001076330244541 9.5692
      vertex 0.6387723345160484 1.0436206540316344 9.5692
    endloop
  endfacet
  facet normal 0.95486432787999 0.29704227871179384 0
    outer loop
      vertex 0.6257563296407461 1.1001076330244541 9.1111
      vertex 0.6090646848827601 1.153764157012105 9.5692
      vertex 0.6257563296407461 1.1001076330244541 9.5692
    endloop
  endfacet
  facet normal 0.2763819036786796 0.961047888150715 0
    outer loop
      vertex 0.10528561455011368 1.5807128099799157 9.1111
      vertex 0.10528561455011368 1.5807128099799157 9.5692
      vertex 0.14548862592875958 1.5691510710120202 9.1111
    endloop
  endfacet
  facet normal 0.20241087636233884 0.979300687802388 0
    outer loop
      vertex 0.02102015209197998 1.5997556786239147 9.1111
      vertex 0.02102015209197998 1.5997556786239147 9.5692
      vertex 0.06379611821472644 1.5909143483787775 9.1111
    endloop
  endfacet
  facet normal 0.23877053597919595 0.9710760171831078 8.848010869599683e-20
    outer loop
      vertex 0.10528561455011368 1.5807128099799157 9.1111
      vertex 0.06379611821472644 1.5909143483787775 9.1111
      vertex 0.06379611821472644 1.5909143483787775 9.5692
    endloop
  endfacet
  facet normal 0.3151248013707653 0.9490502407992085 -2.0148700469492027e-18
    outer loop
      vertex 0.18440517510473728 1.556229131475091 9.1111
      vertex 0.14548862592875958 1.5691510710120202 9.1111
      vertex 0.14548862592875958 1.5691510710120202 9.5692
    endloop
  endfacet
  facet normal 0.3548426506044929 0.9349260362787946 2.292974008933423e-18
    outer loop
      vertex 0.22203523932397365 1.5419469837844373 9.1111
      vertex 0.18440517510473728 1.556229131475091 9.1111
      vertex 0.18440517510473728 1.556229131475091 9.5692
    endloop
  endfacet
  facet normal 0.3953393609779289 0.9185351325134835 0
    outer loop
      vertex 0.22203523932397365 1.5419469837844373 9.1111
      vertex 0.22203523932397365 1.5419469837844373 9.5692
      vertex 0.2583788337558508 1.5263046279400587 9.1111
    endloop
  endfacet
  facet normal 0.4363807860380658 0.8997620849851364 2.4662142924761557e-18
    outer loop
      vertex 0.2934359584003687 1.5093020715266465 9.1111
      vertex 0.2583788337558508 1.5263046279400587 9.1111
      vertex 0.2583788337558508 1.5263046279400587 9.5692
    endloop
  endfacet
  facet normal 0.6236424188305534 0.7817097501216016 3.6584252405258885e-18
    outer loop
      vertex 0.4317263181209564 1.416263586550951 9.1111
      vertex 0.38930517143011095 1.4501068724095822 9.1111
      vertex 0.38930517143011095 1.4501068724095822 9.5692
    endloop
  endfacet
  facet normal 0.89409063453064 0.44788607618969095 -2.8426379035845536e-18
    outer loop
      vertex 0.5886974002420903 1.204590210825205 9.1111
      vertex 0.5646544681340456 1.2525858096331357 9.1111
      vertex 0.5646544681340456 1.2525858096331357 9.5692
    endloop
  endfacet
  facet normal 0.852292426500936 0.523065597921663 3.9642027714354885e-18
    outer loop
      vertex 0.5646544681340456 1.2525858096331357 9.1111
      vertex 0.5369358961433173 1.2977509458512069 9.1111
      vertex 0.5369358961433173 1.2977509458512069 9.5692
    endloop
  endfacet
  facet normal 0.7478321801437157 0.6638878145752468 3.756561190599977e-18
    outer loop
      vertex 0.5055416766852141 1.3400856194794177 9.1111
      vertex 0.4704718173444271 1.3795898381024598 9.1111
      vertex 0.4704718173444271 1.3795898381024598 9.5692
    endloop
  endfacet
  facet normal 0.6874233952784603 0.726256893684207 -4.232260859802553e-18
    outer loop
      vertex 0.4704718173444271 1.3795898381024598 9.1111
      vertex 0.4317263181209564 1.416263586550951 9.1111
      vertex 0.4317263181209564 1.416263586550951 9.5692
    endloop
  endfacet
  facet normal 0.8032376191238223 0.5956587338604996 0
    outer loop
      vertex 0.5055416766852141 1.3400856194794177 9.1111
      vertex 0.5055416766852141 1.3400856194794177 9.5692
      vertex 0.5369358961433173 1.2977509458512069 9.1111
    endloop
  endfacet
  facet normal 0 0 1
    outer loop
      vertex 0.38930517143011095 1.4501068724095822 9.1111
      vertex 0.7902508260905743 2.1919678398668765 9.1111
      vertex 0.34320838485658167 1.4811197032630443 9.1111
    endloop
  endfacet
  facet normal 0 0 1
    outer loop
      vertex 0.4317263181209564 1.416263586550951 9.1111
      vertex 0.875164673447609 2.144339810356498 9.1111
      vertex 0.38930517143011095 1.4501068724095822 9.1111
    endloop
  endfacet
  facet normal 0.4927213117528567 0.8701871689151387 0
    outer loop
      vertex 0.2934359584003687 1.5093020715266465 9.1111
      vertex 0.2934359584003687 1.5093020715266465 9.5692
      vertex 0.34320838485658167 1.4811197032630443 9.1111
    endloop
  endfacet
  facet normal 0.5582047625465552 0.8297032259008904 4.387086309005565e-19
    outer loop
      vertex 0.38930517143011095 1.4501068724095822 9.1111
      vertex 0.34320838485658167 1.4811197032630443 9.1111
      vertex 0.34320838485658167 1.4811197032630443 9.5692
    endloop
  endfacet
  facet normal 0.2763819036786796 0.961047888150715 0
    outer loop
      vertex 0.14548862592875958 1.5691510710120202 9.1111
      vertex 0.10528561455011368 1.5807128099799157 9.5692
      vertex 0.14548862592875958 1.5691510710120202 9.5692
    endloop
  endfacet
  facet normal 0.16738904521999498 0.9858909207109774 0
    outer loop
      vertex 0.02102015209197998 1.5997556786239147 9.1111
      vertex -0.023042291402816772 1.6072368007153273 9.5692
      vertex 0.02102015209197998 1.5997556786239147 9.5692
    endloop
  endfacet
  facet normal 0.20241087636233884 0.979300687802388 0
    outer loop
      vertex 0.06379611821472644 1.5909143483787775 9.1111
      vertex 0.02102015209197998 1.5997556786239147 9.5692
      vertex 0.06379611821472644 1.5909143483787775 9.5692
    endloop
  endfacet
  facet normal 0.23877053597919595 0.9710760171831078 0
    outer loop
      vertex 0.10528561455011368 1.5807128099799157 9.1111
      vertex 0.06379611821472644 1.5909143483787775 9.5692
      vertex 0.10528561455011368 1.5807128099799157 9.5692
    endloop
  endfacet
  facet normal 0.3151248013707653 0.9490502407992085 0
    outer loop
      vertex 0.18440517510473728 1.556229131475091 9.1111
      vertex 0.14548862592875958 1.5691510710120202 9.5692
      vertex 0.18440517510473728 1.556229131475091 9.5692
    endloop
  endfacet
  facet normal 0.3548426506044929 0.9349260362787946 0
    outer loop
      vertex 0.22203523932397365 1.5419469837844373 9.1111
      vertex 0.18440517510473728 1.556229131475091 9.5692
      vertex 0.22203523932397365 1.5419469837844373 9.5692
    endloop
  endfacet
  facet normal 0.3953393609779289 0.9185351325134835 0
    outer loop
      vertex 0.2583788337558508 1.5263046279400587 9.1111
      vertex 0.22203523932397365 1.5419469837844373 9.5692
      vertex 0.2583788337558508 1.5263046279400587 9.5692
    endloop
  endfacet
  facet normal 0.4363807860380658 0.8997620849851364 0
    outer loop
      vertex 0.2934359584003687 1.5093020715266465 9.1111
      vertex 0.2583788337558508 1.5263046279400587 9.5692
      vertex 0.2934359584003687 1.5093020715266465 9.5692
    endloop
  endfacet
  facet normal 0.6236424188305534 0.7817097501216016 0
    outer loop
      vertex 0.4317263181209564 1.416263586550951 9.1111
      vertex 0.38930517143011095 1.4501068724095822 9.5692
      vertex 0.4317263181209564 1.416263586550951 9.5692
    endloop
  endfacet
  facet normal 0.852292426500936 0.523065597921663 0
    outer loop
      vertex 0.5646544681340456 1.2525858096331357 9.1111
      vertex 0.5369358961433173 1.2977509458512069 9.5692
      vertex 0.5646544681340456 1.2525858096331357 9.5692
    endloop
  endfacet
  facet normal 0.7478321801437157 0.6638878145752468 0
    outer loop
      vertex 0.5055416766852141 1.3400856194794177 9.1111
      vertex 0.4704718173444271 1.3795898381024598 9.5692
      vertex 0.5055416766852141 1.3400856194794177 9.5692
    endloop
  endfacet
  facet normal 0.6874233952784603 0.726256893684207 0
    outer loop
      vertex 0.4704718173444271 1.3795898381024598 9.1111
      vertex 0.4317263181209564 1.416263586550951 9.5692
      vertex 0.4704718173444271 1.3795898381024598 9.5692
    endloop
  endfacet
  facet normal 0.8032376191238223 0.5956587338604996 0
    outer loop
      vertex 0.5369358961433173 1.2977509458512069 9.1111
      vertex 0.5055416766852141 1.3400856194794177 9.5692
      vertex 0.5369358961433173 1.2977509458512069 9.5692
    endloop
  endfacet
  facet normal 0.4927213117528567 0.8701871689151387 0
    outer loop
      vertex 0.34320838485658167 1.4811197032630443 9.1111
      vertex 0.2934359584003687 1.5093020715266465 9.5692
      vertex 0.34320838485658167 1.4811197032630443 9.5692
    endloop
  endfacet
  facet normal 0.5582047625465552 0.8297032259008904 0
    outer loop
      vertex 0.38930517143011095 1.4501068724095822 9.1111
      vertex 0.34320838485658167 1.4811197032630443 9.5692
      vertex 0.38930517143011095 1.4501068724095822 9.5692
    endloop
  endfacet
  facet normal 0 0 1
    outer loop
      vertex -0.023042291402816772 1.6072368007153273 9.1111
      vertex 0.02102015209197998 1.5997556786239147 9.1111
      vertex 0.1253292452543974 2.398355982914567 9.1111
    endloop
  endfacet
  facet normal 0 0 1
    outer loop
      vertex 0.02102015209197998 1.5997556786239147 9.1111
      vertex 0.06379611821472644 1.5909143483787775 9.1111
      vertex 0.22787425304949285 2.382479973077774 9.1111
    endloop
  endfacet
  facet normal 0 0 1
    outer loop
      vertex 0.10528561455011368 1.5807128099799157 9.1111
      vertex 0.22787425304949285 2.382479973077774 9.1111
      vertex 0.06379611821472644 1.5909143483787775 9.1111
    endloop
  endfacet
  facet normal 0 0 1
    outer loop
      vertex 0.10528561455011368 1.5807128099799157 9.1111
      vertex 0.14548862592875958 1.5691510710120202 9.1111
      vertex 0.3279005290567875 2.362067961513996 9.1111
    endloop
  endfacet
  facet normal 0 0 1
    outer loop
      vertex 0.18440517510473728 1.556229131475091 9.1111
      vertex 0.42540805810689925 2.337119940638542 9.1111
      vertex 0.14548862592875958 1.5691510710120202 9.1111
    endloop
  endfacet
  facet normal 0 0 1
    outer loop
      vertex -0.023042291402816772 1.6072368007153273 9.1111
      vertex 0.1253292452543974 2.398355982914567 9.1111
      vertex 0.02026550567150116 2.409695991024375 9.1111
    endloop
  endfacet
  facet normal 0 0 1
    outer loop
      vertex 0.02102015209197998 1.5997556786239147 9.1111
      vertex 0.22787425304949285 2.382479973077774 9.1111
      vertex 0.1253292452543974 2.398355982914567 9.1111
    endloop
  endfacet
  facet normal 0 0 1
    outer loop
      vertex 0.10528561455011368 1.5807128099799157 9.1111
      vertex 0.3279005290567875 2.362067961513996 9.1111
      vertex 0.22787425304949285 2.382479973077774 9.1111
    endloop
  endfacet
  facet normal 0 0 1
    outer loop
      vertex 0.22203523932397365 1.5419469837844373 9.1111
      vertex 0.2583788337558508 1.5263046279400587 9.1111
      vertex 0.5203968553692102 2.3076359180361035 9.1111
    endloop
  endfacet
  facet normal 0 0 1
    outer loop
      vertex 0.22203523932397365 1.5419469837844373 9.1111
      vertex 0.5203968553692102 2.3076359180361035 9.1111
      vertex 0.18440517510473728 1.556229131475091 9.1111
    endloop
  endfacet
  facet normal 0 0 1
    outer loop
      vertex 0.2934359584003687 1.5093020715266465 9.1111
      vertex 0.6128669132590294 2.2736159012913704 9.1111
      vertex 0.2583788337558508 1.5263046279400587 9.1111
    endloop
  endfacet
  facet normal 0 0 1
    outer loop
      vertex 0.2934359584003687 1.5093020715266465 9.1111
      vertex 0.34320838485658167 1.4811197032630443 9.1111
      vertex 0.7028182393610477 2.2350598676502704 9.1111
    endloop
  endfacet
  facet normal 0 0 1
    outer loop
      vertex 0.2934359584003687 1.5093020715266465 9.1111
      vertex 0.7028182393610477 2.2350598676502704 9.1111
      vertex 0.6128669132590294 2.2736159012913704 9.1111
    endloop
  endfacet
  facet normal 0 0 1
    outer loop
      vertex 0.14548862592875958 1.5691510710120202 9.1111
      vertex 0.42540805810689925 2.337119940638542 9.1111
      vertex 0.3279005290567875 2.362067961513996 9.1111
    endloop
  endfacet
  facet normal 0 0 1
    outer loop
      vertex 0.18440517510473728 1.556229131475091 9.1111
      vertex 0.5203968553692102 2.3076359180361035 9.1111
      vertex 0.42540805810689925 2.337119940638542 9.1111
    endloop
  endfacet
  facet normal 0 0 1
    outer loop
      vertex 0.2583788337558508 1.5263046279400587 9.1111
      vertex 0.6128669132590294 2.2736159012913704 9.1111
      vertex 0.5203968553692102 2.3076359180361035 9.1111
    endloop
  endfacet
  facet normal -0.3452772810674722 -0.9385007187949584 0
    outer loop
      vertex 0.5203968553692102 2.3076359180361035 9.1111
      vertex 0.6128669132590294 2.2736159012913704 9.5692
      vertex 0.5203968553692102 2.3076359180361035 9.5692
    endloop
  endfacet
  facet normal 0 0 1
    outer loop
      vertex 0.5886974002420903 1.204590210825205 9.1111
      vertex 1.405572911426425 1.6078065778762103 9.1111
      vertex 0.5646544681340456 1.2525858096331357 9.1111
    endloop
  endfacet
  facet normal 0 0 1
    outer loop
      vertex 0.5646544681340456 1.2525858096331357 9.1111
      vertex 1.305875173896551 1.7667764991372823 9.1111
      vertex 0.5369358961433173 1.2977509458512069 9.1111
    endloop
  endfacet
  facet normal 0.9282443588103348 0.37197098050357413 3.596506538545061e-18
    outer loop
      vertex 0.6090646848827601 1.153764157012105 9.1111
      vertex 0.5886974002420903 1.204590210825205 9.1111
      vertex 0.5886974002420903 1.204590210825205 9.5692
    endloop
  endfacet
  facet normal 0 0 1
    outer loop
      vertex 0.5055416766852141 1.3400856194794177 9.1111
      vertex 1.1131763590872288 1.9744559965133668 9.1111
      vertex 0.4704718173444271 1.3795898381024598 9.1111
    endloop
  endfacet
  facet normal 0 0 1
    outer loop
      vertex 0.4704718173444271 1.3795898381024598 9.1111
      vertex 1.0374361652135848 2.0354757309854032 9.1111
      vertex 0.4317263181209564 1.416263586550951 9.1111
    endloop
  endfacet
  facet normal 0 0 1
    outer loop
      vertex 0.5055416766852141 1.3400856194794177 9.1111
      vertex 0.5369358961433173 1.2977509458512069 9.1111
      vertex 1.1831629276871682 1.9093328835070134 9.1111
    endloop
  endfacet
  facet normal 0 0 1
    outer loop
      vertex 0.6387723345160484 1.0436206540316344 9.1111
      vertex 1.5119673167914152 1.3385763342231511 9.1111
      vertex 0.6257563296407461 1.1001076330244541 9.1111
    endloop
  endfacet
  facet normal 0 0 1
    outer loop
      vertex 0.6090646848827601 1.153764157012105 9.1111
      vertex 1.4467913460731507 1.5221665494441987 9.1111
      vertex 0.5886974002420903 1.204590210825205 9.1111
    endloop
  endfacet
  facet normal 0 0 1
    outer loop
      vertex 0.6257563296407461 1.1001076330244541 9.1111
      vertex 1.4822561478614806 1.432423134893179 9.1111
      vertex 0.6090646848827601 1.153764157012105 9.1111
    endloop
  endfacet
  facet normal 0 0 1
    outer loop
      vertex 0.5369358961433173 1.2977509458512069 9.1111
      vertex 1.247395863428712 1.8401063767969608 9.1111
      vertex 1.1831629276871682 1.9093328835070134 9.1111
    endloop
  endfacet
  facet normal 0 0 1
    outer loop
      vertex 0.5646544681340456 1.2525858096331357 9.1111
      vertex 1.358600859090686 1.6893432277739049 9.1111
      vertex 1.305875173896551 1.7667764991372823 9.1111
    endloop
  endfacet
  facet normal 0 0 1
    outer loop
      vertex 0.5886974002420903 1.204590210825205 9.1111
      vertex 1.4467913460731507 1.5221665494441987 9.1111
      vertex 1.405572911426425 1.6078065778762103 9.1111
    endloop
  endfacet
  facet normal 0 0 1
    outer loop
      vertex 0.5646544681340456 1.2525858096331357 9.1111
      vertex 1.405572911426425 1.6078065778762103 9.1111
      vertex 1.358600859090686 1.6893432277739049 9.1111
    endloop
  endfacet
  facet normal 0 0 1
    outer loop
      vertex 0.5369358961433173 1.2977509458512069 9.1111
      vertex 1.305875173896551 1.7667764991372823 9.1111
      vertex 1.247395863428712 1.8401063767969608 9.1111
    endloop
  endfacet
  facet normal 0.9282443588103348 0.37197098050357413 0
    outer loop
      vertex 0.6090646848827601 1.153764157012105 9.1111
      vertex 0.5886974002420903 1.204590210825205 9.5692
      vertex 0.6090646848827601 1.153764157012105 9.5692
    endloop
  endfacet
  facet normal 0.89409063453064 0.44788607618969095 0
    outer loop
      vertex 0.5886974002420903 1.204590210825205 9.1111
      vertex 0.5646544681340456 1.2525858096331357 9.5692
      vertex 0.5886974002420903 1.204590210825205 9.5692
    endloop
  endfacet
  facet normal 0 0 1
    outer loop
      vertex 0.34320838485658167 1.4811197032630443 9.1111
      vertex 0.7902508260905743 2.1919678398668765 9.1111
      vertex 0.7028182393610477 2.2350598676502704 9.1111
    endloop
  endfacet
  facet normal 0 0 1
    outer loop
      vertex 0.38930517143011095 1.4501068724095822 9.1111
      vertex 0.875164673447609 2.144339810356498 9.1111
      vertex 0.7902508260905743 2.1919678398668765 9.1111
    endloop
  endfacet
  facet normal 0 0 1
    outer loop
      vertex 0.4317263181209564 1.416263586550951 9.1111
      vertex 1.0374361652135848 2.0354757309854032 9.1111
      vertex 0.9575597890168429 2.092175771534443 9.1111
    endloop
  endfacet
  facet normal 0 0 1
    outer loop
      vertex 0.4317263181209564 1.416263586550951 9.1111
      vertex 0.9575597890168429 2.092175771534443 9.1111
      vertex 0.875164673447609 2.144339810356498 9.1111
    endloop
  endfacet
  facet normal -0.3452772810674722 -0.9385007187949584 8.554264129595911e-19
    outer loop
      vertex 0.5203968553692102 2.3076359180361035 9.1111
      vertex 0.6128669132590294 2.2736159012913704 9.1111
      vertex 0.6128669132590294 2.2736159012913704 9.5692
    endloop
  endfacet
  facet normal -0.39396647719131034 -0.9191248091796177 0
    outer loop
      vertex 0.7028182393610477 2.2350598676502704 9.1111
      vertex 0.7028182393610477 2.2350598676502704 9.5692
      vertex 0.6128669132590294 2.2736159012913704 9.1111
    endloop
  endfacet
  facet normal -0.4420827666511849 -0.8969742624122691 -3.919145734583937e-18
    outer loop
      vertex 0.7028182393610477 2.2350598676502704 9.1111
      vertex 0.7902508260905743 2.1919678398668765 9.1111
      vertex 0.7902508260905743 2.1919678398668765 9.5692
    endloop
  endfacet
  facet normal -0.4891996615402361 -0.8721718243264446 4.839103866310617e-18
    outer loop
      vertex 0.7902508260905743 2.1919678398668765 9.1111
      vertex 0.875164673447609 2.144339810356498 9.1111
      vertex 0.875164673447609 2.144339810356498 9.5692
    endloop
  endfacet
  facet normal 0 0 1
    outer loop
      vertex 0.4704718173444271 1.3795898381024598 9.1111
      vertex 1.1131763590872288 1.9744559965133668 9.1111
      vertex 1.0374361652135848 2.0354757309854032 9.1111
    endloop
  endfacet
  facet normal 0 0 1
    outer loop
      vertex 0.5055416766852141 1.3400856194794177 9.1111
      vertex 1.1831629276871682 1.9093328835070134 9.1111
      vertex 1.1131763590872288 1.9744559965133668 9.1111
    endloop
  endfacet
  facet normal -0.6273719400094784 -0.7787197499028412 4.211913158382614e-18
    outer loop
      vertex 1.0374361652135848 2.0354757309854032 9.1111
      vertex 1.1131763590872288 1.9744559965133668 9.1111
      vertex 1.1131763590872288 1.9744559965133668 9.5692
    endloop
  endfacet
  facet normal -0.5349091065722182 -0.8449096091926707 -8.91946975779717e-18
    outer loop
      vertex 0.875164673447609 2.144339810356498 9.1111
      vertex 0.9575597890168429 2.092175771534443 9.1111
      vertex 0.9575597890168429 2.092175771534443 9.5692
    endloop
  endfacet
  facet normal -0.5788392021722412 -0.8154417073148781 0
    outer loop
      vertex 1.0374361652135848 2.0354757309854032 9.1111
      vertex 1.0374361652135848 2.0354757309854032 9.5692
      vertex 0.9575597890168429 2.092175771534443 9.1111
    endloop
  endfacet
  facet normal -0.39396647719131034 -0.9191248091796177 0
    outer loop
      vertex 0.6128669132590294 2.2736159012913704 9.1111
      vertex 0.7028182393610477 2.2350598676502704 9.5692
      vertex 0.6128669132590294 2.2736159012913704 9.5692
    endloop
  endfacet
  facet normal -0.4420827666511849 -0.8969742624122691 0
    outer loop
      vertex 0.7028182393610477 2.2350598676502704 9.1111
      vertex 0.7902508260905743 2.1919678398668765 9.5692
      vertex 0.7028182393610477 2.2350598676502704 9.5692
    endloop
  endfacet
  facet normal -0.4891996615402361 -0.8721718243264446 0
    outer loop
      vertex 0.7902508260905743 2.1919678398668765 9.1111
      vertex 0.875164673447609 2.144339810356498 9.5692
      vertex 0.7902508260905743 2.1919678398668765 9.5692
    endloop
  endfacet
  facet normal -0.6273719400094784 -0.7787197499028412 0
    outer loop
      vertex 1.0374361652135848 2.0354757309854032 9.1111
      vertex 1.1131763590872288 1.9744559965133668 9.5692
      vertex 1.0374361652135848 2.0354757309854032 9.5692
    endloop
  endfacet
  facet normal -0.6812123236799419 -0.7320859034748409 0
    outer loop
      vertex 1.1131763590872288 1.9744559965133668 9.1111
      vertex 1.1831629276871682 1.9093328835070134 9.5692
      vertex 1.1131763590872288 1.9744559965133668 9.5692
    endloop
  endfacet
  facet normal -0.5349091065722182 -0.8449096091926707 0
    outer loop
      vertex 0.875164673447609 2.144339810356498 9.1111
      vertex 0.9575597890168429 2.092175771534443 9.5692
      vertex 0.875164673447609 2.144339810356498 9.5692
    endloop
  endfacet
  facet normal -0.5788392021722412 -0.8154417073148781 0
    outer loop
      vertex 0.9575597890168429 2.092175771534443 9.1111
      vertex 1.0374361652135848 2.0354757309854032 9.5692
      vertex 0.9575597890168429 2.092175771534443 9.5692
    endloop
  endfacet
  facet normal -0.5227297673315168 -0.8524984400839325 1.2482810468367273e-18
    outer loop
      vertex 1.1769067407846452 0.07292274661362172 9.1111
      vertex 1.2250666088312865 0.04339237396419048 9.1111
      vertex 1.2250666088312865 0.04339237396419048 9.5692
    endloop
  endfacet
  facet normal -0.4870496438903096 -0.8733742865383218 0
    outer loop
      vertex 1.1769067407846452 0.07292274661362172 9.1111
      vertex 1.1769067407846452 0.07292274661362172 9.5692
      vertex 1.1257320945709943 0.10146101891994476 9.1111
    endloop
  endfacet
  facet normal -0.5600973171156531 -0.8284268195561075 0
    outer loop
      vertex 1.2702116835415362 0.012869900971651077 9.1111
      vertex 1.2702116835415362 0.012869900971651077 9.5692
      vertex 1.2250666088312865 0.04339237396419048 9.1111
    endloop
  endfacet
  facet normal -0.5227297673315168 -0.8524984400839325 0
    outer loop
      vertex 1.1769067407846452 0.07292274661362172 9.1111
      vertex 1.2250666088312865 0.04339237396419048 9.5692
      vertex 1.1769067407846452 0.07292274661362172 9.5692
    endloop
  endfacet
  facet normal -0.5600973171156531 -0.8284268195561075 0
    outer loop
      vertex 1.2250666088312865 0.04339237396419048 9.1111
      vertex 1.2702116835415362 0.012869900971651077 9.5692
      vertex 1.2250666088312865 0.04339237396419048 9.5692
    endloop
  endfacet
  facet normal -0.5989881402931903 -0.8007578958637281 0
    outer loop
      vertex 1.2702116835415362 0.012869900971651077 9.1111
      vertex 1.3123419725000858 -0.018644672363996508 9.5692
      vertex 1.2702116835415362 0.012869900971651077 9.5692
    endloop
  endfacet
  facet normal 0 0 1
    outer loop
      vertex 0.6537774170339108 0.9221553006917238 9.1111
      vertex 1.5732757321894169 0.9221553006917238 9.1111
      vertex 1.5665790719389916 1.0324156306684018 9.1111
    endloop
  endfacet
  facet normal 0 0 1
    outer loop
      vertex 0.648112699508667 0.9843032048642636 9.1111
      vertex 1.5665790719389916 1.0324156306684018 9.1111
      vertex 1.5541287788301708 1.1385725821107626 9.1111
    endloop
  endfacet
  facet normal 0 0 1
    outer loop
      vertex 0.6387723345160484 1.0436206540316344 9.1111
      vertex 1.5541287788301708 1.1385725821107626 9.1111
      vertex 1.5359248604476452 1.2406261474341154 9.1111
    endloop
  endfacet
  facet normal -0.9981607172925653 -0.06062328310139231 0
    outer loop
      vertex 1.5732757321894169 0.9221553006917238 9.1111
      vertex 1.5732757321894169 0.9221553006917238 9.5692
      vertex 1.5665790719389916 1.0324156306684018 9.1111
    endloop
  endfacet
  facet normal -0.9931926203395004 -0.1164835563637923 0
    outer loop
      vertex 1.5665790719389916 1.0324156306684018 9.1111
      vertex 1.5665790719389916 1.0324156306684018 9.5692
      vertex 1.5541287788301708 1.1385725821107626 9.1111
    endloop
  endfacet
  facet normal 0 1 0
    outer loop
      vertex 1.5732757321894169 0.9221553006917238 9.1111
      vertex 0.6537774170339108 0.9221553006917238 9.5692
      vertex 1.5732757321894169 0.9221553006917238 9.5692
    endloop
  endfacet
  facet normal -0.9981607172925653 -0.06062328310139231 0
    outer loop
      vertex 1.5665790719389916 1.0324156306684018 9.1111
      vertex 1.5732757321894169 0.9221553006917238 9.5692
      vertex 1.5665790719389916 1.0324156306684018 9.5692
    endloop
  endfacet
  facet normal -0.9931926203395004 -0.1164835563637923 0
    outer loop
      vertex 1.5541287788301708 1.1385725821107626 9.1111
      vertex 1.5665790719389916 1.0324156306684018 9.5692
      vertex 1.5541287788301708 1.1385725821107626 9.5692
    endloop
  endfacet
  facet normal 0.9997794160550791 -0.02100283867873216 2.6620976482794133e-19
    outer loop
      vertex 2.2321609683930874 -0.04054184986650944 9.1111
      vertex 2.2359659045040607 0.14058113361895086 9.1111
      vertex 2.2359659045040607 0.14058113361895086 9.5692
    endloop
  endfacet
  facet normal 0.9978702269149504 -0.06523043949495946 1.8324950763260268e-18
    outer loop
      vertex 2.2359659045040607 0.14058113361895086 9.1111
      vertex 2.247380728006363 0.31520072236657143 9.1111
      vertex 2.247380728006363 0.31520072236657143 9.5692
    endloop
  endfacet
  facet normal 0.9936578024739934 -0.11244630533083037 1.7489761529795975e-18
    outer loop
      vertex 2.247380728006363 0.31520072236657143 9.1111
      vertex 2.266405431315303 0.4833169163763523 9.1111
      vertex 2.266405431315303 0.4833169163763523 9.5692
    endloop
  endfacet
  facet normal 0.9997794160550791 -0.02100283867873216 0
    outer loop
      vertex 2.2321609683930874 -0.04054184986650944 9.1111
      vertex 2.2359659045040607 0.14058113361895086 9.5692
      vertex 2.2321609683930874 -0.04054184986650944 9.5692
    endloop
  endfacet
  facet normal 0.9978702269149504 -0.06523043949495946 0
    outer loop
      vertex 2.2359659045040607 0.14058113361895086 9.1111
      vertex 2.247380728006363 0.31520072236657143 9.5692
      vertex 2.2359659045040607 0.14058113361895086 9.5692
    endloop
  endfacet
  facet normal 0.9936578024739934 -0.11244630533083037 0
    outer loop
      vertex 2.247380728006363 0.31520072236657143 9.1111
      vertex 2.266405431315303 0.4833169163763523 9.5692
      vertex 2.247380728006363 0.31520072236657143 9.5692
    endloop
  endfacet
  facet normal 0.9866901924241858 -0.16261139004978528 0
    outer loop
      vertex 2.266405431315303 0.4833169163763523 9.1111
      vertex 2.2930400144308805 0.6449297156482935 9.5692
      vertex 2.266405431315303 0.4833169163763523 9.5692
    endloop
  endfacet
  facet normal 0.9866901924241858 -0.16261139004978528 1.5592101708947034e-18
    outer loop
      vertex 2.266405431315303 0.4833169163763523 9.1111
      vertex 2.2930400144308805 0.6449297156482935 9.1111
      vertex 2.2930400144308805 0.6449297156482935 9.5692
    endloop
  endfacet
  facet normal 0 0 1
    outer loop
      vertex 0.6257563296407461 1.1001076330244541 9.1111
      vertex 1.5119673167914152 1.3385763342231511 9.1111
      vertex 1.4822561478614806 1.432423134893179 9.1111
    endloop
  endfacet
  facet normal 0 0 1
    outer loop
      vertex 0.6387723345160484 1.0436206540316344 9.1111
      vertex 1.5359248604476452 1.2406261474341154 9.1111
      vertex 1.5119673167914152 1.3385763342231511 9.1111
    endloop
  endfacet
  facet normal 0 0 1
    outer loop
      vertex 0.6090646848827601 1.153764157012105 9.1111
      vertex 1.4822561478614806 1.432423134893179 9.1111
      vertex 1.4467913460731507 1.5221665494441987 9.1111
    endloop
  endfacet
  facet normal -0.9010660339766275 -0.4336819138650251 0
    outer loop
      vertex 1.4467913460731507 1.5221665494441987 9.1111
      vertex 1.4467913460731507 1.5221665494441987 9.5692
      vertex 1.405572911426425 1.6078065778762103 9.1111
    endloop
  endfacet
  facet normal -0.8265736227483246 -0.5628286117253729 0
    outer loop
      vertex 1.358600859090686 1.6893432277739049 9.1111
      vertex 1.358600859090686 1.6893432277739049 9.5692
      vertex 1.305875173896551 1.7667764991372823 9.1111
    endloop
  endfacet
  facet normal -0.8664996969473785 -0.4991775988464437 0
    outer loop
      vertex 1.405572911426425 1.6078065778762103 9.1111
      vertex 1.405572911426425 1.6078065778762103 9.5692
      vertex 1.358600859090686 1.6893432277739049 9.1111
    endloop
  endfacet
  facet normal -0.9844608324872801 -0.17560429749425682 0
    outer loop
      vertex 1.5541287788301708 1.1385725821107626 9.1111
      vertex 1.5541287788301708 1.1385725821107626 9.5692
      vertex 1.5359248604476452 1.2406261474341154 9.1111
    endloop
  endfacet
  facet normal -0.9713665963623177 -0.23758563818439546 0
    outer loop
      vertex 1.5359248604476452 1.2406261474341154 9.1111
      vertex 1.5359248604476452 1.2406261474341154 9.5692
      vertex 1.5119673167914152 1.3385763342231511 9.1111
    endloop
  endfacet
  facet normal -0.9533626443657478 -0.301827216015966 0
    outer loop
      vertex 1.5119673167914152 1.3385763342231511 9.1111
      vertex 1.5119673167914152 1.3385763342231511 9.5692
      vertex 1.4822561478614806 1.432423134893179 9.1111
    endloop
  endfacet
  facet normal -0.9300143997999083 -0.36752308249253707 0
    outer loop
      vertex 1.4822561478614806 1.432423134893179 9.1111
      vertex 1.4822561478614806 1.432423134893179 9.5692
      vertex 1.4467913460731507 1.5221665494441987 9.1111
    endloop
  endfacet
  facet normal -0.9010660339766275 -0.4336819138650251 0
    outer loop
      vertex 1.405572911426425 1.6078065778762103 9.1111
      vertex 1.4467913460731507 1.5221665494441987 9.5692
      vertex 1.405572911426425 1.6078065778762103 9.5692
    endloop
  endfacet
  facet normal -0.8664996969473785 -0.4991775988464437 0
    outer loop
      vertex 1.358600859090686 1.6893432277739049 9.1111
      vertex 1.405572911426425 1.6078065778762103 9.5692
      vertex 1.358600859090686 1.6893432277739049 9.5692
    endloop
  endfacet
  facet normal -0.9844608324872801 -0.17560429749425682 0
    outer loop
      vertex 1.5359248604476452 1.2406261474341154 9.1111
      vertex 1.5541287788301708 1.1385725821107626 9.5692
      vertex 1.5359248604476452 1.2406261474341154 9.5692
    endloop
  endfacet
  facet normal -0.9533626443657478 -0.301827216015966 0
    outer loop
      vertex 1.4822561478614806 1.432423134893179 9.1111
      vertex 1.5119673167914152 1.3385763342231511 9.5692
      vertex 1.4822561478614806 1.432423134893179 9.5692
    endloop
  endfacet
  facet normal -0.9713665963623177 -0.23758563818439546 0
    outer loop
      vertex 1.5119673167914152 1.3385763342231511 9.1111
      vertex 1.5359248604476452 1.2406261474341154 9.5692
      vertex 1.5119673167914152 1.3385763342231511 9.5692
    endloop
  endfacet
  facet normal -0.9300143997999083 -0.36752308249253707 0
    outer loop
      vertex 1.4467913460731507 1.5221665494441987 9.1111
      vertex 1.4822561478614806 1.432423134893179 9.5692
      vertex 1.4467913460731507 1.5221665494441987 9.5692
    endloop
  endfacet
  facet normal -0.7818279253386241 -0.6234942623318219 0
    outer loop
      vertex 1.305875173896551 1.7667764991372823 9.1111
      vertex 1.305875173896551 1.7667764991372823 9.5692
      vertex 1.247395863428712 1.8401063767969608 9.1111
    endloop
  endfacet
  facet normal -0.7330512150859455 -0.6801734455718034 0
    outer loop
      vertex 1.247395863428712 1.8401063767969608 9.1111
      vertex 1.247395863428712 1.8401063767969608 9.5692
      vertex 1.1831629276871682 1.9093328835070134 9.1111
    endloop
  endfacet
  facet normal -0.6812123236799419 -0.7320859034748409 0
    outer loop
      vertex 1.1831629276871682 1.9093328835070134 9.1111
      vertex 1.1831629276871682 1.9093328835070134 9.5692
      vertex 1.1131763590872288 1.9744559965133668 9.1111
    endloop
  endfacet
  facet normal -0.7818279253386241 -0.6234942623318219 0
    outer loop
      vertex 1.247395863428712 1.8401063767969608 9.1111
      vertex 1.305875173896551 1.7667764991372823 9.5692
      vertex 1.247395863428712 1.8401063767969608 9.5692
    endloop
  endfacet
  facet normal -0.7330512150859455 -0.6801734455718034 0
    outer loop
      vertex 1.1831629276871682 1.9093328835070134 9.1111
      vertex 1.247395863428712 1.8401063767969608 9.5692
      vertex 1.1831629276871682 1.9093328835070134 9.5692
    endloop
  endfacet
  facet normal -0.8265736227483246 -0.5628286117253729 0
    outer loop
      vertex 1.305875173896551 1.7667764991372823 9.1111
      vertex 1.358600859090686 1.6893432277739049 9.5692
      vertex 1.305875173896551 1.7667764991372823 9.5692
    endloop
  endfacet
  facet normal -0.10731128507390715 -0.9942254714579518 -1.9507783527620477e-18
    outer loop
      vertex 0.02026550567150116 2.409695991024375 9.1111
      vertex 0.1253292452543974 2.398355982914567 9.1111
      vertex 0.1253292452543974 2.398355982914567 9.5692
    endloop
  endfacet
  facet normal -0.15299716674509906 -0.9882266273319964 1.7530868264058697e-18
    outer loop
      vertex 0.1253292452543974 2.398355982914567 9.1111
      vertex 0.22787425304949285 2.382479973077774 9.1111
      vertex 0.22787425304949285 2.382479973077774 9.5692
    endloop
  endfacet
  facet normal -0.19994577314295775 -0.9798069645610122 -3.990146267012088e-18
    outer loop
      vertex 0.22787425304949285 2.382479973077774 9.1111
      vertex 0.3279005290567875 2.362067961513996 9.1111
      vertex 0.3279005290567875 2.362067961513996 9.5692
    endloop
  endfacet
  facet normal -0.24787273663578985 -0.96879260238334 -1.1194978822299133e-19
    outer loop
      vertex 0.3279005290567875 2.362067961513996 9.1111
      vertex 0.42540805810689925 2.337119940638542 9.1111
      vertex 0.42540805810689925 2.337119940638542 9.5692
    endloop
  endfacet
  facet normal -0.29644269170457305 -0.9550506429163573 2.0861994696987e-18
    outer loop
      vertex 0.42540805810689925 2.337119940638542 9.1111
      vertex 0.5203968553692102 2.3076359180361035 9.1111
      vertex 0.5203968553692102 2.3076359180361035 9.5692
    endloop
  endfacet
  facet normal -0.10731128507390715 -0.9942254714579518 0
    outer loop
      vertex 0.02026550567150116 2.409695991024375 9.1111
      vertex 0.1253292452543974 2.398355982914567 9.5692
      vertex 0.02026550567150116 2.409695991024375 9.5692
    endloop
  endfacet
  facet normal -0.15299716674509906 -0.9882266273319964 0
    outer loop
      vertex 0.1253292452543974 2.398355982914567 9.1111
      vertex 0.22787425304949285 2.382479973077774 9.5692
      vertex 0.1253292452543974 2.398355982914567 9.5692
    endloop
  endfacet
  facet normal -0.19994577314295775 -0.9798069645610122 0
    outer loop
      vertex 0.22787425304949285 2.382479973077774 9.1111
      vertex 0.3279005290567875 2.362067961513996 9.5692
      vertex 0.22787425304949285 2.382479973077774 9.5692
    endloop
  endfacet
  facet normal -0.24787273663578985 -0.96879260238334 0
    outer loop
      vertex 0.3279005290567875 2.362067961513996 9.1111
      vertex 0.42540805810689925 2.337119940638542 9.5692
      vertex 0.3279005290567875 2.362067961513996 9.5692
    endloop
  endfacet
  facet normal -0.29644269170457305 -0.9550506429163573 0
    outer loop
      vertex 0.42540805810689925 2.337119940638542 9.1111
      vertex 0.5203968553692102 2.3076359180361035 9.5692
      vertex 0.42540805810689925 2.337119940638542 9.5692
    endloop
  endfacet
  facet normal 0 0 1
    outer loop
      vertex 2.2321609683930874 -0.04054184986650944 9.1111
      vertex 3.2124911679774524 0.06000703410804272 9.1111
      vertex 2.2359659045040607 0.14058113361895086 9.1111
    endloop
  endfacet
  facet normal 0 0 1
    outer loop
      vertex 2.2359659045040607 0.14058113361895086 9.1111
      vertex 3.217839558377862 0.17218352250754834 9.1111
      vertex 2.247380728006363 0.31520072236657143 9.1111
    endloop
  endfacet
  facet normal 0 0 1
    outer loop
      vertex 2.247380728006363 0.31520072236657143 9.1111
      vertex 3.226753527209163 0.2802289861738682 9.1111
      vertex 2.266405431315303 0.4833169163763523 9.1111
    endloop
  endfacet
  facet normal 0 0 1
    outer loop
      vertex 2.266405431315303 0.4833169163763523 9.1111
      vertex 3.2392330972254277 0.38414341752231124 9.1111
      vertex 2.2930400144308805 0.6449297156482935 9.1111
    endloop
  endfacet
  facet normal 0.9764851412471861 -0.2155847140301536 -1.6824381175402665e-19
    outer loop
      vertex 2.2930400144308805 0.6449297156482935 9.1111
      vertex 2.327284484937787 0.800039120182395 9.1111
      vertex 2.327284484937787 0.800039120182395 9.5692
    endloop
  endfacet
  facet normal 0.9625514410820104 -0.27109910230567863 -1.5585559608058897e-18
    outer loop
      vertex 2.327284484937787 0.800039120182395 9.1111
      vertex 2.3691388276666405 0.9486451375633478 9.1111
      vertex 2.3691388276666405 0.9486451375633478 9.5692
    endloop
  endfacet
  facet normal 0.9444199886293824 -0.32874136502313933 3.6565199670655965e-18
    outer loop
      vertex 2.3691388276666405 0.9486451375633478 9.1111
      vertex 2.4186030577868225 1.09074775262177 9.1111
      vertex 2.4186030577868225 1.09074775262177 9.5692
    endloop
  endfacet
  facet normal 0 0 1
    outer loop
      vertex 2.2930400144308805 0.6449297156482935 9.1111
      vertex 3.255278253257275 0.4839268089681864 9.1111
      vertex 2.327284484937787 0.800039120182395 9.1111
    endloop
  endfacet
  facet normal 0 0 1
    outer loop
      vertex 2.327284484937787 0.800039120182395 9.1111
      vertex 3.274888995304704 0.5795791756808758 9.1111
      vertex 2.3691388276666405 0.9486451375633478 9.1111
    endloop
  endfacet
  facet normal 0 0 1
    outer loop
      vertex 2.3691388276666405 0.9486451375633478 9.1111
      vertex 3.3248072602003815 0.758490804567933 9.1111
      vertex 2.4186030577868225 1.09074775262177 9.1111
    endloop
  endfacet
  facet normal 0 0 1
    outer loop
      vertex 2.4186030577868225 1.09074775262177 9.1111
      vertex 3.3551147754639388 0.841750074326992 9.1111
      vertex 2.475677167713642 1.2263469805270433 9.1111
    endloop
  endfacet
  facet normal 0.9764851412471861 -0.2155847140301536 0
    outer loop
      vertex 2.2930400144308805 0.6449297156482935 9.1111
      vertex 2.327284484937787 0.800039120182395 9.5692
      vertex 2.2930400144308805 0.6449297156482935 9.5692
    endloop
  endfacet
  facet normal 0.9625514410820104 -0.27109910230567863 0
    outer loop
      vertex 2.327284484937787 0.800039120182395 9.1111
      vertex 2.3691388276666405 0.9486451375633478 9.5692
      vertex 2.327284484937787 0.800039120182395 9.5692
    endloop
  endfacet
  facet normal 0.9444199886293824 -0.32874136502313933 0
    outer loop
      vertex 2.3691388276666405 0.9486451375633478 9.1111
      vertex 2.4186030577868225 1.09074775262177 9.5692
      vertex 2.3691388276666405 0.9486451375633478 9.5692
    endloop
  endfacet
  facet normal 0.9216847208326594 -0.38793978319273015 0
    outer loop
      vertex 2.4186030577868225 1.09074775262177 9.1111
      vertex 2.475677167713642 1.2263469805270433 9.5692
      vertex 2.4186030577868225 1.09074775262177 9.5692
    endloop
  endfacet
  facet normal 0 0 1
    outer loop
      vertex 2.2359659045040607 0.14058113361895086 9.1111
      vertex 3.2124911679774524 0.06000703410804272 9.1111
      vertex 3.217839558377862 0.17218352250754834 9.1111
    endloop
  endfacet
  facet normal 0 0 1
    outer loop
      vertex 2.247380728006363 0.31520072236657143 9.1111
      vertex 3.217839558377862 0.17218352250754834 9.1111
      vertex 3.226753527209163 0.2802289861738682 9.1111
    endloop
  endfacet
  facet normal 0 0 1
    outer loop
      vertex 2.266405431315303 0.4833169163763523 9.1111
      vertex 3.226753527209163 0.2802289861738682 9.1111
      vertex 3.2392330972254277 0.38414341752231124 9.1111
    endloop
  endfacet
  facet normal 0 0 1
    outer loop
      vertex 2.2930400144308805 0.6449297156482935 9.1111
      vertex 3.2392330972254277 0.38414341752231124 9.1111
      vertex 3.255278253257275 0.4839268089681864 9.1111
    endloop
  endfacet
  facet normal -0.9988653214167819 0.04762425506975466 0
    outer loop
      vertex 3.2124911679774524 0.06000703410804272 9.1111
      vertex 3.2124911679774524 0.06000703410804272 9.5692
      vertex 3.217839558377862 0.17218352250754834 9.1111
    endloop
  endfacet
  facet normal -0.99661398410751 0.08222266525329797 0
    outer loop
      vertex 3.217839558377862 0.17218352250754834 9.1111
      vertex 3.217839558377862 0.17218352250754834 9.5692
      vertex 3.226753527209163 0.2802289861738682 9.1111
    endloop
  endfacet
  facet normal -0.9928657141646787 0.11923788674856156 0
    outer loop
      vertex 3.226753527209163 0.2802289861738682 9.1111
      vertex 3.226753527209163 0.2802289861738682 9.5692
      vertex 3.2392330972254277 0.38414341752231124 9.1111
    endloop
  endfacet
  facet normal -0.9873171301314371 0.15876046280174055 0
    outer loop
      vertex 3.2392330972254277 0.38414341752231124 9.1111
      vertex 3.2392330972254277 0.38414341752231124 9.5692
      vertex 3.255278253257275 0.4839268089681864 9.1111
    endloop
  endfacet
  facet normal -0.9796233719759889 0.20084334462061032 0
    outer loop
      vertex 3.255278253257275 0.4839268089681864 9.1111
      vertex 3.255278253257275 0.4839268089681864 9.5692
      vertex 3.274888995304704 0.5795791756808758 9.1111
    endloop
  endfacet
  facet normal -0.9998825432761577 0.015326436363443455 0
    outer loop
      vertex 3.2124911679774524 0.06000703410804272 9.1111
      vertex 3.210708378762007 -0.056300486609339714 9.5692
      vertex 3.2124911679774524 0.06000703410804272 9.5692
    endloop
  endfacet
  facet normal -0.9988653214167819 0.04762425506975466 0
    outer loop
      vertex 3.217839558377862 0.17218352250754834 9.1111
      vertex 3.2124911679774524 0.06000703410804272 9.5692
      vertex 3.217839558377862 0.17218352250754834 9.5692
    endloop
  endfacet
  facet normal -0.99661398410751 0.08222266525329797 0
    outer loop
      vertex 3.226753527209163 0.2802289861738682 9.1111
      vertex 3.217839558377862 0.17218352250754834 9.5692
      vertex 3.226753527209163 0.2802289861738682 9.5692
    endloop
  endfacet
  facet normal -0.9928657141646787 0.11923788674856156 0
    outer loop
      vertex 3.2392330972254277 0.38414341752231124 9.1111
      vertex 3.226753527209163 0.2802289861738682 9.5692
      vertex 3.2392330972254277 0.38414341752231124 9.5692
    endloop
  endfacet
  facet normal -0.9873171301314371 0.15876046280174055 0
    outer loop
      vertex 3.255278253257275 0.4839268089681864 9.1111
      vertex 3.2392330972254277 0.38414341752231124 9.5692
      vertex 3.255278253257275 0.4839268089681864 9.5692
    endloop
  endfacet
  facet normal -0.9796233719759889 0.20084334462061032 0
    outer loop
      vertex 3.274888995304704 0.5795791756808758 9.1111
      vertex 3.255278253257275 0.4839268089681864 9.5692
      vertex 3.274888995304704 0.5795791756808758 9.5692
    endloop
  endfacet
  facet normal 0 0 1
    outer loop
      vertex 2.327284484937787 0.800039120182395 9.1111
      vertex 3.255278253257275 0.4839268089681864 9.1111
      vertex 3.274888995304704 0.5795791756808758 9.1111
    endloop
  endfacet
  facet normal 0 0 1
    outer loop
      vertex 2.3691388276666405 0.9486451375633478 9.1111
      vertex 3.274888995304704 0.5795791756808758 9.1111
      vertex 3.298065330952406 0.6711005100756884 9.1111
    endloop
  endfacet
  facet normal 0 0 1
    outer loop
      vertex 2.3691388276666405 0.9486451375633478 9.1111
      vertex 3.298065330952406 0.6711005100756884 9.1111
      vertex 3.3248072602003815 0.758490804567933 9.1111
    endloop
  endfacet
  facet normal 0 0 1
    outer loop
      vertex 2.4186030577868225 1.09074775262177 9.1111
      vertex 3.3248072602003815 0.758490804567933 9.1111
      vertex 3.3551147754639388 0.841750074326992 9.1111
    endloop
  endfacet
  facet normal 0 0 1
    outer loop
      vertex 2.475677167713642 1.2263469805270433 9.1111
      vertex 3.3551147754639388 0.841750074326992 9.1111
      vertex 3.3889878843277694 0.9208783117681741 9.1111
    endloop
  endfacet
  facet normal 0 0 1
    outer loop
      vertex 2.5403611574470997 1.3554428136944772 9.1111
      vertex 3.3889878843277694 0.9208783117681741 9.1111
      vertex 3.426426579207182 0.9958755168914795 9.1111
    endloop
  endfacet
  facet normal -0.9694003008269861 0.245485349372521 0
    outer loop
      vertex 3.274888995304704 0.5795791756808758 9.1111
      vertex 3.274888995304704 0.5795791756808758 9.5692
      vertex 3.298065330952406 0.6711005100756884 9.1111
    endloop
  endfacet
  facet normal -0.9562311939920988 0.29261220691633 0
    outer loop
      vertex 3.298065330952406 0.6711005100756884 9.1111
      vertex 3.298065330952406 0.6711005100756884 9.5692
      vertex 3.3248072602003815 0.758490804567933 9.1111
    endloop
  endfacet
  facet normal -0.9396794916096959 0.3420562132868562 0
    outer loop
      vertex 3.3248072602003815 0.758490804567933 9.1111
      vertex 3.3248072602003815 0.758490804567933 9.5692
      vertex 3.3551147754639388 0.841750074326992 9.1111
    endloop
  endfacet
  facet normal -0.9193089741141477 0.39353654228444035 0
    outer loop
      vertex 3.3551147754639388 0.841750074326992 9.1111
      vertex 3.3551147754639388 0.841750074326992 9.5692
      vertex 3.3889878843277694 0.9208783117681741 9.1111
    endloop
  endfacet
  facet normal -0.8947128865090292 0.4466417476173506 0
    outer loop
      vertex 3.3889878843277694 0.9208783117681741 9.1111
      vertex 3.3889878843277694 0.9208783117681741 9.5692
      vertex 3.426426579207182 0.9958755168914795 9.1111
    endloop
  endfacet
  facet normal -0.8655506937970808 0.5008213218977323 0
    outer loop
      vertex 3.426426579207182 0.9958755168914795 9.1111
      vertex 3.426426579207182 0.9958755168914795 9.5692
      vertex 3.467430867686868 1.066741689696908 9.1111
    endloop
  endfacet
  facet normal -0.9694003008269861 0.245485349372521 0
    outer loop
      vertex 3.298065330952406 0.6711005100756884 9.1111
      vertex 3.274888995304704 0.5795791756808758 9.5692
      vertex 3.298065330952406 0.6711005100756884 9.5692
    endloop
  endfacet
  facet normal -0.9562311939920988 0.29261220691633 0
    outer loop
      vertex 3.3248072602003815 0.758490804567933 9.1111
      vertex 3.298065330952406 0.6711005100756884 9.5692
      vertex 3.3248072602003815 0.758490804567933 9.5692
    endloop
  endfacet
  facet normal -0.9396794916096959 0.3420562132868562 0
    outer loop
      vertex 3.3551147754639388 0.841750074326992 9.1111
      vertex 3.3248072602003815 0.758490804567933 9.5692
      vertex 3.3551147754639388 0.841750074326992 9.5692
    endloop
  endfacet
  facet normal -0.9193089741141477 0.39353654228444035 0
    outer loop
      vertex 3.3889878843277694 0.9208783117681741 9.1111
      vertex 3.3551147754639388 0.841750074326992 9.5692
      vertex 3.3889878843277694 0.9208783117681741 9.5692
    endloop
  endfacet
  facet normal -0.8947128865090292 0.4466417476173506 0
    outer loop
      vertex 3.426426579207182 0.9958755168914795 9.1111
      vertex 3.3889878843277694 0.9208783117681741 9.5692
      vertex 3.426426579207182 0.9958755168914795 9.5692
    endloop
  endfacet
  facet normal -0.8655506937970808 0.5008213218977323 0
    outer loop
      vertex 3.467430867686868 1.066741689696908 9.1111
      vertex 3.426426579207182 0.9958755168914795 9.5692
      vertex 3.467430867686868 1.066741689696908 9.5692
    endloop
  endfacet
  facet normal 0.9216847208326594 -0.38793978319273015 3.1951760183279493e-18
    outer loop
      vertex 2.4186030577868225 1.09074775262177 9.1111
      vertex 2.475677167713642 1.2263469805270433 9.1111
      vertex 2.475677167713642 1.2263469805270433 9.5692
    endloop
  endfacet
  facet normal 0.894049924814991 -0.44796733356162144 5.074041206791961e-18
    outer loop
      vertex 2.475677167713642 1.2263469805270433 9.1111
      vertex 2.5403611574470997 1.3554428136944772 9.1111
      vertex 2.5403611574470997 1.3554428136944772 9.5692
    endloop
  endfacet
  facet normal 0.8613789239851093 -0.5079629408866903 8.031848905066143e-18
    outer loop
      vertex 2.5403611574470997 1.3554428136944772 9.1111
      vertex 2.612655026987195 1.4780352521240712 9.1111
      vertex 2.612655026987195 1.4780352521240712 9.5692
    endloop
  endfacet
  facet normal 0 0 1
    outer loop
      vertex 2.475677167713642 1.2263469805270433 9.1111
      vertex 3.3889878843277694 0.9208783117681741 9.1111
      vertex 2.5403611574470997 1.3554428136944772 9.1111
    endloop
  endfacet
  facet normal 0 0 1
    outer loop
      vertex 2.5403611574470997 1.3554428136944772 9.1111
      vertex 3.426426579207182 0.9958755168914795 9.1111
      vertex 2.612655026987195 1.4780352521240712 9.1111
    endloop
  endfacet
  facet normal 0.8237352757610987 -0.566974598608074 2.5514766934944123e-18
    outer loop
      vertex 2.612655026987195 1.4780352521240712 9.1111
      vertex 2.6925587839186194 1.5941243034005166 9.1111
      vertex 2.6925587839186194 1.5941243034005166 9.5692
    endloop
  endfacet
  facet normal 0.7814072501505334 -0.6240214014055782 -2.8934129473333196e-18
    outer loop
      vertex 2.6925587839186194 1.5941243034005166 9.1111
      vertex 2.780072420656681 1.7037099523544312 9.1111
      vertex 2.780072420656681 1.7037099523544312 9.5692
    endloop
  endfacet
  facet normal 0.894049924814991 -0.44796733356162144 0
    outer loop
      vertex 2.475677167713642 1.2263469805270433 9.1111
      vertex 2.5403611574470997 1.3554428136944772 9.5692
      vertex 2.475677167713642 1.2263469805270433 9.5692
    endloop
  endfacet
  facet normal 0.8613789239851093 -0.5079629408866903 0
    outer loop
      vertex 2.5403611574470997 1.3554428136944772 9.1111
      vertex 2.612655026987195 1.4780352521240712 9.5692
      vertex 2.5403611574470997 1.3554428136944772 9.5692
    endloop
  endfacet
  facet normal 0.8237352757610987 -0.566974598608074 0
    outer loop
      vertex 2.612655026987195 1.4780352521240712 9.1111
      vertex 2.6925587839186194 1.5941243034005166 9.5692
      vertex 2.612655026987195 1.4780352521240712 9.5692
    endloop
  endfacet
  facet normal 0.7814072501505334 -0.6240214014055782 0
    outer loop
      vertex 2.6925587839186194 1.5941243034005166 9.1111
      vertex 2.780072420656681 1.7037099523544312 9.5692
      vertex 2.6925587839186194 1.5941243034005166 9.5692
    endloop
  endfacet
  facet normal 0.734907666021764 -0.6781671788154032 1.5641747433655189e-18
    outer loop
      vertex 2.780072420656681 1.7037099523544312 9.1111
      vertex 2.8751959372013807 1.8067922065705062 9.1111
      vertex 2.8751959372013807 1.8067922065705062 9.5692
    endloop
  endfacet
  facet normal 0.734907666021764 -0.6781671788154032 0
    outer loop
      vertex 2.780072420656681 1.7037099523544312 9.1111
      vertex 2.8751959372013807 1.8067922065705062 9.5692
      vertex 2.780072420656681 1.7037099523544312 9.5692
    endloop
  endfacet
  facet normal 0 0 1
    outer loop
      vertex 2.612655026987195 1.4780352521240712 9.1111
      vertex 3.467430867686868 1.066741689696908 9.1111
      vertex 2.6925587839186194 1.5941243034005166 9.1111
    endloop
  endfacet
  facet normal 0 0 1
    outer loop
      vertex 2.6925587839186194 1.5941243034005166 9.1111
      vertex 3.5120007421821358 1.1334768301844598 9.1111
      vertex 2.780072420656681 1.7037099523544312 9.1111
    endloop
  endfacet
  facet normal 0 0 1
    outer loop
      vertex 2.780072420656681 1.7037099523544312 9.1111
      vertex 3.5596656408756973 1.1956659343987703 9.1111
      vertex 2.8751959372013807 1.8067922065705062 9.1111
    endloop
  endfacet
  facet normal 0 0 1
    outer loop
      vertex 2.8751959372013807 1.8067922065705062 9.1111
      vertex 3.6099409020096065 1.2528799136132003 9.1111
      vertex 2.9630215626209977 1.8903819033950569 9.1111
    endloop
  endfacet
  facet normal 0 0 1
    outer loop
      vertex 2.612655026987195 1.4780352521240712 9.1111
      vertex 3.426426579207182 0.9958755168914795 9.1111
      vertex 3.467430867686868 1.066741689696908 9.1111
    endloop
  endfacet
  facet normal 0 0 1
    outer loop
      vertex 2.6925587839186194 1.5941243034005166 9.1111
      vertex 3.467430867686868 1.066741689696908 9.1111
      vertex 3.5120007421821358 1.1334768301844598 9.1111
    endloop
  endfacet
  facet normal 0 0 1
    outer loop
      vertex 2.780072420656681 1.7037099523544312 9.1111
      vertex 3.5120007421821358 1.1334768301844598 9.1111
      vertex 3.5596656408756973 1.1956659343987703 9.1111
    endloop
  endfacet
  facet normal 0 0 1
    outer loop
      vertex 2.8751959372013807 1.8067922065705062 9.1111
      vertex 3.5596656408756973 1.1956659343987703 9.1111
      vertex 3.6099409020096065 1.2528799136132003 9.1111
    endloop
  endfacet
  facet normal 0 0 1
    outer loop
      vertex 2.9630215626209977 1.8903819033950569 9.1111
      vertex 3.6099409020096065 1.2528799136132003 9.1111
      vertex 3.0544501969218256 1.9672844284176827 9.1111
    endloop
  endfacet
  facet normal 0 0 1
    outer loop
      vertex 3.0544501969218256 1.9672844284176827 9.1111
      vertex 3.6099409020096065 1.2528799136132003 9.1111
      vertex 3.6628265104144813 1.3051187678277494 9.1111
    endloop
  endfacet
  facet normal 0.6894226480999808 -0.7243593115897732 -3.580885679100958e-18
    outer loop
      vertex 2.8751959372013807 1.8067922065705062 9.1111
      vertex 2.9630215626209977 1.8903819033950569 9.1111
      vertex 2.9630215626209977 1.8903819033950569 9.5692
    endloop
  endfacet
  facet normal 0.6436948323097493 -0.7652822765867008 4.0186509936745104e-18
    outer loop
      vertex 2.9630215626209977 1.8903819033950569 9.1111
      vertex 3.0544501969218256 1.9672844284176827 9.1111
      vertex 3.0544501969218256 1.9672844284176827 9.5692
    endloop
  endfacet
  facet normal 0.5942519384059597 -0.8042789526655286 -7.248575021941619e-18
    outer loop
      vertex 3.0544501969218256 1.9672844284176827 9.1111
      vertex 3.1494818173497916 2.0374997740536926 9.1111
      vertex 3.1494818173497916 2.0374997740536926 9.5692
    endloop
  endfacet
  facet normal 0 0 1
    outer loop
      vertex 3.0544501969218256 1.9672844284176827 9.1111
      vertex 3.6628265104144813 1.3051187678277494 9.1111
      vertex 3.1494818173497916 2.0374997740536926 9.1111
    endloop
  endfacet
  facet normal 0 0 1
    outer loop
      vertex 3.1494818173497916 2.0374997740536926 9.1111
      vertex 3.7183224812597038 1.3523824894577265 9.1111
      vertex 3.248116439074278 2.101027940303087 9.1111
    endloop
  endfacet
  facet normal 0.5414822956150059 -0.8407121526036742 4.6371795052887156e-18
    outer loop
      vertex 3.1494818173497916 2.0374997740536926 9.1111
      vertex 3.248116439074278 2.101027940303087 9.1111
      vertex 3.248116439074278 2.101027940303087 9.5692
    endloop
  endfacet
  facet normal 0.4859193310076119 -0.8740036634666442 7.468035097021e-18
    outer loop
      vertex 3.248116439074278 2.101027940303087 9.1111
      vertex 3.3503540620952843 2.157868934750557 9.1111
      vertex 3.3503540620952843 2.157868934750557 9.5692
    endloop
  endfacet
  facet normal 0.42821739618171967 -0.9036757502596539 -6.888112025469267e-18
    outer loop
      vertex 3.3503540620952843 2.157868934750557 9.1111
      vertex 3.4561946788281204 2.208022757396102 9.1111
      vertex 3.4561946788281204 2.208022757396102 9.5692
    endloop
  endfacet
  facet normal 0.6894226480999808 -0.7243593115897732 0
    outer loop
      vertex 2.8751959372013807 1.8067922065705062 9.1111
      vertex 2.9630215626209977 1.8903819033950569 9.5692
      vertex 2.8751959372013807 1.8067922065705062 9.5692
    endloop
  endfacet
  facet normal 0.6436948323097493 -0.7652822765867008 0
    outer loop
      vertex 2.9630215626209977 1.8903819033950569 9.1111
      vertex 3.0544501969218256 1.9672844284176827 9.5692
      vertex 2.9630215626209977 1.8903819033950569 9.5692
    endloop
  endfacet
  facet normal 0.5942519384059597 -0.8042789526655286 0
    outer loop
      vertex 3.0544501969218256 1.9672844284176827 9.1111
      vertex 3.1494818173497916 2.0374997740536926 9.5692
      vertex 3.0544501969218256 1.9672844284176827 9.5692
    endloop
  endfacet
  facet normal 0.5414822956150059 -0.8407121526036742 0
    outer loop
      vertex 3.1494818173497916 2.0374997740536926 9.1111
      vertex 3.248116439074278 2.101027940303087 9.5692
      vertex 3.1494818173497916 2.0374997740536926 9.5692
    endloop
  endfacet
  facet normal 0.4859193310076119 -0.8740036634666442 0
    outer loop
      vertex 3.248116439074278 2.101027940303087 9.1111
      vertex 3.3503540620952843 2.157868934750557 9.5692
      vertex 3.248116439074278 2.101027940303087 9.5692
    endloop
  endfacet
  facet normal 0.42821739618171967 -0.9036757502596539 0
    outer loop
      vertex 3.3503540620952843 2.157868934750557 9.1111
      vertex 3.4561946788281204 2.208022757396102 9.5692
      vertex 3.3503540620952843 2.157868934750557 9.5692
    endloop
  endfacet
  facet normal -0.83159116914477 0.5553882672513296 0
    outer loop
      vertex 3.467430867686868 1.066741689696908 9.1111
      vertex 3.467430867686868 1.066741689696908 9.5692
      vertex 3.5120007421821358 1.1334768301844598 9.1111
    endloop
  endfacet
  facet normal -0.83159116914477 0.5553882672513296 0
    outer loop
      vertex 3.5120007421821358 1.1334768301844598 9.1111
      vertex 3.467430867686868 1.066741689696908 9.5692
      vertex 3.5120007421821358 1.1334768301844598 9.5692
    endloop
  endfacet
  facet normal -0.7936890202924641 0.6083237123992361 0
    outer loop
      vertex 3.5120007421821358 1.1334768301844598 9.1111
      vertex 3.5120007421821358 1.1334768301844598 9.5692
      vertex 3.5596656408756973 1.1956659343987703 9.1111
    endloop
  endfacet
  facet normal -0.751188922928502 0.6600872685255466 0
    outer loop
      vertex 3.5596656408756973 1.1956659343987703 9.1111
      vertex 3.5596656408756973 1.1956659343987703 9.5692
      vertex 3.6099409020096065 1.2528799136132003 9.1111
    endloop
  endfacet
  facet normal -0.7027431691488856 0.7114436296816359 0
    outer loop
      vertex 3.6099409020096065 1.2528799136132003 9.1111
      vertex 3.6099409020096065 1.2528799136132003 9.5692
      vertex 3.6628265104144813 1.3051187678277494 9.1111
    endloop
  endfacet
  facet normal -0.6483819949123735 0.7613151703949234 0
    outer loop
      vertex 3.6628265104144813 1.3051187678277494 9.1111
      vertex 3.6628265104144813 1.3051187678277494 9.5692
      vertex 3.7183224812597038 1.3523824894577265 9.1111
    endloop
  endfacet
  facet normal -0.5884396978684453 0.8085411071630761 0
    outer loop
      vertex 3.7183224812597038 1.3523824894577265 9.1111
      vertex 3.7183224812597038 1.3523824894577265 9.5692
      vertex 3.776428806960583 1.3946710860878229 9.1111
    endloop
  endfacet
  facet normal 0 0 1
    outer loop
      vertex 3.1494818173497916 2.0374997740536926 9.1111
      vertex 3.6628265104144813 1.3051187678277494 9.1111
      vertex 3.7183224812597038 1.3523824894577265 9.1111
    endloop
  endfacet
  facet normal 0 0 1
    outer loop
      vertex 3.7183224812597038 1.3523824894577265 9.1111
      vertex 3.776428806960583 1.3946710860878229 9.1111
      vertex 3.248116439074278 2.101027940303087 9.1111
    endloop
  endfacet
  facet normal 0 0 1
    outer loop
      vertex 3.776428806960583 1.3946710860878229 9.1111
      vertex 3.8371454875171187 1.4319845501333475 9.1111
      vertex 3.3503540620952843 2.157868934750557 9.1111
    endloop
  endfacet
  facet normal 0 0 1
    outer loop
      vertex 3.8371454875171187 1.4319845501333475 9.1111
      vertex 3.9004725229293107 1.4643228815943004 9.1111
      vertex 3.4561946788281204 2.208022757396102 9.1111
    endloop
  endfacet
  facet normal -0.5235818588319286 0.851975373530305 0
    outer loop
      vertex 3.776428806960583 1.3946710860878229 9.1111
      vertex 3.776428806960583 1.3946710860878229 9.5692
      vertex 3.8371454875171187 1.4319845501333475 9.1111
    endloop
  endfacet
  facet normal -0.4547896709979749 0.8905988744398645 0
    outer loop
      vertex 3.8371454875171187 1.4319845501333475 9.1111
      vertex 3.8371454875171187 1.4319845501333475 9.5692
      vertex 3.9004725229293107 1.4643228815943004 9.1111
    endloop
  endfacet
  facet normal -0.3832937108922473 0.9236265106580963 0
    outer loop
      vertex 3.9004725229293107 1.4643228815943004 9.1111
      vertex 3.9004725229293107 1.4643228815943004 9.5692
      vertex 3.966409920781851 1.4916860956400633 9.1111
    endloop
  endfacet
  facet normal -0.3104661197003874 0.9505844457585999 0
    outer loop
      vertex 3.966409920781851 1.4916860956400633 9.1111
      vertex 3.966409920781851 1.4916860956400633 9.5692
      vertex 4.034957673490047 1.5140741695165634 9.1111
    endloop
  endfacet
  facet normal -0.7936890202924641 0.6083237123992361 0
    outer loop
      vertex 3.5596656408756973 1.1956659343987703 9.1111
      vertex 3.5120007421821358 1.1334768301844598 9.5692
      vertex 3.5596656408756973 1.1956659343987703 9.5692
    endloop
  endfacet
  facet normal -0.751188922928502 0.6600872685255466 0
    outer loop
      vertex 3.6099409020096065 1.2528799136132003 9.1111
      vertex 3.5596656408756973 1.1956659343987703 9.5692
      vertex 3.6099409020096065 1.2528799136132003 9.5692
    endloop
  endfacet
  facet normal -0.7027431691488856 0.7114436296816359 0
    outer loop
      vertex 3.6628265104144813 1.3051187678277494 9.1111
      vertex 3.6099409020096065 1.2528799136132003 9.5692
      vertex 3.6628265104144813 1.3051187678277494 9.5692
    endloop
  endfacet
  facet normal -0.6483819949123735 0.7613151703949234 0
    outer loop
      vertex 3.7183224812597038 1.3523824894577265 9.1111
      vertex 3.6628265104144813 1.3051187678277494 9.5692
      vertex 3.7183224812597038 1.3523824894577265 9.5692
    endloop
  endfacet
  facet normal -0.5884396978684453 0.8085411071630761 0
    outer loop
      vertex 3.776428806960583 1.3946710860878229 9.1111
      vertex 3.7183224812597038 1.3523824894577265 9.5692
      vertex 3.776428806960583 1.3946710860878229 9.5692
    endloop
  endfacet
  facet normal -0.5235818588319286 0.851975373530305 0
    outer loop
      vertex 3.8371454875171187 1.4319845501333475 9.1111
      vertex 3.776428806960583 1.3946710860878229 9.5692
      vertex 3.8371454875171187 1.4319845501333475 9.5692
    endloop
  endfacet
  facet normal -0.4547896709979749 0.8905988744398645 0
    outer loop
      vertex 3.9004725229293107 1.4643228815943004 9.1111
      vertex 3.8371454875171187 1.4319845501333475 9.5692
      vertex 3.9004725229293107 1.4643228815943004 9.5692
    endloop
  endfacet
  facet normal -0.3832937108922473 0.9236265106580963 0
    outer loop
      vertex 3.966409920781851 1.4916860956400633 9.1111
      vertex 3.9004725229293107 1.4643228815943004 9.5692
      vertex 3.966409920781851 1.4916860956400633 9.5692
    endloop
  endfacet
  facet normal -0.3104661197003874 0.9505844457585999 0
    outer loop
      vertex 4.034957673490047 1.5140741695165634 9.1111
      vertex 3.966409920781851 1.4916860956400633 9.5692
      vertex 4.034957673490047 1.5140741695165634 9.5692
    endloop
  endfacet
  facet normal 0 0 1
    outer loop
      vertex 3.776428806960583 1.3946710860878229 9.1111
      vertex 3.3503540620952843 2.157868934750557 9.1111
      vertex 3.248116439074278 2.101027940303087 9.1111
    endloop
  endfacet
  facet normal 0 0 1
    outer loop
      vertex 3.8371454875171187 1.4319845501333475 9.1111
      vertex 3.4561946788281204 2.208022757396102 9.1111
      vertex 3.3503540620952843 2.157868934750557 9.1111
    endloop
  endfacet
  facet normal 0 0 1
    outer loop
      vertex 3.9004725229293107 1.4643228815943004 9.1111
      vertex 3.565638289272785 2.25148939307034 9.1111
      vertex 3.4561946788281204 2.208022757396102 9.1111
    endloop
  endfacet
  facet normal 0 0 1
    outer loop
      vertex 3.9004725229293107 1.4643228815943004 9.1111
      vertex 3.6786849010139706 2.288268864527345 9.1111
      vertex 3.565638289272785 2.25148939307034 9.1111
    endloop
  endfacet
  facet normal 0.3691142558031338 -0.9293840251278793 7.499371536673377e-18
    outer loop
      vertex 3.4561946788281204 2.208022757396102 9.1111
      vertex 3.565638289272785 2.25148939307034 9.1111
      vertex 3.565638289272785 2.25148939307034 9.5692
    endloop
  endfacet
  facet normal 0.30938523454366923 -0.9509367889856606 -2.7638416521471437e-18
    outer loop
      vertex 3.565638289272785 2.25148939307034 9.1111
      vertex 3.6786849010139706 2.288268864527345 9.1111
      vertex 3.6786849010139706 2.288268864527345 9.5692
    endloop
  endfacet
  facet normal 0 0 1
    outer loop
      vertex 3.9004725229293107 1.4643228815943004 9.1111
      vertex 3.966409920781851 1.4916860956400633 9.1111
      vertex 3.6786849010139706 2.288268864527345 9.1111
    endloop
  endfacet
  facet normal 0 0 1
    outer loop
      vertex 3.966409920781851 1.4916860956400633 9.1111
      vertex 4.034957673490047 1.5140741695165634 9.1111
      vertex 3.795334514051676 2.3183611565977333 9.1111
    endloop
  endfacet
  facet normal 0 0 1
    outer loop
      vertex 4.034957673490047 1.5140741695165634 9.1111
      vertex 4.106115788638592 1.5314871183931829 9.1111
      vertex 3.915587113216519 2.3417662692815067 9.1111
    endloop
  endfacet
  facet normal 0 0 1
    outer loop
      vertex 3.966409920781851 1.4916860956400633 9.1111
      vertex 3.795334514051676 2.3183611565977333 9.1111
      vertex 3.6786849010139706 2.288268864527345 9.1111
    endloop
  endfacet
  facet normal 0 0 1
    outer loop
      vertex 4.034957673490047 1.5140741695165634 9.1111
      vertex 3.915587113216519 2.3417662692815067 9.1111
      vertex 3.795334514051676 2.3183611565977333 9.1111
    endloop
  endfacet
  facet normal 0 0 1
    outer loop
      vertex 4.106115788638592 1.5314871183931829 9.1111
      vertex 4.039442721262574 2.358484210163355 9.1111
      vertex 3.915587113216519 2.3417662692815067 9.1111
    endloop
  endfacet
  facet normal 0.3691142558031338 -0.9293840251278793 0
    outer loop
      vertex 3.4561946788281204 2.208022757396102 9.1111
      vertex 3.565638289272785 2.25148939307034 9.5692
      vertex 3.4561946788281204 2.208022757396102 9.5692
    endloop
  endfacet
  facet normal 0.30938523454366923 -0.9509367889856606 0
    outer loop
      vertex 3.565638289272785 2.25148939307034 9.1111
      vertex 3.6786849010139706 2.288268864527345 9.5692
      vertex 3.565638289272785 2.25148939307034 9.5692
    endloop
  endfacet
  facet normal 0.24979370216043406 -0.9682990789838564 0
    outer loop
      vertex 3.6786849010139706 2.288268864527345 9.1111
      vertex 3.795334514051676 2.3183611565977333 9.5692
      vertex 3.6786849010139706 2.288268864527345 9.5692
    endloop
  endfacet
  facet normal -0.23769450695931743 0.9713399617854539 0
    outer loop
      vertex 4.034957673490047 1.5140741695165634 9.1111
      vertex 4.034957673490047 1.5140741695165634 9.5692
      vertex 4.106115788638592 1.5314871183931829 9.1111
    endloop
  endfacet
  facet normal -0.16625959220040484 0.986082018901752 0
    outer loop
      vertex 4.106115788638592 1.5314871183931829 9.1111
      vertex 4.106115788638592 1.5314871183931829 9.5692
      vertex 4.179884251058102 1.5439249422699213 9.1111
    endloop
  endfacet
  facet normal -0.0972432212609364 0.995260647227045 0
    outer loop
      vertex 4.179884251058102 1.5439249422699213 9.1111
      vertex 4.179884251058102 1.5439249422699213 9.5692
      vertex 4.25626307591796 1.551387633562088 9.1111
    endloop
  endfacet
  facet normal -0.03147688914202575 0.9995044799549127 0
    outer loop
      vertex 4.25626307591796 1.551387633562088 9.1111
      vertex 4.25626307591796 1.551387633562088 9.5692
      vertex 4.335252255633473 1.553875199854374 9.1111
    endloop
  endfacet
  facet normal 0.02280245240024589 0.99973999027974 0
    outer loop
      vertex 4.335252255633473 1.553875199854374 9.1111
      vertex 4.335252255633473 1.553875199854374 9.5692
      vertex 4.41261992700398 1.5521105683892966 9.1111
    endloop
  endfacet
  facet normal 0.07098488346444563 0.9974773913826516 0
    outer loop
      vertex 4.41261992700398 1.5521105683892966 9.1111
      vertex 4.41261992700398 1.5521105683892966 9.5692
      vertex 4.4870096742212775 1.5468166664093732 9.1111
    endloop
  endfacet
  facet normal 0.122620998524331 0.9924535710656172 0
    outer loop
      vertex 4.4870096742212775 1.5468166664093732 9.1111
      vertex 4.4870096742212775 1.5468166664093732 9.5692
      vertex 4.558421497285366 1.5379934939146043 9.1111
    endloop
  endfacet
  facet normal 0.17763118995970384 0.984097129532192 0
    outer loop
      vertex 4.558421497285366 1.5379934939146043 9.1111
      vertex 4.558421497285366 1.5379934939146043 9.5692
      vertex 4.6268554037809375 1.5256410584896802 9.1111
    endloop
  endfacet
  facet normal -0.23769450695931743 0.9713399617854539 0
    outer loop
      vertex 4.106115788638592 1.5314871183931829 9.1111
      vertex 4.034957673490047 1.5140741695165634 9.5692
      vertex 4.106115788638592 1.5314871183931829 9.5692
    endloop
  endfacet
  facet normal -0.16625959220040484 0.986082018901752 0
    outer loop
      vertex 4.179884251058102 1.5439249422699213 9.1111
      vertex 4.106115788638592 1.5314871183931829 9.5692
      vertex 4.179884251058102 1.5439249422699213 9.5692
    endloop
  endfacet
  facet normal -0.0972432212609364 0.995260647227045 0
    outer loop
      vertex 4.25626307591796 1.551387633562088 9.1111
      vertex 4.179884251058102 1.5439249422699213 9.5692
      vertex 4.25626307591796 1.551387633562088 9.5692
    endloop
  endfacet
  facet normal -0.03147688914202575 0.9995044799549127 0
    outer loop
      vertex 4.335252255633473 1.553875199854374 9.1111
      vertex 4.25626307591796 1.551387633562088 9.5692
      vertex 4.335252255633473 1.553875199854374 9.5692
    endloop
  endfacet
  facet normal 0.02280245240024589 0.99973999027974 0
    outer loop
      vertex 4.41261992700398 1.5521105683892966 9.1111
      vertex 4.335252255633473 1.553875199854374 9.5692
      vertex 4.41261992700398 1.5521105683892966 9.5692
    endloop
  endfacet
  facet normal 0.07098488346444563 0.9974773913826516 0
    outer loop
      vertex 4.4870096742212775 1.5468166664093732 9.1111
      vertex 4.41261992700398 1.5521105683892966 9.5692
      vertex 4.4870096742212775 1.5468166664093732 9.5692
    endloop
  endfacet
  facet normal 0.122620998524331 0.9924535710656172 0
    outer loop
      vertex 4.558421497285366 1.5379934939146043 9.1111
      vertex 4.4870096742212775 1.5468166664093732 9.5692
      vertex 4.558421497285366 1.5379934939146043 9.5692
    endloop
  endfacet
  facet normal 0.17763118995970384 0.984097129532192 0
    outer loop
      vertex 4.6268554037809375 1.5256410584896802 9.1111
      vertex 4.558421497285366 1.5379934939146043 9.5692
      vertex 4.6268554037809375 1.5256410584896802 9.5692
    endloop
  endfacet
  facet normal 0 0 1
    outer loop
      vertex 4.106115788638592 1.5314871183931829 9.1111
      vertex 4.179884251058102 1.5439249422699213 9.1111
      vertex 4.039442721262574 2.358484210163355 9.1111
    endloop
  endfacet
  facet normal 0 0 1
    outer loop
      vertex 4.179884251058102 1.5439249422699213 9.1111
      vertex 4.25626307591796 1.551387633562088 9.1111
      vertex 4.1669013154357675 2.3685149716585876 9.1111
    endloop
  endfacet
  facet normal 0 0 1
    outer loop
      vertex 4.25626307591796 1.551387633562088 9.1111
      vertex 4.335252255633473 1.553875199854374 9.1111
      vertex 4.297962918490171 2.371858561351895 9.1111
    endloop
  endfacet
  facet normal 0 0 1
    outer loop
      vertex 4.179884251058102 1.5439249422699213 9.1111
      vertex 4.1669013154357675 2.3685149716585876 9.1111
      vertex 4.039442721262574 2.358484210163355 9.1111
    endloop
  endfacet
  facet normal 0 0 1
    outer loop
      vertex 4.25626307591796 1.551387633562088 9.1111
      vertex 4.297962918490171 2.371858561351895 9.1111
      vertex 4.1669013154357675 2.3685149716585876 9.1111
    endloop
  endfacet
  facet normal 0 0 1
    outer loop
      vertex 4.335252255633473 1.553875199854374 9.1111
      vertex 4.41261992700398 1.5521105683892966 9.1111
      vertex 4.47207181482017 2.3673680981099605 9.1111
    endloop
  endfacet
  facet normal 0 0 1
    outer loop
      vertex 4.41261992700398 1.5521105683892966 9.1111
      vertex 4.4870096742212775 1.5468166664093732 9.1111
      vertex 4.47207181482017 2.3673680981099605 9.1111
    endloop
  endfacet
  facet normal 0 0 1
    outer loop
      vertex 4.4870096742212775 1.5468166664093732 9.1111
      vertex 4.558421497285366 1.5379934939146043 9.1111
      vertex 4.638828346773982 2.3538967007994653 9.1111
    endloop
  endfacet
  facet normal 0 0 1
    outer loop
      vertex 4.335252255633473 1.553875199854374 9.1111
      vertex 4.47207181482017 2.3673680981099605 9.1111
      vertex 4.297962918490171 2.371858561351895 9.1111
    endloop
  endfacet
  facet normal 0 0 1
    outer loop
      vertex 4.4870096742212775 1.5468166664093732 9.1111
      vertex 4.638828346773982 2.3538967007994653 9.1111
      vertex 4.47207181482017 2.3673680981099605 9.1111
    endloop
  endfacet
  facet normal 0.24979370216043406 -0.9682990789838564 -3.1339990403289462e-18
    outer loop
      vertex 3.6786849010139706 2.288268864527345 9.1111
      vertex 3.795334514051676 2.3183611565977333 9.1111
      vertex 3.795334514051676 2.3183611565977333 9.5692
    endloop
  endfacet
  facet normal 0.19104790561637758 -0.9815807138282596 3.0480088429045535e-18
    outer loop
      vertex 3.795334514051676 2.3183611565977333 9.1111
      vertex 3.915587113216519 2.3417662692815067 9.1111
      vertex 3.915587113216519 2.3417662692815067 9.5692
    endloop
  endfacet
  facet normal 0.13376621062593932 -0.9910129166134904 2.3189773028602374e-18
    outer loop
      vertex 3.915587113216519 2.3417662692815067 9.1111
      vertex 4.039442721262574 2.358484210163355 9.1111
      vertex 4.039442721262574 2.358484210163355 9.5692
    endloop
  endfacet
  facet normal 0.19104790561637758 -0.9815807138282596 0
    outer loop
      vertex 3.795334514051676 2.3183611565977333 9.1111
      vertex 3.915587113216519 2.3417662692815067 9.5692
      vertex 3.795334514051676 2.3183611565977333 9.5692
    endloop
  endfacet
  facet normal 0.13376621062593932 -0.9910129166134904 0
    outer loop
      vertex 3.915587113216519 2.3417662692815067 9.1111
      vertex 4.039442721262574 2.358484210163355 9.5692
      vertex 3.915587113216519 2.3417662692815067 9.5692
    endloop
  endfacet
  facet normal 0.07845561780709748 -0.9969176074453228 1.183333612855205e-18
    outer loop
      vertex 4.039442721262574 2.358484210163355 9.1111
      vertex 4.1669013154357675 2.3685149716585876 9.1111
      vertex 4.1669013154357675 2.3685149716585876 9.5692
    endloop
  endfacet
  facet normal 0.025503290615727463 -0.9996747381862611 -2.142875100590512e-19
    outer loop
      vertex 4.1669013154357675 2.3685149716585876 9.1111
      vertex 4.297962918490171 2.371858561351895 9.1111
      vertex 4.297962918490171 2.371858561351895 9.5692
    endloop
  endfacet
  facet normal -0.025782545257507183 -0.9996675749268076 -3.3133495051064086e-20
    outer loop
      vertex 4.297962918490171 2.371858561351895 9.1111
      vertex 4.47207181482017 2.3673680981099605 9.1111
      vertex 4.47207181482017 2.3673680981099605 9.5692
    endloop
  endfacet
  facet normal -0.0805225001661969 -0.996752791301326 -1.6316012544727477e-18
    outer loop
      vertex 4.47207181482017 2.3673680981099605 9.1111
      vertex 4.638828346773982 2.3538967007994653 9.1111
      vertex 4.638828346773982 2.3538967007994653 9.5692
    endloop
  endfacet
  facet normal 0.07845561780709748 -0.9969176074453228 0
    outer loop
      vertex 4.039442721262574 2.358484210163355 9.1111
      vertex 4.1669013154357675 2.3685149716585876 9.5692
      vertex 4.039442721262574 2.358484210163355 9.5692
    endloop
  endfacet
  facet normal 0.025503290615727463 -0.9996747381862611 0
    outer loop
      vertex 4.1669013154357675 2.3685149716585876 9.1111
      vertex 4.297962918490171 2.371858561351895 9.5692
      vertex 4.1669013154357675 2.3685149716585876 9.5692
    endloop
  endfacet
  facet normal -0.025782545257507183 -0.9996675749268076 0
    outer loop
      vertex 4.297962918490171 2.371858561351895 9.1111
      vertex 4.47207181482017 2.3673680981099605 9.5692
      vertex 4.297962918490171 2.371858561351895 9.5692
    endloop
  endfacet
  facet normal -0.0805225001661969 -0.996752791301326 0
    outer loop
      vertex 4.47207181482017 2.3673680981099605 9.1111
      vertex 4.638828346773982 2.3538967007994653 9.5692
      vertex 4.47207181482017 2.3673680981099605 9.5692
    endloop
  endfacet
  facet normal 0.9525075589607328 0.3045149423635338 -1.2739761865610128e-18
    outer loop
      vertex 5.333319604128599 0.8083166348338128 9.1111
      vertex 5.318040752187371 0.8561081220209599 9.1111
      vertex 5.318040752187371 0.8561081220209599 9.5692
    endloop
  endfacet
  facet normal 0.9591783676589964 0.28280180164741336 0
    outer loop
      vertex 5.333319604128599 0.8083166348338128 9.1111
      vertex 5.333319604128599 0.8083166348338128 9.5692
      vertex 5.347973925024271 0.7586136007159948 9.1111
    endloop
  endfacet
  facet normal 0.9448467314964131 0.32751283025332784 -1.6318243980268948e-18
    outer loop
      vertex 5.318040752187371 0.8561081220209599 9.1111
      vertex 5.302137361615896 0.9019880546927452 9.1111
      vertex 5.302137361615896 0.9019880546927452 9.5692
    endloop
  endfacet
  facet normal 0.936050477127276 0.3518657475086188 1.3851427520190977e-18
    outer loop
      vertex 5.302137361615896 0.9019880546927452 9.1111
      vertex 5.285609439998865 0.9459564404338598 9.1111
      vertex 5.285609439998865 0.9459564404338598 9.5692
    endloop
  endfacet
  facet normal 0.9259523186932228 0.3776404420962408 1.9450093433849516e-18
    outer loop
      vertex 5.285609439998865 0.9459564404338598 9.1111
      vertex 5.268456979751587 0.9880132716596127 9.1111
      vertex 5.268456979751587 0.9880132716596127 9.5692
    endloop
  endfacet
  facet normal 0.9010690015751686 0.4336757479965059 1.1179850157827882e-18
    outer loop
      vertex 5.250679988458753 1.0281585559546949 9.1111
      vertex 5.232278466120363 1.066392285734415 9.1111
      vertex 5.232278466120363 1.066392285734415 9.5692
    endloop
  endfacet
  facet normal 0.8683803439811453 0.4958987580012556 8.125555831746622e-19
    outer loop
      vertex 5.213252405151725 1.1027144685834647 9.1111
      vertex 5.193601813137532 1.1371250969171525 9.1111
      vertex 5.193601813137532 1.1371250969171525 9.5692
    endloop
  endfacet
  facet normal 0.8858299748247556 0.4640099737095883 2.2408530481652996e-18
    outer loop
      vertex 5.232278466120363 1.066392285734415 9.1111
      vertex 5.213252405151725 1.1027144685834647 9.1111
      vertex 5.213252405151725 1.1027144685834647 9.5692
    endloop
  endfacet
  facet normal 0.9143631734625719 0.4048950320953008 9.742776819593918e-19
    outer loop
      vertex 5.268456979751587 0.9880132716596127 9.1111
      vertex 5.250679988458753 1.0281585559546949 9.1111
      vertex 5.250679988458753 1.0281585559546949 9.5692
    endloop
  endfacet
  facet normal 0 0 1
    outer loop
      vertex 5.333319604128599 0.8083166348338128 9.1111
      vertex 5.347973925024271 0.7586136007159948 9.1111
      vertex 6.265491847008467 1.0221365767270327 9.1111
    endloop
  endfacet
  facet normal 0 0 1
    outer loop
      vertex 5.318040752187371 0.8561081220209599 9.1111
      vertex 6.202073180943728 1.2194031048566103 9.1111
      vertex 5.302137361615896 0.9019880546927452 9.1111
    endloop
  endfacet
  facet normal 0 0 1
    outer loop
      vertex 5.302137361615896 0.9019880546927452 9.1111
      vertex 6.174463851258158 1.2850870602577924 9.1111
      vertex 5.285609439998865 0.9459564404338598 9.1111
    endloop
  endfacet
  facet normal 0 0 1
    outer loop
      vertex 5.285609439998865 0.9459564404338598 9.1111
      vertex 6.143619620501995 1.3507352310866119 9.1111
      vertex 5.268456979751587 0.9880132716596127 9.1111
    endloop
  endfacet
  facet normal 0 0 1
    outer loop
      vertex 5.268456979751587 0.9880132716596127 9.1111
      vertex 6.1095405114293095 1.4163476173430682 9.1111
      vertex 5.250679988458753 1.0281585559546949 9.1111
    endloop
  endfacet
  facet normal 0 0 1
    outer loop
      vertex 5.333319604128599 0.8083166348338128 9.1111
      vertex 6.226447624728084 1.1536833800524473 9.1111
      vertex 5.318040752187371 0.8561081220209599 9.1111
    endloop
  endfacet
  facet normal 0.9591783676589964 0.28280180164741336 0
    outer loop
      vertex 5.347973925024271 0.7586136007159948 9.1111
      vertex 5.333319604128599 0.8083166348338128 9.5692
      vertex 5.347973925024271 0.7586136007159948 9.5692
    endloop
  endfacet
  facet normal 0.9525075589607328 0.3045149423635338 0
    outer loop
      vertex 5.333319604128599 0.8083166348338128 9.1111
      vertex 5.318040752187371 0.8561081220209599 9.5692
      vertex 5.333319604128599 0.8083166348338128 9.5692
    endloop
  endfacet
  facet normal 0.9448467314964131 0.32751283025332784 0
    outer loop
      vertex 5.318040752187371 0.8561081220209599 9.1111
      vertex 5.302137361615896 0.9019880546927452 9.5692
      vertex 5.318040752187371 0.8561081220209599 9.5692
    endloop
  endfacet
  facet normal 0.936050477127276 0.3518657475086188 0
    outer loop
      vertex 5.302137361615896 0.9019880546927452 9.1111
      vertex 5.285609439998865 0.9459564404338598 9.5692
      vertex 5.302137361615896 0.9019880546927452 9.5692
    endloop
  endfacet
  facet normal 0.9259523186932228 0.3776404420962408 0
    outer loop
      vertex 5.285609439998865 0.9459564404338598 9.1111
      vertex 5.268456979751587 0.9880132716596127 9.5692
      vertex 5.285609439998865 0.9459564404338598 9.5692
    endloop
  endfacet
  facet normal 0.9143631734625719 0.4048950320953008 0
    outer loop
      vertex 5.268456979751587 0.9880132716596127 9.1111
      vertex 5.250679988458753 1.0281585559546949 9.5692
      vertex 5.268456979751587 0.9880132716596127 9.5692
    endloop
  endfacet
  facet normal 0.9010690015751686 0.4336757479965059 0
    outer loop
      vertex 5.250679988458753 1.0281585559546949 9.1111
      vertex 5.232278466120363 1.066392285734415 9.5692
      vertex 5.250679988458753 1.0281585559546949 9.5692
    endloop
  endfacet
  facet normal 0.8858299748247556 0.4640099737095883 0
    outer loop
      vertex 5.232278466120363 1.066392285734415 9.1111
      vertex 5.213252405151725 1.1027144685834647 9.5692
      vertex 5.232278466120363 1.066392285734415 9.5692
    endloop
  endfacet
  facet normal 0.8683803439811453 0.4958987580012556 0
    outer loop
      vertex 5.213252405151725 1.1027144685834647 9.1111
      vertex 5.193601813137532 1.1371250969171525 9.5692
      vertex 5.213252405151725 1.1027144685834647 9.5692
    endloop
  endfacet
  facet normal 0.8484297802574478 0.529307951926191 0
    outer loop
      vertex 5.193601813137532 1.1371250969171525 9.1111
      vertex 5.173326690077782 1.1696241707354784 9.5692
      vertex 5.193601813137532 1.1371250969171525 9.5692
    endloop
  endfacet
  facet normal 0 1 0
    outer loop
      vertex 5.347973925024271 0.7586136007159948 9.1111
      vertex 5.347973925024271 0.7586136007159948 9.5692
      vertex 6.158900000000001 0.7586136007159948 9.5692
    endloop
  endfacet
  facet normal 0.48877656562532873 0.8724090032178192 2.792059487528038e-18
    outer loop
      vertex 4.9243561118841175 1.4109398691505195 9.1111
      vertex 4.870811810985208 1.4409386419802905 9.1111
      vertex 4.870811810985208 1.4409386419802905 9.5692
    endloop
  endfacet
  facet normal 0.23579046767339587 0.9718039181616636 2.390715814422498e-18
    outer loop
      vertex 4.6923113861233 1.5097593601346015 9.1111
      vertex 4.6268554037809375 1.5256410584896802 9.1111
      vertex 4.6268554037809375 1.5256410584896802 9.5692
    endloop
  endfacet
  facet normal 0.2966952179966214 0.9549722234797917 0
    outer loop
      vertex 4.6923113861233 1.5097593601346015 9.1111
      vertex 4.6923113861233 1.5097593601346015 9.5692
      vertex 4.754789451897144 1.490348383679986 9.1111
    endloop
  endfacet
  facet normal 0.35973808011528385 0.9330533284410756 0
    outer loop
      vertex 4.754789451897144 1.490348383679986 9.1111
      vertex 4.754789451897144 1.490348383679986 9.5692
      vertex 4.81428959351778 1.4674081442952156 9.1111
    endloop
  endfacet
  facet normal 0.42410167709984836 0.9056145799848276 0
    outer loop
      vertex 4.81428959351778 1.4674081442952156 9.1111
      vertex 4.81428959351778 1.4674081442952156 9.5692
      vertex 4.870811810985208 1.4409386419802905 9.1111
    endloop
  endfacet
  facet normal 0.5526116742574622 0.8334388624694462 0
    outer loop
      vertex 4.9243561118841175 1.4109398691505195 9.1111
      vertex 4.9243561118841175 1.4109398691505195 9.5692
      vertex 4.974922496214509 1.3774118258059025 9.1111
    endloop
  endfacet
  facet normal 0.6143957231292421 0.7889980325707383 3.6245259093191754e-18
    outer loop
      vertex 5.022510948807001 1.3403545195311308 9.1111
      vertex 4.974922496214509 1.3774118258059025 9.1111
      vertex 4.974922496214509 1.3774118258059025 9.5692
    endloop
  endfacet
  facet normal 0.6729590438673678 0.739679745076961 0
    outer loop
      vertex 5.022510948807001 1.3403545195311308 9.1111
      vertex 5.022510948807001 1.3403545195311308 9.5692
      vertex 5.067121492415667 1.2997679427415132 9.1111
    endloop
  endfacet
  facet normal 0.7272793010948416 0.6863416191657029 2.6534907148329254e-19
    outer loop
      vertex 5.108754104286432 1.255652103021741 9.1111
      vertex 5.067121492415667 1.2997679427415132 9.1111
      vertex 5.067121492415667 1.2997679427415132 9.5692
    endloop
  endfacet
  facet normal 0.7997695782162852 0.6003071062046035 -2.9257583836270954e-19
    outer loop
      vertex 5.152427028387785 1.2002116976231336 9.1111
      vertex 5.130902835652233 1.2288876775801183 9.1111
      vertex 5.130902835652233 1.2288876775801183 9.5692
    endloop
  endfacet
  facet normal 0.8484297802574478 0.529307951926191 -1.3375182317955895e-18
    outer loop
      vertex 5.193601813137532 1.1371250969171525 9.1111
      vertex 5.173326690077782 1.1696241707354784 9.1111
      vertex 5.173326690077782 1.1696241707354784 9.5692
    endloop
  endfacet
  facet normal 0.8256674631741769 0.56415710600463 -1.2346563833825286e-18
    outer loop
      vertex 5.173326690077782 1.1696241707354784 9.1111
      vertex 5.152427028387785 1.2002116976231336 9.1111
      vertex 5.152427028387785 1.2002116976231336 9.5692
    endloop
  endfacet
  facet normal 0.7704104100103745 0.6375482727979478 -3.227760445473927e-18
    outer loop
      vertex 5.130902835652233 1.2288876775801183 9.1111
      vertex 5.108754104286432 1.255652103021741 9.1111
      vertex 5.108754104286432 1.255652103021741 9.5692
    endloop
  endfacet
  facet normal 0 0 1
    outer loop
      vertex 4.81428959351778 1.4674081442952156 9.1111
      vertex 4.870811810985208 1.4409386419802905 9.1111
      vertex 5.232330777734518 2.210201846718788 9.1111
    endloop
  endfacet
  facet normal 0 0 1
    outer loop
      vertex 4.9243561118841175 1.4109398691505195 9.1111
      vertex 5.232330777734518 2.210201846718788 9.1111
      vertex 4.870811810985208 1.4409386419802905 9.1111
    endloop
  endfacet
  facet normal 0 0 1
    outer loop
      vertex 4.9243561118841175 1.4109398691505195 9.1111
      vertex 4.974922496214509 1.3774118258059025 9.1111
      vertex 5.36232546505332 2.151825809404254 9.1111
    endloop
  endfacet
  facet normal 0 0 1
    outer loop
      vertex 5.022510948807001 1.3403545195311308 9.1111
      vertex 5.484967780411243 2.0844688456058504 9.1111
      vertex 4.974922496214509 1.3774118258059025 9.1111
    endloop
  endfacet
  facet normal 0.23579046767339587 0.9718039181616636 0
    outer loop
      vertex 4.6923113861233 1.5097593601346015 9.1111
      vertex 4.6268554037809375 1.5256410584896802 9.5692
      vertex 4.6923113861233 1.5097593601346015 9.5692
    endloop
  endfacet
  facet normal 0.2966952179966214 0.9549722234797917 0
    outer loop
      vertex 4.754789451897144 1.490348383679986 9.1111
      vertex 4.6923113861233 1.5097593601346015 9.5692
      vertex 4.754789451897144 1.490348383679986 9.5692
    endloop
  endfacet
  facet normal 0.35973808011528385 0.9330533284410756 0
    outer loop
      vertex 4.81428959351778 1.4674081442952156 9.1111
      vertex 4.754789451897144 1.490348383679986 9.5692
      vertex 4.81428959351778 1.4674081442952156 9.5692
    endloop
  endfacet
  facet normal 0.42410167709984836 0.9056145799848276 0
    outer loop
      vertex 4.870811810985208 1.4409386419802905 9.1111
      vertex 4.81428959351778 1.4674081442952156 9.5692
      vertex 4.870811810985208 1.4409386419802905 9.5692
    endloop
  endfacet
  facet normal 0.48877656562532873 0.8724090032178192 0
    outer loop
      vertex 4.9243561118841175 1.4109398691505195 9.1111
      vertex 4.870811810985208 1.4409386419802905 9.5692
      vertex 4.9243561118841175 1.4109398691505195 9.5692
    endloop
  endfacet
  facet normal 0.5526116742574622 0.8334388624694462 0
    outer loop
      vertex 4.974922496214509 1.3774118258059025 9.1111
      vertex 4.9243561118841175 1.4109398691505195 9.5692
      vertex 4.974922496214509 1.3774118258059025 9.5692
    endloop
  endfacet
  facet normal 0.6143957231292421 0.7889980325707383 0
    outer loop
      vertex 5.022510948807001 1.3403545195311308 9.1111
      vertex 4.974922496214509 1.3774118258059025 9.5692
      vertex 5.022510948807001 1.3403545195311308 9.5692
    endloop
  endfacet
  facet normal 0.7272793010948416 0.6863416191657029 0
    outer loop
      vertex 5.108754104286432 1.255652103021741 9.1111
      vertex 5.067121492415667 1.2997679427415132 9.5692
      vertex 5.108754104286432 1.255652103021741 9.5692
    endloop
  endfacet
  facet normal 0.7997695782162852 0.6003071062046035 0
    outer loop
      vertex 5.152427028387785 1.2002116976231336 9.1111
      vertex 5.130902835652233 1.2288876775801183 9.5692
      vertex 5.152427028387785 1.2002116976231336 9.5692
    endloop
  endfacet
  facet normal 0.8256674631741769 0.56415710600463 0
    outer loop
      vertex 5.173326690077782 1.1696241707354784 9.1111
      vertex 5.152427028387785 1.2002116976231336 9.5692
      vertex 5.173326690077782 1.1696241707354784 9.5692
    endloop
  endfacet
  facet normal 0.7704104100103745 0.6375482727979478 0
    outer loop
      vertex 5.130902835652233 1.2288876775801183 9.1111
      vertex 5.108754104286432 1.255652103021741 9.5692
      vertex 5.130902835652233 1.2288876775801183 9.5692
    endloop
  endfacet
  facet normal 0.6729590438673678 0.739679745076961 0
    outer loop
      vertex 5.067121492415667 1.2997679427415132 9.1111
      vertex 5.022510948807001 1.3403545195311308 9.5692
      vertex 5.067121492415667 1.2997679427415132 9.5692
    endloop
  endfacet
  facet normal 0 0 1
    outer loop
      vertex 4.558421497285366 1.5379934939146043 9.1111
      vertex 4.6268554037809375 1.5256410584896802 9.1111
      vertex 4.798232514351606 2.3314443845897914 9.1111
    endloop
  endfacet
  facet normal 0 0 1
    outer loop
      vertex 4.6923113861233 1.5097593601346015 9.1111
      vertex 4.798232514351606 2.3314443845897914 9.1111
      vertex 4.6268554037809375 1.5256410584896802 9.1111
    endloop
  endfacet
  facet normal 0 0 1
    outer loop
      vertex 4.6923113861233 1.5097593601346015 9.1111
      vertex 4.754789451897144 1.490348383679986 9.1111
      vertex 4.950284302383661 2.300011134311557 9.1111
    endloop
  endfacet
  facet normal 0 0 1
    outer loop
      vertex 4.754789451897144 1.490348383679986 9.1111
      vertex 4.81428959351778 1.4674081442952156 9.1111
      vertex 5.094983726039529 2.2595969499647617 9.1111
    endloop
  endfacet
  facet normal 0 0 1
    outer loop
      vertex 4.558421497285366 1.5379934939146043 9.1111
      vertex 4.798232514351606 2.3314443845897914 9.1111
      vertex 4.638828346773982 2.3538967007994653 9.1111
    endloop
  endfacet
  facet normal 0 0 1
    outer loop
      vertex 4.6923113861233 1.5097593601346015 9.1111
      vertex 4.950284302383661 2.300011134311557 9.1111
      vertex 4.798232514351606 2.3314443845897914 9.1111
    endloop
  endfacet
  facet normal 0 0 1
    outer loop
      vertex 4.81428959351778 1.4674081442952156 9.1111
      vertex 5.232330777734518 2.210201846718788 9.1111
      vertex 5.094983726039529 2.2595969499647617 9.1111
    endloop
  endfacet
  facet normal 0 0 1
    outer loop
      vertex 4.9243561118841175 1.4109398691505195 9.1111
      vertex 5.36232546505332 2.151825809404254 9.1111
      vertex 5.232330777734518 2.210201846718788 9.1111
    endloop
  endfacet
  facet normal 0 0 1
    outer loop
      vertex 4.754789451897144 1.490348383679986 9.1111
      vertex 5.094983726039529 2.2595969499647617 9.1111
      vertex 4.950284302383661 2.300011134311557 9.1111
    endloop
  endfacet
  facet normal -0.26900243411442953 -0.9631394968749396 0
    outer loop
      vertex 5.094983726039529 2.2595969499647617 9.1111
      vertex 5.094983726039529 2.2595969499647617 9.5692
      vertex 4.950284302383661 2.300011134311557 9.1111
    endloop
  endfacet
  facet normal -0.26900243411442953 -0.9631394968749396 0
    outer loop
      vertex 4.950284302383661 2.300011134311557 9.1111
      vertex 5.094983726039529 2.2595969499647617 9.5692
      vertex 4.950284302383661 2.300011134311557 9.5692
    endloop
  endfacet
  facet normal -0.33841719024275596 -0.9409961771166757 0
    outer loop
      vertex 5.094983726039529 2.2595969499647617 9.1111
      vertex 5.232330777734518 2.210201846718788 9.5692
      vertex 5.094983726039529 2.2595969499647617 9.5692
    endloop
  endfacet
  facet normal 0 0 1
    outer loop
      vertex 5.213252405151725 1.1027144685834647 9.1111
      vertex 5.987893815711141 1.6129700990170242 9.1111
      vertex 5.193601813137532 1.1371250969171525 9.1111
    endloop
  endfacet
  facet normal 0 0 1
    outer loop
      vertex 5.130902835652233 1.2288876775801183 9.1111
      vertex 5.808780509889126 1.8285123877227307 9.1111
      vertex 5.108754104286432 1.255652103021741 9.1111
    endloop
  endfacet
  facet normal 0 0 1
    outer loop
      vertex 5.152427028387785 1.2002116976231336 9.1111
      vertex 5.808780509889126 1.8285123877227307 9.1111
      vertex 5.130902835652233 1.2288876775801183 9.1111
    endloop
  endfacet
  facet normal 0 0 1
    outer loop
      vertex 5.173326690077782 1.1696241707354784 9.1111
      vertex 5.902013344988227 1.7252317028194666 9.1111
      vertex 5.152427028387785 1.2002116976231336 9.1111
    endloop
  endfacet
  facet normal 0 0 1
    outer loop
      vertex 5.193601813137532 1.1371250969171525 9.1111
      vertex 5.902013344988227 1.7252317028194666 9.1111
      vertex 5.173326690077782 1.1696241707354784 9.1111
    endloop
  endfacet
  facet normal 0 0 1
    outer loop
      vertex 5.022510948807001 1.3403545195311308 9.1111
      vertex 5.067121492415667 1.2997679427415132 9.1111
      vertex 5.600257723808289 2.008130955323577 9.1111
    endloop
  endfacet
  facet normal 0 0 1
    outer loop
      vertex 5.108754104286432 1.255652103021741 9.1111
      vertex 5.7081953028291466 1.922812130972743 9.1111
      vertex 5.067121492415667 1.2997679427415132 9.1111
    endloop
  endfacet
  facet normal 0 0 1
    outer loop
      vertex 5.250679988458753 1.0281585559546949 9.1111
      vertex 6.07222650128603 1.4819242266118526 9.1111
      vertex 5.232278466120363 1.066392285734415 9.1111
    endloop
  endfacet
  facet normal 0 0 1
    outer loop
      vertex 5.232278466120363 1.066392285734415 9.1111
      vertex 6.031677605241537 1.5474650513082744 9.1111
      vertex 5.213252405151725 1.1027144685834647 9.1111
    endloop
  endfacet
  facet normal 0 0 1
    outer loop
      vertex 5.213252405151725 1.1027144685834647 9.1111
      vertex 6.031677605241537 1.5474650513082744 9.1111
      vertex 5.987893815711141 1.6129700990170242 9.1111
    endloop
  endfacet
  facet normal 0 0 1
    outer loop
      vertex 5.108754104286432 1.255652103021741 9.1111
      vertex 5.808780509889126 1.8285123877227307 9.1111
      vertex 5.7081953028291466 1.922812130972743 9.1111
    endloop
  endfacet
  facet normal 0 0 1
    outer loop
      vertex 5.193601813137532 1.1371250969171525 9.1111
      vertex 5.987893815711141 1.6129700990170242 9.1111
      vertex 5.902013344988227 1.7252317028194666 9.1111
    endloop
  endfacet
  facet normal 0 0 1
    outer loop
      vertex 5.152427028387785 1.2002116976231336 9.1111
      vertex 5.902013344988227 1.7252317028194666 9.1111
      vertex 5.808780509889126 1.8285123877227307 9.1111
    endloop
  endfacet
  facet normal 0 0 1
    outer loop
      vertex 4.974922496214509 1.3774118258059025 9.1111
      vertex 5.484967780411243 2.0844688456058504 9.1111
      vertex 5.36232546505332 2.151825809404254 9.1111
    endloop
  endfacet
  facet normal 0 0 1
    outer loop
      vertex 5.022510948807001 1.3403545195311308 9.1111
      vertex 5.600257723808289 2.008130955323577 9.1111
      vertex 5.484967780411243 2.0844688456058504 9.1111
    endloop
  endfacet
  facet normal 0 0 1
    outer loop
      vertex 5.067121492415667 1.2997679427415132 9.1111
      vertex 5.7081953028291466 1.922812130972743 9.1111
      vertex 5.600257723808289 2.008130955323577 9.1111
    endloop
  endfacet
  facet normal -0.33841719024275596 -0.9409961771166757 3.239408095380549e-18
    outer loop
      vertex 5.094983726039529 2.2595969499647617 9.1111
      vertex 5.232330777734518 2.210201846718788 9.1111
      vertex 5.232330777734518 2.210201846718788 9.5692
    endloop
  endfacet
  facet normal -0.4096550862327066 -0.9122404893029435 -2.0365696800723157e-18
    outer loop
      vertex 5.232330777734518 2.210201846718788 9.1111
      vertex 5.36232546505332 2.151825809404254 9.1111
      vertex 5.36232546505332 2.151825809404254 9.5692
    endloop
  endfacet
  facet normal -0.48139020858049586 -0.8765063987689004 0
    outer loop
      vertex 5.484967780411243 2.0844688456058504 9.1111
      vertex 5.484967780411243 2.0844688456058504 9.5692
      vertex 5.36232546505332 2.151825809404254 9.1111
    endloop
  endfacet
  facet normal -0.6201140748131078 -0.7845116533351708 0
    outer loop
      vertex 5.7081953028291466 1.922812130972743 9.1111
      vertex 5.7081953028291466 1.922812130972743 9.5692
      vertex 5.600257723808289 2.008130955323577 9.1111
    endloop
  endfacet
  facet normal -0.5520835275834954 -0.8337888093342125 -7.716319165494254e-18
    outer loop
      vertex 5.484967780411243 2.0844688456058504 9.1111
      vertex 5.600257723808289 2.008130955323577 9.1111
      vertex 5.600257723808289 2.008130955323577 9.5692
    endloop
  endfacet
  facet normal -0.4096550862327066 -0.9122404893029435 0
    outer loop
      vertex 5.232330777734518 2.210201846718788 9.1111
      vertex 5.36232546505332 2.151825809404254 9.5692
      vertex 5.232330777734518 2.210201846718788 9.5692
    endloop
  endfacet
  facet normal -0.48139020858049586 -0.8765063987689004 0
    outer loop
      vertex 5.36232546505332 2.151825809404254 9.1111
      vertex 5.484967780411243 2.0844688456058504 9.5692
      vertex 5.36232546505332 2.151825809404254 9.5692
    endloop
  endfacet
  facet normal -0.6201140748131078 -0.7845116533351708 0
    outer loop
      vertex 5.600257723808289 2.008130955323577 9.1111
      vertex 5.7081953028291466 1.922812130972743 9.5692
      vertex 5.600257723808289 2.008130955323577 9.5692
    endloop
  endfacet
  facet normal -0.6839454199492259 -0.7295331812402208 0
    outer loop
      vertex 5.7081953028291466 1.922812130972743 9.1111
      vertex 5.808780509889126 1.8285123877227307 9.5692
      vertex 5.7081953028291466 1.922812130972743 9.5692
    endloop
  endfacet
  facet normal -0.5520835275834954 -0.8337888093342125 0
    outer loop
      vertex 5.484967780411243 2.0844688456058504 9.1111
      vertex 5.600257723808289 2.008130955323577 9.5692
      vertex 5.484967780411243 2.0844688456058504 9.5692
    endloop
  endfacet
  facet normal 0 0 1
    outer loop
      vertex 5.347973925024271 0.7586136007159948 9.1111
      vertex 6.30476158490777 0.7586136007159948 9.1111
      vertex 6.299796486869455 0.8245480177849531 9.1111
    endloop
  endfacet
  facet normal 0 0 1
    outer loop
      vertex 5.347973925024271 0.7586136007159948 9.1111
      vertex 6.299796486869455 0.8245480177849531 9.1111
      vertex 6.291596495345235 0.8904466502815486 9.1111
    endloop
  endfacet
  facet normal 0 1 0
    outer loop
      vertex 5.347973925024271 0.7586136007159948 9.1111
      vertex 6.158900000000001 0.7586136007159948 9.5692
      vertex 6.30476158490777 0.7586136007159948 9.1111
    endloop
  endfacet
  facet normal 0 0 1
    outer loop
      vertex 5.302137361615896 0.9019880546927452 9.1111
      vertex 6.202073180943728 1.2194031048566103 9.1111
      vertex 6.174463851258158 1.2850870602577924 9.1111
    endloop
  endfacet
  facet normal 0 0 1
    outer loop
      vertex 5.347973925024271 0.7586136007159948 9.1111
      vertex 6.291596495345235 0.8904466502815486 9.1111
      vertex 6.280161617919803 0.956309498205781 9.1111
    endloop
  endfacet
  facet normal 0 0 1
    outer loop
      vertex 5.347973925024271 0.7586136007159948 9.1111
      vertex 6.280161617919803 0.956309498205781 9.1111
      vertex 6.265491847008467 1.0221365767270327 9.1111
    endloop
  endfacet
  facet normal 0 0 1
    outer loop
      vertex 5.333319604128599 0.8083166348338128 9.1111
      vertex 6.265491847008467 1.0221365767270327 9.1111
      vertex 6.247587182611227 1.0879278630912304 9.1111
    endloop
  endfacet
  facet normal 0 0 1
    outer loop
      vertex 5.333319604128599 0.8083166348338128 9.1111
      vertex 6.247587182611227 1.0879278630912304 9.1111
      vertex 6.226447624728084 1.1536833800524473 9.1111
    endloop
  endfacet
  facet normal 0 0 1
    outer loop
      vertex 5.318040752187371 0.8561081220209599 9.1111
      vertex 6.226447624728084 1.1536833800524473 9.1111
      vertex 6.202073180943728 1.2194031048566103 9.1111
    endloop
  endfacet
  facet normal -0.9971766867920754 -0.07509098027312822 0
    outer loop
      vertex 6.30476158490777 0.7586136007159948 9.1111
      vertex 6.30476158490777 0.7586136007159948 9.112264275012262
      vertex 6.299796486869455 0.8245480177849531 9.1111
    endloop
  endfacet
  facet normal -0.9923469228139611 -0.1234811110318586 0
    outer loop
      vertex 6.299796486869455 0.8245480177849531 9.1111
      vertex 6.299796486869455 0.8245480177849531 9.127818272133625
      vertex 6.291596495345235 0.8904466502815486 9.1111
    endloop
  endfacet
  facet normal -0.9971766867920753 -0.07509098027312822 0
    outer loop
      vertex 6.299796486869455 0.8245480177849531 9.1111
      vertex 6.30476158490777 0.7586136007159948 9.112264275012262
      vertex 6.299796486869455 0.8245480177849531 9.127818272133625
    endloop
  endfacet
  facet normal 0 1 0
    outer loop
      vertex 6.30476158490777 0.7586136007159948 9.1111
      vertex 6.158900000000001 0.7586136007159948 9.5692
      vertex 6.30476158490777 0.7586136007159948 9.112264275012262
    endloop
  endfacet
  facet normal -0.9923469228139613 -0.1234811110318586 0
    outer loop
      vertex 6.291596495345235 0.8904466502815486 9.1111
      vertex 6.299796486869455 0.8245480177849531 9.127818272133625
      vertex 6.291596495345235 0.8904466502815486 9.153506112248497
    endloop
  endfacet
  facet normal -0.985261034176781 -0.1710575766603157 0
    outer loop
      vertex 6.291596495345235 0.8904466502815486 9.1111
      vertex 6.291596495345235 0.8904466502815486 9.153506112248497
      vertex 6.280161617919803 0.956309498205781 9.1111
    endloop
  endfacet
  facet normal -0.985261034176781 -0.1710575766603157 0
    outer loop
      vertex 6.280161617919803 0.956309498205781 9.1111
      vertex 6.291596495345235 0.8904466502815486 9.153506112248497
      vertex 6.280161617919803 0.956309498205781 9.189327771596568
    endloop
  endfacet
  facet normal -0.976056477418413 -0.2175172473381338 0
    outer loop
      vertex 6.280161617919803 0.956309498205781 9.1111
      vertex 6.280161617919803 0.956309498205781 9.189327771596568
      vertex 6.265491847008467 1.0221365767270327 9.1111
    endloop
  endfacet
  facet normal -0.9760564774184131 -0.21751724733813382 0
    outer loop
      vertex 6.265491847008467 1.0221365767270327 9.1111
      vertex 6.280161617919803 0.956309498205781 9.189327771596568
      vertex 6.265491847008467 1.0221365767270327 9.235283273938148
    endloop
  endfacet
  facet normal -0.9649066911286351 -0.2625929881302794 0
    outer loop
      vertex 6.265491847008467 1.0221365767270327 9.1111
      vertex 6.265491847008467 1.0221365767270327 9.235283273938148
      vertex 6.247587182611227 1.0879278630912304 9.1111
    endloop
  endfacet
  facet normal -0.9520122957621883 -0.3060597796470613 0
    outer loop
      vertex 6.247587182611227 1.0879278630912304 9.1111
      vertex 6.247587182611227 1.0879278630912304 9.291372619273233
      vertex 6.226447624728084 1.1536833800524473 9.1111
    endloop
  endfacet
  facet normal -0.9649066911286349 -0.2625929881302793 0
    outer loop
      vertex 6.247587182611227 1.0879278630912304 9.1111
      vertex 6.265491847008467 1.0221365767270327 9.235283273938148
      vertex 6.247587182611227 1.0879278630912304 9.291372619273233
    endloop
  endfacet
  facet normal -0.9520122957621883 -0.3060597796470613 0
    outer loop
      vertex 6.226447624728084 1.1536833800524473 9.1111
      vertex 6.247587182611227 1.0879278630912304 9.291372619273233
      vertex 6.226447624728084 1.1536833800524473 9.357595807601827
    endloop
  endfacet
  facet normal 0 0 1
    outer loop
      vertex 5.285609439998865 0.9459564404338598 9.1111
      vertex 6.174463851258158 1.2850870602577924 9.1111
      vertex 6.143619620501995 1.3507352310866119 9.1111
    endloop
  endfacet
  facet normal 0 0 1
    outer loop
      vertex 5.268456979751587 0.9880132716596127 9.1111
      vertex 6.143619620501995 1.3507352310866119 9.1111
      vertex 6.1095405114293095 1.4163476173430682 9.1111
    endloop
  endfacet
  facet normal 0 0 1
    outer loop
      vertex 5.232278466120363 1.066392285734415 9.1111
      vertex 6.07222650128603 1.4819242266118526 9.1111
      vertex 6.031677605241537 1.5474650513082744 9.1111
    endloop
  endfacet
  facet normal 0 0 1
    outer loop
      vertex 5.250679988458753 1.0281585559546949 9.1111
      vertex 6.1095405114293095 1.4163476173430682 9.1111
      vertex 6.07222650128603 1.4819242266118526 9.1111
    endloop
  endfacet
  facet normal -0.8313833241014728 -0.5556993507338169 0
    outer loop
      vertex 6.031677605241537 1.5474650513082744 9.1111
      vertex 6.031677605241537 1.5474650513082744 9.5692
      vertex 5.987893815711141 1.6129700990170242 9.1111
    endloop
  endfacet
  facet normal -0.7942439250637429 -0.6075990351369392 7.489437140271393e-18
    outer loop
      vertex 5.902013344988227 1.7252317028194666 9.1111
      vertex 5.987893815711141 1.6129700990170242 9.1111
      vertex 5.987893815711141 1.6129700990170242 9.5692
    endloop
  endfacet
  facet normal -0.869145711368785 -0.494556096321993 0
    outer loop
      vertex 6.1095405114293095 1.4163476173430682 9.1111
      vertex 6.1095405114293095 1.4163476173430682 9.5692
      vertex 6.07222650128603 1.4819242266118526 9.1111
    endloop
  endfacet
  facet normal -0.9050789416448533 -0.4252435883009081 0
    outer loop
      vertex 6.174463851258158 1.2850870602577924 9.1111
      vertex 6.174463851258158 1.2850870602577924 9.520443641958611
      vertex 6.143619620501995 1.3507352310866119 9.1111
    endloop
  endfacet
  facet normal -0.8874344517900264 -0.4609339364552532 0
    outer loop
      vertex 6.143619620501995 1.3507352310866119 9.1111
      vertex 6.143619620501995 1.3507352310866119 9.5692
      vertex 6.1095405114293095 1.4163476173430682 9.1111
    endloop
  endfacet
  facet normal -0.9375915895828338 -0.34773842345006245 0
    outer loop
      vertex 6.226447624728084 1.1536833800524473 9.1111
      vertex 6.226447624728084 1.1536833800524473 9.357595807601827
      vertex 6.202073180943728 1.2194031048566103 9.1111
    endloop
  endfacet
  facet normal -0.9218714880255554 -0.3874957542548669 0
    outer loop
      vertex 6.202073180943728 1.2194031048566103 9.1111
      vertex 6.202073180943728 1.2194031048566103 9.433952815163618
      vertex 6.174463851258158 1.2850870602577924 9.1111
    endloop
  endfacet
  facet normal -0.8504044566524871 -0.5261295088717115 0
    outer loop
      vertex 6.07222650128603 1.4819242266118526 9.1111
      vertex 6.07222650128603 1.4819242266118526 9.5692
      vertex 6.031677605241537 1.5474650513082744 9.1111
    endloop
  endfacet
  facet normal -0.8504044566524871 -0.5261295088717115 0
    outer loop
      vertex 6.031677605241537 1.5474650513082744 9.1111
      vertex 6.07222650128603 1.4819242266118526 9.5692
      vertex 6.031677605241537 1.5474650513082744 9.5692
    endloop
  endfacet
  facet normal -0.7942439250637429 -0.6075990351369392 0
    outer loop
      vertex 5.902013344988227 1.7252317028194666 9.1111
      vertex 5.987893815711141 1.6129700990170242 9.5692
      vertex 5.902013344988227 1.7252317028194666 9.5692
    endloop
  endfacet
  facet normal -0.8313833241014728 -0.5556993507338169 0
    outer loop
      vertex 5.987893815711141 1.6129700990170242 9.1111
      vertex 6.031677605241537 1.5474650513082744 9.5692
      vertex 5.987893815711141 1.6129700990170242 9.5692
    endloop
  endfacet
  facet normal -0.9218714880255554 -0.38749575425486693 0
    outer loop
      vertex 6.174463851258158 1.2850870602577924 9.1111
      vertex 6.202073180943728 1.2194031048566103 9.433952815163618
      vertex 6.174463851258158 1.2850870602577924 9.520443641958611
    endloop
  endfacet
  facet normal -0.9050789416448495 -0.42524358830091635 0
    outer loop
      vertex 6.143619620501995 1.3507352310866119 9.1111
      vertex 6.158900000000001 1.3182128131490591 9.5692
      vertex 6.143619620501995 1.3507352310866119 9.5692
    endloop
  endfacet
  facet normal -0.9050789416448564 -0.42524358830090153 1.284561148373166e-15
    outer loop
      vertex 6.143619620501995 1.3507352310866119 9.1111
      vertex 6.174463851258158 1.2850870602577924 9.520443641958611
      vertex 6.158900000000001 1.3182128131490591 9.5692
    endloop
  endfacet
  facet normal -0.8874344517900264 -0.4609339364552532 0
    outer loop
      vertex 6.1095405114293095 1.4163476173430682 9.1111
      vertex 6.143619620501995 1.3507352310866119 9.5692
      vertex 6.1095405114293095 1.4163476173430682 9.5692
    endloop
  endfacet
  facet normal -0.9375915895828338 -0.34773842345006245 0
    outer loop
      vertex 6.202073180943728 1.2194031048566103 9.1111
      vertex 6.226447624728084 1.1536833800524473 9.357595807601827
      vertex 6.202073180943728 1.2194031048566103 9.433952815163618
    endloop
  endfacet
  facet normal -0.869145711368785 -0.494556096321993 0
    outer loop
      vertex 6.07222650128603 1.4819242266118526 9.1111
      vertex 6.1095405114293095 1.4163476173430682 9.5692
      vertex 6.07222650128603 1.4819242266118526 9.5692
    endloop
  endfacet
  facet normal -0.6839454199492259 -0.7295331812402208 1.2313724851418364e-17
    outer loop
      vertex 5.7081953028291466 1.922812130972743 9.1111
      vertex 5.808780509889126 1.8285123877227307 9.1111
      vertex 5.808780509889126 1.8285123877227307 9.5692
    endloop
  endfacet
  facet normal -0.742291892551576 -0.670076671920609 0
    outer loop
      vertex 5.902013344988227 1.7252317028194666 9.1111
      vertex 5.902013344988227 1.7252317028194666 9.5692
      vertex 5.808780509889126 1.8285123877227307 9.1111
    endloop
  endfacet
  facet normal -0.742291892551576 -0.670076671920609 0
    outer loop
      vertex 5.808780509889126 1.8285123877227307 9.1111
      vertex 5.902013344988227 1.7252317028194666 9.5692
      vertex 5.808780509889126 1.8285123877227307 9.5692
    endloop
  endfacet
  facet normal -0.13947476534301054 -0.990225625719973 -1.5227331669919739e-18
    outer loop
      vertex 4.638828346773982 2.3538967007994653 9.1111
      vertex 4.798232514351606 2.3314443845897914 9.1111
      vertex 4.798232514351606 2.3314443845897914 9.5692
    endloop
  endfacet
  facet normal -0.2024466251756314 -0.979293298228369 6.4486886154804235e-19
    outer loop
      vertex 4.798232514351606 2.3314443845897914 9.1111
      vertex 4.950284302383661 2.300011134311557 9.1111
      vertex 4.950284302383661 2.300011134311557 9.5692
    endloop
  endfacet
  facet normal -0.13947476534301054 -0.990225625719973 0
    outer loop
      vertex 4.638828346773982 2.3538967007994653 9.1111
      vertex 4.798232514351606 2.3314443845897914 9.5692
      vertex 4.638828346773982 2.3538967007994653 9.5692
    endloop
  endfacet
  facet normal -0.2024466251756314 -0.979293298228369 0
    outer loop
      vertex 4.798232514351606 2.3314443845897914 9.1111
      vertex 4.950284302383661 2.300011134311557 9.5692
      vertex 4.798232514351606 2.3314443845897914 9.5692
    endloop
  endfacet
endsolid OpenSCAD_Model
