solid OpenSCAD_Model
  facet normal 0 0 -1
    outer loop
      vertex -8.215689655172413 8.215689655172413 0
      vertex -8.215689655172413 0 0
      vertex -9.05 0 0
    endloop
  endfacet
  facet normal -1 0 0
    outer loop
      vertex -9.05 9.05 0
      vertex -9.05 0 0
      vertex -9.05 0 0.002
    endloop
  endfacet
  facet normal -0.9526404687211405 0 0.3040988940373932
    outer loop
      vertex -6.050000000000001 6.050000000000001 9.4
      vertex -9.05 0 0.002
      vertex -6.050000000000001 0 9.4
    endloop
  endfacet
  facet normal 0 0 1
    outer loop
      vertex -6.050000000000001 6.050000000000001 9.4
      vertex -6.050000000000001 0 9.4
      vertex -5.921977497637272 0 9.4
    endloop
  endfacet
  facet normal 0 0 1
    outer loop
      vertex -5.921977497637272 2.246399998664856 9.4
      vertex -6.050000000000001 6.050000000000001 9.4
      vertex -5.921977497637272 0 9.4
    endloop
  endfacet
  facet normal 0 0 1
    outer loop
      vertex -5.921977497637272 2.246399998664856 9.4
      vertex -2.6232525035738945 2.246399998664856 9.4
      vertex -6.050000000000001 6.050000000000001 9.4
    endloop
  endfacet
  facet normal 0 0 1
    outer loop
      vertex -5.0034374967217445 0.49248000234365463 9.4
      vertex -2.818552501499653 0.49248000234365463 9.4
      vertex -5.0034374967217445 1.4486399963498116 9.4
    endloop
  endfacet
  facet normal 0 0 1
    outer loop
      vertex -5.0034374967217445 1.4486399963498116 9.4
      vertex -2.818552501499653 0.49248000234365463 9.4
      vertex -2.6232525035738945 1.4486399963498116 9.4
    endloop
  endfacet
  facet normal 0 0 1
    outer loop
      vertex -2.818552501499653 0.49248000234365463 9.4
      vertex -2.818552501499653 0 9.4
      vertex -1.4694525003433228 0 9.4
    endloop
  endfacet
  facet normal 0 0 1
    outer loop
      vertex -2.818552501499653 0.49248000234365463 9.4
      vertex -1.9241325035691261 0.9729899987578392 9.4
      vertex -2.6232525035738945 1.4486399963498116 9.4
    endloop
  endfacet
  facet normal 0 0 1
    outer loop
      vertex -2.6232525035738945 1.4486399963498116 9.4
      vertex -1.8591288030147552 1.4072999134659767 9.4
      vertex -2.6232525035738945 2.246399998664856 9.4
    endloop
  endfacet
  facet normal 0 0 1
    outer loop
      vertex -2.818552501499653 0.49248000234365463 9.4
      vertex -1.5367128551006317 0.04994148015975952 9.4
      vertex -1.5985923781991005 0.10403361171483994 9.4
    endloop
  endfacet
  facet normal 0 0 1
    outer loop
      vertex -2.818552501499653 0.49248000234365463 9.4
      vertex -1.5985923781991005 0.10403361171483994 9.4
      vertex -1.6550910770893097 0.16227638721466064 9.4
    endloop
  endfacet
  facet normal 0 0 1
    outer loop
      vertex -2.818552501499653 0.49248000234365463 9.4
      vertex -1.4694525003433228 0 9.4
      vertex -1.5367128551006317 0.04994148015975952 9.4
    endloop
  endfacet
  facet normal 0 0 1
    outer loop
      vertex -2.818552501499653 0.49248000234365463 9.4
      vertex -1.6550910770893097 0.16227638721466064 9.4
      vertex -1.7062089517712593 0.22466982156038284 9.4
    endloop
  endfacet
  facet normal 0 0 1
    outer loop
      vertex -2.818552501499653 0.49248000234365463 9.4
      vertex -1.7062089517712593 0.22466982156038284 9.4
      vertex -1.7519459947943687 0.29121390730142593 9.4
    endloop
  endfacet
  facet normal 0 0 1
    outer loop
      vertex -2.818552501499653 0.49248000234365463 9.4
      vertex -1.7519459947943687 0.29121390730142593 9.4
      vertex -1.792302206158638 0.3619086369872093 9.4
    endloop
  endfacet
  facet normal 0 0 1
    outer loop
      vertex -2.818552501499653 0.49248000234365463 9.4
      vertex -1.792302206158638 0.3619086369872093 9.4
      vertex -1.827277585864067 0.4367540255188942 9.4
    endloop
  endfacet
  facet normal 0 0 1
    outer loop
      vertex -2.818552501499653 0.49248000234365463 9.4
      vertex -1.827277585864067 0.4367540255188942 9.4
      vertex -1.8568721413612366 0.5157500579953194 9.4
    endloop
  endfacet
  facet normal 0 0 1
    outer loop
      vertex -2.818552501499653 0.49248000234365463 9.4
      vertex -1.8568721413612366 0.5157500579953194 9.4
      vertex -1.8810858726501465 0.5988967418670654 9.4
    endloop
  endfacet
  facet normal 0 0 1
    outer loop
      vertex -2.818552501499653 0.49248000234365463 9.4
      vertex -1.8810858726501465 0.5988967418670654 9.4
      vertex -1.8999187722802162 0.686194084584713 9.4
    endloop
  endfacet
  facet normal 0 0 1
    outer loop
      vertex -2.818552501499653 0.49248000234365463 9.4
      vertex -1.8999187722802162 0.686194084584713 9.4
      vertex -1.9133708402514458 0.7776420712471008 9.4
    endloop
  endfacet
  facet normal 0 0 1
    outer loop
      vertex -2.818552501499653 0.49248000234365463 9.4
      vertex -1.9133708402514458 0.7776420712471008 9.4
      vertex -1.9214420840144157 0.8732407093048096 9.4
    endloop
  endfacet
  facet normal 0 0 1
    outer loop
      vertex -2.818552501499653 0.49248000234365463 9.4
      vertex -1.9214420840144157 0.8732407093048096 9.4
      vertex -1.9241325035691261 0.9729899987578392 9.4
    endloop
  endfacet
  facet normal 0 0 1
    outer loop
      vertex -1.008958712220192 0.8438266888260841 9.4
      vertex -0.9925267919898033 0.8161343783140182 9.4
      vertex -0.9735668823122978 0.7898863330483437 9.4
    endloop
  endfacet
  facet normal 0 0 1
    outer loop
      vertex -1.008958712220192 0.8438266888260841 9.4
      vertex -0.9735668823122978 0.7898863330483437 9.4
      vertex -1.0228626504540443 0.8729632571339607 9.4
    endloop
  endfacet
  facet normal 0 0 1
    outer loop
      vertex -0.9520789757370949 0.7650825455784798 9.4
      vertex -1.0342385917901993 0.903544083237648 9.4
      vertex -1.0228626504540443 0.8729632571339607 9.4
    endloop
  endfacet
  facet normal 0 0 1
    outer loop
      vertex -1.0531985089182854 1.0039521306753159 9.4
      vertex -0.8178767338395119 0.667942188680172 9.4
      vertex -0.7912228852510452 0.6552495285868645 9.4
    endloop
  endfacet
  facet normal 0 0 1
    outer loop
      vertex -1.0531985089182854 1.0039521306753159 9.4
      vertex -0.7912228852510452 0.6552495285868645 9.4
      vertex -0.7608859613537788 0.6422320082783699 9.4
    endloop
  endfacet
  facet normal 0 0 1
    outer loop
      vertex -0.9520789757370949 0.7650825455784798 9.4
      vertex -1.0228626504540443 0.8729632571339607 9.4
      vertex -0.9735668823122978 0.7898863330483437 9.4
    endloop
  endfacet
  facet normal 0 0 1
    outer loop
      vertex -0.9280630946159363 0.7417230159044266 9.4
      vertex -0.9015192165970802 0.7198077514767647 9.4
      vertex -1.043086551129818 0.9355691745877266 9.4
    endloop
  endfacet
  facet normal 0 0 1
    outer loop
      vertex -0.9280630946159363 0.7417230159044266 9.4
      vertex -1.0342385917901993 0.903544083237648 9.4
      vertex -0.9520789757370949 0.7650825455784798 9.4
    endloop
  endfacet
  facet normal 0 0 1
    outer loop
      vertex -0.8724473491311073 0.6993367448449135 9.4
      vertex -0.8408474996685982 0.6803100034594536 9.4
      vertex -1.0531985089182854 1.0039521306753159 9.4
    endloop
  endfacet
  facet normal 0 0 1
    outer loop
      vertex -0.8724473491311073 0.6993367448449135 9.4
      vertex -1.0494065210223198 0.9690385237336159 9.4
      vertex -0.9015192165970802 0.7198077514767647 9.4
    endloop
  endfacet
  facet normal 0 0 1
    outer loop
      vertex -1.0531985089182854 1.0039521306753159 9.4
      vertex -0.8408474996685982 0.6803100034594536 9.4
      vertex -0.8178767338395119 0.667942188680172 9.4
    endloop
  endfacet
  facet normal 0 0 1
    outer loop
      vertex -1.0531985089182854 1.0039521306753159 9.4
      vertex -0.7608859613537788 0.6422320082783699 9.4
      vertex -0.7268659621477127 0.6288896426558495 9.4
    endloop
  endfacet
  facet normal 0 0 1
    outer loop
      vertex -1.0544624999165535 1.0403100028634071 9.4
      vertex -0.7268659621477127 0.6288896426558495 9.4
      vertex -0.6891628876328468 0.6152224242687225 9.4
    endloop
  endfacet
  facet normal 0 0 1
    outer loop
      vertex -1.0544624999165535 1.0403100028634071 9.4
      vertex -0.6891628876328468 0.6152224242687225 9.4
      vertex -0.6477767303586006 0.6012303531169891 9.4
    endloop
  endfacet
  facet normal 0 0 1
    outer loop
      vertex -1.0544624999165535 1.0403100028634071 9.4
      vertex -0.6027074977755547 0.5869134292006493 9.4
      vertex -0.553955189883709 0.5722716599702835 9.4
    endloop
  endfacet
  facet normal 0 0 1
    outer loop
      vertex -1.0544624999165535 1.0403100028634071 9.4
      vertex -0.6477767303586006 0.6012303531169891 9.4
      vertex -0.6027074977755547 0.5869134292006493 9.4
    endloop
  endfacet
  facet normal 0 0 1
    outer loop
      vertex -0.9280630946159363 0.7417230159044266 9.4
      vertex -1.043086551129818 0.9355691745877266 9.4
      vertex -1.0342385917901993 0.903544083237648 9.4
    endloop
  endfacet
  facet normal 0 0 1
    outer loop
      vertex -0.9015192165970802 0.7198077514767647 9.4
      vertex -1.0494065210223198 0.9690385237336159 9.4
      vertex -1.043086551129818 0.9355691745877266 9.4
    endloop
  endfacet
  facet normal 0 0 1
    outer loop
      vertex -0.8724473491311073 0.6993367448449135 9.4
      vertex -1.0531985089182854 1.0039521306753159 9.4
      vertex -1.0494065210223198 0.9690385237336159 9.4
    endloop
  endfacet
  facet normal 0 0 1
    outer loop
      vertex -1.0531985089182854 1.0039521306753159 9.4
      vertex -0.7268659621477127 0.6288896426558495 9.4
      vertex -1.0544624999165535 1.0403100028634071 9.4
    endloop
  endfacet
  facet normal 0 0 1
    outer loop
      vertex -1.0544624999165535 1.0403100028634071 9.4
      vertex -0.553955189883709 0.5722716599702835 9.4
      vertex -1.0531803965568542 1.0799856185913086 9.4
    endloop
  endfacet
  facet normal 0 0 1
    outer loop
      vertex -1.0531803965568542 1.0799856185913086 9.4
      vertex -0.553955189883709 0.5722716599702835 9.4
      vertex -1.049334093928337 1.1182894110679626 9.4
    endloop
  endfacet
  facet normal 0 0 1
    outer loop
      vertex -1.049334093928337 1.1182894110679626 9.4
      vertex -0.553955189883709 0.5722716599702835 9.4
      vertex -1.042923592031002 1.1552213579416275 9.4
    endloop
  endfacet
  facet normal 0 0 1
    outer loop
      vertex -0.553955189883709 0.5722716599702835 9.4
      vertex -1.033948890864849 1.190781481564045 9.4
      vertex -1.042923592031002 1.1552213579416275 9.4
    endloop
  endfacet
  facet normal 0 0 1
    outer loop
      vertex -0.553955189883709 0.5722716599702835 9.4
      vertex -1.0224099829792976 1.2249697670340538 9.4
      vertex -1.033948890864849 1.190781481564045 9.4
    endloop
  endfacet
  facet normal 0 0 1
    outer loop
      vertex -0.553955189883709 0.5722716599702835 9.4
      vertex -1.0083068758249283 1.257786214351654 9.4
      vertex -1.0224099829792976 1.2249697670340538 9.4
    endloop
  endfacet
  facet normal 0 0 1
    outer loop
      vertex -0.553955189883709 0.5722716599702835 9.4
      vertex -0.991639569401741 1.2892308309674263 9.4
      vertex -1.0083068758249283 1.257786214351654 9.4
    endloop
  endfacet
  facet normal 0 0 1
    outer loop
      vertex -0.553955189883709 0.5722716599702835 9.4
      vertex -0.9724080637097359 1.31930360943079 9.4
      vertex -0.991639569401741 1.2892308309674263 9.4
    endloop
  endfacet
  facet normal 0 0 1
    outer loop
      vertex -0.553955189883709 0.5722716599702835 9.4
      vertex -0.9506123512983322 1.3480045571923256 9.4
      vertex -0.9724080637097359 1.31930360943079 9.4
    endloop
  endfacet
  facet normal 0 0 1
    outer loop
      vertex -0.553955189883709 0.5722716599702835 9.4
      vertex -0.9262524396181107 1.3753336668014526 9.4
      vertex -0.9506123512983322 1.3480045571923256 9.4
    endloop
  endfacet
  facet normal 0 0 1
    outer loop
      vertex -0.553955189883709 0.5722716599702835 9.4
      vertex -0.8993283286690712 1.4012909457087517 9.4
      vertex -0.9262524396181107 1.3753336668014526 9.4
    endloop
  endfacet
  facet normal 0 0 1
    outer loop
      vertex -0.5015198066830635 0.5573050305247307 9.4
      vertex -0.5156577974557877 1.5738587602972984 9.4
      vertex -0.553955189883709 0.5722716599702835 9.4
    endloop
  endfacet
  facet normal 0 0 1
    outer loop
      vertex -0.5015198066830635 0.5573050305247307 9.4
      vertex -0.4454013481736183 0.5420135483145714 9.4
      vertex -0.4675935357809067 1.5816568061709404 9.4
    endloop
  endfacet
  facet normal 0 0 1
    outer loop
      vertex -0.4454013481736183 0.5420135483145714 9.4
      vertex -0.3855998069047928 0.5263972207903862 9.4
      vertex -0.36626631766557693 1.5920542031526566 9.4
    endloop
  endfacet
  facet normal 0 0 1
    outer loop
      vertex -0.3855998069047928 0.5263972207903862 9.4
      vertex -0.3221151903271675 0.510456033051014 9.4
      vertex -0.3130033612251282 1.5946535468101501 9.4
    endloop
  endfacet
  facet normal 0 0 1
    outer loop
      vertex -0.3221151903271675 0.510456033051014 9.4
      vertex -0.2549474984407425 0.4941899999976158 9.4
      vertex -0.2084055170416832 1.5948519259691238 9.4
    endloop
  endfacet
  facet normal 0 0 1
    outer loop
      vertex -2.6232525035738945 1.4486399963498116 9.4
      vertex -1.9241325035691261 0.9729899987578392 9.4
      vertex -1.921532355248928 1.0646885484457016 9.4
    endloop
  endfacet
  facet normal 0 0 1
    outer loop
      vertex -2.6232525035738945 1.4486399963498116 9.4
      vertex -1.921532355248928 1.0646885484457016 9.4
      vertex -1.913731910288334 1.1539688184857368 9.4
    endloop
  endfacet
  facet normal 0 0 1
    outer loop
      vertex -2.6232525035738945 1.4486399963498116 9.4
      vertex -1.913731910288334 1.1539688184857368 9.4
      vertex -1.9007311686873436 1.2408308014273643 9.4
    endloop
  endfacet
  facet normal 0 0 1
    outer loop
      vertex -2.6232525035738945 1.4486399963498116 9.4
      vertex -1.9007311686873436 1.2408308014273643 9.4
      vertex -1.8825301304459572 1.325274497270584 9.4
    endloop
  endfacet
  facet normal 0 0 1
    outer loop
      vertex -2.6232525035738945 1.4486399963498116 9.4
      vertex -1.8825301304459572 1.325274497270584 9.4
      vertex -1.8591288030147552 1.4072999134659767 9.4
    endloop
  endfacet
  facet normal 0 0 1
    outer loop
      vertex -0.553955189883709 0.5722716599702835 9.4
      vertex -0.8698400184512138 1.4258763939142227 9.4
      vertex -0.8993283286690712 1.4012909457087517 9.4
    endloop
  endfacet
  facet normal 0 0 1
    outer loop
      vertex -0.553955189883709 0.5722716599702835 9.4
      vertex -0.837787501513958 1.4490899965167046 9.4
      vertex -0.8698400184512138 1.4258763939142227 9.4
    endloop
  endfacet
  facet normal 0 0 1
    outer loop
      vertex -0.553955189883709 0.5722716599702835 9.4
      vertex -0.8035864382982254 1.470751240849495 9.4
      vertex -0.837787501513958 1.4490899965167046 9.4
    endloop
  endfacet
  facet normal 0 0 1
    outer loop
      vertex -0.553955189883709 0.5722716599702835 9.4
      vertex -0.7676524668931961 1.4906795844435692 9.4
      vertex -0.8035864382982254 1.470751240849495 9.4
    endloop
  endfacet
  facet normal 0 0 1
    outer loop
      vertex -0.553955189883709 0.5722716599702835 9.4
      vertex -0.7299856096506119 1.5088750272989273 9.4
      vertex -0.7676524668931961 1.4906795844435692 9.4
    endloop
  endfacet
  facet normal 0 0 1
    outer loop
      vertex -0.553955189883709 0.5722716599702835 9.4
      vertex -0.6905858442187309 1.52533757686615 9.4
      vertex -0.7299856096506119 1.5088750272989273 9.4
    endloop
  endfacet
  facet normal 0 0 1
    outer loop
      vertex -0.553955189883709 0.5722716599702835 9.4
      vertex -0.6494531780481339 1.5400672182440758 9.4
      vertex -0.6905858442187309 1.52533757686615 9.4
    endloop
  endfacet
  facet normal 0 0 1
    outer loop
      vertex -0.553955189883709 0.5722716599702835 9.4
      vertex -0.6065876185894012 1.5530639663338661 9.4
      vertex -0.6494531780481339 1.5400672182440758 9.4
    endloop
  endfacet
  facet normal 0 0 1
    outer loop
      vertex -0.553955189883709 0.5722716599702835 9.4
      vertex -0.5619891583919525 1.5643278136849403 9.4
      vertex -0.6065876185894012 1.5530639663338661 9.4
    endloop
  endfacet
  facet normal 0 0 1
    outer loop
      vertex -0.553955189883709 0.5722716599702835 9.4
      vertex -0.5156577974557877 1.5738587602972984 9.4
      vertex -0.5619891583919525 1.5643278136849403 9.4
    endloop
  endfacet
  facet normal 0 0 1
    outer loop
      vertex -0.5015198066830635 0.5573050305247307 9.4
      vertex -0.4675935357809067 1.5816568061709404 9.4
      vertex -0.5156577974557877 1.5738587602972984 9.4
    endloop
  endfacet
  facet normal 0 0 1
    outer loop
      vertex -0.4454013481736183 0.5420135483145714 9.4
      vertex -0.41779637336730957 1.5877219513058662 9.4
      vertex -0.4675935357809067 1.5816568061709404 9.4
    endloop
  endfacet
  facet normal 0 0 1
    outer loop
      vertex -0.4454013481736183 0.5420135483145714 9.4
      vertex -0.36626631766557693 1.5920542031526566 9.4
      vertex -0.41779637336730957 1.5877219513058662 9.4
    endloop
  endfacet
  facet normal 0 0 1
    outer loop
      vertex -0.3855998069047928 0.5263972207903862 9.4
      vertex -0.3130033612251282 1.5946535468101501 9.4
      vertex -0.36626631766557693 1.5920542031526566 9.4
    endloop
  endfacet
  facet normal 0 0 1
    outer loop
      vertex -0.3221151903271675 0.510456033051014 9.4
      vertex -0.2580074965953827 1.5955199971795082 9.4
      vertex -0.3130033612251282 1.5946535468101501 9.4
    endloop
  endfacet
  facet normal 0 0 1
    outer loop
      vertex -0.3221151903271675 0.510456033051014 9.4
      vertex -0.2084055170416832 1.5948519259691238 9.4
      vertex -0.2580074965953827 1.5955199971795082 9.4
    endloop
  endfacet
  facet normal 0 0 1
    outer loop
      vertex -0.2549474984407425 0.4941899999976158 9.4
      vertex -0.16006726026535034 1.592847689986229 9.4
      vertex -0.2084055170416832 1.5948519259691238 9.4
    endloop
  endfacet
  facet normal 0 0 1
    outer loop
      vertex -0.2549474984407425 0.4941899999976158 9.4
      vertex -0.11299273371696472 1.5895073041319847 9.4
      vertex -0.16006726026535034 1.592847689986229 9.4
    endloop
  endfacet
  facet normal 0 0 1
    outer loop
      vertex -0.2549474984407425 0.4941899999976158 9.4
      vertex -0.06718193739652634 1.5848307684063911 9.4
      vertex -0.11299273371696472 1.5895073041319847 9.4
    endloop
  endfacet
  facet normal 0 0 1
    outer loop
      vertex -6.050000000000001 6.050000000000001 9.4
      vertex -2.6232525035738945 2.246399998664856 9.4
      vertex -1.8591288030147552 1.4072999134659767 9.4
    endloop
  endfacet
  facet normal 0 0 1
    outer loop
      vertex -6.050000000000001 6.050000000000001 9.4
      vertex -1.8591288030147552 1.4072999134659767 9.4
      vertex -1.8305271714925766 1.4869070425629616 9.4
    endloop
  endfacet
  facet normal 0 0 1
    outer loop
      vertex -6.050000000000001 6.050000000000001 9.4
      vertex -1.8305271714925766 1.4869070425629616 9.4
      vertex -1.7967252507805824 1.5640958845615387 9.4
    endloop
  endfacet
  facet normal 0 0 1
    outer loop
      vertex -6.050000000000001 6.050000000000001 9.4
      vertex -1.7967252507805824 1.5640958845615387 9.4
      vertex -1.7577230334281921 1.6388664469122887 9.4
    endloop
  endfacet
  facet normal 0 0 1
    outer loop
      vertex -6.050000000000001 6.050000000000001 9.4
      vertex -1.7577230334281921 1.6388664469122887 9.4
      vertex -1.7135205194354057 1.7112187296152115 9.4
    endloop
  endfacet
  facet normal 0 0 1
    outer loop
      vertex -6.050000000000001 6.050000000000001 9.4
      vertex -1.7135205194354057 1.7112187296152115 9.4
      vertex -1.6641177088022232 1.7811527252197266 9.4
    endloop
  endfacet
  facet normal 0 0 1
    outer loop
      vertex -6.050000000000001 6.050000000000001 9.4
      vertex -1.6641177088022232 1.7811527252197266 9.4
      vertex -1.6095146015286446 1.848668433725834 9.4
    endloop
  endfacet
  facet normal 0 0 1
    outer loop
      vertex -6.050000000000001 6.050000000000001 9.4
      vertex -1.6095146015286446 1.848668433725834 9.4
      vertex -1.5497111976146698 1.9137658551335335 9.4
    endloop
  endfacet
  facet normal 0 0 1
    outer loop
      vertex -6.050000000000001 6.050000000000001 9.4
      vertex -1.5497111976146698 1.9137658551335335 9.4
      vertex -1.484707497060299 1.976444996893406 9.4
    endloop
  endfacet
  facet normal 0 0 1
    outer loop
      vertex -6.050000000000001 6.050000000000001 9.4
      vertex -1.484707497060299 1.976444996893406 9.4
      vertex -1.414666198194027 2.0355507656931877 9.4
    endloop
  endfacet
  facet normal 0 0 1
    outer loop
      vertex -6.050000000000001 6.050000000000001 9.4
      vertex -1.414666198194027 2.0355507656931877 9.4
      vertex -1.3397499844431877 2.089928075671196 9.4
    endloop
  endfacet
  facet normal 0 0 1
    outer loop
      vertex -6.050000000000001 6.050000000000001 9.4
      vertex -1.3397499844431877 2.089928075671196 9.4
      vertex -1.2599588632583618 2.13957691937685 9.4
    endloop
  endfacet
  facet normal 0 0 1
    outer loop
      vertex -6.050000000000001 6.050000000000001 9.4
      vertex -1.2599588632583618 2.13957691937685 9.4
      vertex -1.1752928271889687 2.1844973042607307 9.4
    endloop
  endfacet
  facet normal 0 0 1
    outer loop
      vertex -6.050000000000001 6.050000000000001 9.4
      vertex -1.1752928271889687 2.1844973042607307 9.4
      vertex -1.0857518762350082 2.224689230322838 9.4
    endloop
  endfacet
  facet normal 0 0 1
    outer loop
      vertex -6.050000000000001 6.050000000000001 9.4
      vertex -1.0857518762350082 2.224689230322838 9.4
      vertex -0.9913360178470612 2.260152690112591 9.4
    endloop
  endfacet
  facet normal 0 0 1
    outer loop
      vertex -6.050000000000001 6.050000000000001 9.4
      vertex -0.9913360178470612 2.260152690112591 9.4
      vertex -0.8920452520251274 2.29088769108057 9.4
    endloop
  endfacet
  facet normal 0 0 1
    outer loop
      vertex -6.050000000000001 6.050000000000001 9.4
      vertex -0.8920452520251274 2.29088769108057 9.4
      vertex -0.7878795713186264 2.316894233226776 9.4
    endloop
  endfacet
  facet normal 0 0 1
    outer loop
      vertex -6.050000000000001 6.050000000000001 9.4
      vertex -0.7878795713186264 2.316894233226776 9.4
      vertex -0.6788389757275581 2.338172309100628 9.4
    endloop
  endfacet
  facet normal 0 0 -1
    outer loop
      vertex -9.05 9.05 0
      vertex -8.215689655172413 8.215689655172413 0
      vertex -9.05 0 0
    endloop
  endfacet
  facet normal -1 0 0
    outer loop
      vertex -9.05 9.05 0.002
      vertex -9.05 9.05 0
      vertex -9.05 0 0.002
    endloop
  endfacet
  facet normal -0.9526404687211404 0 0.3040988940373932
    outer loop
      vertex -9.05 9.05 0.002
      vertex -9.05 0 0.002
      vertex -6.050000000000001 6.050000000000001 9.4
    endloop
  endfacet
  facet normal 0 1 0
    outer loop
      vertex -9.05 9.05 0.002
      vertex 9.05 9.05 0
      vertex -9.05 9.05 0
    endloop
  endfacet
  facet normal 0 0 -1
    outer loop
      vertex -9.05 9.05 0
      vertex 9.05 9.05 0
      vertex -8.215689655172413 8.215689655172413 0
    endloop
  endfacet
  facet normal 0 0 1
    outer loop
      vertex -6.050000000000001 6.050000000000001 9.4
      vertex -0.6788389757275581 2.338172309100628 9.4
      vertex 6.050000000000001 6.050000000000001 9.4
    endloop
  endfacet
  facet normal 0 0.9526404687211405 0.3040988940373932
    outer loop
      vertex -9.05 9.05 0.002
      vertex -6.050000000000001 6.050000000000001 9.4
      vertex 6.050000000000001 6.050000000000001 9.4
    endloop
  endfacet
  facet normal 0 0 -1
    outer loop
      vertex 9.05 9.05 0
      vertex 9.05 0 0
      vertex 8.215689655172413 0 0
    endloop
  endfacet
  facet normal 1 0 0
    outer loop
      vertex 9.05 9.05 0.002
      vertex 9.05 0 0.002
      vertex 9.05 0 0
    endloop
  endfacet
  facet normal 0 0 1
    outer loop
      vertex 0.671017237007618 0.26861511915922165 9.4
      vertex 0.6422175019979477 0.905850000679493 9.4
      vertex 0.5970556065440178 0.288852334022522 9.4
    endloop
  endfacet
  facet normal 0 0 1
    outer loop
      vertex 0.671017237007618 0.26861511915922165 9.4
      vertex 0.7420173808932304 0.2474033460021019 9.4
      vertex 0.6422175019979477 0.905850000679493 9.4
    endloop
  endfacet
  facet normal 0 0 1
    outer loop
      vertex 0.5201324969530106 0.30811499804258347 9.4
      vertex 0.5970556065440178 0.288852334022522 9.4
      vertex 0.6422175019979477 0.905850000679493 9.4
    endloop
  endfacet
  facet normal 0 0 1
    outer loop
      vertex 0.7420173808932304 0.2474033460021019 9.4
      vertex 0.8100560531020164 0.22521701455116272 9.4
      vertex 0.6422175019979477 0.905850000679493 9.4
    endloop
  endfacet
  facet normal 0 0 1
    outer loop
      vertex 0.8100560531020164 0.22521701455116272 9.4
      vertex 0.8751332387328148 0.2020561248064041 9.4
      vertex 0.6422175019979477 0.905850000679493 9.4
    endloop
  endfacet
  facet normal 0 0 1
    outer loop
      vertex 0.8751332387328148 0.2020561248064041 9.4
      vertex 0.9372489526867867 0.17792067676782608 9.4
      vertex 0.6422175019979477 0.905850000679493 9.4
    endloop
  endfacet
  facet normal 0 0 1
    outer loop
      vertex 0.9372489526867867 0.17792067676782608 9.4
      vertex 0.9964031800627708 0.15281067788600922 9.4
      vertex 0.6422175019979477 0.905850000679493 9.4
    endloop
  endfacet
  facet normal 0 0 1
    outer loop
      vertex 1.052595928311348 0.12672612071037292 9.4
      vertex 0.6422175019979477 0.905850000679493 9.4
      vertex 0.9964031800627708 0.15281067788600922 9.4
    endloop
  endfacet
  facet normal 0 0 1
    outer loop
      vertex 1.052595928311348 0.12672612071037292 9.4
      vertex 1.1058272048830986 0.0996670126914978 9.4
      vertex 0.6422175019979477 0.905850000679493 9.4
    endloop
  endfacet
  facet normal 0 0 1
    outer loop
      vertex 1.1058272048830986 0.0996670126914978 9.4
      vertex 1.1560969948768616 0.07163334637880325 9.4
      vertex 0.6422175019979477 0.905850000679493 9.4
    endloop
  endfacet
  facet normal 0 0 1
    outer loop
      vertex 0.6422175019979477 0.905850000679493 9.4
      vertex 1.1560969948768616 0.07163334637880325 9.4
      vertex 1.203405313193798 0.042625121772289276 9.4
    endloop
  endfacet
  facet normal 0 0 1
    outer loop
      vertex 0.6422175019979477 0.905850000679493 9.4
      vertex 1.203405313193798 0.042625121772289276 9.4
      vertex 1.2477521449327469 0.012642338871955872 9.4
    endloop
  endfacet
  facet normal 0 0 1
    outer loop
      vertex -0.2549474984407425 0.4941899999976158 9.4
      vertex 0.5201324969530106 0.30811499804258347 9.4
      vertex -0.06718193739652634 1.5848307684063911 9.4
    endloop
  endfacet
  facet normal 0 0 1
    outer loop
      vertex 0.5201324969530106 0.30811499804258347 9.4
      vertex 0.1811445727944374 1.528712309896946 9.4
      vertex 0.14291613548994064 1.5414057672023773 9.4
    endloop
  endfacet
  facet normal 0 0 1
    outer loop
      vertex 0.5201324969530106 0.30811499804258347 9.4
      vertex 0.5982953682541847 1.1333636119961739 9.4
      vertex 0.5782882124185562 1.1832909733057022 9.4
    endloop
  endfacet
  facet normal 0 0 1
    outer loop
      vertex 0.5201324969530106 0.30811499804258347 9.4
      vertex 0.5782882124185562 1.1832909733057022 9.4
      vertex 0.5546704009175301 1.2304379269480705 9.4
    endloop
  endfacet
  facet normal 0 0 1
    outer loop
      vertex 0.5201324969530106 0.30811499804258347 9.4
      vertex 0.5546704009175301 1.2304379269480705 9.4
      vertex 0.5274419412016869 1.2748044654726982 9.4
    endloop
  endfacet
  facet normal 0 0 1
    outer loop
      vertex 0.5201324969530106 0.30811499804258347 9.4
      vertex 0.5274419412016869 1.2748044654726982 9.4
      vertex 0.496602825820446 1.3163905888795853 9.4
    endloop
  endfacet
  facet normal 0 0 1
    outer loop
      vertex 0.5201324969530106 0.30811499804258347 9.4
      vertex 0.21810927242040634 1.5146826952695847 9.4
      vertex 0.1811445727944374 1.528712309896946 9.4
    endloop
  endfacet
  facet normal 0 0 1
    outer loop
      vertex 0.5201324969530106 0.30811499804258347 9.4
      vertex 0.25381024926900864 1.4993169233202934 9.4
      vertex 0.21810927242040634 1.5146826952695847 9.4
    endloop
  endfacet
  facet normal 0 0 1
    outer loop
      vertex 0.5201324969530106 0.30811499804258347 9.4
      vertex 0.33713986724615097 1.4549309462308884 9.4
      vertex 0.2882475033402443 1.4826150014996529 9.4
    endloop
  endfacet
  facet normal 0 0 1
    outer loop
      vertex 0.5201324969530106 0.30811499804258347 9.4
      vertex 0.3824215829372406 1.4244664758443832 9.4
      vertex 0.33713986724615097 1.4549309462308884 9.4
    endloop
  endfacet
  facet normal 0 0 1
    outer loop
      vertex 0.5201324969530106 0.30811499804258347 9.4
      vertex 0.2882475033402443 1.4826150014996529 9.4
      vertex 0.25381024926900864 1.4993169233202934 9.4
    endloop
  endfacet
  facet normal 0 0 1
    outer loop
      vertex 0.5201324969530106 0.30811499804258347 9.4
      vertex 0.496602825820446 1.3163905888795853 9.4
      vertex 0.4621530622243881 1.3551963046193123 9.4
    endloop
  endfacet
  facet normal 0 0 1
    outer loop
      vertex 0.5201324969530106 0.30811499804258347 9.4
      vertex 0.4621530622243881 1.3551963046193123 9.4
      vertex 0.4240926504135132 1.391221597790718 9.4
    endloop
  endfacet
  facet normal 0 0 1
    outer loop
      vertex 0.5201324969530106 0.30811499804258347 9.4
      vertex 0.4240926504135132 1.391221597790718 9.4
      vertex 0.3824215829372406 1.4244664758443832 9.4
    endloop
  endfacet
  facet normal 0 0 1
    outer loop
      vertex 0.5201324969530106 0.30811499804258347 9.4
      vertex 0.6422175019979477 0.905850000679493 9.4
      vertex 0.636652946472168 0.9668990224599838 9.4
    endloop
  endfacet
  facet normal 0 0 1
    outer loop
      vertex 0.5201324969530106 0.30811499804258347 9.4
      vertex 0.636652946472168 0.9668990224599838 9.4
      vertex 0.6274777352809906 1.0251676365733147 9.4
    endloop
  endfacet
  facet normal 0 0 1
    outer loop
      vertex 0.5201324969530106 0.30811499804258347 9.4
      vertex 0.6274777352809906 1.0251676365733147 9.4
      vertex 0.6146918758749962 1.0806558281183243 9.4
    endloop
  endfacet
  facet normal 0 0 1
    outer loop
      vertex 0.5201324969530106 0.30811499804258347 9.4
      vertex 0.6146918758749962 1.0806558281183243 9.4
      vertex 0.5982953682541847 1.1333636119961739 9.4
    endloop
  endfacet
  facet normal 0 0 1
    outer loop
      vertex 1.2477521449327469 0.012642338871955872 9.4
      vertex 1.264653068328239 0 9.4
      vertex 1.5454574972391129 0.905850000679493 9.4
    endloop
  endfacet
  facet normal 0 0 1
    outer loop
      vertex 1.5454574972391129 0.905850000679493 9.4
      vertex 1.264653068328239 0 9.4
      vertex 2.207643151283264 0.309627428650856 9.4
    endloop
  endfacet
  facet normal 0 0 1
    outer loop
      vertex 2.1964301615953445 0.1380954161286354 9.4
      vertex 1.264653068328239 0 9.4
      vertex 2.19352912592623 0 9.4
    endloop
  endfacet
  facet normal 0 0 1
    outer loop
      vertex 2.1964301615953445 0.1380954161286354 9.4
      vertex 2.207643151283264 0.309627428650856 9.4
      vertex 1.264653068328239 0 9.4
    endloop
  endfacet
  facet normal 0 0 1
    outer loop
      vertex 1.5454574972391129 0.905850000679493 9.4
      vertex 2.207643151283264 0.309627428650856 9.4
      vertex 2.22633146494627 0.47477103769779205 9.4
    endloop
  endfacet
  facet normal 0 0 1
    outer loop
      vertex 0.6422175019979477 0.905850000679493 9.4
      vertex 1.2477521449327469 0.012642338871955872 9.4
      vertex 1.5454574972391129 0.905850000679493 9.4
    endloop
  endfacet
  facet normal 0 0 1
    outer loop
      vertex 1.5454574972391129 0.905850000679493 9.4
      vertex 2.22633146494627 0.47477103769779205 9.4
      vertex 2.252495102584362 0.6335262432694435 9.4
    endloop
  endfacet
  facet normal 0 0 1
    outer loop
      vertex 1.5454574972391129 0.905850000679493 9.4
      vertex 2.252495102584362 0.6335262432694435 9.4
      vertex 2.286134071648121 0.7858930453658104 9.4
    endloop
  endfacet
  facet normal 0 0 1
    outer loop
      vertex 1.5454574972391129 0.905850000679493 9.4
      vertex 2.286134071648121 0.7858930453658104 9.4
      vertex 2.3272483572363853 0.9318714514374733 9.4
    endloop
  endfacet
  facet normal 0 0 1
    outer loop
      vertex 1.5454574972391129 0.905850000679493 9.4
      vertex 2.3272483572363853 0.9318714514374733 9.4
      vertex 2.3758379742503166 1.071461446583271 9.4
    endloop
  endfacet
  facet normal 0 0 1
    outer loop
      vertex 1.5454574972391129 0.905850000679493 9.4
      vertex 2.3758379742503166 1.071461446583271 9.4
      vertex 2.431902915239334 1.2046630457043648 9.4
    endloop
  endfacet
  facet normal 0 0 1
    outer loop
      vertex -0.06718193739652634 1.5848307684063911 9.4
      vertex 0.5201324969530106 0.30811499804258347 9.4
      vertex -0.02263486385345459 1.5788180753588676 9.4
    endloop
  endfacet
  facet normal 0 0 1
    outer loop
      vertex -0.02263486385345459 1.5788180753588676 9.4
      vertex 0.5201324969530106 0.30811499804258347 9.4
      vertex 0.020648479461669922 1.5714692324399948 9.4
    endloop
  endfacet
  facet normal 0 0 1
    outer loop
      vertex 0.5201324969530106 0.30811499804258347 9.4
      vertex 0.0626680925488472 1.562784232199192 9.4
      vertex 0.020648479461669922 1.5714692324399948 9.4
    endloop
  endfacet
  facet normal 0 0 1
    outer loop
      vertex 0.5201324969530106 0.30811499804258347 9.4
      vertex 0.10342398285865784 1.5527630746364594 9.4
      vertex 0.0626680925488472 1.562784232199192 9.4
    endloop
  endfacet
  facet normal 0 0 1
    outer loop
      vertex 0.5201324969530106 0.30811499804258347 9.4
      vertex 0.14291613548994064 1.5414057672023773 9.4
      vertex 0.10342398285865784 1.5527630746364594 9.4
    endloop
  endfacet
  facet normal 0 0 1
    outer loop
      vertex 1.5454574972391129 0.905850000679493 9.4
      vertex 2.431902915239334 1.2046630457043648 9.4
      vertex 2.495443180203438 1.331476241350174 9.4
    endloop
  endfacet
  facet normal 0 0 1
    outer loop
      vertex 1.5454574972391129 0.905850000679493 9.4
      vertex 2.495443180203438 1.331476241350174 9.4
      vertex 2.5664587691426277 1.4519010335206985 9.4
    endloop
  endfacet
  facet normal 0 0 1
    outer loop
      vertex 1.5454574972391129 0.905850000679493 9.4
      vertex 2.5664587691426277 1.4519010335206985 9.4
      vertex 2.6449496895074844 1.5659374296665192 9.4
    endloop
  endfacet
  facet normal 0 0 1
    outer loop
      vertex 3.1556887701153755 0.05894600600004196 9.4
      vertex 3.1547852317788836 0 9.4
      vertex 3.16094259172678 0.16913902014493942 9.4
    endloop
  endfacet
  facet normal 0 0 1
    outer loop
      vertex 3.16094259172678 0.16913902014493942 9.4
      vertex 3.1547852317788836 0 9.4
      vertex 3.1696989461779594 0.27527405321598053 9.4
    endloop
  endfacet
  facet normal 0 0 1
    outer loop
      vertex 3.1696989461779594 0.27527405321598053 9.4
      vertex 3.1547852317788836 0 9.4
      vertex 3.181957855820656 0.3773510977625847 9.4
    endloop
  endfacet
  facet normal 0 0 1
    outer loop
      vertex 3.181957855820656 0.3773510977625847 9.4
      vertex 3.1547852317788836 0 9.4
      vertex 3.197719305753708 0.4753701463341713 9.4
    endloop
  endfacet
  facet normal 0 0 1
    outer loop
      vertex 3.197719305753708 0.4753701463341713 9.4
      vertex 3.1547852317788836 0 9.4
      vertex 3.2169832959771156 0.5693312138319016 9.4
    endloop
  endfacet
  facet normal 0 0 1
    outer loop
      vertex 3.2169832959771156 0.5693312138319016 9.4
      vertex 3.1547852317788836 0 9.4
      vertex 3.2397498339414597 0.6592342928051949 9.4
    endloop
  endfacet
  facet normal 0 0 1
    outer loop
      vertex 3.2397498339414597 0.6592342928051949 9.4
      vertex 3.1547852317788836 0 9.4
      vertex 3.26601891964674 0.7450793758034706 9.4
    endloop
  endfacet
  facet normal 0 0 1
    outer loop
      vertex 3.26601891964674 0.7450793758034706 9.4
      vertex 3.1547852317788836 0 9.4
      vertex 3.295790545642376 0.82686647772789 9.4
    endloop
  endfacet
  facet normal 0 0 1
    outer loop
      vertex 3.295790545642376 0.82686647772789 9.4
      vertex 3.1547852317788836 0 9.4
      vertex 3.329064719378948 0.9045955911278725 9.4
    endloop
  endfacet
  facet normal 0 0 1
    outer loop
      vertex 3.329064719378948 0.9045955911278725 9.4
      vertex 3.1547852317788836 0 9.4
      vertex 3.365841433405876 0.978266716003418 9.4
    endloop
  endfacet
  facet normal 0 0 1
    outer loop
      vertex 3.365841433405876 0.978266716003418 9.4
      vertex 3.1547852317788836 0 9.4
      vertex 3.4061206951737404 1.0478798523545265 9.4
    endloop
  endfacet
  facet normal 0 0 1
    outer loop
      vertex 3.4061206951737404 1.0478798523545265 9.4
      vertex 3.1547852317788836 0 9.4
      vertex 3.4499024972319603 1.1134350001811981 9.4
    endloop
  endfacet
  facet normal 0 0 1
    outer loop
      vertex 3.4499024972319603 1.1134350001811981 9.4
      vertex 3.1547852317788836 0 9.4
      vertex 3.496724598109722 1.1745244935154915 9.4
    endloop
  endfacet
  facet normal 0 0 1
    outer loop
      vertex 3.496724598109722 1.1745244935154915 9.4
      vertex 3.1547852317788836 0 9.4
      vertex 3.5461109057068825 1.2307268306612968 9.4
    endloop
  endfacet
  facet normal 0 0 1
    outer loop
      vertex 3.5461109057068825 1.2307268306612968 9.4
      vertex 3.1547852317788836 0 9.4
      vertex 3.59806140512228 1.2820420116186142 9.4
    endloop
  endfacet
  facet normal 0 0 1
    outer loop
      vertex 3.59806140512228 1.2820420116186142 9.4
      vertex 3.1547852317788836 0 9.4
      vertex 3.6525761112570763 1.328470028936863 9.4
    endloop
  endfacet
  facet normal 0 0 1
    outer loop
      vertex 3.6525761112570763 1.328470028936863 9.4
      vertex 3.1547852317788836 0 9.4
      vertex 3.7096550166606903 1.3700108900666237 9.4
    endloop
  endfacet
  facet normal 0 0 1
    outer loop
      vertex 3.7096550166606903 1.3700108900666237 9.4
      vertex 3.1547852317788836 0 9.4
      vertex 3.7692981213331223 1.4066645875573158 9.4
    endloop
  endfacet
  facet normal 0 0 1
    outer loop
      vertex 3.7692981213331223 1.4066645875573158 9.4
      vertex 3.1547852317788836 0 9.4
      vertex 3.831505425274372 1.4384311214089394 9.4
    endloop
  endfacet
  facet normal 0 0 1
    outer loop
      vertex 3.831505425274372 1.4384311214089394 9.4
      vertex 3.1547852317788836 0 9.4
      vertex 3.8962769359350204 1.4653105065226555 9.4
    endloop
  endfacet
  facet normal 0 0 1
    outer loop
      vertex 3.8962769359350204 1.4653105065226555 9.4
      vertex 3.1547852317788836 0 9.4
      vertex 3.9636126458644867 1.4873027205467224 9.4
    endloop
  endfacet
  facet normal 0 0 1
    outer loop
      vertex 3.9636126458644867 1.4873027205467224 9.4
      vertex 3.1547852317788836 0 9.4
      vertex 4.033512562513351 1.5044077783823013 9.4
    endloop
  endfacet
  facet normal 0 0 1
    outer loop
      vertex 4.033512562513351 1.5044077783823013 9.4
      vertex 3.1547852317788836 0 9.4
      vertex 4.1059766709804535 1.5166256800293922 9.4
    endloop
  endfacet
  facet normal 0 0 1
    outer loop
      vertex 4.1059766709804535 1.5166256800293922 9.4
      vertex 3.1547852317788836 0 9.4
      vertex 4.181004986166954 1.5239564180374146 9.4
    endloop
  endfacet
  facet normal 0 0 1
    outer loop
      vertex 4.181004986166954 1.5239564180374146 9.4
      vertex 3.1547852317788836 0 9.4
      vertex 4.2585975006222725 1.5263999998569489 9.4
    endloop
  endfacet
  facet normal 0 0 1
    outer loop
      vertex 4.2585975006222725 1.5263999998569489 9.4
      vertex 3.1547852317788836 0 9.4
      vertex 4.334597177803516 1.5246665701270103 9.4
    endloop
  endfacet
  facet normal 0 0 1
    outer loop
      vertex 5.208386406302452 0.8860393464565277 9.4
      vertex 5.192150726914406 0.9292302951216698 9.4
      vertex 3.1547852317788836 0 9.4
    endloop
  endfacet
  facet normal 0 0 1
    outer loop
      vertex 5.192150726914406 0.9292302951216698 9.4
      vertex 5.175301551818848 0.9705434888601303 9.4
      vertex 3.1547852317788836 0 9.4
    endloop
  endfacet
  facet normal 0 0 1
    outer loop
      vertex 5.175301551818848 0.9705434888601303 9.4
      vertex 5.157838888466358 1.00997893512249 9.4
      vertex 3.1547852317788836 0 9.4
    endloop
  endfacet
  facet normal 0 0 1
    outer loop
      vertex 5.157838888466358 1.00997893512249 9.4
      vertex 5.139762736856937 1.047536626458168 9.4
      vertex 3.1547852317788836 0 9.4
    endloop
  endfacet
  facet normal 0 0 1
    outer loop
      vertex 5.018422499299049 1.2334500029683113 9.4
      vertex 4.977526023983955 1.2767857983708382 9.4
      vertex 3.1547852317788836 0 9.4
    endloop
  endfacet
  facet normal 0 0 1
    outer loop
      vertex 5.101769953966141 1.1170187592506409 9.4
      vertex 5.0818533301353455 1.148943193256855 9.4
      vertex 3.1547852317788836 0 9.4
    endloop
  endfacet
  facet normal 0 0 1
    outer loop
      vertex 5.0818533301353455 1.148943193256855 9.4
      vertex 5.061323210597038 1.1789898797869682 9.4
      vertex 3.1547852317788836 0 9.4
    endloop
  endfacet
  facet normal 0 0 1
    outer loop
      vertex 5.139762736856937 1.047536626458168 9.4
      vertex 5.121073089540005 1.0832165703177452 9.4
      vertex 3.1547852317788836 0 9.4
    endloop
  endfacet
  facet normal 0 0 1
    outer loop
      vertex 5.121073089540005 1.0832165703177452 9.4
      vertex 5.101769953966141 1.1170187592506409 9.4
      vertex 3.1547852317788836 0 9.4
    endloop
  endfacet
  facet normal 0 0 1
    outer loop
      vertex 5.061323210597038 1.1789898797869682 9.4
      vertex 5.0401796028018 1.2071588188409805 9.4
      vertex 3.1547852317788836 0 9.4
    endloop
  endfacet
  facet normal 0 0 1
    outer loop
      vertex 5.018422499299049 1.2334500029683113 9.4
      vertex 3.1547852317788836 0 9.4
      vertex 5.0401796028018 1.2071588188409805 9.4
    endloop
  endfacet
  facet normal 0 0 1
    outer loop
      vertex 4.609343208372593 1.483064204454422 9.4
      vertex 3.1547852317788836 0 9.4
      vertex 4.670716553926468 1.463996447622776 9.4
    endloop
  endfacet
  facet normal 0 0 1
    outer loop
      vertex 4.729164630174637 1.441461831331253 9.4
      vertex 3.1547852317788836 0 9.4
      vertex 4.7846874371171 1.415460355579853 9.4
    endloop
  endfacet
  facet normal 0 0 1
    outer loop
      vertex 4.670716553926468 1.463996447622776 9.4
      vertex 3.1547852317788836 0 9.4
      vertex 4.729164630174637 1.441461831331253 9.4
    endloop
  endfacet
  facet normal 0 0 1
    outer loop
      vertex 4.334597177803516 1.5246665701270103 9.4
      vertex 3.1547852317788836 0 9.4
      vertex 4.407671585679054 1.5194662734866142 9.4
    endloop
  endfacet
  facet normal 0 0 1
    outer loop
      vertex 4.407671585679054 1.5194662734866142 9.4
      vertex 3.1547852317788836 0 9.4
      vertex 4.477820724248886 1.5107991099357605 9.4
    endloop
  endfacet
  facet normal 0 0 1
    outer loop
      vertex 4.477820724248886 1.5107991099357605 9.4
      vertex 3.1547852317788836 0 9.4
      vertex 4.5450446009635925 1.4986650869250298 9.4
    endloop
  endfacet
  facet normal 0 0 1
    outer loop
      vertex 4.5450446009635925 1.4986650869250298 9.4
      vertex 3.1547852317788836 0 9.4
      vertex 4.609343208372593 1.483064204454422 9.4
    endloop
  endfacet
  facet normal 0 0 1
    outer loop
      vertex 4.837284982204437 1.3859920129179955 9.4
      vertex 3.1547852317788836 0 9.4
      vertex 4.886957265436649 1.3530568033456802 9.4
    endloop
  endfacet
  facet normal 0 0 1
    outer loop
      vertex 4.933704271912575 1.316654734313488 9.4
      vertex 3.1547852317788836 0 9.4
      vertex 4.977526023983955 1.2767857983708382 9.4
    endloop
  endfacet
  facet normal 0 0 1
    outer loop
      vertex 4.933704271912575 1.316654734313488 9.4
      vertex 4.886957265436649 1.3530568033456802 9.4
      vertex 3.1547852317788836 0 9.4
    endloop
  endfacet
  facet normal 0 0 1
    outer loop
      vertex 4.7846874371171 1.415460355579853 9.4
      vertex 3.1547852317788836 0 9.4
      vertex 4.837284982204437 1.3859920129179955 9.4
    endloop
  endfacet
  facet normal 0 0 1
    outer loop
      vertex 1.5454574972391129 0.905850000679493 9.4
      vertex 2.6449496895074844 1.5659374296665192 9.4
      vertex 2.7309159338474274 1.6735854148864746 9.4
    endloop
  endfacet
  facet normal 0 0 1
    outer loop
      vertex 1.5454574972391129 0.905850000679493 9.4
      vertex 2.7309159338474274 1.6735854148864746 9.4
      vertex 2.8243575021624565 1.7748449966311455 9.4
    endloop
  endfacet
  facet normal 0 0 1
    outer loop
      vertex 1.5454574972391129 0.905850000679493 9.4
      vertex 2.8243575021624565 1.7748449966311455 9.4
      vertex 2.9106302186846733 1.8569566830992699 9.4
    endloop
  endfacet
  facet normal 0 0 1
    outer loop
      vertex 1.5454574972391129 0.905850000679493 9.4
      vertex 2.9106302186846733 1.8569566830992699 9.4
      vertex 3.000442236661911 1.9324994385242462 9.4
    endloop
  endfacet
  facet normal 0 0 1
    outer loop
      vertex 1.5454574972391129 0.905850000679493 9.4
      vertex 3.000442236661911 1.9324994385242462 9.4
      vertex 3.093793533742428 2.001473255455494 9.4
    endloop
  endfacet
  facet normal 0 0 1
    outer loop
      vertex -0.6788389757275581 2.338172309100628 9.4
      vertex -0.5649234727025032 2.354721926152706 9.4
      vertex 6.050000000000001 6.050000000000001 9.4
    endloop
  endfacet
  facet normal 0 0 1
    outer loop
      vertex -0.5649234727025032 2.354721926152706 9.4
      vertex -0.4461330622434616 2.3665430769324303 9.4
      vertex 6.050000000000001 6.050000000000001 9.4
    endloop
  endfacet
  facet normal 0 0 1
    outer loop
      vertex -0.4461330622434616 2.3665430769324303 9.4
      vertex -0.32246773689985275 2.373635768890381 9.4
      vertex 6.050000000000001 6.050000000000001 9.4
    endloop
  endfacet
  facet normal 0 0 1
    outer loop
      vertex -0.32246773689985275 2.373635768890381 9.4
      vertex -0.19392749667167664 2.376000002026558 9.4
      vertex 6.050000000000001 6.050000000000001 9.4
    endloop
  endfacet
  facet normal 0 0 1
    outer loop
      vertex -0.19392749667167664 2.376000002026558 9.4
      vertex -0.08577306568622589 2.3737720996141434 9.4
      vertex 6.050000000000001 6.050000000000001 9.4
    endloop
  endfacet
  facet normal 0 0 1
    outer loop
      vertex -0.08577306568622589 2.3737720996141434 9.4
      vertex 0.01990717649459839 2.3670883998274803 9.4
      vertex 6.050000000000001 6.050000000000001 9.4
    endloop
  endfacet
  facet normal 0 0 1
    outer loop
      vertex 0.01990717649459839 2.3670883998274803 9.4
      vertex 0.12311320751905441 2.3559489026665688 9.4
      vertex 6.050000000000001 6.050000000000001 9.4
    endloop
  endfacet
  facet normal 0 0 1
    outer loop
      vertex 0.12311320751905441 2.3559489026665688 9.4
      vertex 0.22384504228830338 2.3403536081314087 9.4
      vertex 6.050000000000001 6.050000000000001 9.4
    endloop
  endfacet
  facet normal 0 0 1
    outer loop
      vertex 0.22384504228830338 2.3403536081314087 9.4
      vertex 0.3221026808023453 2.320302516222 9.4
      vertex 6.050000000000001 6.050000000000001 9.4
    endloop
  endfacet
  facet normal 0 0 1
    outer loop
      vertex 1.5454574972391129 0.905850000679493 9.4
      vertex 6.050000000000001 6.050000000000001 9.4
      vertex 1.538879245519638 1.0141607373952866 9.4
    endloop
  endfacet
  facet normal 0 0 1
    outer loop
      vertex 1.538879245519638 1.0141607373952866 9.4
      vertex 6.050000000000001 6.050000000000001 9.4
      vertex 1.5266490951180458 1.1184406504034996 9.4
    endloop
  endfacet
  facet normal 0 0 1
    outer loop
      vertex 1.5266490951180458 1.1184406504034996 9.4
      vertex 6.050000000000001 6.050000000000001 9.4
      vertex 1.5087670534849167 1.2186897322535515 9.4
    endloop
  endfacet
  facet normal 0 0 1
    outer loop
      vertex 1.2253397479653358 1.8075701147317886 9.4
      vertex 6.050000000000001 6.050000000000001 9.4
      vertex 1.1622425615787506 1.8755725771188736 9.4
    endloop
  endfacet
  facet normal 0 0 1
    outer loop
      vertex 0.9406284764409065 2.0551824867725372 9.4
      vertex 1.0190925002098083 1.9994850009679794 9.4
      vertex 6.050000000000001 6.050000000000001 9.4
    endloop
  endfacet
  facet normal 0 0 1
    outer loop
      vertex 1.093493476510048 1.9395442008972168 9.4
      vertex 1.1622425615787506 1.8755725771188736 9.4
      vertex 6.050000000000001 6.050000000000001 9.4
    endloop
  endfacet
  facet normal 0 0 1
    outer loop
      vertex 1.093493476510048 1.9395442008972168 9.4
      vertex 6.050000000000001 6.050000000000001 9.4
      vertex 1.0190925002098083 1.9994850009679794 9.4
    endloop
  endfacet
  facet normal 0 0 1
    outer loop
      vertex 1.5087670534849167 1.2186897322535515 9.4
      vertex 6.050000000000001 6.050000000000001 9.4
      vertex 1.4852331206202507 1.3149079903960228 9.4
    endloop
  endfacet
  facet normal 0 0 1
    outer loop
      vertex 1.4560472965240479 1.407095417380333 9.4
      vertex 1.4852331206202507 1.3149079903960228 9.4
      vertex 6.050000000000001 6.050000000000001 9.4
    endloop
  endfacet
  facet normal 0 0 1
    outer loop
      vertex 1.3807199522852898 1.5793777778744698 9.4
      vertex 1.4212095737457275 1.495252013206482 9.4
      vertex 6.050000000000001 6.050000000000001 9.4
    endloop
  endfacet
  facet normal 0 0 1
    outer loop
      vertex 1.3345784470438957 1.659472718834877 9.4
      vertex 1.3807199522852898 1.5793777778744698 9.4
      vertex 6.050000000000001 6.050000000000001 9.4
    endloop
  endfacet
  facet normal 0 0 1
    outer loop
      vertex 1.4560472965240479 1.407095417380333 9.4
      vertex 6.050000000000001 6.050000000000001 9.4
      vertex 1.4212095737457275 1.495252013206482 9.4
    endloop
  endfacet
  facet normal 0 0 1
    outer loop
      vertex 1.3345784470438957 1.659472718834877 9.4
      vertex 6.050000000000001 6.050000000000001 9.4
      vertex 1.2827850431203842 1.7355368360877037 9.4
    endloop
  endfacet
  facet normal 0 0 1
    outer loop
      vertex 1.2253397479653358 1.8075701147317886 9.4
      vertex 1.2827850431203842 1.7355368360877037 9.4
      vertex 6.050000000000001 6.050000000000001 9.4
    endloop
  endfacet
  facet normal 0 0 1
    outer loop
      vertex 1.5454574972391129 0.905850000679493 9.4
      vertex 3.093793533742428 2.001473255455494 9.4
      vertex 6.050000000000001 6.050000000000001 9.4
    endloop
  endfacet
  facet normal 0 0 1
    outer loop
      vertex 3.093793533742428 2.001473255455494 9.4
      vertex 3.190684124827385 2.063878133893013 9.4
      vertex 6.050000000000001 6.050000000000001 9.4
    endloop
  endfacet
  facet normal 0 0 1
    outer loop
      vertex 0.6020303666591644 2.233414441347122 9.4
      vertex 6.050000000000001 6.050000000000001 9.4
      vertex 0.5111953392624855 2.2668329253792763 9.4
    endloop
  endfacet
  facet normal 0 0 1
    outer loop
      vertex 0.6020303666591644 2.233414441347122 9.4
      vertex 0.6903911978006363 2.1955401450395584 9.4
      vertex 6.050000000000001 6.050000000000001 9.4
    endloop
  endfacet
  facet normal 0 0 1
    outer loop
      vertex 0.6903911978006363 2.1955401450395584 9.4
      vertex 0.7762778252363205 2.1532100588083267 9.4
      vertex 6.050000000000001 6.050000000000001 9.4
    endloop
  endfacet
  facet normal 0 0 1
    outer loop
      vertex 0.3221026808023453 2.320302516222 9.4
      vertex 0.4178861081600189 2.2957956194877625 9.4
      vertex 6.050000000000001 6.050000000000001 9.4
    endloop
  endfacet
  facet normal 0 0 1
    outer loop
      vertex 0.4178861081600189 2.2957956194877625 9.4
      vertex 0.5111953392624855 2.2668329253792763 9.4
      vertex 6.050000000000001 6.050000000000001 9.4
    endloop
  endfacet
  facet normal 0 0 1
    outer loop
      vertex 0.7762778252363205 2.1532100588083267 9.4
      vertex 0.859690248966217 2.1064241752028465 9.4
      vertex 6.050000000000001 6.050000000000001 9.4
    endloop
  endfacet
  facet normal 0 0 1
    outer loop
      vertex 0.859690248966217 2.1064241752028465 9.4
      vertex 0.9406284764409065 2.0551824867725372 9.4
      vertex 6.050000000000001 6.050000000000001 9.4
    endloop
  endfacet
  facet normal 0 0 1
    outer loop
      vertex 3.190684124827385 2.063878133893013 9.4
      vertex 3.2911140099167824 2.119714081287384 9.4
      vertex 6.050000000000001 6.050000000000001 9.4
    endloop
  endfacet
  facet normal 0 0 1
    outer loop
      vertex 3.2911140099167824 2.119714081287384 9.4
      vertex 3.3950831815600395 2.168981097638607 9.4
      vertex 6.050000000000001 6.050000000000001 9.4
    endloop
  endfacet
  facet normal 0 0 1
    outer loop
      vertex 3.3950831815600395 2.168981097638607 9.4
      vertex 3.5025916397571564 2.211679168045521 9.4
      vertex 6.050000000000001 6.050000000000001 9.4
    endloop
  endfacet
  facet normal 0 0 1
    outer loop
      vertex 3.5025916397571564 2.211679168045521 9.4
      vertex 3.6136393919587135 2.247808314859867 9.4
      vertex 6.050000000000001 6.050000000000001 9.4
    endloop
  endfacet
  facet normal 0 0 1
    outer loop
      vertex 3.6136393919587135 2.247808314859867 9.4
      vertex 3.728226438164711 2.2773685231804848 9.4
      vertex 6.050000000000001 6.050000000000001 9.4
    endloop
  endfacet
  facet normal 0.9526404687211405 0 0.3040988940373932
    outer loop
      vertex 6.050000000000001 0.7452000007033348 9.4
      vertex 6.050000000000001 0 9.4
      vertex 9.05 0 0.002
    endloop
  endfacet
  facet normal 0.9526404687211405 -1.0972768348516103e-15 0.3040988940373933
    outer loop
      vertex 6.193282499909401 0.7452000007033348 8.951143688617153
      vertex 6.050000000000001 0.7452000007033348 9.4
      vertex 9.05 0 0.002
    endloop
  endfacet
  facet normal 0 0 1
    outer loop
      vertex 5.253412500023842 0.7452000007033348 9.4
      vertex 3.1547852317788836 0 9.4
      vertex 6.050000000000001 0 9.4
    endloop
  endfacet
  facet normal 0 0 1
    outer loop
      vertex 5.253412500023842 0.7452000007033348 9.4
      vertex 5.23901729285717 0.7940241992473602 9.4
      vertex 3.1547852317788836 0 9.4
    endloop
  endfacet
  facet normal 0 0 1
    outer loop
      vertex 5.224008597433567 0.8409706503152847 9.4
      vertex 3.1547852317788836 0 9.4
      vertex 5.23901729285717 0.7940241992473602 9.4
    endloop
  endfacet
  facet normal 0 0 1
    outer loop
      vertex 5.224008597433567 0.8409706503152847 9.4
      vertex 5.208386406302452 0.8860393464565277 9.4
      vertex 3.1547852317788836 0 9.4
    endloop
  endfacet
  facet normal 0 0 1
    outer loop
      vertex 5.253412500023842 0.7452000007033348 9.4
      vertex 6.050000000000001 0 9.4
      vertex 6.050000000000001 0.7452000007033348 9.4
    endloop
  endfacet
  facet normal 0.9526404687211405 8.468284353906263e-18 0.30409889403739326
    outer loop
      vertex 6.193282499909401 0.7452000007033348 8.951143688617153
      vertex 9.05 0 0.002
      vertex 6.050000000000001 6.050000000000001 9.4
    endloop
  endfacet
  facet normal 0 0 1
    outer loop
      vertex 5.501235485076904 1.9726237282156944 9.4
      vertex 6.050000000000001 6.050000000000001 9.4
      vertex 5.387984067201614 2.0476118326187134 9.4
    endloop
  endfacet
  facet normal 0.952640468721135 -1.5904213884617211e-15 0.30409889403741036
    outer loop
      vertex 6.193282499909401 0.7452000007033348 8.951143688617153
      vertex 6.050000000000001 6.050000000000001 9.4
      vertex 6.188405193388462 0.8099685832858086 8.966422664178413
    endloop
  endfacet
  facet normal 0.952640468721143 7.086637600003485e-16 0.30409889403738516
    outer loop
      vertex 6.188405193388462 0.8099685832858086 8.966422664178413
      vertex 6.050000000000001 6.050000000000001 9.4
      vertex 6.180350191891193 0.874702014029026 8.991656298868858
    endloop
  endfacet
  facet normal 0.9526404687211422 4.831129391433006e-16 0.3040988940373877
    outer loop
      vertex 6.180350191891193 0.874702014029026 8.991656298868858
      vertex 6.050000000000001 6.050000000000001 9.4
      vertex 6.1691175028681755 0.9394002929329872 9.026844569348299
    endloop
  endfacet
  facet normal 0.9526404687211406 5.688788532678404e-17 0.30409889403739304
    outer loop
      vertex 6.1691175028681755 0.9394002929329872 9.026844569348299
      vertex 6.050000000000001 6.050000000000001 9.4
      vertex 6.154707118868828 1.0040634348988533 9.071987498956922
    endloop
  endfacet
  facet normal 0.9526404687211395 -1.6842421044124734e-16 0.3040988940373962
    outer loop
      vertex 6.154707118868828 1.0040634348988533 9.071987498956922
      vertex 6.050000000000001 6.050000000000001 9.4
      vertex 6.13711903989315 1.0686914175748825 9.127085087694727
    endloop
  endfacet
  facet normal 0.9526404687211413 1.8394265106735385e-16 0.3040988940373903
    outer loop
      vertex 6.13711903989315 1.0686914175748825 9.127085087694727
      vertex 6.050000000000001 6.050000000000001 9.4
      vertex 6.116353265941143 1.1332842633128166 9.192137335561716
    endloop
  endfacet
  facet normal 0.9526404687211392 -1.4768723469901988e-16 0.3040988940373975
    outer loop
      vertex 6.116353265941143 1.1332842633128166 9.192137335561716
      vertex 6.050000000000001 6.050000000000001 9.4
      vertex 6.0924098044633865 1.1978419497609138 9.2671442192177
    endloop
  endfacet
  facet normal 0 0 1
    outer loop
      vertex 5.7976555451750755 1.694726623594761 9.4
      vertex 5.882017500698566 1.5844499990344048 9.4
      vertex 6.050000000000001 6.050000000000001 9.4
    endloop
  endfacet
  facet normal 0.9526404687211412 4.530170969703252e-17 0.3040988940373911
    outer loop
      vertex 6.065288655459881 1.262364499270916 9.352105738662683
      vertex 6.0924098044633865 1.1978419497609138 9.2671442192177
      vertex 6.050000000000001 6.050000000000001 9.4
    endloop
  endfacet
  facet normal 0 0 1
    outer loop
      vertex 6.034989804029465 1.3268518969416618 9.4
      vertex 6.050000000000001 1.2949045315806083 9.4
      vertex 6.050000000000001 6.050000000000001 9.4
    endloop
  endfacet
  facet normal 0.9526404687211399 1.8230360238007531e-19 0.30409889403739515
    outer loop
      vertex 6.065288655459881 1.262364499270916 9.352105738662683
      vertex 6.050000000000001 6.050000000000001 9.4
      vertex 6.050000000000001 1.2949045315806083 9.4
    endloop
  endfacet
  facet normal 0 0 1
    outer loop
      vertex 6.00151327252388 1.3913041427731514 9.4
      vertex 6.050000000000001 6.050000000000001 9.4
      vertex 5.964859038591385 1.4557212442159653 9.4
    endloop
  endfacet
  facet normal 0 0 1
    outer loop
      vertex 6.00151327252388 1.3913041427731514 9.4
      vertex 6.034989804029465 1.3268518969416618 9.4
      vertex 6.050000000000001 6.050000000000001 9.4
    endloop
  endfacet
  facet normal 0 0 1
    outer loop
      vertex 5.925027117133141 1.5201031938195229 9.4
      vertex 5.964859038591385 1.4557212442159653 9.4
      vertex 6.050000000000001 6.050000000000001 9.4
    endloop
  endfacet
  facet normal 0 0 1
    outer loop
      vertex 5.925027117133141 1.5201031938195229 9.4
      vertex 6.050000000000001 6.050000000000001 9.4
      vertex 5.882017500698566 1.5844499990344048 9.4
    endloop
  endfacet
  facet normal 0 0 1
    outer loop
      vertex 5.607264541089535 1.8888134881854057 9.4
      vertex 5.706071227788925 1.7961811274290085 9.4
      vertex 6.050000000000001 6.050000000000001 9.4
    endloop
  endfacet
  facet normal 0 0 1
    outer loop
      vertex 5.7976555451750755 1.694726623594761 9.4
      vertex 6.050000000000001 6.050000000000001 9.4
      vertex 5.706071227788925 1.7961811274290085 9.4
    endloop
  endfacet
  facet normal 0 0 1
    outer loop
      vertex 5.501235485076904 1.9726237282156944 9.4
      vertex 5.607264541089535 1.8888134881854057 9.4
      vertex 6.050000000000001 6.050000000000001 9.4
    endloop
  endfacet
  facet normal 0 0 1
    outer loop
      vertex 3.728226438164711 2.2773685231804848 9.4
      vertex 3.8463527634739876 2.300359793007374 9.4
      vertex 6.050000000000001 6.050000000000001 9.4
    endloop
  endfacet
  facet normal 0 0 1
    outer loop
      vertex 3.8463527634739876 2.300359793007374 9.4
      vertex 3.968018390238285 2.316782131791115 9.4
      vertex 6.050000000000001 6.050000000000001 9.4
    endloop
  endfacet
  facet normal 0 0 1
    outer loop
      vertex 3.968018390238285 2.316782131791115 9.4
      vertex 4.093223296105862 2.326635532081127 9.4
      vertex 6.050000000000001 6.050000000000001 9.4
    endloop
  endfacet
  facet normal 0 0 1
    outer loop
      vertex 4.093223296105862 2.326635532081127 9.4
      vertex 4.221967503428459 2.3299200013279915 9.4
      vertex 6.050000000000001 6.050000000000001 9.4
    endloop
  endfacet
  facet normal 0 0 1
    outer loop
      vertex 4.221967503428459 2.3299200013279915 9.4
      vertex 4.392997853457928 2.325508937239647 9.4
      vertex 6.050000000000001 6.050000000000001 9.4
    endloop
  endfacet
  facet normal 0 0 1
    outer loop
      vertex 4.392997853457928 2.325508937239647 9.4
      vertex 4.556805841624737 2.3122757375240326 9.4
      vertex 6.050000000000001 6.050000000000001 9.4
    endloop
  endfacet
  facet normal 0 0 1
    outer loop
      vertex 4.862754717469215 2.259342961013317 9.4
      vertex 6.050000000000001 6.050000000000001 9.4
      vertex 4.713391467928886 2.2902204170823097 9.4
    endloop
  endfacet
  facet normal 0 0 1
    outer loop
      vertex 4.862754717469215 2.259342961013317 9.4
      vertex 5.004895605146885 2.2196433693170547 9.4
      vertex 6.050000000000001 6.050000000000001 9.4
    endloop
  endfacet
  facet normal 0 0 1
    outer loop
      vertex 4.556805841624737 2.3122757375240326 9.4
      vertex 4.713391467928886 2.2902204170823097 9.4
      vertex 6.050000000000001 6.050000000000001 9.4
    endloop
  endfacet
  facet normal 0 0 1
    outer loop
      vertex 5.139814123511314 2.171121656894684 9.4
      vertex 5.267510280013084 2.113777808845043 9.4
      vertex 6.050000000000001 6.050000000000001 9.4
    endloop
  endfacet
  facet normal 0 0 1
    outer loop
      vertex 5.004895605146885 2.2196433693170547 9.4
      vertex 5.139814123511314 2.171121656894684 9.4
      vertex 6.050000000000001 6.050000000000001 9.4
    endloop
  endfacet
  facet normal 0 0 1
    outer loop
      vertex 5.267510280013084 2.113777808845043 9.4
      vertex 5.387984067201614 2.0476118326187134 9.4
      vertex 6.050000000000001 6.050000000000001 9.4
    endloop
  endfacet
  facet normal 0 0 -1
    outer loop
      vertex -8.215689655172413 8.215689655172413 0
      vertex 9.05 9.05 0
      vertex 8.215689655172413 8.215689655172413 0
    endloop
  endfacet
  facet normal 0 1 0
    outer loop
      vertex -9.05 9.05 0.002
      vertex 9.05 9.05 0.002
      vertex 9.05 9.05 0
    endloop
  endfacet
  facet normal 0 0.9526404687211404 0.3040988940373932
    outer loop
      vertex -9.05 9.05 0.002
      vertex 6.050000000000001 6.050000000000001 9.4
      vertex 9.05 9.05 0.002
    endloop
  endfacet
  facet normal 0 0 -1
    outer loop
      vertex 8.215689655172413 8.215689655172413 0
      vertex 9.05 9.05 0
      vertex 8.215689655172413 0 0
    endloop
  endfacet
  facet normal 1 0 0
    outer loop
      vertex 9.05 9.05 0.002
      vertex 9.05 0 0
      vertex 9.05 9.05 0
    endloop
  endfacet
  facet normal 0.9526404687211404 0 0.3040988940373932
    outer loop
      vertex 9.05 9.05 0.002
      vertex 6.050000000000001 6.050000000000001 9.4
      vertex 9.05 0 0.002
    endloop
  endfacet
  facet normal 0.9453729816262723 0 -0.32599068331940406
    outer loop
      vertex -8.215689655172413 8.215689655172413 0
      vertex -5.250000000000001 5.250000000000001 8.6005
      vertex -8.215689655172413 0 0
    endloop
  endfacet
  facet normal 0.9453729816262723 0 -0.32599068331940406
    outer loop
      vertex -5.250000000000001 5.250000000000001 8.6005
      vertex -5.250000000000001 0 8.6005
      vertex -8.215689655172413 0 0
    endloop
  endfacet
  facet normal 0 0 -1
    outer loop
      vertex -5.250000000000001 5.250000000000001 8.6005
      vertex -2.05 0 8.6005
      vertex -5.250000000000001 0 8.6005
    endloop
  endfacet
  facet normal 0 0 -1
    outer loop
      vertex -5.250000000000001 5.250000000000001 8.6005
      vertex -2.05 1.335 8.6005
      vertex -2.05 0 8.6005
    endloop
  endfacet
  facet normal 0 0 -1
    outer loop
      vertex -5.250000000000001 5.250000000000001 8.6005
      vertex -1.335 1.335 8.6005
      vertex -2.05 1.335 8.6005
    endloop
  endfacet
  facet normal 0 0 -1
    outer loop
      vertex -5.250000000000001 5.250000000000001 8.6005
      vertex -1.335 2.05 8.6005
      vertex -1.335 1.335 8.6005
    endloop
  endfacet
  facet normal 0 0 -1
    outer loop
      vertex -5.250000000000001 5.250000000000001 8.6005
      vertex 5.250000000000001 5.250000000000001 8.6005
      vertex -1.335 2.05 8.6005
    endloop
  endfacet
  facet normal 1.831134440462796e-17 -0.9453729816262723 -0.32599068331940406
    outer loop
      vertex -8.215689655172413 8.215689655172413 0
      vertex 5.250000000000001 5.250000000000001 8.6005
      vertex -5.250000000000001 5.250000000000001 8.6005
    endloop
  endfacet
  facet normal -0.9453729816262723 0 -0.32599068331940406
    outer loop
      vertex 8.215689655172413 8.215689655172413 0
      vertex 8.215689655172413 0 0
      vertex 5.250000000000001 0 8.6005
    endloop
  endfacet
  facet normal 0 0 -1
    outer loop
      vertex 1.335 1.335 8.6005
      vertex 1.335 2.05 8.6005
      vertex 2.05 1.335 8.6005
    endloop
  endfacet
  facet normal 0 0 -1
    outer loop
      vertex 2.05 1.335 8.6005
      vertex 5.250000000000001 0 8.6005
      vertex 2.05 0 8.6005
    endloop
  endfacet
  facet normal 0 0 -1
    outer loop
      vertex 2.05 1.335 8.6005
      vertex 5.250000000000001 5.250000000000001 8.6005
      vertex 5.250000000000001 0 8.6005
    endloop
  endfacet
  facet normal 0 0 -1
    outer loop
      vertex -1.335 2.05 8.6005
      vertex 5.250000000000001 5.250000000000001 8.6005
      vertex 1.335 2.05 8.6005
    endloop
  endfacet
  facet normal 0 0 -1
    outer loop
      vertex 1.335 2.05 8.6005
      vertex 5.250000000000001 5.250000000000001 8.6005
      vertex 2.05 1.335 8.6005
    endloop
  endfacet
  facet normal -0.9453729816262723 3.662268880925593e-17 -0.32599068331940406
    outer loop
      vertex 8.215689655172413 8.215689655172413 0
      vertex 5.250000000000001 0 8.6005
      vertex 5.250000000000001 5.250000000000001 8.6005
    endloop
  endfacet
  facet normal 0 -0.9453729816262723 -0.32599068331940406
    outer loop
      vertex -8.215689655172413 8.215689655172413 0
      vertex 8.215689655172413 8.215689655172413 0
      vertex 5.250000000000001 5.250000000000001 8.6005
    endloop
  endfacet
  facet normal 0 0 -1
    outer loop
      vertex -2.05 0.635 0
      vertex -2.05 1.335 0
      vertex -1.335 1.335 0
    endloop
  endfacet
  facet normal 0 0 -1
    outer loop
      vertex -2.05 0.635 0
      vertex -1.335 1.335 0
      vertex -1.335 0.635 0
    endloop
  endfacet
  facet normal -1 0 0
    outer loop
      vertex -2.05 0.635 0
      vertex -2.05 0.635 8.249999999999998
      vertex -2.05 1.335 0
    endloop
  endfacet
  facet normal 0 1 0
    outer loop
      vertex -2.05 1.335 0
      vertex -2.05 1.335 8.6005
      vertex -1.335 1.335 0
    endloop
  endfacet
  facet normal -1 0 0
    outer loop
      vertex -2.05 1.335 0
      vertex -2.05 0.635 8.249999999999998
      vertex -2.05 1.335 8.6005
    endloop
  endfacet
  facet normal 0 1 0
    outer loop
      vertex -1.335 1.335 0
      vertex -2.05 1.335 8.6005
      vertex -1.335 1.335 8.6005
    endloop
  endfacet
  facet normal -1 0 0
    outer loop
      vertex -2.05 0.635 8.249999999999998
      vertex -2.05 0 8.249999999999998
      vertex -2.05 0 8.6005
    endloop
  endfacet
  facet normal -1 0 0
    outer loop
      vertex -2.05 0.635 8.249999999999998
      vertex -2.05 0 8.6005
      vertex -2.05 1.335 8.6005
    endloop
  endfacet
  facet normal 0 0 -1
    outer loop
      vertex 1.335 0.635 0
      vertex 1.335 1.335 0
      vertex 2.05 1.335 0
    endloop
  endfacet
  facet normal 0 0 -1
    outer loop
      vertex 1.335 0.635 0
      vertex 2.05 1.335 0
      vertex 2.05 0.635 0
    endloop
  endfacet
  facet normal 1 0 0
    outer loop
      vertex 2.05 0.635 0
      vertex 2.05 1.335 0
      vertex 2.05 1.335 8.6005
    endloop
  endfacet
  facet normal 0 1 0
    outer loop
      vertex 1.335 1.335 0
      vertex 1.335 1.335 8.6005
      vertex 2.05 1.335 0
    endloop
  endfacet
  facet normal 1 0 0
    outer loop
      vertex 2.05 0.635 0
      vertex 2.05 1.335 8.6005
      vertex 2.05 0.635 8.249999999999998
    endloop
  endfacet
  facet normal 0 1 0
    outer loop
      vertex 2.05 1.335 0
      vertex 1.335 1.335 8.6005
      vertex 2.05 1.335 8.6005
    endloop
  endfacet
  facet normal 1 0 0
    outer loop
      vertex 2.05 0.635 8.249999999999998
      vertex 2.05 0 8.6005
      vertex 2.05 0 8.249999999999998
    endloop
  endfacet
  facet normal 1 0 0
    outer loop
      vertex 2.05 0.635 8.249999999999998
      vertex 2.05 1.335 8.6005
      vertex 2.05 0 8.6005
    endloop
  endfacet
  facet normal 0 0 -1
    outer loop
      vertex -1.335 0.635 0
      vertex -1.335 1.335 0
      vertex -0.635 0.635 0
    endloop
  endfacet
  facet normal 0 0 -1
    outer loop
      vertex -1.335 1.335 0
      vertex -1.335 2.05 0
      vertex -0.635 0.635 0
    endloop
  endfacet
  facet normal 0 0 -1
    outer loop
      vertex -1.335 2.05 0
      vertex -0.635 2.05 0
      vertex -0.635 0.635 0
    endloop
  endfacet
  facet normal -1 0 0
    outer loop
      vertex -1.335 1.335 0
      vertex -1.335 1.335 8.6005
      vertex -1.335 2.05 0
    endloop
  endfacet
  facet normal 0 1 0
    outer loop
      vertex -1.335 2.05 0
      vertex -1.335 2.05 8.6005
      vertex -0.635 2.05 0
    endloop
  endfacet
  facet normal -1 0 0
    outer loop
      vertex -1.335 2.05 0
      vertex -1.335 1.335 8.6005
      vertex -1.335 2.05 8.6005
    endloop
  endfacet
  facet normal 0 1 0
    outer loop
      vertex -0.635 2.05 0
      vertex -1.335 2.05 8.6005
      vertex -0.635 2.05 8.249999999999998
    endloop
  endfacet
  facet normal 0 1 0
    outer loop
      vertex -1.335 2.05 8.6005
      vertex 1.335 2.05 8.6005
      vertex -0.635 2.05 8.249999999999998
    endloop
  endfacet
  facet normal 0 0 -1
    outer loop
      vertex 0.635 0.635 0
      vertex 1.335 1.335 0
      vertex 1.335 0.635 0
    endloop
  endfacet
  facet normal 0 0 -1
    outer loop
      vertex 0.635 0.635 0
      vertex 0.635 2.05 0
      vertex 1.335 1.335 0
    endloop
  endfacet
  facet normal 0 0 -1
    outer loop
      vertex 0.635 2.05 0
      vertex 1.335 2.05 0
      vertex 1.335 1.335 0
    endloop
  endfacet
  facet normal 0 1 0
    outer loop
      vertex 0.635 2.05 0
      vertex 0.635 2.05 8.249999999999998
      vertex 1.335 2.05 0
    endloop
  endfacet
  facet normal 1 0 0
    outer loop
      vertex 1.335 1.335 0
      vertex 1.335 2.05 0
      vertex 1.335 2.05 8.6005
    endloop
  endfacet
  facet normal 0 1 0
    outer loop
      vertex 1.335 2.05 0
      vertex 0.635 2.05 8.249999999999998
      vertex 1.335 2.05 8.6005
    endloop
  endfacet
  facet normal 1 0 0
    outer loop
      vertex 1.335 1.335 0
      vertex 1.335 2.05 8.6005
      vertex 1.335 1.335 8.6005
    endloop
  endfacet
  facet normal 0 1 0
    outer loop
      vertex -0.635 2.05 8.249999999999998
      vertex 1.335 2.05 8.6005
      vertex 0.635 2.05 8.249999999999998
    endloop
  endfacet
  facet normal 0 -1 0
    outer loop
      vertex -2.05 0.635 0
      vertex -1.335 0.635 0
      vertex -2.05 0.635 8.249999999999998
    endloop
  endfacet
  facet normal 0 -1 0
    outer loop
      vertex -1.335 0.635 0
      vertex -0.635 0.635 0
      vertex -0.635 0.635 8.249999999999998
    endloop
  endfacet
  facet normal 0 -1 0
    outer loop
      vertex -1.335 0.635 0
      vertex -0.635 0.635 8.249999999999998
      vertex -2.05 0.635 8.249999999999998
    endloop
  endfacet
  facet normal 0 0 -1
    outer loop
      vertex -2.05 0.635 8.249999999999998
      vertex -0.635 0.635 8.249999999999998
      vertex -2.05 0 8.249999999999998
    endloop
  endfacet
  facet normal 0 0 -1
    outer loop
      vertex -0.635 0.635 8.249999999999998
      vertex 0.635 0.635 8.249999999999998
      vertex -2.05 0 8.249999999999998
    endloop
  endfacet
  facet normal 0 -1 0
    outer loop
      vertex 0.635 0.635 0
      vertex 1.335 0.635 0
      vertex 0.635 0.635 8.249999999999998
    endloop
  endfacet
  facet normal 0 -1 0
    outer loop
      vertex 1.335 0.635 0
      vertex 2.05 0.635 0
      vertex 0.635 0.635 8.249999999999998
    endloop
  endfacet
  facet normal 0 -1 0
    outer loop
      vertex 2.05 0.635 0
      vertex 2.05 0.635 8.249999999999998
      vertex 0.635 0.635 8.249999999999998
    endloop
  endfacet
  facet normal 0 0 -1
    outer loop
      vertex 0.635 0.635 8.249999999999998
      vertex 2.05 0.635 8.249999999999998
      vertex -2.05 0 8.249999999999998
    endloop
  endfacet
  facet normal 0 0 -1
    outer loop
      vertex 2.05 0.635 8.249999999999998
      vertex 2.05 0 8.249999999999998
      vertex -2.05 0 8.249999999999998
    endloop
  endfacet
  facet normal 1 0 0
    outer loop
      vertex -0.635 0.635 0
      vertex -0.635 2.05 0
      vertex -0.635 2.05 8.249999999999998
    endloop
  endfacet
  facet normal 1 0 0
    outer loop
      vertex -0.635 0.635 0
      vertex -0.635 2.05 8.249999999999998
      vertex -0.635 0.635 8.249999999999998
    endloop
  endfacet
  facet normal 0 0 -1
    outer loop
      vertex -0.635 0.635 8.249999999999998
      vertex -0.635 2.05 8.249999999999998
      vertex 0.635 2.05 8.249999999999998
    endloop
  endfacet
  facet normal -1 0 0
    outer loop
      vertex 0.635 0.635 0
      vertex 0.635 0.635 8.249999999999998
      vertex 0.635 2.05 0
    endloop
  endfacet
  facet normal -1 0 0
    outer loop
      vertex 0.635 2.05 0
      vertex 0.635 0.635 8.249999999999998
      vertex 0.635 2.05 8.249999999999998
    endloop
  endfacet
  facet normal 0 0 -1
    outer loop
      vertex -0.635 0.635 8.249999999999998
      vertex 0.635 2.05 8.249999999999998
      vertex 0.635 0.635 8.249999999999998
    endloop
  endfacet
  facet normal 1 0 0
    outer loop
      vertex -5.921977497637272 2.246399998664856 9.4
      vertex -5.921977497637272 0 9.4
      vertex -5.921977497637272 0 8.950000000000001
    endloop
  endfacet
  facet normal 0 0 1
    outer loop
      vertex -5.0034374967217445 0.49248000234365463 8.950000000000001
      vertex -5.921977497637272 0 8.950000000000001
      vertex -2.818552501499653 0 8.950000000000001
    endloop
  endfacet
  facet normal 0 0 1
    outer loop
      vertex -5.921977497637272 2.246399998664856 8.950000000000001
      vertex -5.921977497637272 0 8.950000000000001
      vertex -5.0034374967217445 0.49248000234365463 8.950000000000001
    endloop
  endfacet
  facet normal -1 0 0
    outer loop
      vertex -5.0034374967217445 0.49248000234365463 8.950000000000001
      vertex -5.0034374967217445 0.49248000234365463 9.4
      vertex -5.0034374967217445 1.4486399963498116 8.950000000000001
    endloop
  endfacet
  facet normal -1 0 0
    outer loop
      vertex -5.0034374967217445 0.49248000234365463 9.4
      vertex -5.0034374967217445 1.4486399963498116 9.4
      vertex -5.0034374967217445 1.4486399963498116 8.950000000000001
    endloop
  endfacet
  facet normal 1 0 0
    outer loop
      vertex -5.921977497637272 2.246399998664856 8.950000000000001
      vertex -5.921977497637272 2.246399998664856 9.4
      vertex -5.921977497637272 0 8.950000000000001
    endloop
  endfacet
  facet normal 0 0 1
    outer loop
      vertex -5.921977497637272 2.246399998664856 8.950000000000001
      vertex -5.0034374967217445 0.49248000234365463 8.950000000000001
      vertex -5.0034374967217445 1.4486399963498116 8.950000000000001
    endloop
  endfacet
  facet normal 0 -1 0
    outer loop
      vertex -5.921977497637272 2.246399998664856 8.950000000000001
      vertex -2.6232525035738945 2.246399998664856 9.4
      vertex -5.921977497637272 2.246399998664856 9.4
    endloop
  endfacet
  facet normal 0 -1 0
    outer loop
      vertex -5.0034374967217445 0.49248000234365463 8.950000000000001
      vertex -2.818552501499653 0.49248000234365463 9.4
      vertex -5.0034374967217445 0.49248000234365463 9.4
    endloop
  endfacet
  facet normal 0 0 1
    outer loop
      vertex -5.0034374967217445 0.49248000234365463 8.950000000000001
      vertex -2.818552501499653 0 8.950000000000001
      vertex -2.818552501499653 0.49248000234365463 8.950000000000001
    endloop
  endfacet
  facet normal 0 -1 0
    outer loop
      vertex -5.0034374967217445 0.49248000234365463 8.950000000000001
      vertex -2.818552501499653 0.49248000234365463 8.950000000000001
      vertex -2.818552501499653 0.49248000234365463 9.4
    endloop
  endfacet
  facet normal -1 0 0
    outer loop
      vertex -2.818552501499653 0.49248000234365463 8.950000000000001
      vertex -2.818552501499653 0 8.950000000000001
      vertex -2.818552501499653 0 9.4
    endloop
  endfacet
  facet normal -1 0 0
    outer loop
      vertex -2.818552501499653 0.49248000234365463 8.950000000000001
      vertex -2.818552501499653 0 9.4
      vertex -2.818552501499653 0.49248000234365463 9.4
    endloop
  endfacet
  facet normal 0 1 0
    outer loop
      vertex -5.0034374967217445 1.4486399963498116 8.950000000000001
      vertex -5.0034374967217445 1.4486399963498116 9.4
      vertex -2.6232525035738945 1.4486399963498116 8.950000000000001
    endloop
  endfacet
  facet normal 0 1 0
    outer loop
      vertex -5.0034374967217445 1.4486399963498116 9.4
      vertex -2.6232525035738945 1.4486399963498116 9.4
      vertex -2.6232525035738945 1.4486399963498116 8.950000000000001
    endloop
  endfacet
  facet normal 0 0 1
    outer loop
      vertex -5.921977497637272 2.246399998664856 8.950000000000001
      vertex -5.0034374967217445 1.4486399963498116 8.950000000000001
      vertex -2.6232525035738945 2.246399998664856 8.950000000000001
    endloop
  endfacet
  facet normal 0 0 1
    outer loop
      vertex -5.0034374967217445 1.4486399963498116 8.950000000000001
      vertex -2.6232525035738945 1.4486399963498116 8.950000000000001
      vertex -2.6232525035738945 2.246399998664856 8.950000000000001
    endloop
  endfacet
  facet normal 0 -1 0
    outer loop
      vertex -5.921977497637272 2.246399998664856 8.950000000000001
      vertex -2.6232525035738945 2.246399998664856 8.950000000000001
      vertex -2.6232525035738945 2.246399998664856 9.4
    endloop
  endfacet
  facet normal -1 0 0
    outer loop
      vertex -2.6232525035738945 1.4486399963498116 8.950000000000001
      vertex -2.6232525035738945 1.4486399963498116 9.4
      vertex -2.6232525035738945 2.246399998664856 8.950000000000001
    endloop
  endfacet
  facet normal -1 0 0
    outer loop
      vertex -2.6232525035738945 1.4486399963498116 9.4
      vertex -2.6232525035738945 2.246399998664856 9.4
      vertex -2.6232525035738945 2.246399998664856 8.950000000000001
    endloop
  endfacet
  facet normal 0.8241113892258362 0.5664277695772535 0
    outer loop
      vertex -1.7062089517712593 0.22466982156038284 8.950000000000001
      vertex -1.7519459947943687 0.29121390730142593 8.950000000000001
      vertex -1.7519459947943687 0.29121390730142593 9.4
    endloop
  endfacet
  facet normal 0.8241113892258362 0.5664277695772535 0
    outer loop
      vertex -1.7062089517712593 0.22466982156038284 8.950000000000001
      vertex -1.7519459947943687 0.29121390730142593 9.4
      vertex -1.7062089517712593 0.22466982156038284 9.4
    endloop
  endfacet
  facet normal 0.8684588455969244 0.4957612666439943 0
    outer loop
      vertex -1.792302206158638 0.3619086369872093 8.950000000000001
      vertex -1.792302206158638 0.3619086369872093 9.4
      vertex -1.7519459947943687 0.29121390730142593 8.950000000000001
    endloop
  endfacet
  facet normal 0.9059625376992653 0.42335786314359053 0
    outer loop
      vertex -1.792302206158638 0.3619086369872093 8.950000000000001
      vertex -1.827277585864067 0.4367540255188942 8.950000000000001
      vertex -1.827277585864067 0.4367540255188942 9.4
    endloop
  endfacet
  facet normal 0.9364419821181612 0.3508224823562615 0
    outer loop
      vertex -1.8568721413612366 0.5157500579953194 8.950000000000001
      vertex -1.8568721413612366 0.5157500579953194 9.4
      vertex -1.827277585864067 0.4367540255188942 8.950000000000001
    endloop
  endfacet
  facet normal 0.8684588455969244 0.4957612666439943 0
    outer loop
      vertex -1.7519459947943687 0.29121390730142593 8.950000000000001
      vertex -1.792302206158638 0.3619086369872093 9.4
      vertex -1.7519459947943687 0.29121390730142593 9.4
    endloop
  endfacet
  facet normal 0.9059625376992653 0.42335786314359053 0
    outer loop
      vertex -1.792302206158638 0.3619086369872093 8.950000000000001
      vertex -1.827277585864067 0.4367540255188942 9.4
      vertex -1.792302206158638 0.3619086369872093 9.4
    endloop
  endfacet
  facet normal 0.9601159564466348 0.2796021283476996 0
    outer loop
      vertex -1.8568721413612366 0.5157500579953194 8.950000000000001
      vertex -1.8810858726501465 0.5988967418670654 9.4
      vertex -1.8568721413612366 0.5157500579953194 9.4
    endloop
  endfacet
  facet normal 0.9364419821181612 0.3508224823562615 0
    outer loop
      vertex -1.827277585864067 0.4367540255188942 8.950000000000001
      vertex -1.8568721413612366 0.5157500579953194 9.4
      vertex -1.827277585864067 0.4367540255188942 9.4
    endloop
  endfacet
  facet normal 0.6581430864200706 0.752892872723247 0
    outer loop
      vertex -1.5985923781991005 0.10403361171483994 8.950000000000001
      vertex -1.5985923781991005 0.10403361171483994 9.4
      vertex -1.5367128551006317 0.04994148015975952 8.950000000000001
    endloop
  endfacet
  facet normal 0.596144339312953 0.8028772799781562 0
    outer loop
      vertex -1.5367128551006317 0.04994148015975952 8.950000000000001
      vertex -1.5367128551006317 0.04994148015975952 9.4
      vertex -1.4694525003433228 0 8.950000000000001
    endloop
  endfacet
  facet normal 0.7177719296479422 0.6962782899168043 0
    outer loop
      vertex -1.5985923781991005 0.10403361171483994 8.950000000000001
      vertex -1.6550910770893097 0.16227638721466064 8.950000000000001
      vertex -1.6550910770893097 0.16227638721466064 9.4
    endloop
  endfacet
  facet normal 0.7735396936010398 0.6337478539794902 0
    outer loop
      vertex -1.7062089517712593 0.22466982156038284 8.950000000000001
      vertex -1.7062089517712593 0.22466982156038284 9.4
      vertex -1.6550910770893097 0.16227638721466064 8.950000000000001
    endloop
  endfacet
  facet normal 0 0 1
    outer loop
      vertex -1.5367128551006317 0.04994148015975952 8.950000000000001
      vertex -1.4694525003433228 0 8.950000000000001
      vertex -0.9280630946159363 0.7417230159044266 8.950000000000001
    endloop
  endfacet
  facet normal 0.6581430864200706 0.752892872723247 0
    outer loop
      vertex -1.5367128551006317 0.04994148015975952 8.950000000000001
      vertex -1.5985923781991005 0.10403361171483994 9.4
      vertex -1.5367128551006317 0.04994148015975952 9.4
    endloop
  endfacet
  facet normal 0.7177719296479422 0.6962782899168043 0
    outer loop
      vertex -1.5985923781991005 0.10403361171483994 8.950000000000001
      vertex -1.6550910770893097 0.16227638721466064 9.4
      vertex -1.5985923781991005 0.10403361171483994 9.4
    endloop
  endfacet
  facet normal 0.596144339312953 0.8028772799781562 0
    outer loop
      vertex -1.4694525003433228 0 8.950000000000001
      vertex -1.5367128551006317 0.04994148015975952 9.4
      vertex -1.4694525003433228 0 9.4
    endloop
  endfacet
  facet normal 0.7735396936010398 0.6337478539794902 0
    outer loop
      vertex -1.7062089517712593 0.22466982156038284 9.4
      vertex -1.6550910770893097 0.16227638721466064 9.4
      vertex -1.6550910770893097 0.16227638721466064 8.950000000000001
    endloop
  endfacet
  facet normal 0 0 1
    outer loop
      vertex -1.7062089517712593 0.22466982156038284 8.950000000000001
      vertex -1.6550910770893097 0.16227638721466064 8.950000000000001
      vertex -0.9735668823122978 0.7898863330483437 8.950000000000001
    endloop
  endfacet
  facet normal 0 0 1
    outer loop
      vertex -1.792302206158638 0.3619086369872093 8.950000000000001
      vertex -1.7519459947943687 0.29121390730142593 8.950000000000001
      vertex -0.9925267919898033 0.8161343783140182 8.950000000000001
    endloop
  endfacet
  facet normal 0 0 1
    outer loop
      vertex -1.7062089517712593 0.22466982156038284 8.950000000000001
      vertex -0.9925267919898033 0.8161343783140182 8.950000000000001
      vertex -1.7519459947943687 0.29121390730142593 8.950000000000001
    endloop
  endfacet
  facet normal 0 0 1
    outer loop
      vertex -1.792302206158638 0.3619086369872093 8.950000000000001
      vertex -1.008958712220192 0.8438266888260841 8.950000000000001
      vertex -1.827277585864067 0.4367540255188942 8.950000000000001
    endloop
  endfacet
  facet normal 0 0 1
    outer loop
      vertex -1.5985923781991005 0.10403361171483994 8.950000000000001
      vertex -1.5367128551006317 0.04994148015975952 8.950000000000001
      vertex -0.9280630946159363 0.7417230159044266 8.950000000000001
    endloop
  endfacet
  facet normal 0 0 1
    outer loop
      vertex -1.5985923781991005 0.10403361171483994 8.950000000000001
      vertex -0.9520789757370949 0.7650825455784798 8.950000000000001
      vertex -1.6550910770893097 0.16227638721466064 8.950000000000001
    endloop
  endfacet
  facet normal 0 0 1
    outer loop
      vertex -1.5985923781991005 0.10403361171483994 8.950000000000001
      vertex -0.9280630946159363 0.7417230159044266 8.950000000000001
      vertex -0.9520789757370949 0.7650825455784798 8.950000000000001
    endloop
  endfacet
  facet normal 0.9601159564466348 0.2796021283476996 0
    outer loop
      vertex -1.8568721413612366 0.5157500579953194 8.950000000000001
      vertex -1.8810858726501465 0.5988967418670654 8.950000000000001
      vertex -1.8810858726501465 0.5988967418670654 9.4
    endloop
  endfacet
  facet normal 0.9775116711839407 0.21088132373251886 0
    outer loop
      vertex -1.8810858726501465 0.5988967418670654 8.950000000000001
      vertex -1.8999187722802162 0.686194084584713 8.950000000000001
      vertex -1.8999187722802162 0.686194084584713 9.4
    endloop
  endfacet
  facet normal 0.9893531627947605 0.14553459818202782 0
    outer loop
      vertex -1.8999187722802162 0.686194084584713 8.950000000000001
      vertex -1.9133708402514458 0.7776420712471008 8.950000000000001
      vertex -1.9133708402514458 0.7776420712471008 9.4
    endloop
  endfacet
  facet normal 0.9964548608848768 0.08412912824284365 0
    outer loop
      vertex -1.9133708402514458 0.7776420712471008 8.950000000000001
      vertex -1.9214420840144157 0.8732407093048096 8.950000000000001
      vertex -1.9214420840144157 0.8732407093048096 9.4
    endloop
  endfacet
  facet normal 0.9775116711839407 0.21088132373251886 0
    outer loop
      vertex -1.8810858726501465 0.5988967418670654 8.950000000000001
      vertex -1.8999187722802162 0.686194084584713 9.4
      vertex -1.8810858726501465 0.5988967418670654 9.4
    endloop
  endfacet
  facet normal 0.9893531627947605 0.14553459818202782 0
    outer loop
      vertex -1.8999187722802162 0.686194084584713 8.950000000000001
      vertex -1.9133708402514458 0.7776420712471008 9.4
      vertex -1.8999187722802162 0.686194084584713 9.4
    endloop
  endfacet
  facet normal 0.9964548608848768 0.08412912824284365 0
    outer loop
      vertex -1.9133708402514458 0.7776420712471008 8.950000000000001
      vertex -1.9214420840144157 0.8732407093048096 9.4
      vertex -1.9133708402514458 0.7776420712471008 9.4
    endloop
  endfacet
  facet normal 0.9996364588903138 0.02696201137218489 0
    outer loop
      vertex -1.9214420840144157 0.8732407093048096 8.950000000000001
      vertex -1.9241325035691261 0.9729899987578392 8.950000000000001
      vertex -1.9241325035691261 0.9729899987578392 9.4
    endloop
  endfacet
  facet normal 0.9995982281336144 -0.028343999579075154 0
    outer loop
      vertex -1.9241325035691261 0.9729899987578392 8.950000000000001
      vertex -1.921532355248928 1.0646885484457016 8.950000000000001
      vertex -1.921532355248928 1.0646885484457016 9.4
    endloop
  endfacet
  facet normal 0.9962049280718241 -0.08703873439688666 0
    outer loop
      vertex -1.921532355248928 1.0646885484457016 8.950000000000001
      vertex -1.913731910288334 1.1539688184857368 8.950000000000001
      vertex -1.913731910288334 1.1539688184857368 9.4
    endloop
  endfacet
  facet normal 0.9996364588903138 0.02696201137218489 0
    outer loop
      vertex -1.9214420840144157 0.8732407093048096 8.950000000000001
      vertex -1.9241325035691261 0.9729899987578392 9.4
      vertex -1.9214420840144157 0.8732407093048096 9.4
    endloop
  endfacet
  facet normal 0.9995982281336144 -0.028343999579075154 0
    outer loop
      vertex -1.9241325035691261 0.9729899987578392 8.950000000000001
      vertex -1.921532355248928 1.0646885484457016 9.4
      vertex -1.9241325035691261 0.9729899987578392 9.4
    endloop
  endfacet
  facet normal 0.9962049280718241 -0.08703873439688666 0
    outer loop
      vertex -1.921532355248928 1.0646885484457016 8.950000000000001
      vertex -1.913731910288334 1.1539688184857368 9.4
      vertex -1.921532355248928 1.0646885484457016 9.4
    endloop
  endfacet
  facet normal 0 0 1
    outer loop
      vertex -1.8568721413612366 0.5157500579953194 8.950000000000001
      vertex -1.827277585864067 0.4367540255188942 8.950000000000001
      vertex -1.008958712220192 0.8438266888260841 8.950000000000001
    endloop
  endfacet
  facet normal 0 0 1
    outer loop
      vertex -1.8568721413612366 0.5157500579953194 8.950000000000001
      vertex -1.0228626504540443 0.8729632571339607 8.950000000000001
      vertex -1.8810858726501465 0.5988967418670654 8.950000000000001
    endloop
  endfacet
  facet normal 0 0 1
    outer loop
      vertex -1.8810858726501465 0.5988967418670654 8.950000000000001
      vertex -1.0342385917901993 0.903544083237648 8.950000000000001
      vertex -1.8999187722802162 0.686194084584713 8.950000000000001
    endloop
  endfacet
  facet normal 0 0 1
    outer loop
      vertex -1.8999187722802162 0.686194084584713 8.950000000000001
      vertex -1.043086551129818 0.9355691745877266 8.950000000000001
      vertex -1.9133708402514458 0.7776420712471008 8.950000000000001
    endloop
  endfacet
  facet normal 0 0 1
    outer loop
      vertex -1.7062089517712593 0.22466982156038284 8.950000000000001
      vertex -0.9735668823122978 0.7898863330483437 8.950000000000001
      vertex -0.9925267919898033 0.8161343783140182 8.950000000000001
    endloop
  endfacet
  facet normal 0 0 1
    outer loop
      vertex -1.6550910770893097 0.16227638721466064 8.950000000000001
      vertex -0.9520789757370949 0.7650825455784798 8.950000000000001
      vertex -0.9735668823122978 0.7898863330483437 8.950000000000001
    endloop
  endfacet
  facet normal 0 0 1
    outer loop
      vertex -1.792302206158638 0.3619086369872093 8.950000000000001
      vertex -0.9925267919898033 0.8161343783140182 8.950000000000001
      vertex -1.008958712220192 0.8438266888260841 8.950000000000001
    endloop
  endfacet
  facet normal 0 0 1
    outer loop
      vertex -1.8568721413612366 0.5157500579953194 8.950000000000001
      vertex -1.008958712220192 0.8438266888260841 8.950000000000001
      vertex -1.0228626504540443 0.8729632571339607 8.950000000000001
    endloop
  endfacet
  facet normal 0 0 1
    outer loop
      vertex -1.8810858726501465 0.5988967418670654 8.950000000000001
      vertex -1.0228626504540443 0.8729632571339607 8.950000000000001
      vertex -1.0342385917901993 0.903544083237648 8.950000000000001
    endloop
  endfacet
  facet normal 0 0 1
    outer loop
      vertex -1.8999187722802162 0.686194084584713 8.950000000000001
      vertex -1.0342385917901993 0.903544083237648 8.950000000000001
      vertex -1.043086551129818 0.9355691745877266 8.950000000000001
    endloop
  endfacet
  facet normal 0 0 1
    outer loop
      vertex -1.9133708402514458 0.7776420712471008 8.950000000000001
      vertex -1.0494065210223198 0.9690385237336159 8.950000000000001
      vertex -1.9214420840144157 0.8732407093048096 8.950000000000001
    endloop
  endfacet
  facet normal 0 0 1
    outer loop
      vertex -1.9214420840144157 0.8732407093048096 8.950000000000001
      vertex -1.0531985089182854 1.0039521306753159 8.950000000000001
      vertex -1.9241325035691261 0.9729899987578392 8.950000000000001
    endloop
  endfacet
  facet normal 0 0 1
    outer loop
      vertex -1.9241325035691261 0.9729899987578392 8.950000000000001
      vertex -1.0544624999165535 1.0403100028634071 8.950000000000001
      vertex -1.921532355248928 1.0646885484457016 8.950000000000001
    endloop
  endfacet
  facet normal 0 0 1
    outer loop
      vertex -1.921532355248928 1.0646885484457016 8.950000000000001
      vertex -1.0531803965568542 1.0799856185913086 8.950000000000001
      vertex -1.913731910288334 1.1539688184857368 8.950000000000001
    endloop
  endfacet
  facet normal 0 0 1
    outer loop
      vertex -1.9133708402514458 0.7776420712471008 8.950000000000001
      vertex -1.043086551129818 0.9355691745877266 8.950000000000001
      vertex -1.0494065210223198 0.9690385237336159 8.950000000000001
    endloop
  endfacet
  facet normal 0 0 1
    outer loop
      vertex -1.9214420840144157 0.8732407093048096 8.950000000000001
      vertex -1.0494065210223198 0.9690385237336159 8.950000000000001
      vertex -1.0531985089182854 1.0039521306753159 8.950000000000001
    endloop
  endfacet
  facet normal 0 0 1
    outer loop
      vertex -1.9241325035691261 0.9729899987578392 8.950000000000001
      vertex -1.0531985089182854 1.0039521306753159 8.950000000000001
      vertex -1.0544624999165535 1.0403100028634071 8.950000000000001
    endloop
  endfacet
  facet normal 0 0 1
    outer loop
      vertex -1.921532355248928 1.0646885484457016 8.950000000000001
      vertex -1.0544624999165535 1.0403100028634071 8.950000000000001
      vertex -1.0531803965568542 1.0799856185913086 8.950000000000001
    endloop
  endfacet
  facet normal 0 0 1
    outer loop
      vertex -1.913731910288334 1.1539688184857368 8.950000000000001
      vertex -1.0531803965568542 1.0799856185913086 8.950000000000001
      vertex -1.049334093928337 1.1182894110679626 8.950000000000001
    endloop
  endfacet
  facet normal 0 0 1
    outer loop
      vertex -0.7268659621477127 0.6288896426558495 8.950000000000001
      vertex -0.7608859613537788 0.6422320082783699 8.950000000000001
      vertex -1.4694525003433228 0 8.950000000000001
    endloop
  endfacet
  facet normal 0 0 1
    outer loop
      vertex -0.7268659621477127 0.6288896426558495 8.950000000000001
      vertex -1.4694525003433228 0 8.950000000000001
      vertex -0.6891628876328468 0.6152224242687225 8.950000000000001
    endloop
  endfacet
  facet normal 0 0 1
    outer loop
      vertex -0.6891628876328468 0.6152224242687225 8.950000000000001
      vertex -1.4694525003433228 0 8.950000000000001
      vertex -0.6477767303586006 0.6012303531169891 8.950000000000001
    endloop
  endfacet
  facet normal 0 0 1
    outer loop
      vertex -0.6027074977755547 0.5869134292006493 8.950000000000001
      vertex -1.4694525003433228 0 8.950000000000001
      vertex -0.553955189883709 0.5722716599702835 8.950000000000001
    endloop
  endfacet
  facet normal 0 0 1
    outer loop
      vertex -0.6477767303586006 0.6012303531169891 8.950000000000001
      vertex -1.4694525003433228 0 8.950000000000001
      vertex -0.6027074977755547 0.5869134292006493 8.950000000000001
    endloop
  endfacet
  facet normal 0 0 1
    outer loop
      vertex -1.4694525003433228 0 8.950000000000001
      vertex -0.9015192165970802 0.7198077514767647 8.950000000000001
      vertex -0.9280630946159363 0.7417230159044266 8.950000000000001
    endloop
  endfacet
  facet normal 0 0 1
    outer loop
      vertex -0.8724473491311073 0.6993367448449135 8.950000000000001
      vertex -0.9015192165970802 0.7198077514767647 8.950000000000001
      vertex -1.4694525003433228 0 8.950000000000001
    endloop
  endfacet
  facet normal 0 0 1
    outer loop
      vertex -0.8724473491311073 0.6993367448449135 8.950000000000001
      vertex -1.4694525003433228 0 8.950000000000001
      vertex -0.8408474996685982 0.6803100034594536 8.950000000000001
    endloop
  endfacet
  facet normal 0 0 1
    outer loop
      vertex -0.8178767338395119 0.667942188680172 8.950000000000001
      vertex -1.4694525003433228 0 8.950000000000001
      vertex -0.7912228852510452 0.6552495285868645 8.950000000000001
    endloop
  endfacet
  facet normal 0 0 1
    outer loop
      vertex -0.8178767338395119 0.667942188680172 8.950000000000001
      vertex -0.8408474996685982 0.6803100034594536 8.950000000000001
      vertex -1.4694525003433228 0 8.950000000000001
    endloop
  endfacet
  facet normal 0 0 1
    outer loop
      vertex -0.7912228852510452 0.6552495285868645 8.950000000000001
      vertex -1.4694525003433228 0 8.950000000000001
      vertex -0.7608859613537788 0.6422320082783699 8.950000000000001
    endloop
  endfacet
  facet normal 0 0 1
    outer loop
      vertex -0.3855998069047928 0.5263972207903862 8.950000000000001
      vertex -1.4694525003433228 0 8.950000000000001
      vertex -0.3221151903271675 0.510456033051014 8.950000000000001
    endloop
  endfacet
  facet normal 0 0 1
    outer loop
      vertex -0.5015198066830635 0.5573050305247307 8.950000000000001
      vertex -0.553955189883709 0.5722716599702835 8.950000000000001
      vertex -1.4694525003433228 0 8.950000000000001
    endloop
  endfacet
  facet normal 0 0 1
    outer loop
      vertex -0.5015198066830635 0.5573050305247307 8.950000000000001
      vertex -1.4694525003433228 0 8.950000000000001
      vertex -0.4454013481736183 0.5420135483145714 8.950000000000001
    endloop
  endfacet
  facet normal 0 0 1
    outer loop
      vertex -0.4454013481736183 0.5420135483145714 8.950000000000001
      vertex -1.4694525003433228 0 8.950000000000001
      vertex -0.3855998069047928 0.5263972207903862 8.950000000000001
    endloop
  endfacet
  facet normal 0 0 1
    outer loop
      vertex -0.3221151903271675 0.510456033051014 8.950000000000001
      vertex -1.4694525003433228 0 8.950000000000001
      vertex -0.2549474984407425 0.4941899999976158 8.950000000000001
    endloop
  endfacet
  facet normal 0 0 1
    outer loop
      vertex -0.2549474984407425 0.4941899999976158 8.950000000000001
      vertex -1.4694525003433228 0 8.950000000000001
      vertex 0.5201324969530106 0.30811499804258347 8.950000000000001
    endloop
  endfacet
  facet normal -0.2744683483171124 -0.9615961344411053 0
    outer loop
      vertex -0.5015198066830635 0.5573050305247307 8.950000000000001
      vertex -0.5015198066830635 0.5573050305247307 9.4
      vertex -0.553955189883709 0.5722716599702835 8.950000000000001
    endloop
  endfacet
  facet normal -0.2629005363666605 -0.9648229412581991 0
    outer loop
      vertex -0.5015198066830635 0.5573050305247307 8.950000000000001
      vertex -0.4454013481736183 0.5420135483145714 8.950000000000001
      vertex -0.4454013481736183 0.5420135483145714 9.4
    endloop
  endfacet
  facet normal -0.25266313635726895 -0.9675543083083803 0
    outer loop
      vertex -0.4454013481736183 0.5420135483145714 8.950000000000001
      vertex -0.3855998069047928 0.5263972207903862 8.950000000000001
      vertex -0.3855998069047928 0.5263972207903862 9.4
    endloop
  endfacet
  facet normal -0.24354249923042912 -0.9698902262981087 0
    outer loop
      vertex -0.3855998069047928 0.5263972207903862 8.950000000000001
      vertex -0.3221151903271675 0.510456033051014 8.950000000000001
      vertex -0.3221151903271675 0.510456033051014 9.4
    endloop
  endfacet
  facet normal -0.23536708733608475 -0.9719065460212354 0
    outer loop
      vertex -0.3221151903271675 0.510456033051014 8.950000000000001
      vertex -0.2549474984407425 0.4941899999976158 8.950000000000001
      vertex -0.2549474984407425 0.4941899999976158 9.4
    endloop
  endfacet
  facet normal -0.2629005363666605 -0.9648229412581991 0
    outer loop
      vertex -0.5015198066830635 0.5573050305247307 8.950000000000001
      vertex -0.4454013481736183 0.5420135483145714 9.4
      vertex -0.5015198066830635 0.5573050305247307 9.4
    endloop
  endfacet
  facet normal -0.25266313635726895 -0.9675543083083803 0
    outer loop
      vertex -0.4454013481736183 0.5420135483145714 8.950000000000001
      vertex -0.3855998069047928 0.5263972207903862 9.4
      vertex -0.4454013481736183 0.5420135483145714 9.4
    endloop
  endfacet
  facet normal -0.24354249923042912 -0.9698902262981087 0
    outer loop
      vertex -0.3855998069047928 0.5263972207903862 8.950000000000001
      vertex -0.3221151903271675 0.510456033051014 9.4
      vertex -0.3855998069047928 0.5263972207903862 9.4
    endloop
  endfacet
  facet normal -0.23536708733608475 -0.9719065460212354 0
    outer loop
      vertex -0.3221151903271675 0.510456033051014 8.950000000000001
      vertex -0.2549474984407425 0.4941899999976158 9.4
      vertex -0.3221151903271675 0.510456033051014 9.4
    endloop
  endfacet
  facet normal -0.5158273780228882 -0.8566925446635055 0
    outer loop
      vertex -0.8724473491311073 0.6993367448449135 8.950000000000001
      vertex -0.8408474996685982 0.6803100034594536 8.950000000000001
      vertex -0.8408474996685982 0.6803100034594536 9.4
    endloop
  endfacet
  facet normal -0.5757383950676347 -0.8176339648308062 0
    outer loop
      vertex -0.8724473491311073 0.6993367448449135 8.950000000000001
      vertex -0.8724473491311073 0.6993367448449135 9.4
      vertex -0.9015192165970802 0.7198077514767647 8.950000000000001
    endloop
  endfacet
  facet normal -0.8599963457749019 -0.5103001913127362 0
    outer loop
      vertex -1.008958712220192 0.8438266888260841 8.950000000000001
      vertex -0.9925267919898033 0.8161343783140182 8.950000000000001
      vertex -0.9925267919898033 0.8161343783140182 9.4
    endloop
  endfacet
  facet normal -0.7558204142020464 -0.6547789714670493 0
    outer loop
      vertex -0.9520789757370949 0.7650825455784798 8.950000000000001
      vertex -0.9520789757370949 0.7650825455784798 9.4
      vertex -0.9735668823122978 0.7898863330483437 8.950000000000001
    endloop
  endfacet
  facet normal -0.6972434257204102 -0.7168344336662872 0
    outer loop
      vertex -0.9280630946159363 0.7417230159044266 8.950000000000001
      vertex -0.9280630946159363 0.7417230159044266 9.4
      vertex -0.9520789757370949 0.7650825455784798 8.950000000000001
    endloop
  endfacet
  facet normal -0.6366692558223465 -0.7711369908716735 0
    outer loop
      vertex -0.9280630946159363 0.7417230159044266 8.950000000000001
      vertex -0.9015192165970802 0.7198077514767647 8.950000000000001
      vertex -0.9015192165970802 0.7198077514767647 9.4
    endloop
  endfacet
  facet normal -0.8106354243064434 -0.5855512008864062 0
    outer loop
      vertex -0.9925267919898033 0.8161343783140182 8.950000000000001
      vertex -0.9735668823122978 0.7898863330483437 8.950000000000001
      vertex -0.9735668823122978 0.7898863330483437 9.4
    endloop
  endfacet
  facet normal -0.36511573995177854 -0.9309621348043461 0
    outer loop
      vertex -0.7268659621477127 0.6288896426558495 8.950000000000001
      vertex -0.7268659621477127 0.6288896426558495 9.4
      vertex -0.7608859613537788 0.6422320082783699 8.950000000000001
    endloop
  endfacet
  facet normal -0.4299432788962496 -0.9028559004248362 0
    outer loop
      vertex -0.8178767338395119 0.667942188680172 8.950000000000001
      vertex -0.7912228852510452 0.6552495285868645 8.950000000000001
      vertex -0.7912228852510452 0.6552495285868645 9.4
    endloop
  endfacet
  facet normal -0.47406835054447743 -0.8804880459222819 0
    outer loop
      vertex -0.8178767338395119 0.667942188680172 8.950000000000001
      vertex -0.8178767338395119 0.667942188680172 9.4
      vertex -0.8408474996685982 0.6803100034594536 8.950000000000001
    endloop
  endfacet
  facet normal -0.3943282518794651 -0.9189696566098824 0
    outer loop
      vertex -0.7912228852510452 0.6552495285868645 8.950000000000001
      vertex -0.7608859613537788 0.6422320082783699 8.950000000000001
      vertex -0.7608859613537788 0.6422320082783699 9.4
    endloop
  endfacet
  facet normal -0.34079610315141434 -0.9401372325766121 0
    outer loop
      vertex -0.7268659621477127 0.6288896426558495 8.950000000000001
      vertex -0.6891628876328468 0.6152224242687225 8.950000000000001
      vertex -0.6891628876328468 0.6152224242687225 9.4
    endloop
  endfacet
  facet normal -0.32027677555113243 -0.9473240137580012 0
    outer loop
      vertex -0.6891628876328468 0.6152224242687225 8.950000000000001
      vertex -0.6477767303586006 0.6012303531169891 8.950000000000001
      vertex -0.6477767303586006 0.6012303531169891 9.4
    endloop
  endfacet
  facet normal -0.3027564616157656 -0.9530679540042785 0
    outer loop
      vertex -0.6477767303586006 0.6012303531169891 8.950000000000001
      vertex -0.6027074977755547 0.5869134292006493 8.950000000000001
      vertex -0.6027074977755547 0.5869134292006493 9.4
    endloop
  endfacet
  facet normal -0.287637624753111 -0.9577393156941969 0
    outer loop
      vertex -0.6027074977755547 0.5869134292006493 8.950000000000001
      vertex -0.553955189883709 0.5722716599702835 8.950000000000001
      vertex -0.553955189883709 0.5722716599702835 9.4
    endloop
  endfacet
  facet normal -0.5158273780228882 -0.8566925446635055 0
    outer loop
      vertex -0.8724473491311073 0.6993367448449135 8.950000000000001
      vertex -0.8408474996685982 0.6803100034594536 9.4
      vertex -0.8724473491311073 0.6993367448449135 9.4
    endloop
  endfacet
  facet normal -0.8599963457749019 -0.5103001913127362 0
    outer loop
      vertex -1.008958712220192 0.8438266888260841 8.950000000000001
      vertex -0.9925267919898033 0.8161343783140182 9.4
      vertex -1.008958712220192 0.8438266888260841 9.4
    endloop
  endfacet
  facet normal -0.6366692558223465 -0.7711369908716735 0
    outer loop
      vertex -0.9280630946159363 0.7417230159044266 8.950000000000001
      vertex -0.9015192165970802 0.7198077514767647 9.4
      vertex -0.9280630946159363 0.7417230159044266 9.4
    endloop
  endfacet
  facet normal -0.6972434257204102 -0.7168344336662872 0
    outer loop
      vertex -0.9520789757370949 0.7650825455784798 8.950000000000001
      vertex -0.9280630946159363 0.7417230159044266 9.4
      vertex -0.9520789757370949 0.7650825455784798 9.4
    endloop
  endfacet
  facet normal -0.5757383950676347 -0.8176339648308062 0
    outer loop
      vertex -0.9015192165970802 0.7198077514767647 8.950000000000001
      vertex -0.8724473491311073 0.6993367448449135 9.4
      vertex -0.9015192165970802 0.7198077514767647 9.4
    endloop
  endfacet
  facet normal -0.7558204142020464 -0.6547789714670493 0
    outer loop
      vertex -0.9735668823122978 0.7898863330483437 8.950000000000001
      vertex -0.9520789757370949 0.7650825455784798 9.4
      vertex -0.9735668823122978 0.7898863330483437 9.4
    endloop
  endfacet
  facet normal -0.8106354243064434 -0.5855512008864062 0
    outer loop
      vertex -0.9925267919898033 0.8161343783140182 8.950000000000001
      vertex -0.9735668823122978 0.7898863330483437 9.4
      vertex -0.9925267919898033 0.8161343783140182 9.4
    endloop
  endfacet
  facet normal -0.34079610315141434 -0.9401372325766121 0
    outer loop
      vertex -0.7268659621477127 0.6288896426558495 8.950000000000001
      vertex -0.6891628876328468 0.6152224242687225 9.4
      vertex -0.7268659621477127 0.6288896426558495 9.4
    endloop
  endfacet
  facet normal -0.3943282518794651 -0.9189696566098824 0
    outer loop
      vertex -0.7912228852510452 0.6552495285868645 8.950000000000001
      vertex -0.7608859613537788 0.6422320082783699 9.4
      vertex -0.7912228852510452 0.6552495285868645 9.4
    endloop
  endfacet
  facet normal -0.4299432788962496 -0.9028559004248362 0
    outer loop
      vertex -0.8178767338395119 0.667942188680172 8.950000000000001
      vertex -0.7912228852510452 0.6552495285868645 9.4
      vertex -0.8178767338395119 0.667942188680172 9.4
    endloop
  endfacet
  facet normal -0.47406835054447743 -0.8804880459222819 0
    outer loop
      vertex -0.8408474996685982 0.6803100034594536 8.950000000000001
      vertex -0.8178767338395119 0.667942188680172 9.4
      vertex -0.8408474996685982 0.6803100034594536 9.4
    endloop
  endfacet
  facet normal -0.36511573995177854 -0.9309621348043461 0
    outer loop
      vertex -0.7608859613537788 0.6422320082783699 8.950000000000001
      vertex -0.7268659621477127 0.6288896426558495 9.4
      vertex -0.7608859613537788 0.6422320082783699 9.4
    endloop
  endfacet
  facet normal -0.32027677555113243 -0.9473240137580012 0
    outer loop
      vertex -0.6891628876328468 0.6152224242687225 8.950000000000001
      vertex -0.6477767303586006 0.6012303531169891 9.4
      vertex -0.6891628876328468 0.6152224242687225 9.4
    endloop
  endfacet
  facet normal -0.3027564616157656 -0.9530679540042785 0
    outer loop
      vertex -0.6477767303586006 0.6012303531169891 8.950000000000001
      vertex -0.6027074977755547 0.5869134292006493 9.4
      vertex -0.6477767303586006 0.6012303531169891 9.4
    endloop
  endfacet
  facet normal -0.287637624753111 -0.9577393156941969 0
    outer loop
      vertex -0.6027074977755547 0.5869134292006493 8.950000000000001
      vertex -0.553955189883709 0.5722716599702835 9.4
      vertex -0.6027074977755547 0.5869134292006493 9.4
    endloop
  endfacet
  facet normal -0.9372516055583436 -0.348653736360744 0
    outer loop
      vertex -1.0342385917901993 0.903544083237648 8.950000000000001
      vertex -1.0228626504540443 0.8729632571339607 8.950000000000001
      vertex -1.0228626504540443 0.8729632571339607 9.4
    endloop
  endfacet
  facet normal -0.902506938126003 -0.43067531463322445 0
    outer loop
      vertex -1.008958712220192 0.8438266888260841 8.950000000000001
      vertex -1.008958712220192 0.8438266888260841 9.4
      vertex -1.0228626504540443 0.8729632571339607 8.950000000000001
    endloop
  endfacet
  facet normal -0.9638887578228091 -0.266305205624678 0
    outer loop
      vertex -1.0342385917901993 0.903544083237648 8.950000000000001
      vertex -1.0342385917901993 0.903544083237648 9.4
      vertex -1.043086551129818 0.9355691745877266 8.950000000000001
    endloop
  endfacet
  facet normal -0.9826349070523455 -0.1855495606090954 0
    outer loop
      vertex -1.043086551129818 0.9355691745877266 8.950000000000001
      vertex -1.043086551129818 0.9355691745877266 9.4
      vertex -1.0494065210223198 0.9690385237336159 8.950000000000001
    endloop
  endfacet
  facet normal -0.9941535426917164 -0.10797561555050057 0
    outer loop
      vertex -1.0494065210223198 0.9690385237336159 8.950000000000001
      vertex -1.0494065210223198 0.9690385237336159 9.4
      vertex -1.0531985089182854 1.0039521306753159 8.950000000000001
    endloop
  endfacet
  facet normal -0.9993962354730799 -0.03474427322935545 0
    outer loop
      vertex -1.0531985089182854 1.0039521306753159 8.950000000000001
      vertex -1.0531985089182854 1.0039521306753159 9.4
      vertex -1.0544624999165535 1.0403100028634071 8.950000000000001
    endloop
  endfacet
  facet normal -0.999478290477972 0.032297784184534155 0
    outer loop
      vertex -1.0544624999165535 1.0403100028634071 8.950000000000001
      vertex -1.0544624999165535 1.0403100028634071 9.4
      vertex -1.0531803965568542 1.0799856185913086 8.950000000000001
    endloop
  endfacet
  facet normal -0.9949961521945542 0.09991324796057556 0
    outer loop
      vertex -1.0531803965568542 1.0799856185913086 8.950000000000001
      vertex -1.0531803965568542 1.0799856185913086 9.4
      vertex -1.049334093928337 1.1182894110679626 8.950000000000001
    endloop
  endfacet
  facet normal -0.9852677490282423 0.17101889581218885 0
    outer loop
      vertex -1.049334093928337 1.1182894110679626 8.950000000000001
      vertex -1.049334093928337 1.1182894110679626 9.4
      vertex -1.042923592031002 1.1552213579416275 8.950000000000001
    endloop
  endfacet
  facet normal -0.902506938126003 -0.43067531463322445 0
    outer loop
      vertex -1.0228626504540443 0.8729632571339607 8.950000000000001
      vertex -1.008958712220192 0.8438266888260841 9.4
      vertex -1.0228626504540443 0.8729632571339607 9.4
    endloop
  endfacet
  facet normal -0.9372516055583436 -0.348653736360744 0
    outer loop
      vertex -1.0342385917901993 0.903544083237648 8.950000000000001
      vertex -1.0228626504540443 0.8729632571339607 9.4
      vertex -1.0342385917901993 0.903544083237648 9.4
    endloop
  endfacet
  facet normal -0.9638887578228091 -0.266305205624678 0
    outer loop
      vertex -1.043086551129818 0.9355691745877266 8.950000000000001
      vertex -1.0342385917901993 0.903544083237648 9.4
      vertex -1.043086551129818 0.9355691745877266 9.4
    endloop
  endfacet
  facet normal -0.9826349070523455 -0.1855495606090954 0
    outer loop
      vertex -1.0494065210223198 0.9690385237336159 8.950000000000001
      vertex -1.043086551129818 0.9355691745877266 9.4
      vertex -1.0494065210223198 0.9690385237336159 9.4
    endloop
  endfacet
  facet normal -0.9941535426917164 -0.10797561555050057 0
    outer loop
      vertex -1.0531985089182854 1.0039521306753159 8.950000000000001
      vertex -1.0494065210223198 0.9690385237336159 9.4
      vertex -1.0531985089182854 1.0039521306753159 9.4
    endloop
  endfacet
  facet normal -0.9993962354730799 -0.03474427322935545 0
    outer loop
      vertex -1.0544624999165535 1.0403100028634071 8.950000000000001
      vertex -1.0531985089182854 1.0039521306753159 9.4
      vertex -1.0544624999165535 1.0403100028634071 9.4
    endloop
  endfacet
  facet normal -0.999478290477972 0.032297784184534155 0
    outer loop
      vertex -1.0531803965568542 1.0799856185913086 8.950000000000001
      vertex -1.0544624999165535 1.0403100028634071 9.4
      vertex -1.0531803965568542 1.0799856185913086 9.4
    endloop
  endfacet
  facet normal -0.9949961521945542 0.09991324796057556 0
    outer loop
      vertex -1.049334093928337 1.1182894110679626 8.950000000000001
      vertex -1.0531803965568542 1.0799856185913086 9.4
      vertex -1.049334093928337 1.1182894110679626 9.4
    endloop
  endfacet
  facet normal -0.2744683483171124 -0.9615961344411053 0
    outer loop
      vertex -0.5015198066830635 0.5573050305247307 9.4
      vertex -0.553955189883709 0.5722716599702835 9.4
      vertex -0.553955189883709 0.5722716599702835 8.950000000000001
    endloop
  endfacet
  facet normal 0.9889839977988063 -0.14802247159769627 0
    outer loop
      vertex -1.913731910288334 1.1539688184857368 8.950000000000001
      vertex -1.9007311686873436 1.2408308014273643 8.950000000000001
      vertex -1.9007311686873436 1.2408308014273643 9.4
    endloop
  endfacet
  facet normal 0.9775503996928319 -0.21070172296491704 0
    outer loop
      vertex -1.9007311686873436 1.2408308014273643 8.950000000000001
      vertex -1.8825301304459572 1.325274497270584 8.950000000000001
      vertex -1.8825301304459572 1.325274497270584 9.4
    endloop
  endfacet
  facet normal 0.9616307320940505 -0.27434710695077613 0
    outer loop
      vertex -1.8825301304459572 1.325274497270584 8.950000000000001
      vertex -1.8591288030147552 1.4072999134659767 8.950000000000001
      vertex -1.8591288030147552 1.4072999134659767 9.4
    endloop
  endfacet
  facet normal 0.9889839977988063 -0.14802247159769627 0
    outer loop
      vertex -1.913731910288334 1.1539688184857368 8.950000000000001
      vertex -1.9007311686873436 1.2408308014273643 9.4
      vertex -1.913731910288334 1.1539688184857368 9.4
    endloop
  endfacet
  facet normal 0.9775503996928319 -0.21070172296491704 0
    outer loop
      vertex -1.9007311686873436 1.2408308014273643 8.950000000000001
      vertex -1.8825301304459572 1.325274497270584 9.4
      vertex -1.9007311686873436 1.2408308014273643 9.4
    endloop
  endfacet
  facet normal 0.9616307320940505 -0.27434710695077613 0
    outer loop
      vertex -1.8825301304459572 1.325274497270584 8.950000000000001
      vertex -1.8591288030147552 1.4072999134659767 9.4
      vertex -1.8825301304459572 1.325274497270584 9.4
    endloop
  endfacet
  facet normal 0.9411017301571297 -0.3381235476793311 0
    outer loop
      vertex -1.8591288030147552 1.4072999134659767 8.950000000000001
      vertex -1.8305271714925766 1.4869070425629616 8.950000000000001
      vertex -1.8305271714925766 1.4869070425629616 9.4
    endloop
  endfacet
  facet normal 0.9160186916879625 -0.40113558366003094 0
    outer loop
      vertex -1.8305271714925766 1.4869070425629616 8.950000000000001
      vertex -1.7967252507805824 1.5640958845615387 8.950000000000001
      vertex -1.7967252507805824 1.5640958845615387 9.4
    endloop
  endfacet
  facet normal 0.8866262307550198 -0.46248667757801043 0
    outer loop
      vertex -1.7967252507805824 1.5640958845615387 8.950000000000001
      vertex -1.7577230334281921 1.6388664469122887 8.950000000000001
      vertex -1.7577230334281921 1.6388664469122887 9.4
    endloop
  endfacet
  facet normal 0.8533488407383629 -0.5213403456577018 0
    outer loop
      vertex -1.7577230334281921 1.6388664469122887 8.950000000000001
      vertex -1.7135205194354057 1.7112187296152115 8.950000000000001
      vertex -1.7135205194354057 1.7112187296152115 9.4
    endloop
  endfacet
  facet normal 0.9411017301571297 -0.3381235476793311 0
    outer loop
      vertex -1.8591288030147552 1.4072999134659767 8.950000000000001
      vertex -1.8305271714925766 1.4869070425629616 9.4
      vertex -1.8591288030147552 1.4072999134659767 9.4
    endloop
  endfacet
  facet normal 0.9160186916879625 -0.40113558366003094 0
    outer loop
      vertex -1.8305271714925766 1.4869070425629616 8.950000000000001
      vertex -1.7967252507805824 1.5640958845615387 9.4
      vertex -1.8305271714925766 1.4869070425629616 9.4
    endloop
  endfacet
  facet normal 0.8866262307550198 -0.46248667757801043 0
    outer loop
      vertex -1.7967252507805824 1.5640958845615387 8.950000000000001
      vertex -1.7577230334281921 1.6388664469122887 9.4
      vertex -1.7967252507805824 1.5640958845615387 9.4
    endloop
  endfacet
  facet normal 0.8533488407383629 -0.5213403456577018 0
    outer loop
      vertex -1.7577230334281921 1.6388664469122887 8.950000000000001
      vertex -1.7135205194354057 1.7112187296152115 9.4
      vertex -1.7577230334281921 1.6388664469122887 9.4
    endloop
  endfacet
  facet normal 0 0 1
    outer loop
      vertex -1.913731910288334 1.1539688184857368 8.950000000000001
      vertex -1.049334093928337 1.1182894110679626 8.950000000000001
      vertex -1.9007311686873436 1.2408308014273643 8.950000000000001
    endloop
  endfacet
  facet normal 0 0 1
    outer loop
      vertex -1.9007311686873436 1.2408308014273643 8.950000000000001
      vertex -1.042923592031002 1.1552213579416275 8.950000000000001
      vertex -1.8825301304459572 1.325274497270584 8.950000000000001
    endloop
  endfacet
  facet normal 0 0 1
    outer loop
      vertex -1.8825301304459572 1.325274497270584 8.950000000000001
      vertex -1.042923592031002 1.1552213579416275 8.950000000000001
      vertex -1.8591288030147552 1.4072999134659767 8.950000000000001
    endloop
  endfacet
  facet normal 0 0 1
    outer loop
      vertex -1.8591288030147552 1.4072999134659767 8.950000000000001
      vertex -1.033948890864849 1.190781481564045 8.950000000000001
      vertex -1.8305271714925766 1.4869070425629616 8.950000000000001
    endloop
  endfacet
  facet normal 0 0 1
    outer loop
      vertex -1.9007311686873436 1.2408308014273643 8.950000000000001
      vertex -1.049334093928337 1.1182894110679626 8.950000000000001
      vertex -1.042923592031002 1.1552213579416275 8.950000000000001
    endloop
  endfacet
  facet normal 0 0 1
    outer loop
      vertex -1.8591288030147552 1.4072999134659767 8.950000000000001
      vertex -1.042923592031002 1.1552213579416275 8.950000000000001
      vertex -1.033948890864849 1.190781481564045 8.950000000000001
    endloop
  endfacet
  facet normal 0 0 1
    outer loop
      vertex -1.8305271714925766 1.4869070425629616 8.950000000000001
      vertex -1.033948890864849 1.190781481564045 8.950000000000001
      vertex -1.0224099829792976 1.2249697670340538 8.950000000000001
    endloop
  endfacet
  facet normal 0 0 1
    outer loop
      vertex -1.7967252507805824 1.5640958845615387 8.950000000000001
      vertex -1.0224099829792976 1.2249697670340538 8.950000000000001
      vertex -1.0083068758249283 1.257786214351654 8.950000000000001
    endloop
  endfacet
  facet normal 0 0 1
    outer loop
      vertex -1.7577230334281921 1.6388664469122887 8.950000000000001
      vertex -1.0083068758249283 1.257786214351654 8.950000000000001
      vertex -0.991639569401741 1.2892308309674263 8.950000000000001
    endloop
  endfacet
  facet normal 0 0 1
    outer loop
      vertex -1.8305271714925766 1.4869070425629616 8.950000000000001
      vertex -1.0224099829792976 1.2249697670340538 8.950000000000001
      vertex -1.7967252507805824 1.5640958845615387 8.950000000000001
    endloop
  endfacet
  facet normal 0 0 1
    outer loop
      vertex -1.7967252507805824 1.5640958845615387 8.950000000000001
      vertex -1.0083068758249283 1.257786214351654 8.950000000000001
      vertex -1.7577230334281921 1.6388664469122887 8.950000000000001
    endloop
  endfacet
  facet normal 0 0 1
    outer loop
      vertex -1.7577230334281921 1.6388664469122887 8.950000000000001
      vertex -0.991639569401741 1.2892308309674263 8.950000000000001
      vertex -1.7135205194354057 1.7112187296152115 8.950000000000001
    endloop
  endfacet
  facet normal 0 0 1
    outer loop
      vertex -1.7135205194354057 1.7112187296152115 8.950000000000001
      vertex -0.991639569401741 1.2892308309674263 8.950000000000001
      vertex -1.6641177088022232 1.7811527252197266 8.950000000000001
    endloop
  endfacet
  facet normal 0 0 1
    outer loop
      vertex -1.6641177088022232 1.7811527252197266 8.950000000000001
      vertex -0.9724080637097359 1.31930360943079 8.950000000000001
      vertex -1.6095146015286446 1.848668433725834 8.950000000000001
    endloop
  endfacet
  facet normal 0 0 1
    outer loop
      vertex -1.6641177088022232 1.7811527252197266 8.950000000000001
      vertex -0.991639569401741 1.2892308309674263 8.950000000000001
      vertex -0.9724080637097359 1.31930360943079 8.950000000000001
    endloop
  endfacet
  facet normal 0 0 1
    outer loop
      vertex -1.6095146015286446 1.848668433725834 8.950000000000001
      vertex -0.9724080637097359 1.31930360943079 8.950000000000001
      vertex -0.9506123512983322 1.3480045571923256 8.950000000000001
    endloop
  endfacet
  facet normal 0 0 1
    outer loop
      vertex -1.5497111976146698 1.9137658551335335 8.950000000000001
      vertex -0.9506123512983322 1.3480045571923256 8.950000000000001
      vertex -0.9262524396181107 1.3753336668014526 8.950000000000001
    endloop
  endfacet
  facet normal 0.8167607169130585 -0.5769765431173668 0
    outer loop
      vertex -1.7135205194354057 1.7112187296152115 8.950000000000001
      vertex -1.6641177088022232 1.7811527252197266 9.4
      vertex -1.7135205194354057 1.7112187296152115 9.4
    endloop
  endfacet
  facet normal 0.8167607169130585 -0.5769765431173668 0
    outer loop
      vertex -1.7135205194354057 1.7112187296152115 8.950000000000001
      vertex -1.6641177088022232 1.7811527252197266 8.950000000000001
      vertex -1.6641177088022232 1.7811527252197266 9.4
    endloop
  endfacet
  facet normal 0.7775402756059999 -0.6288331414696156 0
    outer loop
      vertex -1.6641177088022232 1.7811527252197266 8.950000000000001
      vertex -1.6095146015286446 1.848668433725834 8.950000000000001
      vertex -1.6095146015286446 1.848668433725834 9.4
    endloop
  endfacet
  facet normal 0.7364168364264472 -0.6765280799993918 0
    outer loop
      vertex -1.6095146015286446 1.848668433725834 8.950000000000001
      vertex -1.5497111976146698 1.9137658551335335 8.950000000000001
      vertex -1.5497111976146698 1.9137658551335335 9.4
    endloop
  endfacet
  facet normal 0.6941183664424153 -0.7198608847321216 0
    outer loop
      vertex -1.5497111976146698 1.9137658551335335 8.950000000000001
      vertex -1.484707497060299 1.976444996893406 8.950000000000001
      vertex -1.484707497060299 1.976444996893406 9.4
    endloop
  endfacet
  facet normal 0 0 1
    outer loop
      vertex -1.6095146015286446 1.848668433725834 8.950000000000001
      vertex -0.9506123512983322 1.3480045571923256 8.950000000000001
      vertex -1.5497111976146698 1.9137658551335335 8.950000000000001
    endloop
  endfacet
  facet normal 0 0 1
    outer loop
      vertex -1.5497111976146698 1.9137658551335335 8.950000000000001
      vertex -0.9262524396181107 1.3753336668014526 8.950000000000001
      vertex -1.484707497060299 1.976444996893406 8.950000000000001
    endloop
  endfacet
  facet normal 0 0 1
    outer loop
      vertex -1.484707497060299 1.976444996893406 8.950000000000001
      vertex -0.8993283286690712 1.4012909457087517 8.950000000000001
      vertex -1.414666198194027 2.0355507656931877 8.950000000000001
    endloop
  endfacet
  facet normal 0 0 1
    outer loop
      vertex -1.414666198194027 2.0355507656931877 8.950000000000001
      vertex -0.8698400184512138 1.4258763939142227 8.950000000000001
      vertex -1.3397499844431877 2.089928075671196 8.950000000000001
    endloop
  endfacet
  facet normal 0 0 1
    outer loop
      vertex -1.3397499844431877 2.089928075671196 8.950000000000001
      vertex -0.837787501513958 1.4490899965167046 8.950000000000001
      vertex -1.2599588632583618 2.13957691937685 8.950000000000001
    endloop
  endfacet
  facet normal 0.7775402756059999 -0.6288331414696156 0
    outer loop
      vertex -1.6641177088022232 1.7811527252197266 8.950000000000001
      vertex -1.6095146015286446 1.848668433725834 9.4
      vertex -1.6641177088022232 1.7811527252197266 9.4
    endloop
  endfacet
  facet normal 0.7364168364264472 -0.6765280799993918 0
    outer loop
      vertex -1.6095146015286446 1.848668433725834 8.950000000000001
      vertex -1.5497111976146698 1.9137658551335335 9.4
      vertex -1.6095146015286446 1.848668433725834 9.4
    endloop
  endfacet
  facet normal 0.6941183664424153 -0.7198608847321216 0
    outer loop
      vertex -1.5497111976146698 1.9137658551335335 8.950000000000001
      vertex -1.484707497060299 1.976444996893406 9.4
      vertex -1.5497111976146698 1.9137658551335335 9.4
    endloop
  endfacet
  facet normal 0.6449246232190197 -0.7642461843972828 0
    outer loop
      vertex -1.484707497060299 1.976444996893406 8.950000000000001
      vertex -1.414666198194027 2.0355507656931877 8.950000000000001
      vertex -1.414666198194027 2.0355507656931877 9.4
    endloop
  endfacet
  facet normal 0.5874139584298206 -0.809286625023427 0
    outer loop
      vertex -1.414666198194027 2.0355507656931877 8.950000000000001
      vertex -1.3397499844431877 2.089928075671196 8.950000000000001
      vertex -1.3397499844431877 2.089928075671196 9.4
    endloop
  endfacet
  facet normal 0.5283098260278128 -0.8490516637534268 0
    outer loop
      vertex -1.3397499844431877 2.089928075671196 8.950000000000001
      vertex -1.2599588632583618 2.13957691937685 8.950000000000001
      vertex -1.2599588632583618 2.13957691937685 9.4
    endloop
  endfacet
  facet normal 0.4686795726969374 -0.8833682460540544 0
    outer loop
      vertex -1.2599588632583618 2.13957691937685 8.950000000000001
      vertex -1.1752928271889687 2.1844973042607307 8.950000000000001
      vertex -1.1752928271889687 2.1844973042607307 9.4
    endloop
  endfacet
  facet normal 0.6449246232190197 -0.7642461843972828 0
    outer loop
      vertex -1.484707497060299 1.976444996893406 8.950000000000001
      vertex -1.414666198194027 2.0355507656931877 9.4
      vertex -1.484707497060299 1.976444996893406 9.4
    endloop
  endfacet
  facet normal 0.5874139584298206 -0.809286625023427 0
    outer loop
      vertex -1.414666198194027 2.0355507656931877 8.950000000000001
      vertex -1.3397499844431877 2.089928075671196 9.4
      vertex -1.414666198194027 2.0355507656931877 9.4
    endloop
  endfacet
  facet normal 0.5283098260278128 -0.8490516637534268 0
    outer loop
      vertex -1.3397499844431877 2.089928075671196 8.950000000000001
      vertex -1.2599588632583618 2.13957691937685 9.4
      vertex -1.3397499844431877 2.089928075671196 9.4
    endloop
  endfacet
  facet normal 0.4686795726969374 -0.8833682460540544 0
    outer loop
      vertex -1.2599588632583618 2.13957691937685 8.950000000000001
      vertex -1.1752928271889687 2.1844973042607307 9.4
      vertex -1.2599588632583618 2.13957691937685 9.4
    endloop
  endfacet
  facet normal 0.4095044743859234 -0.912308108841475 0
    outer loop
      vertex -1.1752928271889687 2.1844973042607307 8.950000000000001
      vertex -1.0857518762350082 2.224689230322838 9.4
      vertex -1.1752928271889687 2.1844973042607307 9.4
    endloop
  endfacet
  facet normal -0.9695968541665323 0.2447078674468074 0
    outer loop
      vertex -1.042923592031002 1.1552213579416275 8.950000000000001
      vertex -1.042923592031002 1.1552213579416275 9.4
      vertex -1.033948890864849 1.190781481564045 8.950000000000001
    endloop
  endfacet
  facet normal -0.9474892431122948 0.3197876392021599 0
    outer loop
      vertex -1.033948890864849 1.190781481564045 8.950000000000001
      vertex -1.033948890864849 1.190781481564045 9.4
      vertex -1.0224099829792976 1.2249697670340538 8.950000000000001
    endloop
  endfacet
  facet normal -0.9187500944469067 0.39483954203422916 0
    outer loop
      vertex -1.0224099829792976 1.2249697670340538 8.950000000000001
      vertex -1.0224099829792976 1.2249697670340538 9.4
      vertex -1.0083068758249283 1.257786214351654 8.950000000000001
    endloop
  endfacet
  facet normal -0.8835536037622848 0.4683300431092157 0
    outer loop
      vertex -1.0083068758249283 1.257786214351654 8.950000000000001
      vertex -1.0083068758249283 1.257786214351654 9.4
      vertex -0.991639569401741 1.2892308309674263 8.950000000000001
    endloop
  endfacet
  facet normal -0.8424630585548215 0.5387541136459708 0
    outer loop
      vertex -0.991639569401741 1.2892308309674263 8.950000000000001
      vertex -0.991639569401741 1.2892308309674263 9.4
      vertex -0.9724080637097359 1.31930360943079 8.950000000000001
    endloop
  endfacet
  facet normal -0.7963894886501138 0.6047840791287501 0
    outer loop
      vertex -0.9724080637097359 1.31930360943079 8.950000000000001
      vertex -0.9724080637097359 1.31930360943079 9.4
      vertex -0.9506123512983322 1.3480045571923256 8.950000000000001
    endloop
  endfacet
  facet normal -0.7464948538950611 0.6653911880301628 0
    outer loop
      vertex -0.9506123512983322 1.3480045571923256 8.950000000000001
      vertex -0.9506123512983322 1.3480045571923256 9.4
      vertex -0.9262524396181107 1.3753336668014526 8.950000000000001
    endloop
  endfacet
  facet normal -0.694062734430622 0.7199145231724998 0
    outer loop
      vertex -0.9262524396181107 1.3753336668014526 8.950000000000001
      vertex -0.9262524396181107 1.3753336668014526 9.4
      vertex -0.8993283286690712 1.4012909457087517 8.950000000000001
    endloop
  endfacet
  facet normal -0.6403666345742263 0.7680693805406382 0
    outer loop
      vertex -0.8993283286690712 1.4012909457087517 8.950000000000001
      vertex -0.8993283286690712 1.4012909457087517 9.4
      vertex -0.8698400184512138 1.4258763939142227 8.950000000000001
    endloop
  endfacet
  facet normal -0.9852677490282423 0.17101889581218885 0
    outer loop
      vertex -1.049334093928337 1.1182894110679626 9.4
      vertex -1.042923592031002 1.1552213579416275 9.4
      vertex -1.042923592031002 1.1552213579416275 8.950000000000001
    endloop
  endfacet
  facet normal -0.9695968541665323 0.2447078674468074 0
    outer loop
      vertex -1.033948890864849 1.190781481564045 8.950000000000001
      vertex -1.042923592031002 1.1552213579416275 9.4
      vertex -1.033948890864849 1.190781481564045 9.4
    endloop
  endfacet
  facet normal -0.9474892431122948 0.3197876392021599 0
    outer loop
      vertex -1.0224099829792976 1.2249697670340538 8.950000000000001
      vertex -1.033948890864849 1.190781481564045 9.4
      vertex -1.0224099829792976 1.2249697670340538 9.4
    endloop
  endfacet
  facet normal -0.9187500944469067 0.39483954203422916 0
    outer loop
      vertex -1.0083068758249283 1.257786214351654 8.950000000000001
      vertex -1.0224099829792976 1.2249697670340538 9.4
      vertex -1.0083068758249283 1.257786214351654 9.4
    endloop
  endfacet
  facet normal -0.8835536037622848 0.4683300431092157 0
    outer loop
      vertex -0.991639569401741 1.2892308309674263 8.950000000000001
      vertex -1.0083068758249283 1.257786214351654 9.4
      vertex -0.991639569401741 1.2892308309674263 9.4
    endloop
  endfacet
  facet normal -0.8424630585548215 0.5387541136459708 0
    outer loop
      vertex -0.9724080637097359 1.31930360943079 8.950000000000001
      vertex -0.991639569401741 1.2892308309674263 9.4
      vertex -0.9724080637097359 1.31930360943079 9.4
    endloop
  endfacet
  facet normal -0.7963894886501138 0.6047840791287501 0
    outer loop
      vertex -0.9506123512983322 1.3480045571923256 8.950000000000001
      vertex -0.9724080637097359 1.31930360943079 9.4
      vertex -0.9506123512983322 1.3480045571923256 9.4
    endloop
  endfacet
  facet normal -0.7464948538950611 0.6653911880301628 0
    outer loop
      vertex -0.9262524396181107 1.3753336668014526 8.950000000000001
      vertex -0.9506123512983322 1.3480045571923256 9.4
      vertex -0.9262524396181107 1.3753336668014526 9.4
    endloop
  endfacet
  facet normal -0.694062734430622 0.7199145231724998 0
    outer loop
      vertex -0.8993283286690712 1.4012909457087517 8.950000000000001
      vertex -0.9262524396181107 1.3753336668014526 9.4
      vertex -0.8993283286690712 1.4012909457087517 9.4
    endloop
  endfacet
  facet normal -0.5865621795030381 0.8099041977769011 0
    outer loop
      vertex -0.8698400184512138 1.4258763939142227 8.950000000000001
      vertex -0.8698400184512138 1.4258763939142227 9.4
      vertex -0.837787501513958 1.4490899965167046 8.950000000000001
    endloop
  endfacet
  facet normal 0 0 1
    outer loop
      vertex -1.484707497060299 1.976444996893406 8.950000000000001
      vertex -0.9262524396181107 1.3753336668014526 8.950000000000001
      vertex -0.8993283286690712 1.4012909457087517 8.950000000000001
    endloop
  endfacet
  facet normal 0 0 1
    outer loop
      vertex -1.414666198194027 2.0355507656931877 8.950000000000001
      vertex -0.8993283286690712 1.4012909457087517 8.950000000000001
      vertex -0.8698400184512138 1.4258763939142227 8.950000000000001
    endloop
  endfacet
  facet normal 0 0 1
    outer loop
      vertex -1.3397499844431877 2.089928075671196 8.950000000000001
      vertex -0.8698400184512138 1.4258763939142227 8.950000000000001
      vertex -0.837787501513958 1.4490899965167046 8.950000000000001
    endloop
  endfacet
  facet normal 0 0 1
    outer loop
      vertex -1.2599588632583618 2.13957691937685 8.950000000000001
      vertex -0.837787501513958 1.4490899965167046 8.950000000000001
      vertex -0.8035864382982254 1.470751240849495 8.950000000000001
    endloop
  endfacet
  facet normal -0.5350621471268332 0.8448127003732977 0
    outer loop
      vertex -0.837787501513958 1.4490899965167046 8.950000000000001
      vertex -0.837787501513958 1.4490899965167046 9.4
      vertex -0.8035864382982254 1.470751240849495 8.950000000000001
    endloop
  endfacet
  facet normal -0.48499238803239725 0.8745183723345283 0
    outer loop
      vertex -0.8035864382982254 1.470751240849495 8.950000000000001
      vertex -0.8035864382982254 1.470751240849495 9.4
      vertex -0.7676524668931961 1.4906795844435692 8.950000000000001
    endloop
  endfacet
  facet normal -0.434970896488029 0.9004445120097077 0
    outer loop
      vertex -0.7676524668931961 1.4906795844435692 8.950000000000001
      vertex -0.7676524668931961 1.4906795844435692 9.4
      vertex -0.7299856096506119 1.5088750272989273 8.950000000000001
    endloop
  endfacet
  facet normal -0.3855327132920866 0.9226941676317465 0
    outer loop
      vertex -0.7299856096506119 1.5088750272989273 8.950000000000001
      vertex -0.7299856096506119 1.5088750272989273 9.4
      vertex -0.6905858442187309 1.52533757686615 8.950000000000001
    endloop
  endfacet
  facet normal -0.33713613071540816 0.9414559094117172 0
    outer loop
      vertex -0.6905858442187309 1.52533757686615 8.950000000000001
      vertex -0.6905858442187309 1.52533757686615 9.4
      vertex -0.6494531780481339 1.5400672182440758 8.950000000000001
    endloop
  endfacet
  facet normal -0.2901542993709252 0.9569798757322787 0
    outer loop
      vertex -0.6494531780481339 1.5400672182440758 8.950000000000001
      vertex -0.6494531780481339 1.5400672182440758 9.4
      vertex -0.6065876185894012 1.5530639663338661 8.950000000000001
    endloop
  endfacet
  facet normal -0.24487221188451028 0.9695553619297804 0
    outer loop
      vertex -0.6065876185894012 1.5530639663338661 8.950000000000001
      vertex -0.6065876185894012 1.5530639663338661 9.4
      vertex -0.5619891583919525 1.5643278136849403 8.950000000000001
    endloop
  endfacet
  facet normal -0.6403666345742263 0.7680693805406382 0
    outer loop
      vertex -0.8698400184512138 1.4258763939142227 8.950000000000001
      vertex -0.8993283286690712 1.4012909457087517 9.4
      vertex -0.8698400184512138 1.4258763939142227 9.4
    endloop
  endfacet
  facet normal -0.5865621795030381 0.8099041977769011 0
    outer loop
      vertex -0.837787501513958 1.4490899965167046 8.950000000000001
      vertex -0.8698400184512138 1.4258763939142227 9.4
      vertex -0.837787501513958 1.4490899965167046 9.4
    endloop
  endfacet
  facet normal -0.5350621471268332 0.8448127003732977 0
    outer loop
      vertex -0.8035864382982254 1.470751240849495 8.950000000000001
      vertex -0.837787501513958 1.4490899965167046 9.4
      vertex -0.8035864382982254 1.470751240849495 9.4
    endloop
  endfacet
  facet normal -0.48499238803239725 0.8745183723345283 0
    outer loop
      vertex -0.7676524668931961 1.4906795844435692 8.950000000000001
      vertex -0.8035864382982254 1.470751240849495 9.4
      vertex -0.7676524668931961 1.4906795844435692 9.4
    endloop
  endfacet
  facet normal -0.434970896488029 0.9004445120097077 0
    outer loop
      vertex -0.7299856096506119 1.5088750272989273 8.950000000000001
      vertex -0.7676524668931961 1.4906795844435692 9.4
      vertex -0.7299856096506119 1.5088750272989273 9.4
    endloop
  endfacet
  facet normal -0.3855327132920866 0.9226941676317465 0
    outer loop
      vertex -0.6905858442187309 1.52533757686615 8.950000000000001
      vertex -0.7299856096506119 1.5088750272989273 9.4
      vertex -0.6905858442187309 1.52533757686615 9.4
    endloop
  endfacet
  facet normal -0.33713613071540816 0.9414559094117172 0
    outer loop
      vertex -0.6494531780481339 1.5400672182440758 8.950000000000001
      vertex -0.6905858442187309 1.52533757686615 9.4
      vertex -0.6494531780481339 1.5400672182440758 9.4
    endloop
  endfacet
  facet normal -0.2901542993709252 0.9569798757322787 0
    outer loop
      vertex -0.6065876185894012 1.5530639663338661 8.950000000000001
      vertex -0.6494531780481339 1.5400672182440758 9.4
      vertex -0.6065876185894012 1.5530639663338661 9.4
    endloop
  endfacet
  facet normal -0.24487221188451028 0.9695553619297804 0
    outer loop
      vertex -0.6065876185894012 1.5530639663338661 9.4
      vertex -0.5619891583919525 1.5643278136849403 9.4
      vertex -0.5619891583919525 1.5643278136849403 8.950000000000001
    endloop
  endfacet
  facet normal -0.20149344633680938 0.9794898626751148 0
    outer loop
      vertex -0.5619891583919525 1.5643278136849403 8.950000000000001
      vertex -0.5619891583919525 1.5643278136849403 9.4
      vertex -0.5156577974557877 1.5738587602972984 8.950000000000001
    endloop
  endfacet
  facet normal -0.1601480248382713 0.9870930098731326 0
    outer loop
      vertex -0.5156577974557877 1.5738587602972984 8.950000000000001
      vertex -0.5156577974557877 1.5738587602972984 9.4
      vertex -0.4675935357809067 1.5816568061709404 8.950000000000001
    endloop
  endfacet
  facet normal -0.12090353193144834 0.9926642614532374 0
    outer loop
      vertex -0.4675935357809067 1.5816568061709404 8.950000000000001
      vertex -0.4675935357809067 1.5816568061709404 9.4
      vertex -0.41779637336730957 1.5877219513058662 8.950000000000001
    endloop
  endfacet
  facet normal -0.08377677761729292 0.9964845465595854 0
    outer loop
      vertex -0.41779637336730957 1.5877219513058662 8.950000000000001
      vertex -0.41779637336730957 1.5877219513058662 9.4
      vertex -0.36626631766557693 1.5920542031526566 8.950000000000001
    endloop
  endfacet
  facet normal -0.0487440801886997 0.998811300820409 0
    outer loop
      vertex -0.36626631766557693 1.5920542031526566 8.950000000000001
      vertex -0.36626631766557693 1.5920542031526566 9.4
      vertex -0.3130033612251282 1.5946535468101501 8.950000000000001
    endloop
  endfacet
  facet normal -0.0157528727367284 0.9998759158018261 0
    outer loop
      vertex -0.3130033612251282 1.5946535468101501 8.950000000000001
      vertex -0.3130033612251282 1.5946535468101501 9.4
      vertex -0.2580074965953827 1.5955199971795082 8.950000000000001
    endloop
  endfacet
  facet normal 0.01346741862228298 0.9999093102055067 0
    outer loop
      vertex -0.2580074965953827 1.5955199971795082 8.950000000000001
      vertex -0.2580074965953827 1.5955199971795082 9.4
      vertex -0.2084055170416832 1.5948519259691238 8.950000000000001
    endloop
  endfacet
  facet normal 0.04142713319902707 0.9991415278302218 0
    outer loop
      vertex -0.2084055170416832 1.5948519259691238 8.950000000000001
      vertex -0.2084055170416832 1.5948519259691238 9.4
      vertex -0.16006726026535034 1.592847689986229 8.950000000000001
    endloop
  endfacet
  facet normal 0.070781543228878 0.9974918411386322 0
    outer loop
      vertex -0.16006726026535034 1.592847689986229 8.950000000000001
      vertex -0.16006726026535034 1.592847689986229 9.4
      vertex -0.11299273371696472 1.5895073041319847 8.950000000000001
    endloop
  endfacet
  facet normal 0.10155591319692313 0.9948298329336225 0
    outer loop
      vertex -0.11299273371696472 1.5895073041319847 8.950000000000001
      vertex -0.11299273371696472 1.5895073041319847 9.4
      vertex -0.06718193739652634 1.5848307684063911 8.950000000000001
    endloop
  endfacet
  facet normal 0.13376099114470255 0.9910136211213177 0
    outer loop
      vertex -0.06718193739652634 1.5848307684063911 8.950000000000001
      vertex -0.06718193739652634 1.5848307684063911 9.4
      vertex -0.02263486385345459 1.5788180753588676 8.950000000000001
    endloop
  endfacet
  facet normal 0.16738904521999362 0.9858909207109775 0
    outer loop
      vertex -0.02263486385345459 1.5788180753588676 8.950000000000001
      vertex -0.02263486385345459 1.5788180753588676 9.4
      vertex 0.020648479461669922 1.5714692324399948 8.950000000000001
    endloop
  endfacet
  facet normal -0.20149344633680938 0.9794898626751148 0
    outer loop
      vertex -0.5156577974557877 1.5738587602972984 8.950000000000001
      vertex -0.5619891583919525 1.5643278136849403 9.4
      vertex -0.5156577974557877 1.5738587602972984 9.4
    endloop
  endfacet
  facet normal -0.1601480248382713 0.9870930098731326 0
    outer loop
      vertex -0.4675935357809067 1.5816568061709404 8.950000000000001
      vertex -0.5156577974557877 1.5738587602972984 9.4
      vertex -0.4675935357809067 1.5816568061709404 9.4
    endloop
  endfacet
  facet normal -0.12090353193144834 0.9926642614532374 0
    outer loop
      vertex -0.41779637336730957 1.5877219513058662 8.950000000000001
      vertex -0.4675935357809067 1.5816568061709404 9.4
      vertex -0.41779637336730957 1.5877219513058662 9.4
    endloop
  endfacet
  facet normal -0.08377677761729292 0.9964845465595854 0
    outer loop
      vertex -0.36626631766557693 1.5920542031526566 8.950000000000001
      vertex -0.41779637336730957 1.5877219513058662 9.4
      vertex -0.36626631766557693 1.5920542031526566 9.4
    endloop
  endfacet
  facet normal -0.0487440801886997 0.998811300820409 0
    outer loop
      vertex -0.3130033612251282 1.5946535468101501 8.950000000000001
      vertex -0.36626631766557693 1.5920542031526566 9.4
      vertex -0.3130033612251282 1.5946535468101501 9.4
    endloop
  endfacet
  facet normal -0.0157528727367284 0.9998759158018261 0
    outer loop
      vertex -0.2580074965953827 1.5955199971795082 8.950000000000001
      vertex -0.3130033612251282 1.5946535468101501 9.4
      vertex -0.2580074965953827 1.5955199971795082 9.4
    endloop
  endfacet
  facet normal 0.01346741862228298 0.9999093102055067 0
    outer loop
      vertex -0.2084055170416832 1.5948519259691238 8.950000000000001
      vertex -0.2580074965953827 1.5955199971795082 9.4
      vertex -0.2084055170416832 1.5948519259691238 9.4
    endloop
  endfacet
  facet normal 0.04142713319902707 0.9991415278302218 0
    outer loop
      vertex -0.16006726026535034 1.592847689986229 8.950000000000001
      vertex -0.2084055170416832 1.5948519259691238 9.4
      vertex -0.16006726026535034 1.592847689986229 9.4
    endloop
  endfacet
  facet normal 0.070781543228878 0.9974918411386322 0
    outer loop
      vertex -0.11299273371696472 1.5895073041319847 8.950000000000001
      vertex -0.16006726026535034 1.592847689986229 9.4
      vertex -0.11299273371696472 1.5895073041319847 9.4
    endloop
  endfacet
  facet normal 0.10155591319692313 0.9948298329336225 0
    outer loop
      vertex -0.06718193739652634 1.5848307684063911 8.950000000000001
      vertex -0.11299273371696472 1.5895073041319847 9.4
      vertex -0.06718193739652634 1.5848307684063911 9.4
    endloop
  endfacet
  facet normal 0.13376099114470255 0.9910136211213177 0
    outer loop
      vertex -0.02263486385345459 1.5788180753588676 8.950000000000001
      vertex -0.06718193739652634 1.5848307684063911 9.4
      vertex -0.02263486385345459 1.5788180753588676 9.4
    endloop
  endfacet
  facet normal 0 0 1
    outer loop
      vertex -1.1752928271889687 2.1844973042607307 8.950000000000001
      vertex -0.8035864382982254 1.470751240849495 8.950000000000001
      vertex -0.7676524668931961 1.4906795844435692 8.950000000000001
    endloop
  endfacet
  facet normal 0 0 1
    outer loop
      vertex -0.7676524668931961 1.4906795844435692 8.950000000000001
      vertex -0.7299856096506119 1.5088750272989273 8.950000000000001
      vertex -1.0857518762350082 2.224689230322838 8.950000000000001
    endloop
  endfacet
  facet normal 0 0 1
    outer loop
      vertex -1.2599588632583618 2.13957691937685 8.950000000000001
      vertex -0.8035864382982254 1.470751240849495 8.950000000000001
      vertex -1.1752928271889687 2.1844973042607307 8.950000000000001
    endloop
  endfacet
  facet normal 0 0 1
    outer loop
      vertex -1.1752928271889687 2.1844973042607307 8.950000000000001
      vertex -0.7676524668931961 1.4906795844435692 8.950000000000001
      vertex -1.0857518762350082 2.224689230322838 8.950000000000001
    endloop
  endfacet
  facet normal 0 0 1
    outer loop
      vertex -0.7299856096506119 1.5088750272989273 8.950000000000001
      vertex -0.6905858442187309 1.52533757686615 8.950000000000001
      vertex -0.9913360178470612 2.260152690112591 8.950000000000001
    endloop
  endfacet
  facet normal 0 0 1
    outer loop
      vertex -0.6905858442187309 1.52533757686615 8.950000000000001
      vertex -0.6494531780481339 1.5400672182440758 8.950000000000001
      vertex -0.9913360178470612 2.260152690112591 8.950000000000001
    endloop
  endfacet
  facet normal 0 0 1
    outer loop
      vertex -0.6494531780481339 1.5400672182440758 8.950000000000001
      vertex -0.6065876185894012 1.5530639663338661 8.950000000000001
      vertex -0.8920452520251274 2.29088769108057 8.950000000000001
    endloop
  endfacet
  facet normal 0 0 1
    outer loop
      vertex -0.6065876185894012 1.5530639663338661 8.950000000000001
      vertex -0.5619891583919525 1.5643278136849403 8.950000000000001
      vertex -0.7878795713186264 2.316894233226776 8.950000000000001
    endloop
  endfacet
  facet normal 0 0 1
    outer loop
      vertex -0.5619891583919525 1.5643278136849403 8.950000000000001
      vertex -0.5156577974557877 1.5738587602972984 8.950000000000001
      vertex -0.6788389757275581 2.338172309100628 8.950000000000001
    endloop
  endfacet
  facet normal 0 0 1
    outer loop
      vertex -0.7299856096506119 1.5088750272989273 8.950000000000001
      vertex -0.9913360178470612 2.260152690112591 8.950000000000001
      vertex -1.0857518762350082 2.224689230322838 8.950000000000001
    endloop
  endfacet
  facet normal 0.4095044743859234 -0.912308108841475 0
    outer loop
      vertex -1.1752928271889687 2.1844973042607307 8.950000000000001
      vertex -1.0857518762350082 2.224689230322838 8.950000000000001
      vertex -1.0857518762350082 2.224689230322838 9.4
    endloop
  endfacet
  facet normal 0.3516233327286842 -0.9361415661537378 0
    outer loop
      vertex -1.0857518762350082 2.224689230322838 8.950000000000001
      vertex -0.9913360178470612 2.260152690112591 8.950000000000001
      vertex -0.9913360178470612 2.260152690112591 9.4
    endloop
  endfacet
  facet normal 0 0 1
    outer loop
      vertex -0.6494531780481339 1.5400672182440758 8.950000000000001
      vertex -0.8920452520251274 2.29088769108057 8.950000000000001
      vertex -0.9913360178470612 2.260152690112591 8.950000000000001
    endloop
  endfacet
  facet normal 0 0 1
    outer loop
      vertex -0.6065876185894012 1.5530639663338661 8.950000000000001
      vertex -0.7878795713186264 2.316894233226776 8.950000000000001
      vertex -0.8920452520251274 2.29088769108057 8.950000000000001
    endloop
  endfacet
  facet normal 0 0 1
    outer loop
      vertex -0.5619891583919525 1.5643278136849403 8.950000000000001
      vertex -0.6788389757275581 2.338172309100628 8.950000000000001
      vertex -0.7878795713186264 2.316894233226776 8.950000000000001
    endloop
  endfacet
  facet normal 0 0 1
    outer loop
      vertex -0.4675935357809067 1.5816568061709404 8.950000000000001
      vertex -0.5649234727025032 2.354721926152706 8.950000000000001
      vertex -0.6788389757275581 2.338172309100628 8.950000000000001
    endloop
  endfacet
  facet normal 0.3516233327286842 -0.9361415661537378 0
    outer loop
      vertex -1.0857518762350082 2.224689230322838 8.950000000000001
      vertex -0.9913360178470612 2.260152690112591 9.4
      vertex -1.0857518762350082 2.224689230322838 9.4
    endloop
  endfacet
  facet normal 0 0 1
    outer loop
      vertex -0.5156577974557877 1.5738587602972984 8.950000000000001
      vertex -0.4675935357809067 1.5816568061709404 8.950000000000001
      vertex -0.6788389757275581 2.338172309100628 8.950000000000001
    endloop
  endfacet
  facet normal 0 0 1
    outer loop
      vertex -0.4675935357809067 1.5816568061709404 8.950000000000001
      vertex -0.41779637336730957 1.5877219513058662 8.950000000000001
      vertex -0.5649234727025032 2.354721926152706 8.950000000000001
    endloop
  endfacet
  facet normal 0 0 1
    outer loop
      vertex -0.41779637336730957 1.5877219513058662 8.950000000000001
      vertex -0.36626631766557693 1.5920542031526566 8.950000000000001
      vertex -0.4461330622434616 2.3665430769324303 8.950000000000001
    endloop
  endfacet
  facet normal 0 0 1
    outer loop
      vertex -0.36626631766557693 1.5920542031526566 8.950000000000001
      vertex -0.3130033612251282 1.5946535468101501 8.950000000000001
      vertex -0.4461330622434616 2.3665430769324303 8.950000000000001
    endloop
  endfacet
  facet normal 0 0 1
    outer loop
      vertex -0.3130033612251282 1.5946535468101501 8.950000000000001
      vertex -0.2580074965953827 1.5955199971795082 8.950000000000001
      vertex -0.32246773689985275 2.373635768890381 8.950000000000001
    endloop
  endfacet
  facet normal 0 0 1
    outer loop
      vertex -0.2580074965953827 1.5955199971795082 8.950000000000001
      vertex -0.2084055170416832 1.5948519259691238 8.950000000000001
      vertex -0.19392749667167664 2.376000002026558 8.950000000000001
    endloop
  endfacet
  facet normal 0 0 1
    outer loop
      vertex -0.2084055170416832 1.5948519259691238 8.950000000000001
      vertex -0.16006726026535034 1.592847689986229 8.950000000000001
      vertex -0.19392749667167664 2.376000002026558 8.950000000000001
    endloop
  endfacet
  facet normal 0 0 1
    outer loop
      vertex -0.16006726026535034 1.592847689986229 8.950000000000001
      vertex -0.11299273371696472 1.5895073041319847 8.950000000000001
      vertex -0.08577306568622589 2.3737720996141434 8.950000000000001
    endloop
  endfacet
  facet normal 0 0 1
    outer loop
      vertex -0.11299273371696472 1.5895073041319847 8.950000000000001
      vertex -0.06718193739652634 1.5848307684063911 8.950000000000001
      vertex 0.01990717649459839 2.3670883998274803 8.950000000000001
    endloop
  endfacet
  facet normal 0 0 1
    outer loop
      vertex -0.06718193739652634 1.5848307684063911 8.950000000000001
      vertex -0.02263486385345459 1.5788180753588676 8.950000000000001
      vertex 0.01990717649459839 2.3670883998274803 8.950000000000001
    endloop
  endfacet
  facet normal 0 0 1
    outer loop
      vertex -0.41779637336730957 1.5877219513058662 8.950000000000001
      vertex -0.4461330622434616 2.3665430769324303 8.950000000000001
      vertex -0.5649234727025032 2.354721926152706 8.950000000000001
    endloop
  endfacet
  facet normal 0 0 1
    outer loop
      vertex -0.3130033612251282 1.5946535468101501 8.950000000000001
      vertex -0.32246773689985275 2.373635768890381 8.950000000000001
      vertex -0.4461330622434616 2.3665430769324303 8.950000000000001
    endloop
  endfacet
  facet normal 0 0 1
    outer loop
      vertex -0.2580074965953827 1.5955199971795082 8.950000000000001
      vertex -0.19392749667167664 2.376000002026558 8.950000000000001
      vertex -0.32246773689985275 2.373635768890381 8.950000000000001
    endloop
  endfacet
  facet normal 0 0 1
    outer loop
      vertex -0.16006726026535034 1.592847689986229 8.950000000000001
      vertex -0.08577306568622589 2.3737720996141434 8.950000000000001
      vertex -0.19392749667167664 2.376000002026558 8.950000000000001
    endloop
  endfacet
  facet normal 0 0 1
    outer loop
      vertex -0.11299273371696472 1.5895073041319847 8.950000000000001
      vertex 0.01990717649459839 2.3670883998274803 8.950000000000001
      vertex -0.08577306568622589 2.3737720996141434 8.950000000000001
    endloop
  endfacet
  facet normal 0.29570255980476234 -0.955280061618011 0
    outer loop
      vertex -0.9913360178470612 2.260152690112591 8.950000000000001
      vertex -0.8920452520251274 2.29088769108057 8.950000000000001
      vertex -0.8920452520251274 2.29088769108057 9.4
    endloop
  endfacet
  facet normal 0.2422298618525934 -0.9702188897495624 0
    outer loop
      vertex -0.8920452520251274 2.29088769108057 8.950000000000001
      vertex -0.7878795713186264 2.316894233226776 8.950000000000001
      vertex -0.7878795713186264 2.316894233226776 9.4
    endloop
  endfacet
  facet normal 0.1915265056488686 -0.9814874414040834 0
    outer loop
      vertex -0.7878795713186264 2.316894233226776 8.950000000000001
      vertex -0.6788389757275581 2.338172309100628 8.950000000000001
      vertex -0.6788389757275581 2.338172309100628 9.4
    endloop
  endfacet
  facet normal 0.14377045864369412 -0.9896110626005461 0
    outer loop
      vertex -0.6788389757275581 2.338172309100628 8.950000000000001
      vertex -0.5649234727025032 2.354721926152706 8.950000000000001
      vertex -0.5649234727025032 2.354721926152706 9.4
    endloop
  endfacet
  facet normal 0.29570255980476234 -0.955280061618011 0
    outer loop
      vertex -0.9913360178470612 2.260152690112591 8.950000000000001
      vertex -0.8920452520251274 2.29088769108057 9.4
      vertex -0.9913360178470612 2.260152690112591 9.4
    endloop
  endfacet
  facet normal 0.2422298618525934 -0.9702188897495624 0
    outer loop
      vertex -0.8920452520251274 2.29088769108057 8.950000000000001
      vertex -0.7878795713186264 2.316894233226776 9.4
      vertex -0.8920452520251274 2.29088769108057 9.4
    endloop
  endfacet
  facet normal 0.1915265056488686 -0.9814874414040834 0
    outer loop
      vertex -0.7878795713186264 2.316894233226776 8.950000000000001
      vertex -0.6788389757275581 2.338172309100628 9.4
      vertex -0.7878795713186264 2.316894233226776 9.4
    endloop
  endfacet
  facet normal 0.14377045864369412 -0.9896110626005461 0
    outer loop
      vertex -0.6788389757275581 2.338172309100628 8.950000000000001
      vertex -0.5649234727025032 2.354721926152706 9.4
      vertex -0.6788389757275581 2.338172309100628 9.4
    endloop
  endfacet
  facet normal 0.09902357283259129 -0.9950850878309194 0
    outer loop
      vertex -0.5649234727025032 2.354721926152706 8.950000000000001
      vertex -0.4461330622434616 2.3665430769324303 8.950000000000001
      vertex -0.4461330622434616 2.3665430769324303 9.4
    endloop
  endfacet
  facet normal 0.05725982631769845 -0.9983593102135457 0
    outer loop
      vertex -0.4461330622434616 2.3665430769324303 8.950000000000001
      vertex -0.32246773689985275 2.373635768890381 8.950000000000001
      vertex -0.32246773689985275 2.373635768890381 9.4
    endloop
  endfacet
  facet normal 0.018389831254615366 -0.9998308927545831 0
    outer loop
      vertex -0.32246773689985275 2.373635768890381 8.950000000000001
      vertex -0.19392749667167664 2.376000002026558 8.950000000000001
      vertex -0.19392749667167664 2.376000002026558 9.4
    endloop
  endfacet
  facet normal -0.020594901749545775 -0.9997879025182924 0
    outer loop
      vertex -0.19392749667167664 2.376000002026558 8.950000000000001
      vertex -0.08577306568622589 2.3737720996141434 8.950000000000001
      vertex -0.08577306568622589 2.3737720996141434 9.4
    endloop
  endfacet
  facet normal -0.06311844710297579 -0.9980060428851666 0
    outer loop
      vertex -0.08577306568622589 2.3737720996141434 8.950000000000001
      vertex 0.01990717649459839 2.3670883998274803 8.950000000000001
      vertex 0.01990717649459839 2.3670883998274803 9.4
    endloop
  endfacet
  facet normal 0.09902357283259129 -0.9950850878309194 0
    outer loop
      vertex -0.5649234727025032 2.354721926152706 8.950000000000001
      vertex -0.4461330622434616 2.3665430769324303 9.4
      vertex -0.5649234727025032 2.354721926152706 9.4
    endloop
  endfacet
  facet normal 0.05725982631769845 -0.9983593102135457 0
    outer loop
      vertex -0.4461330622434616 2.3665430769324303 8.950000000000001
      vertex -0.32246773689985275 2.373635768890381 9.4
      vertex -0.4461330622434616 2.3665430769324303 9.4
    endloop
  endfacet
  facet normal 0.018389831254615366 -0.9998308927545831 0
    outer loop
      vertex -0.32246773689985275 2.373635768890381 8.950000000000001
      vertex -0.19392749667167664 2.376000002026558 9.4
      vertex -0.32246773689985275 2.373635768890381 9.4
    endloop
  endfacet
  facet normal -0.020594901749545775 -0.9997879025182924 0
    outer loop
      vertex -0.19392749667167664 2.376000002026558 8.950000000000001
      vertex -0.08577306568622589 2.3737720996141434 9.4
      vertex -0.19392749667167664 2.376000002026558 9.4
    endloop
  endfacet
  facet normal -0.06311844710297579 -0.9980060428851666 0
    outer loop
      vertex -0.08577306568622589 2.3737720996141434 8.950000000000001
      vertex 0.01990717649459839 2.3670883998274803 9.4
      vertex -0.08577306568622589 2.3737720996141434 9.4
    endloop
  endfacet
  facet normal 0 0 1
    outer loop
      vertex 0.5201324969530106 0.30811499804258347 8.950000000000001
      vertex -1.4694525003433228 0 8.950000000000001
      vertex 1.264653068328239 0 8.950000000000001
    endloop
  endfacet
  facet normal -0.23343914648409003 -0.9723714130355642 0
    outer loop
      vertex -0.2549474984407425 0.4941899999976158 8.950000000000001
      vertex 0.5201324969530106 0.30811499804258347 8.950000000000001
      vertex 0.5201324969530106 0.30811499804258347 9.4
    endloop
  endfacet
  facet normal -0.23343914648409003 -0.9723714130355642 0
    outer loop
      vertex -0.2549474984407425 0.4941899999976158 8.950000000000001
      vertex 0.5201324969530106 0.30811499804258347 9.4
      vertex -0.2549474984407425 0.4941899999976158 9.4
    endloop
  endfacet
  facet normal -0.24291406301080992 -0.9700478122193671 0
    outer loop
      vertex 0.5201324969530106 0.30811499804258347 8.950000000000001
      vertex 0.5970556065440178 0.288852334022522 9.4
      vertex 0.5201324969530106 0.30811499804258347 9.4
    endloop
  endfacet
  facet normal 0 0 1
    outer loop
      vertex 0.5201324969530106 0.30811499804258347 8.950000000000001
      vertex 1.264653068328239 0 8.950000000000001
      vertex 0.5970556065440178 0.288852334022522 8.950000000000001
    endloop
  endfacet
  facet normal 0 0 1
    outer loop
      vertex 0.671017237007618 0.26861511915922165 8.950000000000001
      vertex 0.5970556065440178 0.288852334022522 8.950000000000001
      vertex 1.264653068328239 0 8.950000000000001
    endloop
  endfacet
  facet normal -0.2639167579460489 -0.9645454602429304 0
    outer loop
      vertex 0.671017237007618 0.26861511915922165 8.950000000000001
      vertex 0.671017237007618 0.26861511915922165 9.4
      vertex 0.5970556065440178 0.288852334022522 8.950000000000001
    endloop
  endfacet
  facet normal -0.2862548435359678 -0.9581535182590516 0
    outer loop
      vertex 0.671017237007618 0.26861511915922165 8.950000000000001
      vertex 0.7420173808932304 0.2474033460021019 8.950000000000001
      vertex 0.7420173808932304 0.2474033460021019 9.4
    endloop
  endfacet
  facet normal -0.31001817359481115 -0.9507306306420014 0
    outer loop
      vertex 0.7420173808932304 0.2474033460021019 8.950000000000001
      vertex 0.8100560531020164 0.22521701455116272 8.950000000000001
      vertex 0.8100560531020164 0.22521701455116272 9.4
    endloop
  endfacet
  facet normal 0 0 1
    outer loop
      vertex 0.8751332387328148 0.2020561248064041 8.950000000000001
      vertex 1.264653068328239 0 8.950000000000001
      vertex 0.9372489526867867 0.17792067676782608 8.950000000000001
    endloop
  endfacet
  facet normal 0 0 1
    outer loop
      vertex 1.052595928311348 0.12672612071037292 8.950000000000001
      vertex 0.9964031800627708 0.15281067788600922 8.950000000000001
      vertex 1.264653068328239 0 8.950000000000001
    endloop
  endfacet
  facet normal 0 0 1
    outer loop
      vertex 0.9372489526867867 0.17792067676782608 8.950000000000001
      vertex 1.264653068328239 0 8.950000000000001
      vertex 0.9964031800627708 0.15281067788600922 8.950000000000001
    endloop
  endfacet
  facet normal -0.421045798399905 -0.9070393793269322 0
    outer loop
      vertex 1.052595928311348 0.12672612071037292 8.950000000000001
      vertex 1.052595928311348 0.12672612071037292 9.4
      vertex 0.9964031800627708 0.15281067788600922 8.950000000000001
    endloop
  endfacet
  facet normal -0.4531449769654037 -0.8914368344706336 0
    outer loop
      vertex 1.052595928311348 0.12672612071037292 8.950000000000001
      vertex 1.1058272048830986 0.0996670126914978 8.950000000000001
      vertex 1.1058272048830986 0.0996670126914978 9.4
    endloop
  endfacet
  facet normal 0 0 1
    outer loop
      vertex 0.671017237007618 0.26861511915922165 8.950000000000001
      vertex 1.264653068328239 0 8.950000000000001
      vertex 0.7420173808932304 0.2474033460021019 8.950000000000001
    endloop
  endfacet
  facet normal 0 0 1
    outer loop
      vertex 0.7420173808932304 0.2474033460021019 8.950000000000001
      vertex 1.264653068328239 0 8.950000000000001
      vertex 0.8100560531020164 0.22521701455116272 8.950000000000001
    endloop
  endfacet
  facet normal 0 0 1
    outer loop
      vertex 0.8100560531020164 0.22521701455116272 8.950000000000001
      vertex 1.264653068328239 0 8.950000000000001
      vertex 0.8751332387328148 0.2020561248064041 8.950000000000001
    endloop
  endfacet
  facet normal -0.33529670167662085 -0.9421125844848793 0
    outer loop
      vertex 0.8100560531020164 0.22521701455116272 8.950000000000001
      vertex 0.8751332387328148 0.2020561248064041 8.950000000000001
      vertex 0.8751332387328148 0.2020561248064041 9.4
    endloop
  endfacet
  facet normal -0.36217691042029837 -0.9321093742466101 0
    outer loop
      vertex 0.8751332387328148 0.2020561248064041 8.950000000000001
      vertex 0.9372489526867867 0.17792067676782608 8.950000000000001
      vertex 0.9372489526867867 0.17792067676782608 9.4
    endloop
  endfacet
  facet normal -0.39073797283137063 -0.9205019481715566 0
    outer loop
      vertex 0.9372489526867867 0.17792067676782608 8.950000000000001
      vertex 0.9964031800627708 0.15281067788600922 8.950000000000001
      vertex 0.9964031800627708 0.15281067788600922 9.4
    endloop
  endfacet
  facet normal -0.2639167579460489 -0.9645454602429304 0
    outer loop
      vertex 0.5970556065440178 0.288852334022522 8.950000000000001
      vertex 0.671017237007618 0.26861511915922165 9.4
      vertex 0.5970556065440178 0.288852334022522 9.4
    endloop
  endfacet
  facet normal -0.2862548435359678 -0.9581535182590516 0
    outer loop
      vertex 0.671017237007618 0.26861511915922165 8.950000000000001
      vertex 0.7420173808932304 0.2474033460021019 9.4
      vertex 0.671017237007618 0.26861511915922165 9.4
    endloop
  endfacet
  facet normal -0.31001817359481115 -0.9507306306420014 0
    outer loop
      vertex 0.7420173808932304 0.2474033460021019 8.950000000000001
      vertex 0.8100560531020164 0.22521701455116272 9.4
      vertex 0.7420173808932304 0.2474033460021019 9.4
    endloop
  endfacet
  facet normal -0.33529670167662085 -0.9421125844848793 0
    outer loop
      vertex 0.8100560531020164 0.22521701455116272 8.950000000000001
      vertex 0.8751332387328148 0.2020561248064041 9.4
      vertex 0.8100560531020164 0.22521701455116272 9.4
    endloop
  endfacet
  facet normal -0.4870496438903109 -0.873374286538321 0
    outer loop
      vertex 1.1058272048830986 0.0996670126914978 8.950000000000001
      vertex 1.1560969948768616 0.07163334637880325 9.4
      vertex 1.1058272048830986 0.0996670126914978 9.4
    endloop
  endfacet
  facet normal -0.4531449769654037 -0.8914368344706336 0
    outer loop
      vertex 1.052595928311348 0.12672612071037292 8.950000000000001
      vertex 1.1058272048830986 0.0996670126914978 9.4
      vertex 1.052595928311348 0.12672612071037292 9.4
    endloop
  endfacet
  facet normal -0.36217691042029837 -0.9321093742466101 0
    outer loop
      vertex 0.8751332387328148 0.2020561248064041 8.950000000000001
      vertex 0.9372489526867867 0.17792067676782608 9.4
      vertex 0.8751332387328148 0.2020561248064041 9.4
    endloop
  endfacet
  facet normal -0.39073797283137063 -0.9205019481715566 0
    outer loop
      vertex 0.9372489526867867 0.17792067676782608 8.950000000000001
      vertex 0.9964031800627708 0.15281067788600922 9.4
      vertex 0.9372489526867867 0.17792067676782608 9.4
    endloop
  endfacet
  facet normal -0.421045798399905 -0.9070393793269322 0
    outer loop
      vertex 0.9964031800627708 0.15281067788600922 8.950000000000001
      vertex 1.052595928311348 0.12672612071037292 9.4
      vertex 0.9964031800627708 0.15281067788600922 9.4
    endloop
  endfacet
  facet normal -0.24291406301080992 -0.9700478122193671 0
    outer loop
      vertex 0.5201324969530106 0.30811499804258347 8.950000000000001
      vertex 0.5970556065440178 0.288852334022522 8.950000000000001
      vertex 0.5970556065440178 0.288852334022522 9.4
    endloop
  endfacet
  facet normal 0.9958716390266084 0.09077267530736619 0
    outer loop
      vertex 0.6422175019979477 0.905850000679493 8.950000000000001
      vertex 0.636652946472168 0.9668990224599838 8.950000000000001
      vertex 0.636652946472168 0.9668990224599838 9.4
    endloop
  endfacet
  facet normal 0.9878284216093833 0.155547450833225 0
    outer loop
      vertex 0.636652946472168 0.9668990224599838 8.950000000000001
      vertex 0.6274777352809906 1.0251676365733147 8.950000000000001
      vertex 0.6274777352809906 1.0251676365733147 9.4
    endloop
  endfacet
  facet normal 0.9744646664846776 0.2245408955466827 0
    outer loop
      vertex 0.6274777352809906 1.0251676365733147 8.950000000000001
      vertex 0.6146918758749962 1.0806558281183243 8.950000000000001
      vertex 0.6146918758749962 1.0806558281183243 9.4
    endloop
  endfacet
  facet normal 0.9548643278799895 0.2970422787117952 0
    outer loop
      vertex 0.6146918758749962 1.0806558281183243 8.950000000000001
      vertex 0.5982953682541847 1.1333636119961739 8.950000000000001
      vertex 0.5982953682541847 1.1333636119961739 9.4
    endloop
  endfacet
  facet normal 0 0 1
    outer loop
      vertex 0.6422175019979477 0.905850000679493 8.950000000000001
      vertex 1.538879245519638 1.0141607373952866 8.950000000000001
      vertex 0.636652946472168 0.9668990224599838 8.950000000000001
    endloop
  endfacet
  facet normal 0 1 0
    outer loop
      vertex 0.6422175019979477 0.905850000679493 8.950000000000001
      vertex 0.6422175019979477 0.905850000679493 9.4
      vertex 1.5454574972391129 0.905850000679493 8.950000000000001
    endloop
  endfacet
  facet normal 0 0 1
    outer loop
      vertex 0.636652946472168 0.9668990224599838 8.950000000000001
      vertex 1.5266490951180458 1.1184406504034996 8.950000000000001
      vertex 0.6274777352809906 1.0251676365733147 8.950000000000001
    endloop
  endfacet
  facet normal 0.9878284216093833 0.155547450833225 0
    outer loop
      vertex 0.636652946472168 0.9668990224599838 8.950000000000001
      vertex 0.6274777352809906 1.0251676365733147 9.4
      vertex 0.636652946472168 0.9668990224599838 9.4
    endloop
  endfacet
  facet normal 0.9958716390266084 0.09077267530736619 0
    outer loop
      vertex 0.6422175019979477 0.905850000679493 8.950000000000001
      vertex 0.636652946472168 0.9668990224599838 9.4
      vertex 0.6422175019979477 0.905850000679493 9.4
    endloop
  endfacet
  facet normal 0.9744646664846776 0.2245408955466827 0
    outer loop
      vertex 0.6274777352809906 1.0251676365733147 8.950000000000001
      vertex 0.6146918758749962 1.0806558281183243 9.4
      vertex 0.6274777352809906 1.0251676365733147 9.4
    endloop
  endfacet
  facet normal 0.9548643278799895 0.2970422787117952 0
    outer loop
      vertex 0.6146918758749962 1.0806558281183243 8.950000000000001
      vertex 0.5982953682541847 1.1333636119961739 9.4
      vertex 0.6146918758749962 1.0806558281183243 9.4
    endloop
  endfacet
  facet normal 0 0 1
    outer loop
      vertex 1.1058272048830986 0.0996670126914978 8.950000000000001
      vertex 1.264653068328239 0 8.950000000000001
      vertex 1.1560969948768616 0.07163334637880325 8.950000000000001
    endloop
  endfacet
  facet normal 0 0 1
    outer loop
      vertex 1.203405313193798 0.042625121772289276 8.950000000000001
      vertex 1.264653068328239 0 8.950000000000001
      vertex 1.2477521449327469 0.012642338871955872 8.950000000000001
    endloop
  endfacet
  facet normal 0 0 1
    outer loop
      vertex 1.1560969948768616 0.07163334637880325 8.950000000000001
      vertex 1.264653068328239 0 8.950000000000001
      vertex 1.203405313193798 0.042625121772289276 8.950000000000001
    endloop
  endfacet
  facet normal 0 0 1
    outer loop
      vertex 1.052595928311348 0.12672612071037292 8.950000000000001
      vertex 1.264653068328239 0 8.950000000000001
      vertex 1.1058272048830986 0.0996670126914978 8.950000000000001
    endloop
  endfacet
  facet normal -0.5227297673315163 -0.8524984400839328 0
    outer loop
      vertex 1.1560969948768616 0.07163334637880325 8.950000000000001
      vertex 1.203405313193798 0.042625121772289276 8.950000000000001
      vertex 1.203405313193798 0.042625121772289276 9.4
    endloop
  endfacet
  facet normal -0.5600973171156519 -0.8284268195561084 0
    outer loop
      vertex 1.203405313193798 0.042625121772289276 8.950000000000001
      vertex 1.2477521449327469 0.012642338871955872 8.950000000000001
      vertex 1.2477521449327469 0.012642338871955872 9.4
    endloop
  endfacet
  facet normal -0.5989881402931924 -0.8007578958637266 -1.2248629192022009e-18
    outer loop
      vertex 1.2477521449327469 0.012642338871955872 8.950000000000001
      vertex 1.264653068328239 0 8.950000000000001
      vertex 1.264653068328239 0 9.4
    endloop
  endfacet
  facet normal -0.4870496438903109 -0.873374286538321 0
    outer loop
      vertex 1.1058272048830986 0.0996670126914978 8.950000000000001
      vertex 1.1560969948768616 0.07163334637880325 8.950000000000001
      vertex 1.1560969948768616 0.07163334637880325 9.4
    endloop
  endfacet
  facet normal -0.5227297673315163 -0.8524984400839328 0
    outer loop
      vertex 1.1560969948768616 0.07163334637880325 8.950000000000001
      vertex 1.203405313193798 0.042625121772289276 9.4
      vertex 1.1560969948768616 0.07163334637880325 9.4
    endloop
  endfacet
  facet normal -0.5600973171156519 -0.8284268195561084 0
    outer loop
      vertex 1.203405313193798 0.042625121772289276 8.950000000000001
      vertex 1.2477521449327469 0.012642338871955872 9.4
      vertex 1.203405313193798 0.042625121772289276 9.4
    endloop
  endfacet
  facet normal -0.5989881402931924 -0.8007578958637266 0
    outer loop
      vertex 1.2477521449327469 0.012642338871955872 8.950000000000001
      vertex 1.264653068328239 0 9.4
      vertex 1.2477521449327469 0.012642338871955872 9.4
    endloop
  endfacet
  facet normal 0.9997794160550793 -0.021002838678732202 0
    outer loop
      vertex 2.1964301615953445 0.1380954161286354 8.950000000000001
      vertex 2.1964301615953445 0.1380954161286354 9.4
      vertex 2.19352912592623 0 8.950000000000001
    endloop
  endfacet
  facet normal 0.9978702269149503 -0.06523043949495949 0
    outer loop
      vertex 2.1964301615953445 0.1380954161286354 8.950000000000001
      vertex 2.207643151283264 0.309627428650856 8.950000000000001
      vertex 2.207643151283264 0.309627428650856 9.4
    endloop
  endfacet
  facet normal 0.9997794160550793 -0.021002838678732202 1.3446402236838784e-19
    outer loop
      vertex 2.1964301615953445 0.1380954161286354 9.4
      vertex 2.19352912592623 0 9.4
      vertex 2.19352912592623 0 8.950000000000001
    endloop
  endfacet
  facet normal 0.9978702269149503 -0.06523043949495949 0
    outer loop
      vertex 2.1964301615953445 0.1380954161286354 8.950000000000001
      vertex 2.207643151283264 0.309627428650856 9.4
      vertex 2.1964301615953445 0.1380954161286354 9.4
    endloop
  endfacet
  facet normal 0.9936578024739935 -0.11244630533083054 0
    outer loop
      vertex 2.207643151283264 0.309627428650856 8.950000000000001
      vertex 2.22633146494627 0.47477103769779205 8.950000000000001
      vertex 2.22633146494627 0.47477103769779205 9.4
    endloop
  endfacet
  facet normal 0.9936578024739935 -0.11244630533083054 0
    outer loop
      vertex 2.207643151283264 0.309627428650856 8.950000000000001
      vertex 2.22633146494627 0.47477103769779205 9.4
      vertex 2.207643151283264 0.309627428650856 9.4
    endloop
  endfacet
  facet normal 0.9866901924241858 -0.16261139004978556 0
    outer loop
      vertex 2.22633146494627 0.47477103769779205 8.950000000000001
      vertex 2.252495102584362 0.6335262432694435 9.4
      vertex 2.22633146494627 0.47477103769779205 9.4
    endloop
  endfacet
  facet normal 0 0 1
    outer loop
      vertex 0.6422175019979477 0.905850000679493 8.950000000000001
      vertex 1.5454574972391129 0.905850000679493 8.950000000000001
      vertex 1.538879245519638 1.0141607373952866 8.950000000000001
    endloop
  endfacet
  facet normal 0 0 1
    outer loop
      vertex 0.636652946472168 0.9668990224599838 8.950000000000001
      vertex 1.538879245519638 1.0141607373952866 8.950000000000001
      vertex 1.5266490951180458 1.1184406504034996 8.950000000000001
    endloop
  endfacet
  facet normal 0 0 1
    outer loop
      vertex 0.6274777352809906 1.0251676365733147 8.950000000000001
      vertex 1.5266490951180458 1.1184406504034996 8.950000000000001
      vertex 1.5087670534849167 1.2186897322535515 8.950000000000001
    endloop
  endfacet
  facet normal -0.9981607172925652 -0.06062328310139311 0
    outer loop
      vertex 1.5454574972391129 0.905850000679493 8.950000000000001
      vertex 1.5454574972391129 0.905850000679493 9.4
      vertex 1.538879245519638 1.0141607373952866 8.950000000000001
    endloop
  endfacet
  facet normal -0.9931926203395004 -0.1164835563637929 0
    outer loop
      vertex 1.538879245519638 1.0141607373952866 8.950000000000001
      vertex 1.538879245519638 1.0141607373952866 9.4
      vertex 1.5266490951180458 1.1184406504034996 8.950000000000001
    endloop
  endfacet
  facet normal 0 1 0
    outer loop
      vertex 0.6422175019979477 0.905850000679493 9.4
      vertex 1.5454574972391129 0.905850000679493 9.4
      vertex 1.5454574972391129 0.905850000679493 8.950000000000001
    endloop
  endfacet
  facet normal -0.9981607172925652 -0.06062328310139311 0
    outer loop
      vertex 1.538879245519638 1.0141607373952866 8.950000000000001
      vertex 1.5454574972391129 0.905850000679493 9.4
      vertex 1.538879245519638 1.0141607373952866 9.4
    endloop
  endfacet
  facet normal -0.9931926203395004 -0.1164835563637929 0
    outer loop
      vertex 1.5266490951180458 1.1184406504034996 8.950000000000001
      vertex 1.538879245519638 1.0141607373952866 9.4
      vertex 1.5266490951180458 1.1184406504034996 9.4
    endloop
  endfacet
  facet normal 0.9866901924241858 -0.16261139004978556 0
    outer loop
      vertex 2.22633146494627 0.47477103769779205 8.950000000000001
      vertex 2.252495102584362 0.6335262432694435 8.950000000000001
      vertex 2.252495102584362 0.6335262432694435 9.4
    endloop
  endfacet
  facet normal 0.8940906345306405 0.44788607618968945 0
    outer loop
      vertex 0.5546704009175301 1.2304379269480705 8.950000000000001
      vertex 0.5546704009175301 1.2304379269480705 9.4
      vertex 0.5782882124185562 1.1832909733057022 8.950000000000001
    endloop
  endfacet
  facet normal 0.8522924265009348 0.5230655979216647 0
    outer loop
      vertex 0.5546704009175301 1.2304379269480705 8.950000000000001
      vertex 0.5274419412016869 1.2748044654726982 8.950000000000001
      vertex 0.5274419412016869 1.2748044654726982 9.4
    endloop
  endfacet
  facet normal 0.6236424188305515 0.7817097501216029 0
    outer loop
      vertex 0.4240926504135132 1.391221597790718 8.950000000000001
      vertex 0.3824215829372406 1.4244664758443832 8.950000000000001
      vertex 0.3824215829372406 1.4244664758443832 9.4
    endloop
  endfacet
  facet normal 0.7478321801437162 0.6638878145752461 0
    outer loop
      vertex 0.4621530622243881 1.3551963046193123 8.950000000000001
      vertex 0.4621530622243881 1.3551963046193123 9.4
      vertex 0.496602825820446 1.3163905888795853 8.950000000000001
    endloop
  endfacet
  facet normal 0.8032376191238232 0.5956587338604983 0
    outer loop
      vertex 0.5274419412016869 1.2748044654726982 8.950000000000001
      vertex 0.496602825820446 1.3163905888795853 8.950000000000001
      vertex 0.496602825820446 1.3163905888795853 9.4
    endloop
  endfacet
  facet normal 0.6874233952784601 0.7262568936842073 0
    outer loop
      vertex 0.4240926504135132 1.391221597790718 8.950000000000001
      vertex 0.4240926504135132 1.391221597790718 9.4
      vertex 0.4621530622243881 1.3551963046193123 8.950000000000001
    endloop
  endfacet
  facet normal 0.8522924265009348 0.5230655979216647 0
    outer loop
      vertex 0.5546704009175301 1.2304379269480705 8.950000000000001
      vertex 0.5274419412016869 1.2748044654726982 9.4
      vertex 0.5546704009175301 1.2304379269480705 9.4
    endloop
  endfacet
  facet normal 0.6236424188305515 0.7817097501216029 0
    outer loop
      vertex 0.4240926504135132 1.391221597790718 8.950000000000001
      vertex 0.3824215829372406 1.4244664758443832 9.4
      vertex 0.4240926504135132 1.391221597790718 9.4
    endloop
  endfacet
  facet normal 0.7478321801437162 0.6638878145752461 0
    outer loop
      vertex 0.496602825820446 1.3163905888795853 8.950000000000001
      vertex 0.4621530622243881 1.3551963046193123 9.4
      vertex 0.496602825820446 1.3163905888795853 9.4
    endloop
  endfacet
  facet normal 0.8032376191238232 0.5956587338604983 0
    outer loop
      vertex 0.5274419412016869 1.2748044654726982 8.950000000000001
      vertex 0.496602825820446 1.3163905888795853 9.4
      vertex 0.5274419412016869 1.2748044654726982 9.4
    endloop
  endfacet
  facet normal 0.6874233952784601 0.7262568936842073 0
    outer loop
      vertex 0.4621530622243881 1.3551963046193123 8.950000000000001
      vertex 0.4240926504135132 1.391221597790718 9.4
      vertex 0.4621530622243881 1.3551963046193123 9.4
    endloop
  endfacet
  facet normal 0.2763819036786804 0.9610478881507147 0
    outer loop
      vertex 0.10342398285865784 1.5527630746364594 8.950000000000001
      vertex 0.10342398285865784 1.5527630746364594 9.4
      vertex 0.14291613548994064 1.5414057672023773 8.950000000000001
    endloop
  endfacet
  facet normal 0.3151248013707608 0.94905024079921 0
    outer loop
      vertex 0.14291613548994064 1.5414057672023773 8.950000000000001
      vertex 0.14291613548994064 1.5414057672023773 9.4
      vertex 0.1811445727944374 1.528712309896946 8.950000000000001
    endloop
  endfacet
  facet normal 0.354842650604497 0.934926036278793 0
    outer loop
      vertex 0.1811445727944374 1.528712309896946 8.950000000000001
      vertex 0.1811445727944374 1.528712309896946 9.4
      vertex 0.21810927242040634 1.5146826952695847 8.950000000000001
    endloop
  endfacet
  facet normal 0.39533936097792705 0.9185351325134843 0
    outer loop
      vertex 0.21810927242040634 1.5146826952695847 8.950000000000001
      vertex 0.21810927242040634 1.5146826952695847 9.4
      vertex 0.25381024926900864 1.4993169233202934 8.950000000000001
    endloop
  endfacet
  facet normal 0.43638078603806346 0.8997620849851375 0
    outer loop
      vertex 0.25381024926900864 1.4993169233202934 8.950000000000001
      vertex 0.25381024926900864 1.4993169233202934 9.4
      vertex 0.2882475033402443 1.4826150014996529 8.950000000000001
    endloop
  endfacet
  facet normal 0.20241087636234104 0.9793006878023874 0
    outer loop
      vertex 0.020648479461669922 1.5714692324399948 8.950000000000001
      vertex 0.020648479461669922 1.5714692324399948 9.4
      vertex 0.0626680925488472 1.562784232199192 8.950000000000001
    endloop
  endfacet
  facet normal 0.23877053597919695 0.9710760171831075 0
    outer loop
      vertex 0.10342398285865784 1.5527630746364594 8.950000000000001
      vertex 0.0626680925488472 1.562784232199192 8.950000000000001
      vertex 0.0626680925488472 1.562784232199192 9.4
    endloop
  endfacet
  facet normal 0.5582047625465573 0.8297032259008889 0
    outer loop
      vertex 0.33713986724615097 1.4549309462308884 8.950000000000001
      vertex 0.33713986724615097 1.4549309462308884 9.4
      vertex 0.3824215829372406 1.4244664758443832 8.950000000000001
    endloop
  endfacet
  facet normal 0.49272131175285744 0.8701871689151384 0
    outer loop
      vertex 0.2882475033402443 1.4826150014996529 8.950000000000001
      vertex 0.2882475033402443 1.4826150014996529 9.4
      vertex 0.33713986724615097 1.4549309462308884 8.950000000000001
    endloop
  endfacet
  facet normal 0 0 1
    outer loop
      vertex 0.4240926504135132 1.391221597790718 8.950000000000001
      vertex 0.859690248966217 2.1064241752028465 8.950000000000001
      vertex 0.3824215829372406 1.4244664758443832 8.950000000000001
    endloop
  endfacet
  facet normal 0 0 1
    outer loop
      vertex 0.33713986724615097 1.4549309462308884 8.950000000000001
      vertex 0.3824215829372406 1.4244664758443832 8.950000000000001
      vertex 0.7762778252363205 2.1532100588083267 8.950000000000001
    endloop
  endfacet
  facet normal 0.2763819036786804 0.9610478881507147 0
    outer loop
      vertex 0.14291613548994064 1.5414057672023773 8.950000000000001
      vertex 0.10342398285865784 1.5527630746364594 9.4
      vertex 0.14291613548994064 1.5414057672023773 9.4
    endloop
  endfacet
  facet normal 0.354842650604497 0.934926036278793 0
    outer loop
      vertex 0.21810927242040634 1.5146826952695847 8.950000000000001
      vertex 0.1811445727944374 1.528712309896946 9.4
      vertex 0.21810927242040634 1.5146826952695847 9.4
    endloop
  endfacet
  facet normal 0.3151248013707608 0.94905024079921 0
    outer loop
      vertex 0.1811445727944374 1.528712309896946 8.950000000000001
      vertex 0.14291613548994064 1.5414057672023773 9.4
      vertex 0.1811445727944374 1.528712309896946 9.4
    endloop
  endfacet
  facet normal 0.39533936097792705 0.9185351325134843 0
    outer loop
      vertex 0.25381024926900864 1.4993169233202934 8.950000000000001
      vertex 0.21810927242040634 1.5146826952695847 9.4
      vertex 0.25381024926900864 1.4993169233202934 9.4
    endloop
  endfacet
  facet normal 0.43638078603806346 0.8997620849851375 0
    outer loop
      vertex 0.2882475033402443 1.4826150014996529 8.950000000000001
      vertex 0.25381024926900864 1.4993169233202934 9.4
      vertex 0.2882475033402443 1.4826150014996529 9.4
    endloop
  endfacet
  facet normal 0.16738904521999362 0.9858909207109775 0
    outer loop
      vertex -0.02263486385345459 1.5788180753588676 9.4
      vertex 0.020648479461669922 1.5714692324399948 9.4
      vertex 0.020648479461669922 1.5714692324399948 8.950000000000001
    endloop
  endfacet
  facet normal 0.20241087636234104 0.9793006878023874 0
    outer loop
      vertex 0.0626680925488472 1.562784232199192 8.950000000000001
      vertex 0.020648479461669922 1.5714692324399948 9.4
      vertex 0.0626680925488472 1.562784232199192 9.4
    endloop
  endfacet
  facet normal 0.23877053597919695 0.9710760171831075 0
    outer loop
      vertex 0.10342398285865784 1.5527630746364594 8.950000000000001
      vertex 0.0626680925488472 1.562784232199192 9.4
      vertex 0.10342398285865784 1.5527630746364594 9.4
    endloop
  endfacet
  facet normal 0.49272131175285744 0.8701871689151384 0
    outer loop
      vertex 0.33713986724615097 1.4549309462308884 8.950000000000001
      vertex 0.2882475033402443 1.4826150014996529 9.4
      vertex 0.33713986724615097 1.4549309462308884 9.4
    endloop
  endfacet
  facet normal 0.5582047625465573 0.8297032259008889 0
    outer loop
      vertex 0.3824215829372406 1.4244664758443832 8.950000000000001
      vertex 0.33713986724615097 1.4549309462308884 9.4
      vertex 0.3824215829372406 1.4244664758443832 9.4
    endloop
  endfacet
  facet normal 0.9282443588103351 0.3719709805035735 0
    outer loop
      vertex 0.5982953682541847 1.1333636119961739 8.950000000000001
      vertex 0.5782882124185562 1.1832909733057022 8.950000000000001
      vertex 0.5782882124185562 1.1832909733057022 9.4
    endloop
  endfacet
  facet normal 0 0 1
    outer loop
      vertex 0.5546704009175301 1.2304379269480705 8.950000000000001
      vertex 0.5782882124185562 1.1832909733057022 8.950000000000001
      vertex 1.3807199522852898 1.5793777778744698 8.950000000000001
    endloop
  endfacet
  facet normal 0 0 1
    outer loop
      vertex 0.5546704009175301 1.2304379269480705 8.950000000000001
      vertex 1.2827850431203842 1.7355368360877037 8.950000000000001
      vertex 0.5274419412016869 1.2748044654726982 8.950000000000001
    endloop
  endfacet
  facet normal 0 0 1
    outer loop
      vertex 0.6274777352809906 1.0251676365733147 8.950000000000001
      vertex 1.4852331206202507 1.3149079903960228 8.950000000000001
      vertex 0.6146918758749962 1.0806558281183243 8.950000000000001
    endloop
  endfacet
  facet normal 0 0 1
    outer loop
      vertex 0.6146918758749962 1.0806558281183243 8.950000000000001
      vertex 1.4560472965240479 1.407095417380333 8.950000000000001
      vertex 0.5982953682541847 1.1333636119961739 8.950000000000001
    endloop
  endfacet
  facet normal 0 0 1
    outer loop
      vertex 0.5982953682541847 1.1333636119961739 8.950000000000001
      vertex 1.4212095737457275 1.495252013206482 8.950000000000001
      vertex 0.5782882124185562 1.1832909733057022 8.950000000000001
    endloop
  endfacet
  facet normal 0.9282443588103351 0.3719709805035735 0
    outer loop
      vertex 0.5982953682541847 1.1333636119961739 8.950000000000001
      vertex 0.5782882124185562 1.1832909733057022 9.4
      vertex 0.5982953682541847 1.1333636119961739 9.4
    endloop
  endfacet
  facet normal 0.8940906345306405 0.44788607618968945 0
    outer loop
      vertex 0.5546704009175301 1.2304379269480705 9.4
      vertex 0.5782882124185562 1.1832909733057022 9.4
      vertex 0.5782882124185562 1.1832909733057022 8.950000000000001
    endloop
  endfacet
  facet normal 0 0 1
    outer loop
      vertex 0.4621530622243881 1.3551963046193123 8.950000000000001
      vertex 0.496602825820446 1.3163905888795853 8.950000000000001
      vertex 1.093493476510048 1.9395442008972168 8.950000000000001
    endloop
  endfacet
  facet normal 0 0 1
    outer loop
      vertex 0.5274419412016869 1.2748044654726982 8.950000000000001
      vertex 1.1622425615787506 1.8755725771188736 8.950000000000001
      vertex 0.496602825820446 1.3163905888795853 8.950000000000001
    endloop
  endfacet
  facet normal 0 0 1
    outer loop
      vertex 0.4240926504135132 1.391221597790718 8.950000000000001
      vertex 0.4621530622243881 1.3551963046193123 8.950000000000001
      vertex 1.0190925002098083 1.9994850009679794 8.950000000000001
    endloop
  endfacet
  facet normal 0 0 1
    outer loop
      vertex 0.5782882124185562 1.1832909733057022 8.950000000000001
      vertex 1.4212095737457275 1.495252013206482 8.950000000000001
      vertex 1.3807199522852898 1.5793777778744698 8.950000000000001
    endloop
  endfacet
  facet normal 0 0 1
    outer loop
      vertex 0.5546704009175301 1.2304379269480705 8.950000000000001
      vertex 1.3345784470438957 1.659472718834877 8.950000000000001
      vertex 1.2827850431203842 1.7355368360877037 8.950000000000001
    endloop
  endfacet
  facet normal 0 0 1
    outer loop
      vertex 0.5546704009175301 1.2304379269480705 8.950000000000001
      vertex 1.3807199522852898 1.5793777778744698 8.950000000000001
      vertex 1.3345784470438957 1.659472718834877 8.950000000000001
    endloop
  endfacet
  facet normal 0 0 1
    outer loop
      vertex 0.5274419412016869 1.2748044654726982 8.950000000000001
      vertex 1.2253397479653358 1.8075701147317886 8.950000000000001
      vertex 1.1622425615787506 1.8755725771188736 8.950000000000001
    endloop
  endfacet
  facet normal 0 0 1
    outer loop
      vertex 0.5274419412016869 1.2748044654726982 8.950000000000001
      vertex 1.2827850431203842 1.7355368360877037 8.950000000000001
      vertex 1.2253397479653358 1.8075701147317886 8.950000000000001
    endloop
  endfacet
  facet normal 0 0 1
    outer loop
      vertex -0.02263486385345459 1.5788180753588676 8.950000000000001
      vertex 0.020648479461669922 1.5714692324399948 8.950000000000001
      vertex 0.12311320751905441 2.3559489026665688 8.950000000000001
    endloop
  endfacet
  facet normal 0 0 1
    outer loop
      vertex 0.020648479461669922 1.5714692324399948 8.950000000000001
      vertex 0.0626680925488472 1.562784232199192 8.950000000000001
      vertex 0.22384504228830338 2.3403536081314087 8.950000000000001
    endloop
  endfacet
  facet normal 0 0 1
    outer loop
      vertex 0.10342398285865784 1.5527630746364594 8.950000000000001
      vertex 0.22384504228830338 2.3403536081314087 8.950000000000001
      vertex 0.0626680925488472 1.562784232199192 8.950000000000001
    endloop
  endfacet
  facet normal 0 0 1
    outer loop
      vertex 0.10342398285865784 1.5527630746364594 8.950000000000001
      vertex 0.14291613548994064 1.5414057672023773 8.950000000000001
      vertex 0.3221026808023453 2.320302516222 8.950000000000001
    endloop
  endfacet
  facet normal 0 0 1
    outer loop
      vertex 0.14291613548994064 1.5414057672023773 8.950000000000001
      vertex 0.1811445727944374 1.528712309896946 8.950000000000001
      vertex 0.4178861081600189 2.2957956194877625 8.950000000000001
    endloop
  endfacet
  facet normal 0 0 1
    outer loop
      vertex 0.21810927242040634 1.5146826952695847 8.950000000000001
      vertex 0.25381024926900864 1.4993169233202934 8.950000000000001
      vertex 0.5111953392624855 2.2668329253792763 8.950000000000001
    endloop
  endfacet
  facet normal 0 0 1
    outer loop
      vertex 0.25381024926900864 1.4993169233202934 8.950000000000001
      vertex 0.2882475033402443 1.4826150014996529 8.950000000000001
      vertex 0.6020303666591644 2.233414441347122 8.950000000000001
    endloop
  endfacet
  facet normal 0 0 1
    outer loop
      vertex 0.1811445727944374 1.528712309896946 8.950000000000001
      vertex 0.21810927242040634 1.5146826952695847 8.950000000000001
      vertex 0.5111953392624855 2.2668329253792763 8.950000000000001
    endloop
  endfacet
  facet normal 0 0 1
    outer loop
      vertex 0.2882475033402443 1.4826150014996529 8.950000000000001
      vertex 0.33713986724615097 1.4549309462308884 8.950000000000001
      vertex 0.6903911978006363 2.1955401450395584 8.950000000000001
    endloop
  endfacet
  facet normal 0 0 1
    outer loop
      vertex 0.2882475033402443 1.4826150014996529 8.950000000000001
      vertex 0.6903911978006363 2.1955401450395584 8.950000000000001
      vertex 0.6020303666591644 2.233414441347122 8.950000000000001
    endloop
  endfacet
  facet normal 0 0 1
    outer loop
      vertex -0.02263486385345459 1.5788180753588676 8.950000000000001
      vertex 0.12311320751905441 2.3559489026665688 8.950000000000001
      vertex 0.01990717649459839 2.3670883998274803 8.950000000000001
    endloop
  endfacet
  facet normal 0 0 1
    outer loop
      vertex 0.020648479461669922 1.5714692324399948 8.950000000000001
      vertex 0.22384504228830338 2.3403536081314087 8.950000000000001
      vertex 0.12311320751905441 2.3559489026665688 8.950000000000001
    endloop
  endfacet
  facet normal 0 0 1
    outer loop
      vertex 0.10342398285865784 1.5527630746364594 8.950000000000001
      vertex 0.3221026808023453 2.320302516222 8.950000000000001
      vertex 0.22384504228830338 2.3403536081314087 8.950000000000001
    endloop
  endfacet
  facet normal 0 0 1
    outer loop
      vertex 0.1811445727944374 1.528712309896946 8.950000000000001
      vertex 0.5111953392624855 2.2668329253792763 8.950000000000001
      vertex 0.4178861081600189 2.2957956194877625 8.950000000000001
    endloop
  endfacet
  facet normal 0 0 1
    outer loop
      vertex 0.14291613548994064 1.5414057672023773 8.950000000000001
      vertex 0.4178861081600189 2.2957956194877625 8.950000000000001
      vertex 0.3221026808023453 2.320302516222 8.950000000000001
    endloop
  endfacet
  facet normal 0 0 1
    outer loop
      vertex 0.25381024926900864 1.4993169233202934 8.950000000000001
      vertex 0.6020303666591644 2.233414441347122 8.950000000000001
      vertex 0.5111953392624855 2.2668329253792763 8.950000000000001
    endloop
  endfacet
  facet normal -0.3452772810674703 -0.9385007187949591 0
    outer loop
      vertex 0.6020303666591644 2.233414441347122 9.4
      vertex 0.5111953392624855 2.2668329253792763 9.4
      vertex 0.5111953392624855 2.2668329253792763 8.950000000000001
    endloop
  endfacet
  facet normal 0 0 1
    outer loop
      vertex 0.4240926504135132 1.391221597790718 8.950000000000001
      vertex 1.0190925002098083 1.9994850009679794 8.950000000000001
      vertex 0.9406284764409065 2.0551824867725372 8.950000000000001
    endloop
  endfacet
  facet normal 0 0 1
    outer loop
      vertex 0.3824215829372406 1.4244664758443832 8.950000000000001
      vertex 0.859690248966217 2.1064241752028465 8.950000000000001
      vertex 0.7762778252363205 2.1532100588083267 8.950000000000001
    endloop
  endfacet
  facet normal 0 0 1
    outer loop
      vertex 0.33713986724615097 1.4549309462308884 8.950000000000001
      vertex 0.7762778252363205 2.1532100588083267 8.950000000000001
      vertex 0.6903911978006363 2.1955401450395584 8.950000000000001
    endloop
  endfacet
  facet normal 0 0 1
    outer loop
      vertex 0.4240926504135132 1.391221597790718 8.950000000000001
      vertex 0.9406284764409065 2.0551824867725372 8.950000000000001
      vertex 0.859690248966217 2.1064241752028465 8.950000000000001
    endloop
  endfacet
  facet normal 0 0 1
    outer loop
      vertex 0.496602825820446 1.3163905888795853 8.950000000000001
      vertex 1.1622425615787506 1.8755725771188736 8.950000000000001
      vertex 1.093493476510048 1.9395442008972168 8.950000000000001
    endloop
  endfacet
  facet normal 0 0 1
    outer loop
      vertex 0.4621530622243881 1.3551963046193123 8.950000000000001
      vertex 1.093493476510048 1.9395442008972168 8.950000000000001
      vertex 1.0190925002098083 1.9994850009679794 8.950000000000001
    endloop
  endfacet
  facet normal -0.6273719400094782 -0.7787197499028413 0
    outer loop
      vertex 1.093493476510048 1.9395442008972168 8.950000000000001
      vertex 1.093493476510048 1.9395442008972168 9.4
      vertex 1.0190925002098083 1.9994850009679794 8.950000000000001
    endloop
  endfacet
  facet normal -0.6273719400094782 -0.7787197499028413 0
    outer loop
      vertex 1.0190925002098083 1.9994850009679794 8.950000000000001
      vertex 1.093493476510048 1.9395442008972168 9.4
      vertex 1.0190925002098083 1.9994850009679794 9.4
    endloop
  endfacet
  facet normal -0.6812123236799421 -0.7320859034748406 0
    outer loop
      vertex 1.093493476510048 1.9395442008972168 8.950000000000001
      vertex 1.1622425615787506 1.8755725771188736 9.4
      vertex 1.093493476510048 1.9395442008972168 9.4
    endloop
  endfacet
  facet normal -0.3452772810674703 -0.9385007187949591 0
    outer loop
      vertex 0.6020303666591644 2.233414441347122 8.950000000000001
      vertex 0.6020303666591644 2.233414441347122 9.4
      vertex 0.5111953392624855 2.2668329253792763 8.950000000000001
    endloop
  endfacet
  facet normal -0.39396647719130995 -0.9191248091796179 0
    outer loop
      vertex 0.6020303666591644 2.233414441347122 8.950000000000001
      vertex 0.6903911978006363 2.1955401450395584 8.950000000000001
      vertex 0.6903911978006363 2.1955401450395584 9.4
    endloop
  endfacet
  facet normal -0.44208276665118446 -0.8969742624122693 0
    outer loop
      vertex 0.6903911978006363 2.1955401450395584 8.950000000000001
      vertex 0.7762778252363205 2.1532100588083267 8.950000000000001
      vertex 0.7762778252363205 2.1532100588083267 9.4
    endloop
  endfacet
  facet normal -0.489199661540238 -0.8721718243264435 0
    outer loop
      vertex 0.7762778252363205 2.1532100588083267 8.950000000000001
      vertex 0.859690248966217 2.1064241752028465 8.950000000000001
      vertex 0.859690248966217 2.1064241752028465 9.4
    endloop
  endfacet
  facet normal -0.5349091065722191 -0.8449096091926701 0
    outer loop
      vertex 0.859690248966217 2.1064241752028465 8.950000000000001
      vertex 0.9406284764409065 2.0551824867725372 8.950000000000001
      vertex 0.9406284764409065 2.0551824867725372 9.4
    endloop
  endfacet
  facet normal -0.5788392021722404 -0.8154417073148787 0
    outer loop
      vertex 0.9406284764409065 2.0551824867725372 8.950000000000001
      vertex 1.0190925002098083 1.9994850009679794 8.950000000000001
      vertex 1.0190925002098083 1.9994850009679794 9.4
    endloop
  endfacet
  facet normal -0.39396647719130995 -0.9191248091796179 0
    outer loop
      vertex 0.6020303666591644 2.233414441347122 8.950000000000001
      vertex 0.6903911978006363 2.1955401450395584 9.4
      vertex 0.6020303666591644 2.233414441347122 9.4
    endloop
  endfacet
  facet normal -0.44208276665118446 -0.8969742624122693 0
    outer loop
      vertex 0.6903911978006363 2.1955401450395584 8.950000000000001
      vertex 0.7762778252363205 2.1532100588083267 9.4
      vertex 0.6903911978006363 2.1955401450395584 9.4
    endloop
  endfacet
  facet normal -0.489199661540238 -0.8721718243264435 0
    outer loop
      vertex 0.7762778252363205 2.1532100588083267 8.950000000000001
      vertex 0.859690248966217 2.1064241752028465 9.4
      vertex 0.7762778252363205 2.1532100588083267 9.4
    endloop
  endfacet
  facet normal -0.5788392021722404 -0.8154417073148787 0
    outer loop
      vertex 0.9406284764409065 2.0551824867725372 8.950000000000001
      vertex 1.0190925002098083 1.9994850009679794 9.4
      vertex 0.9406284764409065 2.0551824867725372 9.4
    endloop
  endfacet
  facet normal -0.5349091065722191 -0.8449096091926701 0
    outer loop
      vertex 0.859690248966217 2.1064241752028465 8.950000000000001
      vertex 0.9406284764409065 2.0551824867725372 9.4
      vertex 0.859690248966217 2.1064241752028465 9.4
    endloop
  endfacet
  facet normal 0 0 1
    outer loop
      vertex 0.6274777352809906 1.0251676365733147 8.950000000000001
      vertex 1.5087670534849167 1.2186897322535515 8.950000000000001
      vertex 1.4852331206202507 1.3149079903960228 8.950000000000001
    endloop
  endfacet
  facet normal 0 0 1
    outer loop
      vertex 0.6146918758749962 1.0806558281183243 8.950000000000001
      vertex 1.4852331206202507 1.3149079903960228 8.950000000000001
      vertex 1.4560472965240479 1.407095417380333 8.950000000000001
    endloop
  endfacet
  facet normal 0 0 1
    outer loop
      vertex 0.5982953682541847 1.1333636119961739 8.950000000000001
      vertex 1.4560472965240479 1.407095417380333 8.950000000000001
      vertex 1.4212095737457275 1.495252013206482 8.950000000000001
    endloop
  endfacet
  facet normal -0.9844608324872803 -0.17560429749425568 0
    outer loop
      vertex 1.5266490951180458 1.1184406504034996 8.950000000000001
      vertex 1.5266490951180458 1.1184406504034996 9.4
      vertex 1.5087670534849167 1.2186897322535515 8.950000000000001
    endloop
  endfacet
  facet normal -0.9713665963623177 -0.2375856381843948 0
    outer loop
      vertex 1.5087670534849167 1.2186897322535515 8.950000000000001
      vertex 1.5087670534849167 1.2186897322535515 9.4
      vertex 1.4852331206202507 1.3149079903960228 8.950000000000001
    endloop
  endfacet
  facet normal -0.9533626443657477 -0.3018272160159664 0
    outer loop
      vertex 1.4560472965240479 1.407095417380333 8.950000000000001
      vertex 1.4852331206202507 1.3149079903960228 8.950000000000001
      vertex 1.4852331206202507 1.3149079903960228 9.4
    endloop
  endfacet
  facet normal -0.9844608324872803 -0.17560429749425568 0
    outer loop
      vertex 1.5266490951180458 1.1184406504034996 9.4
      vertex 1.5087670534849167 1.2186897322535515 9.4
      vertex 1.5087670534849167 1.2186897322535515 8.950000000000001
    endloop
  endfacet
  facet normal -0.9713665963623177 -0.2375856381843948 0
    outer loop
      vertex 1.4852331206202507 1.3149079903960228 8.950000000000001
      vertex 1.5087670534849167 1.2186897322535515 9.4
      vertex 1.4852331206202507 1.3149079903960228 9.4
    endloop
  endfacet
  facet normal -0.9533626443657477 -0.3018272160159664 0
    outer loop
      vertex 1.4560472965240479 1.407095417380333 8.950000000000001
      vertex 1.4852331206202507 1.3149079903960228 9.4
      vertex 1.4560472965240479 1.407095417380333 9.4
    endloop
  endfacet
  facet normal -0.9010660339766279 -0.4336819138650246 0
    outer loop
      vertex 1.3807199522852898 1.5793777778744698 8.950000000000001
      vertex 1.4212095737457275 1.495252013206482 8.950000000000001
      vertex 1.4212095737457275 1.495252013206482 9.4
    endloop
  endfacet
  facet normal -0.8664996969473784 -0.49917759884644414 0
    outer loop
      vertex 1.3345784470438957 1.659472718834877 8.950000000000001
      vertex 1.3807199522852898 1.5793777778744698 8.950000000000001
      vertex 1.3807199522852898 1.5793777778744698 9.4
    endloop
  endfacet
  facet normal -0.8265736227483261 -0.5628286117253707 0
    outer loop
      vertex 1.3345784470438957 1.659472718834877 8.950000000000001
      vertex 1.3345784470438957 1.659472718834877 9.4
      vertex 1.2827850431203842 1.7355368360877037 8.950000000000001
    endloop
  endfacet
  facet normal -0.9300143997999077 -0.3675230824925387 0
    outer loop
      vertex 1.4560472965240479 1.407095417380333 8.950000000000001
      vertex 1.4560472965240479 1.407095417380333 9.4
      vertex 1.4212095737457275 1.495252013206482 8.950000000000001
    endloop
  endfacet
  facet normal -0.9010660339766279 -0.4336819138650246 0
    outer loop
      vertex 1.3807199522852898 1.5793777778744698 8.950000000000001
      vertex 1.4212095737457275 1.495252013206482 9.4
      vertex 1.3807199522852898 1.5793777778744698 9.4
    endloop
  endfacet
  facet normal -0.8664996969473784 -0.49917759884644414 0
    outer loop
      vertex 1.3345784470438957 1.659472718834877 8.950000000000001
      vertex 1.3807199522852898 1.5793777778744698 9.4
      vertex 1.3345784470438957 1.659472718834877 9.4
    endloop
  endfacet
  facet normal -0.9300143997999077 -0.3675230824925387 0
    outer loop
      vertex 1.4212095737457275 1.495252013206482 8.950000000000001
      vertex 1.4560472965240479 1.407095417380333 9.4
      vertex 1.4212095737457275 1.495252013206482 9.4
    endloop
  endfacet
  facet normal -0.7818279253386237 -0.6234942623318225 0
    outer loop
      vertex 1.2253397479653358 1.8075701147317886 8.950000000000001
      vertex 1.2827850431203842 1.7355368360877037 8.950000000000001
      vertex 1.2827850431203842 1.7355368360877037 9.4
    endloop
  endfacet
  facet normal -0.7330512150859445 -0.6801734455718046 0
    outer loop
      vertex 1.2253397479653358 1.8075701147317886 8.950000000000001
      vertex 1.2253397479653358 1.8075701147317886 9.4
      vertex 1.1622425615787506 1.8755725771188736 8.950000000000001
    endloop
  endfacet
  facet normal -0.6812123236799421 -0.7320859034748406 0
    outer loop
      vertex 1.093493476510048 1.9395442008972168 8.950000000000001
      vertex 1.1622425615787506 1.8755725771188736 8.950000000000001
      vertex 1.1622425615787506 1.8755725771188736 9.4
    endloop
  endfacet
  facet normal -0.7818279253386237 -0.6234942623318225 0
    outer loop
      vertex 1.2253397479653358 1.8075701147317886 8.950000000000001
      vertex 1.2827850431203842 1.7355368360877037 9.4
      vertex 1.2253397479653358 1.8075701147317886 9.4
    endloop
  endfacet
  facet normal -0.8265736227483261 -0.5628286117253707 0
    outer loop
      vertex 1.3345784470438957 1.659472718834877 9.4
      vertex 1.2827850431203842 1.7355368360877037 9.4
      vertex 1.2827850431203842 1.7355368360877037 8.950000000000001
    endloop
  endfacet
  facet normal -0.7330512150859445 -0.6801734455718046 0
    outer loop
      vertex 1.1622425615787506 1.8755725771188736 8.950000000000001
      vertex 1.2253397479653358 1.8075701147317886 9.4
      vertex 1.1622425615787506 1.8755725771188736 9.4
    endloop
  endfacet
  facet normal 0 0 1
    outer loop
      vertex 2.1964301615953445 0.1380954161286354 8.950000000000001
      vertex 2.19352912592623 0 8.950000000000001
      vertex 3.1547852317788836 0 8.950000000000001
    endloop
  endfacet
  facet normal 0 0 1
    outer loop
      vertex 2.1964301615953445 0.1380954161286354 8.950000000000001
      vertex 3.16094259172678 0.16913902014493942 8.950000000000001
      vertex 2.207643151283264 0.309627428650856 8.950000000000001
    endloop
  endfacet
  facet normal 0 0 1
    outer loop
      vertex 2.207643151283264 0.309627428650856 8.950000000000001
      vertex 3.1696989461779594 0.27527405321598053 8.950000000000001
      vertex 2.22633146494627 0.47477103769779205 8.950000000000001
    endloop
  endfacet
  facet normal 0 0 1
    outer loop
      vertex 2.22633146494627 0.47477103769779205 8.950000000000001
      vertex 3.181957855820656 0.3773510977625847 8.950000000000001
      vertex 2.252495102584362 0.6335262432694435 8.950000000000001
    endloop
  endfacet
  facet normal 0 0 1
    outer loop
      vertex 2.1964301615953445 0.1380954161286354 8.950000000000001
      vertex 3.1547852317788836 0 8.950000000000001
      vertex 3.1556887701153755 0.05894600600004196 8.950000000000001
    endloop
  endfacet
  facet normal 0 0 1
    outer loop
      vertex 2.1964301615953445 0.1380954161286354 8.950000000000001
      vertex 3.1556887701153755 0.05894600600004196 8.950000000000001
      vertex 3.16094259172678 0.16913902014493942 8.950000000000001
    endloop
  endfacet
  facet normal 0 0 1
    outer loop
      vertex 2.207643151283264 0.309627428650856 8.950000000000001
      vertex 3.16094259172678 0.16913902014493942 8.950000000000001
      vertex 3.1696989461779594 0.27527405321598053 8.950000000000001
    endloop
  endfacet
  facet normal -0.9998825432761576 0.015326436363447821 -1.2472181626730873e-21
    outer loop
      vertex 3.1556887701153755 0.05894600600004196 8.950000000000001
      vertex 3.1547852317788836 0 8.950000000000001
      vertex 3.1547852317788836 0 9.4
    endloop
  endfacet
  facet normal -0.9988653214167819 0.04762425506975674 0
    outer loop
      vertex 3.1556887701153755 0.05894600600004196 8.950000000000001
      vertex 3.1556887701153755 0.05894600600004196 9.4
      vertex 3.16094259172678 0.16913902014493942 8.950000000000001
    endloop
  endfacet
  facet normal -0.9966139841075102 0.08222266525329433 0
    outer loop
      vertex 3.16094259172678 0.16913902014493942 8.950000000000001
      vertex 3.16094259172678 0.16913902014493942 9.4
      vertex 3.1696989461779594 0.27527405321598053 8.950000000000001
    endloop
  endfacet
  facet normal -0.9998825432761576 0.015326436363447821 0
    outer loop
      vertex 3.1556887701153755 0.05894600600004196 8.950000000000001
      vertex 3.1547852317788836 0 9.4
      vertex 3.1556887701153755 0.05894600600004196 9.4
    endloop
  endfacet
  facet normal -0.9988653214167819 0.04762425506975674 0
    outer loop
      vertex 3.16094259172678 0.16913902014493942 8.950000000000001
      vertex 3.1556887701153755 0.05894600600004196 9.4
      vertex 3.16094259172678 0.16913902014493942 9.4
    endloop
  endfacet
  facet normal -0.9966139841075102 0.08222266525329433 0
    outer loop
      vertex 3.1696989461779594 0.27527405321598053 8.950000000000001
      vertex 3.16094259172678 0.16913902014493942 9.4
      vertex 3.1696989461779594 0.27527405321598053 9.4
    endloop
  endfacet
  facet normal 0 0 1
    outer loop
      vertex 2.22633146494627 0.47477103769779205 8.950000000000001
      vertex 3.1696989461779594 0.27527405321598053 8.950000000000001
      vertex 3.181957855820656 0.3773510977625847 8.950000000000001
    endloop
  endfacet
  facet normal 0 0 1
    outer loop
      vertex 2.252495102584362 0.6335262432694435 8.950000000000001
      vertex 3.181957855820656 0.3773510977625847 8.950000000000001
      vertex 3.197719305753708 0.4753701463341713 8.950000000000001
    endloop
  endfacet
  facet normal -0.9928657141646784 0.11923788674856298 0
    outer loop
      vertex 3.1696989461779594 0.27527405321598053 8.950000000000001
      vertex 3.1696989461779594 0.27527405321598053 9.4
      vertex 3.181957855820656 0.3773510977625847 8.950000000000001
    endloop
  endfacet
  facet normal -0.9873171301314373 0.15876046280173975 0
    outer loop
      vertex 3.181957855820656 0.3773510977625847 8.950000000000001
      vertex 3.181957855820656 0.3773510977625847 9.4
      vertex 3.197719305753708 0.4753701463341713 8.950000000000001
    endloop
  endfacet
  facet normal -0.9796233719759887 0.2008433446206115 0
    outer loop
      vertex 3.197719305753708 0.4753701463341713 8.950000000000001
      vertex 3.197719305753708 0.4753701463341713 9.4
      vertex 3.2169832959771156 0.5693312138319016 8.950000000000001
    endloop
  endfacet
  facet normal -0.9928657141646784 0.11923788674856298 0
    outer loop
      vertex 3.181957855820656 0.3773510977625847 8.950000000000001
      vertex 3.1696989461779594 0.27527405321598053 9.4
      vertex 3.181957855820656 0.3773510977625847 9.4
    endloop
  endfacet
  facet normal -0.9873171301314373 0.15876046280173975 0
    outer loop
      vertex 3.197719305753708 0.4753701463341713 8.950000000000001
      vertex 3.181957855820656 0.3773510977625847 9.4
      vertex 3.197719305753708 0.4753701463341713 9.4
    endloop
  endfacet
  facet normal -0.9796233719759887 0.2008433446206115 0
    outer loop
      vertex 3.197719305753708 0.4753701463341713 9.4
      vertex 3.2169832959771156 0.5693312138319016 9.4
      vertex 3.2169832959771156 0.5693312138319016 8.950000000000001
    endloop
  endfacet
  facet normal 0.976485141247186 -0.2155847140301537 0
    outer loop
      vertex 2.252495102584362 0.6335262432694435 8.950000000000001
      vertex 2.286134071648121 0.7858930453658104 8.950000000000001
      vertex 2.286134071648121 0.7858930453658104 9.4
    endloop
  endfacet
  facet normal 0 0 1
    outer loop
      vertex 2.252495102584362 0.6335262432694435 8.950000000000001
      vertex 3.197719305753708 0.4753701463341713 8.950000000000001
      vertex 2.286134071648121 0.7858930453658104 8.950000000000001
    endloop
  endfacet
  facet normal 0 0 1
    outer loop
      vertex 2.286134071648121 0.7858930453658104 8.950000000000001
      vertex 3.2169832959771156 0.5693312138319016 8.950000000000001
      vertex 2.3272483572363853 0.9318714514374733 8.950000000000001
    endloop
  endfacet
  facet normal 0.976485141247186 -0.2155847140301537 0
    outer loop
      vertex 2.252495102584362 0.6335262432694435 8.950000000000001
      vertex 2.286134071648121 0.7858930453658104 9.4
      vertex 2.252495102584362 0.6335262432694435 9.4
    endloop
  endfacet
  facet normal 0.9625514410820112 -0.2710991023056764 0
    outer loop
      vertex 2.286134071648121 0.7858930453658104 8.950000000000001
      vertex 2.3272483572363853 0.9318714514374733 9.4
      vertex 2.286134071648121 0.7858930453658104 9.4
    endloop
  endfacet
  facet normal 0.9625514410820112 -0.2710991023056764 0
    outer loop
      vertex 2.286134071648121 0.7858930453658104 8.950000000000001
      vertex 2.3272483572363853 0.9318714514374733 8.950000000000001
      vertex 2.3272483572363853 0.9318714514374733 9.4
    endloop
  endfacet
  facet normal 0.9444199886293825 -0.3287413650231399 0
    outer loop
      vertex 2.3272483572363853 0.9318714514374733 8.950000000000001
      vertex 2.3758379742503166 1.071461446583271 8.950000000000001
      vertex 2.3758379742503166 1.071461446583271 9.4
    endloop
  endfacet
  facet normal 0 0 1
    outer loop
      vertex 2.3272483572363853 0.9318714514374733 8.950000000000001
      vertex 3.26601891964674 0.7450793758034706 8.950000000000001
      vertex 2.3758379742503166 1.071461446583271 8.950000000000001
    endloop
  endfacet
  facet normal 0 0 1
    outer loop
      vertex 2.3758379742503166 1.071461446583271 8.950000000000001
      vertex 3.295790545642376 0.82686647772789 8.950000000000001
      vertex 2.431902915239334 1.2046630457043648 8.950000000000001
    endloop
  endfacet
  facet normal 0.9444199886293825 -0.3287413650231399 0
    outer loop
      vertex 2.3272483572363853 0.9318714514374733 8.950000000000001
      vertex 2.3758379742503166 1.071461446583271 9.4
      vertex 2.3272483572363853 0.9318714514374733 9.4
    endloop
  endfacet
  facet normal 0.9216847208326593 -0.3879397831927304 0
    outer loop
      vertex 2.3758379742503166 1.071461446583271 8.950000000000001
      vertex 2.431902915239334 1.2046630457043648 9.4
      vertex 2.3758379742503166 1.071461446583271 9.4
    endloop
  endfacet
  facet normal 0 0 1
    outer loop
      vertex 2.286134071648121 0.7858930453658104 8.950000000000001
      vertex 3.197719305753708 0.4753701463341713 8.950000000000001
      vertex 3.2169832959771156 0.5693312138319016 8.950000000000001
    endloop
  endfacet
  facet normal 0 0 1
    outer loop
      vertex 2.3272483572363853 0.9318714514374733 8.950000000000001
      vertex 3.2169832959771156 0.5693312138319016 8.950000000000001
      vertex 3.2397498339414597 0.6592342928051949 8.950000000000001
    endloop
  endfacet
  facet normal 0 0 1
    outer loop
      vertex 2.3272483572363853 0.9318714514374733 8.950000000000001
      vertex 3.2397498339414597 0.6592342928051949 8.950000000000001
      vertex 3.26601891964674 0.7450793758034706 8.950000000000001
    endloop
  endfacet
  facet normal -0.9694003008269866 0.2454853493725194 0
    outer loop
      vertex 3.2169832959771156 0.5693312138319016 8.950000000000001
      vertex 3.2169832959771156 0.5693312138319016 9.4
      vertex 3.2397498339414597 0.6592342928051949 8.950000000000001
    endloop
  endfacet
  facet normal -0.956231193992099 0.2926122069163297 0
    outer loop
      vertex 3.2397498339414597 0.6592342928051949 8.950000000000001
      vertex 3.2397498339414597 0.6592342928051949 9.4
      vertex 3.26601891964674 0.7450793758034706 8.950000000000001
    endloop
  endfacet
  facet normal -0.9396794916096953 0.3420562132868582 0
    outer loop
      vertex 3.26601891964674 0.7450793758034706 8.950000000000001
      vertex 3.26601891964674 0.7450793758034706 9.4
      vertex 3.295790545642376 0.82686647772789 8.950000000000001
    endloop
  endfacet
  facet normal -0.9694003008269866 0.2454853493725194 0
    outer loop
      vertex 3.2397498339414597 0.6592342928051949 8.950000000000001
      vertex 3.2169832959771156 0.5693312138319016 9.4
      vertex 3.2397498339414597 0.6592342928051949 9.4
    endloop
  endfacet
  facet normal -0.956231193992099 0.2926122069163297 0
    outer loop
      vertex 3.26601891964674 0.7450793758034706 8.950000000000001
      vertex 3.2397498339414597 0.6592342928051949 9.4
      vertex 3.26601891964674 0.7450793758034706 9.4
    endloop
  endfacet
  facet normal -0.9396794916096953 0.3420562132868582 0
    outer loop
      vertex 3.295790545642376 0.82686647772789 8.950000000000001
      vertex 3.26601891964674 0.7450793758034706 9.4
      vertex 3.295790545642376 0.82686647772789 9.4
    endloop
  endfacet
  facet normal 0 0 1
    outer loop
      vertex 2.3758379742503166 1.071461446583271 8.950000000000001
      vertex 3.26601891964674 0.7450793758034706 8.950000000000001
      vertex 3.295790545642376 0.82686647772789 8.950000000000001
    endloop
  endfacet
  facet normal 0 0 1
    outer loop
      vertex 3.295790545642376 0.82686647772789 8.950000000000001
      vertex 3.329064719378948 0.9045955911278725 8.950000000000001
      vertex 2.431902915239334 1.2046630457043648 8.950000000000001
    endloop
  endfacet
  facet normal 0 0 1
    outer loop
      vertex 3.329064719378948 0.9045955911278725 8.950000000000001
      vertex 3.365841433405876 0.978266716003418 8.950000000000001
      vertex 2.495443180203438 1.331476241350174 8.950000000000001
    endloop
  endfacet
  facet normal -0.9193089741141481 0.3935365422844394 0
    outer loop
      vertex 3.295790545642376 0.82686647772789 8.950000000000001
      vertex 3.295790545642376 0.82686647772789 9.4
      vertex 3.329064719378948 0.9045955911278725 8.950000000000001
    endloop
  endfacet
  facet normal -0.8947128865090287 0.44664174761735165 0
    outer loop
      vertex 3.329064719378948 0.9045955911278725 8.950000000000001
      vertex 3.329064719378948 0.9045955911278725 9.4
      vertex 3.365841433405876 0.978266716003418 8.950000000000001
    endloop
  endfacet
  facet normal -0.8655506937970817 0.5008213218977307 0
    outer loop
      vertex 3.365841433405876 0.978266716003418 8.950000000000001
      vertex 3.365841433405876 0.978266716003418 9.4
      vertex 3.4061206951737404 1.0478798523545265 8.950000000000001
    endloop
  endfacet
  facet normal -0.9193089741141481 0.3935365422844394 0
    outer loop
      vertex 3.329064719378948 0.9045955911278725 8.950000000000001
      vertex 3.295790545642376 0.82686647772789 9.4
      vertex 3.329064719378948 0.9045955911278725 9.4
    endloop
  endfacet
  facet normal -0.8947128865090287 0.44664174761735165 0
    outer loop
      vertex 3.365841433405876 0.978266716003418 8.950000000000001
      vertex 3.329064719378948 0.9045955911278725 9.4
      vertex 3.365841433405876 0.978266716003418 9.4
    endloop
  endfacet
  facet normal -0.8655506937970817 0.5008213218977307 0
    outer loop
      vertex 3.365841433405876 0.978266716003418 9.4
      vertex 3.4061206951737404 1.0478798523545265 9.4
      vertex 3.4061206951737404 1.0478798523545265 8.950000000000001
    endloop
  endfacet
  facet normal -0.8315911691447695 0.5553882672513306 0
    outer loop
      vertex 3.4061206951737404 1.0478798523545265 8.950000000000001
      vertex 3.4061206951737404 1.0478798523545265 9.4
      vertex 3.4499024972319603 1.1134350001811981 8.950000000000001
    endloop
  endfacet
  facet normal -0.8315911691447695 0.5553882672513306 0
    outer loop
      vertex 3.4499024972319603 1.1134350001811981 8.950000000000001
      vertex 3.4061206951737404 1.0478798523545265 9.4
      vertex 3.4499024972319603 1.1134350001811981 9.4
    endloop
  endfacet
  facet normal 0.9216847208326593 -0.3879397831927304 0
    outer loop
      vertex 2.3758379742503166 1.071461446583271 8.950000000000001
      vertex 2.431902915239334 1.2046630457043648 8.950000000000001
      vertex 2.431902915239334 1.2046630457043648 9.4
    endloop
  endfacet
  facet normal 0.8940499248149905 -0.44796733356162244 0
    outer loop
      vertex 2.431902915239334 1.2046630457043648 8.950000000000001
      vertex 2.495443180203438 1.331476241350174 8.950000000000001
      vertex 2.495443180203438 1.331476241350174 9.4
    endloop
  endfacet
  facet normal 0.861378923985109 -0.5079629408866908 0
    outer loop
      vertex 2.495443180203438 1.331476241350174 8.950000000000001
      vertex 2.5664587691426277 1.4519010335206985 8.950000000000001
      vertex 2.5664587691426277 1.4519010335206985 9.4
    endloop
  endfacet
  facet normal 0 0 1
    outer loop
      vertex 3.329064719378948 0.9045955911278725 8.950000000000001
      vertex 2.495443180203438 1.331476241350174 8.950000000000001
      vertex 2.431902915239334 1.2046630457043648 8.950000000000001
    endloop
  endfacet
  facet normal 0 0 1
    outer loop
      vertex 3.365841433405876 0.978266716003418 8.950000000000001
      vertex 2.5664587691426277 1.4519010335206985 8.950000000000001
      vertex 2.495443180203438 1.331476241350174 8.950000000000001
    endloop
  endfacet
  facet normal 0.8940499248149905 -0.44796733356162244 0
    outer loop
      vertex 2.431902915239334 1.2046630457043648 8.950000000000001
      vertex 2.495443180203438 1.331476241350174 9.4
      vertex 2.431902915239334 1.2046630457043648 9.4
    endloop
  endfacet
  facet normal 0.861378923985109 -0.5079629408866908 0
    outer loop
      vertex 2.495443180203438 1.331476241350174 8.950000000000001
      vertex 2.5664587691426277 1.4519010335206985 9.4
      vertex 2.495443180203438 1.331476241350174 9.4
    endloop
  endfacet
  facet normal 0.8237352757610998 -0.5669745986080724 0
    outer loop
      vertex 2.5664587691426277 1.4519010335206985 8.950000000000001
      vertex 2.6449496895074844 1.5659374296665192 8.950000000000001
      vertex 2.6449496895074844 1.5659374296665192 9.4
    endloop
  endfacet
  facet normal 0.781407250150533 -0.6240214014055787 0
    outer loop
      vertex 2.6449496895074844 1.5659374296665192 8.950000000000001
      vertex 2.7309159338474274 1.6735854148864746 8.950000000000001
      vertex 2.7309159338474274 1.6735854148864746 9.4
    endloop
  endfacet
  facet normal 0.8237352757610998 -0.5669745986080724 0
    outer loop
      vertex 2.5664587691426277 1.4519010335206985 8.950000000000001
      vertex 2.6449496895074844 1.5659374296665192 9.4
      vertex 2.5664587691426277 1.4519010335206985 9.4
    endloop
  endfacet
  facet normal 0.781407250150533 -0.6240214014055787 0
    outer loop
      vertex 2.6449496895074844 1.5659374296665192 8.950000000000001
      vertex 2.7309159338474274 1.6735854148864746 9.4
      vertex 2.6449496895074844 1.5659374296665192 9.4
    endloop
  endfacet
  facet normal 0 0 1
    outer loop
      vertex 2.5664587691426277 1.4519010335206985 8.950000000000001
      vertex 3.4061206951737404 1.0478798523545265 8.950000000000001
      vertex 2.6449496895074844 1.5659374296665192 8.950000000000001
    endloop
  endfacet
  facet normal 0 0 1
    outer loop
      vertex 3.365841433405876 0.978266716003418 8.950000000000001
      vertex 3.4061206951737404 1.0478798523545265 8.950000000000001
      vertex 2.5664587691426277 1.4519010335206985 8.950000000000001
    endloop
  endfacet
  facet normal 0 0 1
    outer loop
      vertex 2.6449496895074844 1.5659374296665192 8.950000000000001
      vertex 3.4061206951737404 1.0478798523545265 8.950000000000001
      vertex 3.4499024972319603 1.1134350001811981 8.950000000000001
    endloop
  endfacet
  facet normal 0 0 1
    outer loop
      vertex 2.7309159338474274 1.6735854148864746 8.950000000000001
      vertex 3.4499024972319603 1.1134350001811981 8.950000000000001
      vertex 3.496724598109722 1.1745244935154915 8.950000000000001
    endloop
  endfacet
  facet normal 0 0 1
    outer loop
      vertex 2.8243575021624565 1.7748449966311455 8.950000000000001
      vertex 3.496724598109722 1.1745244935154915 8.950000000000001
      vertex 3.5461109057068825 1.2307268306612968 8.950000000000001
    endloop
  endfacet
  facet normal 0 0 1
    outer loop
      vertex 2.6449496895074844 1.5659374296665192 8.950000000000001
      vertex 3.4499024972319603 1.1134350001811981 8.950000000000001
      vertex 2.7309159338474274 1.6735854148864746 8.950000000000001
    endloop
  endfacet
  facet normal 0 0 1
    outer loop
      vertex 2.7309159338474274 1.6735854148864746 8.950000000000001
      vertex 3.496724598109722 1.1745244935154915 8.950000000000001
      vertex 2.8243575021624565 1.7748449966311455 8.950000000000001
    endloop
  endfacet
  facet normal 0 0 1
    outer loop
      vertex 2.8243575021624565 1.7748449966311455 8.950000000000001
      vertex 3.5461109057068825 1.2307268306612968 8.950000000000001
      vertex 2.9106302186846733 1.8569566830992699 8.950000000000001
    endloop
  endfacet
  facet normal 0 0 1
    outer loop
      vertex 3.000442236661911 1.9324994385242462 8.950000000000001
      vertex 3.5461109057068825 1.2307268306612968 8.950000000000001
      vertex 3.59806140512228 1.2820420116186142 8.950000000000001
    endloop
  endfacet
  facet normal 0 0 1
    outer loop
      vertex 2.9106302186846733 1.8569566830992699 8.950000000000001
      vertex 3.5461109057068825 1.2307268306612968 8.950000000000001
      vertex 3.000442236661911 1.9324994385242462 8.950000000000001
    endloop
  endfacet
  facet normal 0.7349076660217634 -0.678167178815404 0
    outer loop
      vertex 2.7309159338474274 1.6735854148864746 8.950000000000001
      vertex 2.8243575021624565 1.7748449966311455 8.950000000000001
      vertex 2.8243575021624565 1.7748449966311455 9.4
    endloop
  endfacet
  facet normal 0.7349076660217634 -0.678167178815404 0
    outer loop
      vertex 2.7309159338474274 1.6735854148864746 8.950000000000001
      vertex 2.8243575021624565 1.7748449966311455 9.4
      vertex 2.7309159338474274 1.6735854148864746 9.4
    endloop
  endfacet
  facet normal 0.689422648099982 -0.724359311589772 0
    outer loop
      vertex 2.8243575021624565 1.7748449966311455 8.950000000000001
      vertex 2.9106302186846733 1.8569566830992699 8.950000000000001
      vertex 2.9106302186846733 1.8569566830992699 9.4
    endloop
  endfacet
  facet normal 0.6436948323097496 -0.7652822765867007 0
    outer loop
      vertex 2.9106302186846733 1.8569566830992699 8.950000000000001
      vertex 3.000442236661911 1.9324994385242462 8.950000000000001
      vertex 3.000442236661911 1.9324994385242462 9.4
    endloop
  endfacet
  facet normal 0.5942519384059602 -0.8042789526655282 0
    outer loop
      vertex 3.000442236661911 1.9324994385242462 8.950000000000001
      vertex 3.093793533742428 2.001473255455494 8.950000000000001
      vertex 3.093793533742428 2.001473255455494 9.4
    endloop
  endfacet
  facet normal 0 0 1
    outer loop
      vertex 3.000442236661911 1.9324994385242462 8.950000000000001
      vertex 3.59806140512228 1.2820420116186142 8.950000000000001
      vertex 3.093793533742428 2.001473255455494 8.950000000000001
    endloop
  endfacet
  facet normal 0 0 1
    outer loop
      vertex 3.093793533742428 2.001473255455494 8.950000000000001
      vertex 3.6525761112570763 1.328470028936863 8.950000000000001
      vertex 3.190684124827385 2.063878133893013 8.950000000000001
    endloop
  endfacet
  facet normal 0.689422648099982 -0.724359311589772 0
    outer loop
      vertex 2.8243575021624565 1.7748449966311455 8.950000000000001
      vertex 2.9106302186846733 1.8569566830992699 9.4
      vertex 2.8243575021624565 1.7748449966311455 9.4
    endloop
  endfacet
  facet normal 0.6436948323097496 -0.7652822765867007 0
    outer loop
      vertex 2.9106302186846733 1.8569566830992699 8.950000000000001
      vertex 3.000442236661911 1.9324994385242462 9.4
      vertex 2.9106302186846733 1.8569566830992699 9.4
    endloop
  endfacet
  facet normal 0.5942519384059602 -0.8042789526655282 0
    outer loop
      vertex 3.000442236661911 1.9324994385242462 8.950000000000001
      vertex 3.093793533742428 2.001473255455494 9.4
      vertex 3.000442236661911 1.9324994385242462 9.4
    endloop
  endfacet
  facet normal 0.5414822956150049 -0.8407121526036748 0
    outer loop
      vertex 3.093793533742428 2.001473255455494 8.950000000000001
      vertex 3.190684124827385 2.063878133893013 8.950000000000001
      vertex 3.190684124827385 2.063878133893013 9.4
    endloop
  endfacet
  facet normal 0.4859193310076101 -0.8740036634666452 0
    outer loop
      vertex 3.190684124827385 2.063878133893013 8.950000000000001
      vertex 3.2911140099167824 2.119714081287384 8.950000000000001
      vertex 3.2911140099167824 2.119714081287384 9.4
    endloop
  endfacet
  facet normal 0.4282173961817213 -0.9036757502596529 0
    outer loop
      vertex 3.2911140099167824 2.119714081287384 8.950000000000001
      vertex 3.3950831815600395 2.168981097638607 8.950000000000001
      vertex 3.3950831815600395 2.168981097638607 9.4
    endloop
  endfacet
  facet normal 0.5414822956150049 -0.8407121526036748 0
    outer loop
      vertex 3.093793533742428 2.001473255455494 8.950000000000001
      vertex 3.190684124827385 2.063878133893013 9.4
      vertex 3.093793533742428 2.001473255455494 9.4
    endloop
  endfacet
  facet normal 0.4859193310076101 -0.8740036634666452 0
    outer loop
      vertex 3.190684124827385 2.063878133893013 8.950000000000001
      vertex 3.2911140099167824 2.119714081287384 9.4
      vertex 3.190684124827385 2.063878133893013 9.4
    endloop
  endfacet
  facet normal 0.4282173961817213 -0.9036757502596529 0
    outer loop
      vertex 3.2911140099167824 2.119714081287384 8.950000000000001
      vertex 3.3950831815600395 2.168981097638607 9.4
      vertex 3.2911140099167824 2.119714081287384 9.4
    endloop
  endfacet
  facet normal -0.7936890202924642 0.608323712399236 0
    outer loop
      vertex 3.4499024972319603 1.1134350001811981 8.950000000000001
      vertex 3.4499024972319603 1.1134350001811981 9.4
      vertex 3.496724598109722 1.1745244935154915 8.950000000000001
    endloop
  endfacet
  facet normal -0.7511889229285015 0.6600872685255471 0
    outer loop
      vertex 3.496724598109722 1.1745244935154915 8.950000000000001
      vertex 3.496724598109722 1.1745244935154915 9.4
      vertex 3.5461109057068825 1.2307268306612968 8.950000000000001
    endloop
  endfacet
  facet normal -0.7027431691488852 0.7114436296816364 0
    outer loop
      vertex 3.5461109057068825 1.2307268306612968 8.950000000000001
      vertex 3.5461109057068825 1.2307268306612968 9.4
      vertex 3.59806140512228 1.2820420116186142 8.950000000000001
    endloop
  endfacet
  facet normal -0.648381994912374 0.7613151703949226 0
    outer loop
      vertex 3.59806140512228 1.2820420116186142 8.950000000000001
      vertex 3.59806140512228 1.2820420116186142 9.4
      vertex 3.6525761112570763 1.328470028936863 8.950000000000001
    endloop
  endfacet
  facet normal -0.5884396978684466 0.8085411071630749 0
    outer loop
      vertex 3.6525761112570763 1.328470028936863 8.950000000000001
      vertex 3.6525761112570763 1.328470028936863 9.4
      vertex 3.7096550166606903 1.3700108900666237 8.950000000000001
    endloop
  endfacet
  facet normal -0.523581858831929 0.8519753735303046 0
    outer loop
      vertex 3.7096550166606903 1.3700108900666237 8.950000000000001
      vertex 3.7096550166606903 1.3700108900666237 9.4
      vertex 3.7692981213331223 1.4066645875573158 8.950000000000001
    endloop
  endfacet
  facet normal -0.7936890202924642 0.608323712399236 0
    outer loop
      vertex 3.4499024972319603 1.1134350001811981 9.4
      vertex 3.496724598109722 1.1745244935154915 9.4
      vertex 3.496724598109722 1.1745244935154915 8.950000000000001
    endloop
  endfacet
  facet normal -0.7511889229285015 0.6600872685255471 0
    outer loop
      vertex 3.5461109057068825 1.2307268306612968 8.950000000000001
      vertex 3.496724598109722 1.1745244935154915 9.4
      vertex 3.5461109057068825 1.2307268306612968 9.4
    endloop
  endfacet
  facet normal -0.7027431691488852 0.7114436296816364 0
    outer loop
      vertex 3.59806140512228 1.2820420116186142 8.950000000000001
      vertex 3.5461109057068825 1.2307268306612968 9.4
      vertex 3.59806140512228 1.2820420116186142 9.4
    endloop
  endfacet
  facet normal -0.648381994912374 0.7613151703949226 0
    outer loop
      vertex 3.6525761112570763 1.328470028936863 8.950000000000001
      vertex 3.59806140512228 1.2820420116186142 9.4
      vertex 3.6525761112570763 1.328470028936863 9.4
    endloop
  endfacet
  facet normal -0.5884396978684466 0.8085411071630749 0
    outer loop
      vertex 3.7096550166606903 1.3700108900666237 8.950000000000001
      vertex 3.6525761112570763 1.328470028936863 9.4
      vertex 3.7096550166606903 1.3700108900666237 9.4
    endloop
  endfacet
  facet normal -0.523581858831929 0.8519753735303046 0
    outer loop
      vertex 3.7692981213331223 1.4066645875573158 8.950000000000001
      vertex 3.7096550166606903 1.3700108900666237 9.4
      vertex 3.7692981213331223 1.4066645875573158 9.4
    endloop
  endfacet
  facet normal 0 0 1
    outer loop
      vertex 3.093793533742428 2.001473255455494 8.950000000000001
      vertex 3.59806140512228 1.2820420116186142 8.950000000000001
      vertex 3.6525761112570763 1.328470028936863 8.950000000000001
    endloop
  endfacet
  facet normal 0 0 1
    outer loop
      vertex 3.190684124827385 2.063878133893013 8.950000000000001
      vertex 3.6525761112570763 1.328470028936863 8.950000000000001
      vertex 3.7096550166606903 1.3700108900666237 8.950000000000001
    endloop
  endfacet
  facet normal 0 0 1
    outer loop
      vertex 3.2911140099167824 2.119714081287384 8.950000000000001
      vertex 3.7096550166606903 1.3700108900666237 8.950000000000001
      vertex 3.7692981213331223 1.4066645875573158 8.950000000000001
    endloop
  endfacet
  facet normal 0 0 1
    outer loop
      vertex 3.7692981213331223 1.4066645875573158 8.950000000000001
      vertex 3.831505425274372 1.4384311214089394 8.950000000000001
      vertex 3.3950831815600395 2.168981097638607 8.950000000000001
    endloop
  endfacet
  facet normal -0.4547896709979714 0.8905988744398663 0
    outer loop
      vertex 3.7692981213331223 1.4066645875573158 8.950000000000001
      vertex 3.7692981213331223 1.4066645875573158 9.4
      vertex 3.831505425274372 1.4384311214089394 8.950000000000001
    endloop
  endfacet
  facet normal -0.3832937108922491 0.9236265106580955 0
    outer loop
      vertex 3.831505425274372 1.4384311214089394 8.950000000000001
      vertex 3.831505425274372 1.4384311214089394 9.4
      vertex 3.8962769359350204 1.4653105065226555 8.950000000000001
    endloop
  endfacet
  facet normal -0.3104661197003865 0.9505844457586001 0
    outer loop
      vertex 3.8962769359350204 1.4653105065226555 8.950000000000001
      vertex 3.8962769359350204 1.4653105065226555 9.4
      vertex 3.9636126458644867 1.4873027205467224 8.950000000000001
    endloop
  endfacet
  facet normal -0.4547896709979714 0.8905988744398663 0
    outer loop
      vertex 3.831505425274372 1.4384311214089394 8.950000000000001
      vertex 3.7692981213331223 1.4066645875573158 9.4
      vertex 3.831505425274372 1.4384311214089394 9.4
    endloop
  endfacet
  facet normal -0.3832937108922491 0.9236265106580955 0
    outer loop
      vertex 3.8962769359350204 1.4653105065226555 8.950000000000001
      vertex 3.831505425274372 1.4384311214089394 9.4
      vertex 3.8962769359350204 1.4653105065226555 9.4
    endloop
  endfacet
  facet normal -0.3104661197003865 0.9505844457586001 0
    outer loop
      vertex 3.8962769359350204 1.4653105065226555 9.4
      vertex 3.9636126458644867 1.4873027205467224 9.4
      vertex 3.9636126458644867 1.4873027205467224 8.950000000000001
    endloop
  endfacet
  facet normal -0.23769450695931632 0.9713399617854542 0
    outer loop
      vertex 3.9636126458644867 1.4873027205467224 8.950000000000001
      vertex 3.9636126458644867 1.4873027205467224 9.4
      vertex 4.033512562513351 1.5044077783823013 8.950000000000001
    endloop
  endfacet
  facet normal -0.16625959220040695 0.9860820189017516 0
    outer loop
      vertex 4.033512562513351 1.5044077783823013 8.950000000000001
      vertex 4.033512562513351 1.5044077783823013 9.4
      vertex 4.1059766709804535 1.5166256800293922 8.950000000000001
    endloop
  endfacet
  facet normal -0.09724322126093686 0.995260647227045 0
    outer loop
      vertex 4.1059766709804535 1.5166256800293922 8.950000000000001
      vertex 4.1059766709804535 1.5166256800293922 9.4
      vertex 4.181004986166954 1.5239564180374146 8.950000000000001
    endloop
  endfacet
  facet normal -0.03147688914202346 0.9995044799549128 0
    outer loop
      vertex 4.181004986166954 1.5239564180374146 8.950000000000001
      vertex 4.181004986166954 1.5239564180374146 9.4
      vertex 4.2585975006222725 1.5263999998569489 8.950000000000001
    endloop
  endfacet
  facet normal 0.02280245240024547 0.99973999027974 0
    outer loop
      vertex 4.2585975006222725 1.5263999998569489 8.950000000000001
      vertex 4.2585975006222725 1.5263999998569489 9.4
      vertex 4.334597177803516 1.5246665701270103 8.950000000000001
    endloop
  endfacet
  facet normal 0.07098488346444376 0.9974773913826516 0
    outer loop
      vertex 4.334597177803516 1.5246665701270103 8.950000000000001
      vertex 4.334597177803516 1.5246665701270103 9.4
      vertex 4.407671585679054 1.5194662734866142 8.950000000000001
    endloop
  endfacet
  facet normal 0.12262099852433236 0.992453571065617 0
    outer loop
      vertex 4.407671585679054 1.5194662734866142 8.950000000000001
      vertex 4.407671585679054 1.5194662734866142 9.4
      vertex 4.477820724248886 1.5107991099357605 8.950000000000001
    endloop
  endfacet
  facet normal 0.17763118995970326 0.984097129532192 0
    outer loop
      vertex 4.477820724248886 1.5107991099357605 8.950000000000001
      vertex 4.477820724248886 1.5107991099357605 9.4
      vertex 4.5450446009635925 1.4986650869250298 8.950000000000001
    endloop
  endfacet
  facet normal -0.23769450695931632 0.9713399617854542 0
    outer loop
      vertex 4.033512562513351 1.5044077783823013 8.950000000000001
      vertex 3.9636126458644867 1.4873027205467224 9.4
      vertex 4.033512562513351 1.5044077783823013 9.4
    endloop
  endfacet
  facet normal -0.16625959220040695 0.9860820189017516 0
    outer loop
      vertex 4.1059766709804535 1.5166256800293922 8.950000000000001
      vertex 4.033512562513351 1.5044077783823013 9.4
      vertex 4.1059766709804535 1.5166256800293922 9.4
    endloop
  endfacet
  facet normal -0.09724322126093686 0.995260647227045 0
    outer loop
      vertex 4.181004986166954 1.5239564180374146 8.950000000000001
      vertex 4.1059766709804535 1.5166256800293922 9.4
      vertex 4.181004986166954 1.5239564180374146 9.4
    endloop
  endfacet
  facet normal -0.03147688914202346 0.9995044799549128 0
    outer loop
      vertex 4.2585975006222725 1.5263999998569489 8.950000000000001
      vertex 4.181004986166954 1.5239564180374146 9.4
      vertex 4.2585975006222725 1.5263999998569489 9.4
    endloop
  endfacet
  facet normal 0.02280245240024547 0.99973999027974 0
    outer loop
      vertex 4.334597177803516 1.5246665701270103 8.950000000000001
      vertex 4.2585975006222725 1.5263999998569489 9.4
      vertex 4.334597177803516 1.5246665701270103 9.4
    endloop
  endfacet
  facet normal 0.07098488346444376 0.9974773913826516 0
    outer loop
      vertex 4.407671585679054 1.5194662734866142 8.950000000000001
      vertex 4.334597177803516 1.5246665701270103 9.4
      vertex 4.407671585679054 1.5194662734866142 9.4
    endloop
  endfacet
  facet normal 0.12262099852433236 0.992453571065617 0
    outer loop
      vertex 4.477820724248886 1.5107991099357605 8.950000000000001
      vertex 4.407671585679054 1.5194662734866142 9.4
      vertex 4.477820724248886 1.5107991099357605 9.4
    endloop
  endfacet
  facet normal 0.17763118995970326 0.984097129532192 0
    outer loop
      vertex 4.477820724248886 1.5107991099357605 9.4
      vertex 4.5450446009635925 1.4986650869250298 9.4
      vertex 4.5450446009635925 1.4986650869250298 8.950000000000001
    endloop
  endfacet
  facet normal 0 0 1
    outer loop
      vertex 3.190684124827385 2.063878133893013 8.950000000000001
      vertex 3.7096550166606903 1.3700108900666237 8.950000000000001
      vertex 3.2911140099167824 2.119714081287384 8.950000000000001
    endloop
  endfacet
  facet normal 0 0 1
    outer loop
      vertex 3.2911140099167824 2.119714081287384 8.950000000000001
      vertex 3.7692981213331223 1.4066645875573158 8.950000000000001
      vertex 3.3950831815600395 2.168981097638607 8.950000000000001
    endloop
  endfacet
  facet normal 0 0 1
    outer loop
      vertex 3.831505425274372 1.4384311214089394 8.950000000000001
      vertex 3.5025916397571564 2.211679168045521 8.950000000000001
      vertex 3.3950831815600395 2.168981097638607 8.950000000000001
    endloop
  endfacet
  facet normal 0 0 1
    outer loop
      vertex 3.831505425274372 1.4384311214089394 8.950000000000001
      vertex 3.6136393919587135 2.247808314859867 8.950000000000001
      vertex 3.5025916397571564 2.211679168045521 8.950000000000001
    endloop
  endfacet
  facet normal 0 0 1
    outer loop
      vertex 3.831505425274372 1.4384311214089394 8.950000000000001
      vertex 3.8962769359350204 1.4653105065226555 8.950000000000001
      vertex 3.6136393919587135 2.247808314859867 8.950000000000001
    endloop
  endfacet
  facet normal 0 0 1
    outer loop
      vertex 3.8962769359350204 1.4653105065226555 8.950000000000001
      vertex 3.9636126458644867 1.4873027205467224 8.950000000000001
      vertex 3.728226438164711 2.2773685231804848 8.950000000000001
    endloop
  endfacet
  facet normal 0 0 1
    outer loop
      vertex 3.9636126458644867 1.4873027205467224 8.950000000000001
      vertex 4.033512562513351 1.5044077783823013 8.950000000000001
      vertex 3.8463527634739876 2.300359793007374 8.950000000000001
    endloop
  endfacet
  facet normal 0.36911425580313373 -0.9293840251278794 0
    outer loop
      vertex 3.3950831815600395 2.168981097638607 8.950000000000001
      vertex 3.5025916397571564 2.211679168045521 8.950000000000001
      vertex 3.5025916397571564 2.211679168045521 9.4
    endloop
  endfacet
  facet normal 0.309385234543669 -0.9509367889856607 0
    outer loop
      vertex 3.5025916397571564 2.211679168045521 8.950000000000001
      vertex 3.6136393919587135 2.247808314859867 8.950000000000001
      vertex 3.6136393919587135 2.247808314859867 9.4
    endloop
  endfacet
  facet normal 0 0 1
    outer loop
      vertex 3.8962769359350204 1.4653105065226555 8.950000000000001
      vertex 3.728226438164711 2.2773685231804848 8.950000000000001
      vertex 3.6136393919587135 2.247808314859867 8.950000000000001
    endloop
  endfacet
  facet normal 0 0 1
    outer loop
      vertex 3.9636126458644867 1.4873027205467224 8.950000000000001
      vertex 3.8463527634739876 2.300359793007374 8.950000000000001
      vertex 3.728226438164711 2.2773685231804848 8.950000000000001
    endloop
  endfacet
  facet normal 0 0 1
    outer loop
      vertex 4.033512562513351 1.5044077783823013 8.950000000000001
      vertex 3.968018390238285 2.316782131791115 8.950000000000001
      vertex 3.8463527634739876 2.300359793007374 8.950000000000001
    endloop
  endfacet
  facet normal 0.36911425580313373 -0.9293840251278794 0
    outer loop
      vertex 3.3950831815600395 2.168981097638607 8.950000000000001
      vertex 3.5025916397571564 2.211679168045521 9.4
      vertex 3.3950831815600395 2.168981097638607 9.4
    endloop
  endfacet
  facet normal 0.309385234543669 -0.9509367889856607 0
    outer loop
      vertex 3.5025916397571564 2.211679168045521 8.950000000000001
      vertex 3.6136393919587135 2.247808314859867 9.4
      vertex 3.5025916397571564 2.211679168045521 9.4
    endloop
  endfacet
  facet normal 0.24979370216043564 -0.9682990789838558 0
    outer loop
      vertex 3.6136393919587135 2.247808314859867 8.950000000000001
      vertex 3.728226438164711 2.2773685231804848 9.4
      vertex 3.6136393919587135 2.247808314859867 9.4
    endloop
  endfacet
  facet normal 0 0 1
    outer loop
      vertex 4.033512562513351 1.5044077783823013 8.950000000000001
      vertex 4.1059766709804535 1.5166256800293922 8.950000000000001
      vertex 3.968018390238285 2.316782131791115 8.950000000000001
    endloop
  endfacet
  facet normal 0 0 1
    outer loop
      vertex 4.1059766709804535 1.5166256800293922 8.950000000000001
      vertex 4.181004986166954 1.5239564180374146 8.950000000000001
      vertex 4.093223296105862 2.326635532081127 8.950000000000001
    endloop
  endfacet
  facet normal 0 0 1
    outer loop
      vertex 4.181004986166954 1.5239564180374146 8.950000000000001
      vertex 4.2585975006222725 1.5263999998569489 8.950000000000001
      vertex 4.221967503428459 2.3299200013279915 8.950000000000001
    endloop
  endfacet
  facet normal 0 0 1
    outer loop
      vertex 4.2585975006222725 1.5263999998569489 8.950000000000001
      vertex 4.334597177803516 1.5246665701270103 8.950000000000001
      vertex 4.392997853457928 2.325508937239647 8.950000000000001
    endloop
  endfacet
  facet normal 0 0 1
    outer loop
      vertex 4.334597177803516 1.5246665701270103 8.950000000000001
      vertex 4.407671585679054 1.5194662734866142 8.950000000000001
      vertex 4.392997853457928 2.325508937239647 8.950000000000001
    endloop
  endfacet
  facet normal 0 0 1
    outer loop
      vertex 4.407671585679054 1.5194662734866142 8.950000000000001
      vertex 4.477820724248886 1.5107991099357605 8.950000000000001
      vertex 4.556805841624737 2.3122757375240326 8.950000000000001
    endloop
  endfacet
  facet normal 0 0 1
    outer loop
      vertex 4.1059766709804535 1.5166256800293922 8.950000000000001
      vertex 4.093223296105862 2.326635532081127 8.950000000000001
      vertex 3.968018390238285 2.316782131791115 8.950000000000001
    endloop
  endfacet
  facet normal 0 0 1
    outer loop
      vertex 4.181004986166954 1.5239564180374146 8.950000000000001
      vertex 4.221967503428459 2.3299200013279915 8.950000000000001
      vertex 4.093223296105862 2.326635532081127 8.950000000000001
    endloop
  endfacet
  facet normal 0 0 1
    outer loop
      vertex 4.2585975006222725 1.5263999998569489 8.950000000000001
      vertex 4.392997853457928 2.325508937239647 8.950000000000001
      vertex 4.221967503428459 2.3299200013279915 8.950000000000001
    endloop
  endfacet
  facet normal 0 0 1
    outer loop
      vertex 4.407671585679054 1.5194662734866142 8.950000000000001
      vertex 4.556805841624737 2.3122757375240326 8.950000000000001
      vertex 4.392997853457928 2.325508937239647 8.950000000000001
    endloop
  endfacet
  facet normal -0.10731128507390625 -0.9942254714579519 0
    outer loop
      vertex 0.01990717649459839 2.3670883998274803 8.950000000000001
      vertex 0.12311320751905441 2.3559489026665688 8.950000000000001
      vertex 0.12311320751905441 2.3559489026665688 9.4
    endloop
  endfacet
  facet normal -0.15299716674509706 -0.9882266273319966 0
    outer loop
      vertex 0.12311320751905441 2.3559489026665688 8.950000000000001
      vertex 0.22384504228830338 2.3403536081314087 8.950000000000001
      vertex 0.22384504228830338 2.3403536081314087 9.4
    endloop
  endfacet
  facet normal -0.19994577314295886 -0.9798069645610121 0
    outer loop
      vertex 0.22384504228830338 2.3403536081314087 8.950000000000001
      vertex 0.3221026808023453 2.320302516222 8.950000000000001
      vertex 0.3221026808023453 2.320302516222 9.4
    endloop
  endfacet
  facet normal -0.2478727366357893 -0.9687926023833401 0
    outer loop
      vertex 0.3221026808023453 2.320302516222 8.950000000000001
      vertex 0.4178861081600189 2.2957956194877625 8.950000000000001
      vertex 0.4178861081600189 2.2957956194877625 9.4
    endloop
  endfacet
  facet normal -0.29644269170457554 -0.9550506429163564 0
    outer loop
      vertex 0.4178861081600189 2.2957956194877625 8.950000000000001
      vertex 0.5111953392624855 2.2668329253792763 8.950000000000001
      vertex 0.5111953392624855 2.2668329253792763 9.4
    endloop
  endfacet
  facet normal -0.10731128507390625 -0.9942254714579519 0
    outer loop
      vertex 0.01990717649459839 2.3670883998274803 8.950000000000001
      vertex 0.12311320751905441 2.3559489026665688 9.4
      vertex 0.01990717649459839 2.3670883998274803 9.4
    endloop
  endfacet
  facet normal -0.15299716674509706 -0.9882266273319966 0
    outer loop
      vertex 0.12311320751905441 2.3559489026665688 8.950000000000001
      vertex 0.22384504228830338 2.3403536081314087 9.4
      vertex 0.12311320751905441 2.3559489026665688 9.4
    endloop
  endfacet
  facet normal -0.19994577314295886 -0.9798069645610121 0
    outer loop
      vertex 0.22384504228830338 2.3403536081314087 8.950000000000001
      vertex 0.3221026808023453 2.320302516222 9.4
      vertex 0.22384504228830338 2.3403536081314087 9.4
    endloop
  endfacet
  facet normal -0.2478727366357893 -0.9687926023833401 0
    outer loop
      vertex 0.3221026808023453 2.320302516222 8.950000000000001
      vertex 0.4178861081600189 2.2957956194877625 9.4
      vertex 0.3221026808023453 2.320302516222 9.4
    endloop
  endfacet
  facet normal -0.29644269170457554 -0.9550506429163564 0
    outer loop
      vertex 0.4178861081600189 2.2957956194877625 8.950000000000001
      vertex 0.5111953392624855 2.2668329253792763 9.4
      vertex 0.4178861081600189 2.2957956194877625 9.4
    endloop
  endfacet
  facet normal 0.24979370216043564 -0.9682990789838558 0
    outer loop
      vertex 3.6136393919587135 2.247808314859867 8.950000000000001
      vertex 3.728226438164711 2.2773685231804848 8.950000000000001
      vertex 3.728226438164711 2.2773685231804848 9.4
    endloop
  endfacet
  facet normal 0.191047905616375 -0.9815807138282601 0
    outer loop
      vertex 3.728226438164711 2.2773685231804848 8.950000000000001
      vertex 3.8463527634739876 2.300359793007374 8.950000000000001
      vertex 3.8463527634739876 2.300359793007374 9.4
    endloop
  endfacet
  facet normal 0.13376621062593985 -0.9910129166134902 0
    outer loop
      vertex 3.8463527634739876 2.300359793007374 8.950000000000001
      vertex 3.968018390238285 2.316782131791115 8.950000000000001
      vertex 3.968018390238285 2.316782131791115 9.4
    endloop
  endfacet
  facet normal 0.191047905616375 -0.9815807138282601 0
    outer loop
      vertex 3.728226438164711 2.2773685231804848 8.950000000000001
      vertex 3.8463527634739876 2.300359793007374 9.4
      vertex 3.728226438164711 2.2773685231804848 9.4
    endloop
  endfacet
  facet normal 0.13376621062593985 -0.9910129166134902 0
    outer loop
      vertex 3.8463527634739876 2.300359793007374 8.950000000000001
      vertex 3.968018390238285 2.316782131791115 9.4
      vertex 3.8463527634739876 2.300359793007374 9.4
    endloop
  endfacet
  facet normal 0.07845561780709719 -0.9969176074453227 0
    outer loop
      vertex 3.968018390238285 2.316782131791115 8.950000000000001
      vertex 4.093223296105862 2.326635532081127 8.950000000000001
      vertex 4.093223296105862 2.326635532081127 9.4
    endloop
  endfacet
  facet normal 0.025503290615729344 -0.999674738186261 0
    outer loop
      vertex 4.093223296105862 2.326635532081127 8.950000000000001
      vertex 4.221967503428459 2.3299200013279915 8.950000000000001
      vertex 4.221967503428459 2.3299200013279915 9.4
    endloop
  endfacet
  facet normal -0.025782545257507665 -0.9996675749268076 0
    outer loop
      vertex 4.221967503428459 2.3299200013279915 8.950000000000001
      vertex 4.392997853457928 2.325508937239647 8.950000000000001
      vertex 4.392997853457928 2.325508937239647 9.4
    endloop
  endfacet
  facet normal -0.08052250016619825 -0.996752791301326 0
    outer loop
      vertex 4.392997853457928 2.325508937239647 8.950000000000001
      vertex 4.556805841624737 2.3122757375240326 8.950000000000001
      vertex 4.556805841624737 2.3122757375240326 9.4
    endloop
  endfacet
  facet normal 0.07845561780709719 -0.9969176074453227 0
    outer loop
      vertex 3.968018390238285 2.316782131791115 8.950000000000001
      vertex 4.093223296105862 2.326635532081127 9.4
      vertex 3.968018390238285 2.316782131791115 9.4
    endloop
  endfacet
  facet normal 0.025503290615729344 -0.999674738186261 0
    outer loop
      vertex 4.093223296105862 2.326635532081127 8.950000000000001
      vertex 4.221967503428459 2.3299200013279915 9.4
      vertex 4.093223296105862 2.326635532081127 9.4
    endloop
  endfacet
  facet normal -0.025782545257507665 -0.9996675749268076 0
    outer loop
      vertex 4.221967503428459 2.3299200013279915 8.950000000000001
      vertex 4.392997853457928 2.325508937239647 9.4
      vertex 4.221967503428459 2.3299200013279915 9.4
    endloop
  endfacet
  facet normal -0.08052250016619825 -0.996752791301326 0
    outer loop
      vertex 4.392997853457928 2.325508937239647 8.950000000000001
      vertex 4.556805841624737 2.3122757375240326 9.4
      vertex 4.392997853457928 2.325508937239647 9.4
    endloop
  endfacet
  facet normal 0.9525075589607341 0.30451494236352955 0
    outer loop
      vertex 5.224008597433567 0.8409706503152847 8.950000000000001
      vertex 5.224008597433567 0.8409706503152847 9.4
      vertex 5.23901729285717 0.7940241992473602 8.950000000000001
    endloop
  endfacet
  facet normal 0.9591783676589971 0.28280180164741137 0
    outer loop
      vertex 5.253412500023842 0.7452000007033348 8.950000000000001
      vertex 5.23901729285717 0.7940241992473602 8.950000000000001
      vertex 5.23901729285717 0.7940241992473602 9.4
    endloop
  endfacet
  facet normal 0 0 1
    outer loop
      vertex 5.253412500023842 0.7452000007033348 8.950000000000001
      vertex 6.154707118868828 1.0040634348988533 8.950000000000001
      vertex 5.23901729285717 0.7940241992473602 8.950000000000001
    endloop
  endfacet
  facet normal 0.9591783676589971 0.28280180164741137 0
    outer loop
      vertex 5.253412500023842 0.7452000007033348 8.950000000000001
      vertex 5.23901729285717 0.7940241992473602 9.4
      vertex 5.253412500023842 0.7452000007033348 9.4
    endloop
  endfacet
  facet normal 0.9525075589607341 0.30451494236352955 0
    outer loop
      vertex 5.23901729285717 0.7940241992473602 8.950000000000001
      vertex 5.224008597433567 0.8409706503152847 9.4
      vertex 5.23901729285717 0.7940241992473602 9.4
    endloop
  endfacet
  facet normal 0 1 0
    outer loop
      vertex 5.253412500023842 0.7452000007033348 8.950000000000001
      vertex 5.253412500023842 0.7452000007033348 9.4
      vertex 6.050000000000001 0.7452000007033348 9.4
    endloop
  endfacet
  facet normal 0.9448467314964096 0.32751283025333766 0
    outer loop
      vertex 5.224008597433567 0.8409706503152847 8.950000000000001
      vertex 5.208386406302452 0.8860393464565277 8.950000000000001
      vertex 5.208386406302452 0.8860393464565277 9.4
    endloop
  endfacet
  facet normal 0.9360504771272791 0.35186574750861055 0
    outer loop
      vertex 5.208386406302452 0.8860393464565277 8.950000000000001
      vertex 5.192150726914406 0.9292302951216698 8.950000000000001
      vertex 5.192150726914406 0.9292302951216698 9.4
    endloop
  endfacet
  facet normal 0.9259523186932203 0.3776404420962471 0
    outer loop
      vertex 5.192150726914406 0.9292302951216698 8.950000000000001
      vertex 5.175301551818848 0.9705434888601303 8.950000000000001
      vertex 5.175301551818848 0.9705434888601303 9.4
    endloop
  endfacet
  facet normal 0.9010690015751679 0.4336757479965074 0
    outer loop
      vertex 5.157838888466358 1.00997893512249 8.950000000000001
      vertex 5.139762736856937 1.047536626458168 8.950000000000001
      vertex 5.139762736856937 1.047536626458168 9.4
    endloop
  endfacet
  facet normal 0.9143631734625698 0.4048950320953054 0
    outer loop
      vertex 5.175301551818848 0.9705434888601303 8.950000000000001
      vertex 5.157838888466358 1.00997893512249 8.950000000000001
      vertex 5.157838888466358 1.00997893512249 9.4
    endloop
  endfacet
  facet normal 0.885829974824755 0.46400997370958924 0
    outer loop
      vertex 5.139762736856937 1.047536626458168 8.950000000000001
      vertex 5.121073089540005 1.0832165703177452 8.950000000000001
      vertex 5.121073089540005 1.0832165703177452 9.4
    endloop
  endfacet
  facet normal 0.8683803439811459 0.4958987580012543 0
    outer loop
      vertex 5.121073089540005 1.0832165703177452 8.950000000000001
      vertex 5.101769953966141 1.1170187592506409 8.950000000000001
      vertex 5.101769953966141 1.1170187592506409 9.4
    endloop
  endfacet
  facet normal 0 0 1
    outer loop
      vertex 5.224008597433567 0.8409706503152847 8.950000000000001
      vertex 6.0924098044633865 1.1978419497609138 8.950000000000001
      vertex 5.208386406302452 0.8860393464565277 8.950000000000001
    endloop
  endfacet
  facet normal 0 0 1
    outer loop
      vertex 5.224008597433567 0.8409706503152847 8.950000000000001
      vertex 5.23901729285717 0.7940241992473602 8.950000000000001
      vertex 6.116353265941143 1.1332842633128166 8.950000000000001
    endloop
  endfacet
  facet normal 0 0 1
    outer loop
      vertex 5.208386406302452 0.8860393464565277 8.950000000000001
      vertex 6.065288655459881 1.262364499270916 8.950000000000001
      vertex 5.192150726914406 0.9292302951216698 8.950000000000001
    endloop
  endfacet
  facet normal 0 0 1
    outer loop
      vertex 5.192150726914406 0.9292302951216698 8.950000000000001
      vertex 6.034989804029465 1.3268518969416618 8.950000000000001
      vertex 5.175301551818848 0.9705434888601303 8.950000000000001
    endloop
  endfacet
  facet normal 0 0 1
    outer loop
      vertex 5.175301551818848 0.9705434888601303 8.950000000000001
      vertex 6.00151327252388 1.3913041427731514 8.950000000000001
      vertex 5.157838888466358 1.00997893512249 8.950000000000001
    endloop
  endfacet
  facet normal 0.9448467314964096 0.32751283025333766 0
    outer loop
      vertex 5.224008597433567 0.8409706503152847 8.950000000000001
      vertex 5.208386406302452 0.8860393464565277 9.4
      vertex 5.224008597433567 0.8409706503152847 9.4
    endloop
  endfacet
  facet normal 0.9360504771272791 0.35186574750861055 0
    outer loop
      vertex 5.208386406302452 0.8860393464565277 8.950000000000001
      vertex 5.192150726914406 0.9292302951216698 9.4
      vertex 5.208386406302452 0.8860393464565277 9.4
    endloop
  endfacet
  facet normal 0.9259523186932203 0.3776404420962471 0
    outer loop
      vertex 5.192150726914406 0.9292302951216698 8.950000000000001
      vertex 5.175301551818848 0.9705434888601303 9.4
      vertex 5.192150726914406 0.9292302951216698 9.4
    endloop
  endfacet
  facet normal 0.9143631734625698 0.4048950320953054 0
    outer loop
      vertex 5.175301551818848 0.9705434888601303 8.950000000000001
      vertex 5.157838888466358 1.00997893512249 9.4
      vertex 5.175301551818848 0.9705434888601303 9.4
    endloop
  endfacet
  facet normal 0.9010690015751679 0.4336757479965074 0
    outer loop
      vertex 5.157838888466358 1.00997893512249 8.950000000000001
      vertex 5.139762736856937 1.047536626458168 9.4
      vertex 5.157838888466358 1.00997893512249 9.4
    endloop
  endfacet
  facet normal 0.885829974824755 0.46400997370958924 0
    outer loop
      vertex 5.139762736856937 1.047536626458168 8.950000000000001
      vertex 5.121073089540005 1.0832165703177452 9.4
      vertex 5.139762736856937 1.047536626458168 9.4
    endloop
  endfacet
  facet normal 0.8683803439811459 0.4958987580012543 0
    outer loop
      vertex 5.121073089540005 1.0832165703177452 8.950000000000001
      vertex 5.101769953966141 1.1170187592506409 9.4
      vertex 5.121073089540005 1.0832165703177452 9.4
    endloop
  endfacet
  facet normal 0.84842978025745 0.5293079519261874 0
    outer loop
      vertex 5.101769953966141 1.1170187592506409 8.950000000000001
      vertex 5.0818533301353455 1.148943193256855 9.4
      vertex 5.101769953966141 1.1170187592506409 9.4
    endloop
  endfacet
  facet normal 0 0 1
    outer loop
      vertex 5.253412500023842 0.7452000007033348 8.950000000000001
      vertex 6.193282499909401 0.7452000007033348 8.950000000000001
      vertex 6.188405193388462 0.8099685832858086 8.950000000000001
    endloop
  endfacet
  facet normal 0 0 1
    outer loop
      vertex 5.253412500023842 0.7452000007033348 8.950000000000001
      vertex 6.188405193388462 0.8099685832858086 8.950000000000001
      vertex 6.180350191891193 0.874702014029026 8.950000000000001
    endloop
  endfacet
  facet normal 0 1 0
    outer loop
      vertex 5.253412500023842 0.7452000007033348 8.950000000000001
      vertex 6.050000000000001 0.7452000007033348 9.4
      vertex 6.193282499909401 0.7452000007033348 8.950000000000001
    endloop
  endfacet
  facet normal -0.997176686792075 -0.07509098027313124 0
    outer loop
      vertex 6.193282499909401 0.7452000007033348 8.950000000000001
      vertex 6.193282499909401 0.7452000007033348 8.951143688617153
      vertex 6.188405193388462 0.8099685832858086 8.950000000000001
    endloop
  endfacet
  facet normal -0.997176686792075 -0.07509098027313121 0
    outer loop
      vertex 6.193282499909401 0.7452000007033348 8.951143688617153
      vertex 6.188405193388462 0.8099685832858086 8.966422664178413
      vertex 6.188405193388462 0.8099685832858086 8.950000000000001
    endloop
  endfacet
  facet normal -0.992346922813961 -0.12348111103185946 0
    outer loop
      vertex 6.188405193388462 0.8099685832858086 8.950000000000001
      vertex 6.188405193388462 0.8099685832858086 8.966422664178413
      vertex 6.180350191891193 0.874702014029026 8.950000000000001
    endloop
  endfacet
  facet normal 0 1 0
    outer loop
      vertex 6.193282499909401 0.7452000007033348 8.950000000000001
      vertex 6.050000000000001 0.7452000007033348 9.4
      vertex 6.193282499909401 0.7452000007033348 8.951143688617153
    endloop
  endfacet
  facet normal 0 0 1
    outer loop
      vertex 5.253412500023842 0.7452000007033348 8.950000000000001
      vertex 6.180350191891193 0.874702014029026 8.950000000000001
      vertex 6.1691175028681755 0.9394002929329872 8.950000000000001
    endloop
  endfacet
  facet normal 0 0 1
    outer loop
      vertex 5.253412500023842 0.7452000007033348 8.950000000000001
      vertex 6.1691175028681755 0.9394002929329872 8.950000000000001
      vertex 6.154707118868828 1.0040634348988533 8.950000000000001
    endloop
  endfacet
  facet normal 0 0 1
    outer loop
      vertex 5.23901729285717 0.7940241992473602 8.950000000000001
      vertex 6.154707118868828 1.0040634348988533 8.950000000000001
      vertex 6.13711903989315 1.0686914175748825 8.950000000000001
    endloop
  endfacet
  facet normal 0 0 1
    outer loop
      vertex 5.208386406302452 0.8860393464565277 8.950000000000001
      vertex 6.0924098044633865 1.1978419497609138 8.950000000000001
      vertex 6.065288655459881 1.262364499270916 8.950000000000001
    endloop
  endfacet
  facet normal 0 0 1
    outer loop
      vertex 5.23901729285717 0.7940241992473602 8.950000000000001
      vertex 6.13711903989315 1.0686914175748825 8.950000000000001
      vertex 6.116353265941143 1.1332842633128166 8.950000000000001
    endloop
  endfacet
  facet normal 0 0 1
    outer loop
      vertex 5.224008597433567 0.8409706503152847 8.950000000000001
      vertex 6.116353265941143 1.1332842633128166 8.950000000000001
      vertex 6.0924098044633865 1.1978419497609138 8.950000000000001
    endloop
  endfacet
  facet normal -0.9923469228139611 -0.12348111103185948 0
    outer loop
      vertex 6.188405193388462 0.8099685832858086 8.966422664178413
      vertex 6.180350191891193 0.874702014029026 8.991656298868858
      vertex 6.180350191891193 0.874702014029026 8.950000000000001
    endloop
  endfacet
  facet normal -0.9852610341767811 -0.17105757666031496 0
    outer loop
      vertex 6.180350191891193 0.874702014029026 8.950000000000001
      vertex 6.180350191891193 0.874702014029026 8.991656298868858
      vertex 6.1691175028681755 0.9394002929329872 8.950000000000001
    endloop
  endfacet
  facet normal -0.9852610341767811 -0.17105757666031493 0
    outer loop
      vertex 6.1691175028681755 0.9394002929329872 8.950000000000001
      vertex 6.180350191891193 0.874702014029026 8.991656298868858
      vertex 6.1691175028681755 0.9394002929329872 9.026844569348299
    endloop
  endfacet
  facet normal -0.9760564774184137 -0.21751724733813105 0
    outer loop
      vertex 6.1691175028681755 0.9394002929329872 8.950000000000001
      vertex 6.1691175028681755 0.9394002929329872 9.026844569348299
      vertex 6.154707118868828 1.0040634348988533 8.950000000000001
    endloop
  endfacet
  facet normal -0.9760564774184136 -0.21751724733813105 0
    outer loop
      vertex 6.154707118868828 1.0040634348988533 8.950000000000001
      vertex 6.1691175028681755 0.9394002929329872 9.026844569348299
      vertex 6.154707118868828 1.0040634348988533 9.071987498956922
    endloop
  endfacet
  facet normal -0.9649066911286364 -0.2625929881302742 0
    outer loop
      vertex 6.13711903989315 1.0686914175748825 8.950000000000001
      vertex 6.154707118868828 1.0040634348988533 8.950000000000001
      vertex 6.154707118868828 1.0040634348988533 9.071987498956922
    endloop
  endfacet
  facet normal -0.9649066911286364 -0.2625929881302742 0
    outer loop
      vertex 6.13711903989315 1.0686914175748825 8.950000000000001
      vertex 6.154707118868828 1.0040634348988533 9.071987498956922
      vertex 6.13711903989315 1.0686914175748825 9.127085087694727
    endloop
  endfacet
  facet normal -0.9520122957621866 -0.3060597796470666 0
    outer loop
      vertex 6.13711903989315 1.0686914175748825 8.950000000000001
      vertex 6.13711903989315 1.0686914175748825 9.127085087694727
      vertex 6.116353265941143 1.1332842633128166 8.950000000000001
    endloop
  endfacet
  facet normal -0.9520122957621865 -0.3060597796470666 0
    outer loop
      vertex 6.13711903989315 1.0686914175748825 9.127085087694727
      vertex 6.116353265941143 1.1332842633128166 9.192137335561716
      vertex 6.116353265941143 1.1332842633128166 8.950000000000001
    endloop
  endfacet
  facet normal 0.4887765656253306 0.8724090032178181 0
    outer loop
      vertex 4.7846874371171 1.415460355579853 8.950000000000001
      vertex 4.7846874371171 1.415460355579853 9.4
      vertex 4.837284982204437 1.3859920129179955 8.950000000000001
    endloop
  endfacet
  facet normal 0.84842978025745 0.5293079519261874 0
    outer loop
      vertex 5.101769953966141 1.1170187592506409 8.950000000000001
      vertex 5.0818533301353455 1.148943193256855 8.950000000000001
      vertex 5.0818533301353455 1.148943193256855 9.4
    endloop
  endfacet
  facet normal 0.799769578216277 0.6003071062046146 0
    outer loop
      vertex 5.061323210597038 1.1789898797869682 8.950000000000001
      vertex 5.0401796028018 1.2071588188409805 8.950000000000001
      vertex 5.0401796028018 1.2071588188409805 9.4
    endloop
  endfacet
  facet normal 0.8256674631741812 0.5641571060046239 0
    outer loop
      vertex 5.0818533301353455 1.148943193256855 8.950000000000001
      vertex 5.061323210597038 1.1789898797869682 8.950000000000001
      vertex 5.061323210597038 1.1789898797869682 9.4
    endloop
  endfacet
  facet normal 0.7272793010948404 0.686341619165704 0
    outer loop
      vertex 5.018422499299049 1.2334500029683113 8.950000000000001
      vertex 4.977526023983955 1.2767857983708382 8.950000000000001
      vertex 4.977526023983955 1.2767857983708382 9.4
    endloop
  endfacet
  facet normal 0.7704104100103834 0.6375482727979372 0
    outer loop
      vertex 5.018422499299049 1.2334500029683113 8.950000000000001
      vertex 5.018422499299049 1.2334500029683113 9.4
      vertex 5.0401796028018 1.2071588188409805 8.950000000000001
    endloop
  endfacet
  facet normal 0.6729590438673652 0.7396797450769635 0
    outer loop
      vertex 4.933704271912575 1.316654734313488 8.950000000000001
      vertex 4.933704271912575 1.316654734313488 9.4
      vertex 4.977526023983955 1.2767857983708382 8.950000000000001
    endloop
  endfacet
  facet normal 0.614395723129246 0.7889980325707353 0
    outer loop
      vertex 4.933704271912575 1.316654734313488 8.950000000000001
      vertex 4.886957265436649 1.3530568033456802 8.950000000000001
      vertex 4.886957265436649 1.3530568033456802 9.4
    endloop
  endfacet
  facet normal 0.552611674257457 0.8334388624694495 0
    outer loop
      vertex 4.837284982204437 1.3859920129179955 8.950000000000001
      vertex 4.837284982204437 1.3859920129179955 9.4
      vertex 4.886957265436649 1.3530568033456802 8.950000000000001
    endloop
  endfacet
  facet normal 0.8256674631741812 0.5641571060046239 0
    outer loop
      vertex 5.0818533301353455 1.148943193256855 8.950000000000001
      vertex 5.061323210597038 1.1789898797869682 9.4
      vertex 5.0818533301353455 1.148943193256855 9.4
    endloop
  endfacet
  facet normal 0.799769578216277 0.6003071062046146 0
    outer loop
      vertex 5.061323210597038 1.1789898797869682 8.950000000000001
      vertex 5.0401796028018 1.2071588188409805 9.4
      vertex 5.061323210597038 1.1789898797869682 9.4
    endloop
  endfacet
  facet normal 0.7272793010948404 0.686341619165704 0
    outer loop
      vertex 5.018422499299049 1.2334500029683113 8.950000000000001
      vertex 4.977526023983955 1.2767857983708382 9.4
      vertex 5.018422499299049 1.2334500029683113 9.4
    endloop
  endfacet
  facet normal 0.7704104100103834 0.6375482727979372 0
    outer loop
      vertex 5.0401796028018 1.2071588188409805 8.950000000000001
      vertex 5.018422499299049 1.2334500029683113 9.4
      vertex 5.0401796028018 1.2071588188409805 9.4
    endloop
  endfacet
  facet normal 0.614395723129246 0.7889980325707353 0
    outer loop
      vertex 4.933704271912575 1.316654734313488 8.950000000000001
      vertex 4.886957265436649 1.3530568033456802 9.4
      vertex 4.933704271912575 1.316654734313488 9.4
    endloop
  endfacet
  facet normal 0.552611674257457 0.8334388624694495 0
    outer loop
      vertex 4.886957265436649 1.3530568033456802 8.950000000000001
      vertex 4.837284982204437 1.3859920129179955 9.4
      vertex 4.886957265436649 1.3530568033456802 9.4
    endloop
  endfacet
  facet normal 0.4887765656253306 0.8724090032178181 0
    outer loop
      vertex 4.837284982204437 1.3859920129179955 8.950000000000001
      vertex 4.7846874371171 1.415460355579853 9.4
      vertex 4.837284982204437 1.3859920129179955 9.4
    endloop
  endfacet
  facet normal 0.6729590438673652 0.7396797450769635 0
    outer loop
      vertex 4.977526023983955 1.2767857983708382 8.950000000000001
      vertex 4.933704271912575 1.316654734313488 9.4
      vertex 4.977526023983955 1.2767857983708382 9.4
    endloop
  endfacet
  facet normal 0.2966952179966218 0.9549722234797916 0
    outer loop
      vertex 4.609343208372593 1.483064204454422 8.950000000000001
      vertex 4.609343208372593 1.483064204454422 9.4
      vertex 4.670716553926468 1.463996447622776 8.950000000000001
    endloop
  endfacet
  facet normal 0.23579046767339515 0.9718039181616637 0
    outer loop
      vertex 4.5450446009635925 1.4986650869250298 8.950000000000001
      vertex 4.5450446009635925 1.4986650869250298 9.4
      vertex 4.609343208372593 1.483064204454422 8.950000000000001
    endloop
  endfacet
  facet normal 0.35973808011528363 0.9330533284410757 0
    outer loop
      vertex 4.670716553926468 1.463996447622776 8.950000000000001
      vertex 4.670716553926468 1.463996447622776 9.4
      vertex 4.729164630174637 1.441461831331253 8.950000000000001
    endloop
  endfacet
  facet normal 0.4241016770998507 0.9056145799848266 0
    outer loop
      vertex 4.729164630174637 1.441461831331253 8.950000000000001
      vertex 4.729164630174637 1.441461831331253 9.4
      vertex 4.7846874371171 1.415460355579853 8.950000000000001
    endloop
  endfacet
  facet normal 0 0 1
    outer loop
      vertex 4.7846874371171 1.415460355579853 8.950000000000001
      vertex 4.837284982204437 1.3859920129179955 8.950000000000001
      vertex 5.139814123511314 2.171121656894684 8.950000000000001
    endloop
  endfacet
  facet normal 0 0 1
    outer loop
      vertex 4.729164630174637 1.441461831331253 8.950000000000001
      vertex 4.7846874371171 1.415460355579853 8.950000000000001
      vertex 5.139814123511314 2.171121656894684 8.950000000000001
    endloop
  endfacet
  facet normal 0 0 1
    outer loop
      vertex 4.837284982204437 1.3859920129179955 8.950000000000001
      vertex 4.886957265436649 1.3530568033456802 8.950000000000001
      vertex 5.267510280013084 2.113777808845043 8.950000000000001
    endloop
  endfacet
  facet normal 0 0 1
    outer loop
      vertex 4.933704271912575 1.316654734313488 8.950000000000001
      vertex 5.387984067201614 2.0476118326187134 8.950000000000001
      vertex 4.886957265436649 1.3530568033456802 8.950000000000001
    endloop
  endfacet
  facet normal 0.2966952179966218 0.9549722234797916 0
    outer loop
      vertex 4.670716553926468 1.463996447622776 8.950000000000001
      vertex 4.609343208372593 1.483064204454422 9.4
      vertex 4.670716553926468 1.463996447622776 9.4
    endloop
  endfacet
  facet normal 0.23579046767339515 0.9718039181616637 0
    outer loop
      vertex 4.609343208372593 1.483064204454422 8.950000000000001
      vertex 4.5450446009635925 1.4986650869250298 9.4
      vertex 4.609343208372593 1.483064204454422 9.4
    endloop
  endfacet
  facet normal 0.35973808011528363 0.9330533284410757 0
    outer loop
      vertex 4.729164630174637 1.441461831331253 8.950000000000001
      vertex 4.670716553926468 1.463996447622776 9.4
      vertex 4.729164630174637 1.441461831331253 9.4
    endloop
  endfacet
  facet normal 0.4241016770998507 0.9056145799848266 0
    outer loop
      vertex 4.7846874371171 1.415460355579853 8.950000000000001
      vertex 4.729164630174637 1.441461831331253 9.4
      vertex 4.7846874371171 1.415460355579853 9.4
    endloop
  endfacet
  facet normal 0 0 1
    outer loop
      vertex 5.121073089540005 1.0832165703177452 8.950000000000001
      vertex 5.882017500698566 1.5844499990344048 8.950000000000001
      vertex 5.101769953966141 1.1170187592506409 8.950000000000001
    endloop
  endfacet
  facet normal 0 0 1
    outer loop
      vertex 5.101769953966141 1.1170187592506409 8.950000000000001
      vertex 5.7976555451750755 1.694726623594761 8.950000000000001
      vertex 5.0818533301353455 1.148943193256855 8.950000000000001
    endloop
  endfacet
  facet normal 0 0 1
    outer loop
      vertex 5.0818533301353455 1.148943193256855 8.950000000000001
      vertex 5.7976555451750755 1.694726623594761 8.950000000000001
      vertex 5.061323210597038 1.1789898797869682 8.950000000000001
    endloop
  endfacet
  facet normal 0 0 1
    outer loop
      vertex 5.018422499299049 1.2334500029683113 8.950000000000001
      vertex 5.0401796028018 1.2071588188409805 8.950000000000001
      vertex 5.706071227788925 1.7961811274290085 8.950000000000001
    endloop
  endfacet
  facet normal 0 0 1
    outer loop
      vertex 5.061323210597038 1.1789898797869682 8.950000000000001
      vertex 5.706071227788925 1.7961811274290085 8.950000000000001
      vertex 5.0401796028018 1.2071588188409805 8.950000000000001
    endloop
  endfacet
  facet normal 0 0 1
    outer loop
      vertex 5.157838888466358 1.00997893512249 8.950000000000001
      vertex 5.964859038591385 1.4557212442159653 8.950000000000001
      vertex 5.139762736856937 1.047536626458168 8.950000000000001
    endloop
  endfacet
  facet normal 0 0 1
    outer loop
      vertex 5.139762736856937 1.047536626458168 8.950000000000001
      vertex 5.925027117133141 1.5201031938195229 8.950000000000001
      vertex 5.121073089540005 1.0832165703177452 8.950000000000001
    endloop
  endfacet
  facet normal 0 0 1
    outer loop
      vertex 5.121073089540005 1.0832165703177452 8.950000000000001
      vertex 5.925027117133141 1.5201031938195229 8.950000000000001
      vertex 5.882017500698566 1.5844499990344048 8.950000000000001
    endloop
  endfacet
  facet normal 0 0 1
    outer loop
      vertex 5.018422499299049 1.2334500029683113 8.950000000000001
      vertex 5.607264541089535 1.8888134881854057 8.950000000000001
      vertex 4.977526023983955 1.2767857983708382 8.950000000000001
    endloop
  endfacet
  facet normal 0 0 1
    outer loop
      vertex 4.933704271912575 1.316654734313488 8.950000000000001
      vertex 4.977526023983955 1.2767857983708382 8.950000000000001
      vertex 5.501235485076904 1.9726237282156944 8.950000000000001
    endloop
  endfacet
  facet normal 0 0 1
    outer loop
      vertex 5.101769953966141 1.1170187592506409 8.950000000000001
      vertex 5.882017500698566 1.5844499990344048 8.950000000000001
      vertex 5.7976555451750755 1.694726623594761 8.950000000000001
    endloop
  endfacet
  facet normal 0 0 1
    outer loop
      vertex 5.018422499299049 1.2334500029683113 8.950000000000001
      vertex 5.706071227788925 1.7961811274290085 8.950000000000001
      vertex 5.607264541089535 1.8888134881854057 8.950000000000001
    endloop
  endfacet
  facet normal 0 0 1
    outer loop
      vertex 5.061323210597038 1.1789898797869682 8.950000000000001
      vertex 5.7976555451750755 1.694726623594761 8.950000000000001
      vertex 5.706071227788925 1.7961811274290085 8.950000000000001
    endloop
  endfacet
  facet normal 0 0 1
    outer loop
      vertex 4.477820724248886 1.5107991099357605 8.950000000000001
      vertex 4.5450446009635925 1.4986650869250298 8.950000000000001
      vertex 4.713391467928886 2.2902204170823097 8.950000000000001
    endloop
  endfacet
  facet normal 0 0 1
    outer loop
      vertex 4.5450446009635925 1.4986650869250298 8.950000000000001
      vertex 4.609343208372593 1.483064204454422 8.950000000000001
      vertex 4.713391467928886 2.2902204170823097 8.950000000000001
    endloop
  endfacet
  facet normal 0 0 1
    outer loop
      vertex 4.609343208372593 1.483064204454422 8.950000000000001
      vertex 4.670716553926468 1.463996447622776 8.950000000000001
      vertex 4.862754717469215 2.259342961013317 8.950000000000001
    endloop
  endfacet
  facet normal 0 0 1
    outer loop
      vertex 4.670716553926468 1.463996447622776 8.950000000000001
      vertex 4.729164630174637 1.441461831331253 8.950000000000001
      vertex 5.004895605146885 2.2196433693170547 8.950000000000001
    endloop
  endfacet
  facet normal 0 0 1
    outer loop
      vertex 4.837284982204437 1.3859920129179955 8.950000000000001
      vertex 5.267510280013084 2.113777808845043 8.950000000000001
      vertex 5.139814123511314 2.171121656894684 8.950000000000001
    endloop
  endfacet
  facet normal 0 0 1
    outer loop
      vertex 4.729164630174637 1.441461831331253 8.950000000000001
      vertex 5.139814123511314 2.171121656894684 8.950000000000001
      vertex 5.004895605146885 2.2196433693170547 8.950000000000001
    endloop
  endfacet
  facet normal 0 0 1
    outer loop
      vertex 4.477820724248886 1.5107991099357605 8.950000000000001
      vertex 4.713391467928886 2.2902204170823097 8.950000000000001
      vertex 4.556805841624737 2.3122757375240326 8.950000000000001
    endloop
  endfacet
  facet normal 0 0 1
    outer loop
      vertex 4.609343208372593 1.483064204454422 8.950000000000001
      vertex 4.862754717469215 2.259342961013317 8.950000000000001
      vertex 4.713391467928886 2.2902204170823097 8.950000000000001
    endloop
  endfacet
  facet normal 0 0 1
    outer loop
      vertex 4.670716553926468 1.463996447622776 8.950000000000001
      vertex 5.004895605146885 2.2196433693170547 8.950000000000001
      vertex 4.862754717469215 2.259342961013317 8.950000000000001
    endloop
  endfacet
  facet normal -0.2690024341144284 -0.96313949687494 0
    outer loop
      vertex 4.862754717469215 2.259342961013317 8.950000000000001
      vertex 5.004895605146885 2.2196433693170547 8.950000000000001
      vertex 5.004895605146885 2.2196433693170547 9.4
    endloop
  endfacet
  facet normal -0.2690024341144284 -0.96313949687494 0
    outer loop
      vertex 4.862754717469215 2.259342961013317 8.950000000000001
      vertex 5.004895605146885 2.2196433693170547 9.4
      vertex 4.862754717469215 2.259342961013317 9.4
    endloop
  endfacet
  facet normal -0.33841719024275496 -0.940996177116676 0
    outer loop
      vertex 5.004895605146885 2.2196433693170547 8.950000000000001
      vertex 5.139814123511314 2.171121656894684 9.4
      vertex 5.004895605146885 2.2196433693170547 9.4
    endloop
  endfacet
  facet normal 0 0 1
    outer loop
      vertex 4.886957265436649 1.3530568033456802 8.950000000000001
      vertex 5.387984067201614 2.0476118326187134 8.950000000000001
      vertex 5.267510280013084 2.113777808845043 8.950000000000001
    endloop
  endfacet
  facet normal 0 0 1
    outer loop
      vertex 4.977526023983955 1.2767857983708382 8.950000000000001
      vertex 5.607264541089535 1.8888134881854057 8.950000000000001
      vertex 5.501235485076904 1.9726237282156944 8.950000000000001
    endloop
  endfacet
  facet normal 0 0 1
    outer loop
      vertex 4.933704271912575 1.316654734313488 8.950000000000001
      vertex 5.501235485076904 1.9726237282156944 8.950000000000001
      vertex 5.387984067201614 2.0476118326187134 8.950000000000001
    endloop
  endfacet
  facet normal -0.6201140748131065 -0.7845116533351718 0
    outer loop
      vertex 5.501235485076904 1.9726237282156944 8.950000000000001
      vertex 5.607264541089535 1.8888134881854057 8.950000000000001
      vertex 5.607264541089535 1.8888134881854057 9.4
    endloop
  endfacet
  facet normal -0.6839454199492265 -0.7295331812402204 0
    outer loop
      vertex 5.607264541089535 1.8888134881854057 8.950000000000001
      vertex 5.706071227788925 1.7961811274290085 9.4
      vertex 5.607264541089535 1.8888134881854057 9.4
    endloop
  endfacet
  facet normal -0.6201140748131065 -0.7845116533351718 0
    outer loop
      vertex 5.501235485076904 1.9726237282156944 8.950000000000001
      vertex 5.607264541089535 1.8888134881854057 9.4
      vertex 5.501235485076904 1.9726237282156944 9.4
    endloop
  endfacet
  facet normal -0.4813902085804978 -0.8765063987688994 0
    outer loop
      vertex 5.267510280013084 2.113777808845043 8.950000000000001
      vertex 5.387984067201614 2.0476118326187134 8.950000000000001
      vertex 5.387984067201614 2.0476118326187134 9.4
    endloop
  endfacet
  facet normal -0.33841719024275496 -0.940996177116676 0
    outer loop
      vertex 5.004895605146885 2.2196433693170547 8.950000000000001
      vertex 5.139814123511314 2.171121656894684 8.950000000000001
      vertex 5.139814123511314 2.171121656894684 9.4
    endloop
  endfacet
  facet normal -0.4096550862327069 -0.9122404893029434 0
    outer loop
      vertex 5.139814123511314 2.171121656894684 8.950000000000001
      vertex 5.267510280013084 2.113777808845043 8.950000000000001
      vertex 5.267510280013084 2.113777808845043 9.4
    endloop
  endfacet
  facet normal -0.5520835275834968 -0.8337888093342117 0
    outer loop
      vertex 5.501235485076904 1.9726237282156944 8.950000000000001
      vertex 5.501235485076904 1.9726237282156944 9.4
      vertex 5.387984067201614 2.0476118326187134 8.950000000000001
    endloop
  endfacet
  facet normal -0.4813902085804978 -0.8765063987688994 0
    outer loop
      vertex 5.267510280013084 2.113777808845043 8.950000000000001
      vertex 5.387984067201614 2.0476118326187134 9.4
      vertex 5.267510280013084 2.113777808845043 9.4
    endloop
  endfacet
  facet normal -0.4096550862327069 -0.9122404893029434 0
    outer loop
      vertex 5.139814123511314 2.171121656894684 8.950000000000001
      vertex 5.267510280013084 2.113777808845043 9.4
      vertex 5.139814123511314 2.171121656894684 9.4
    endloop
  endfacet
  facet normal -0.5520835275834968 -0.8337888093342117 0
    outer loop
      vertex 5.387984067201614 2.0476118326187134 8.950000000000001
      vertex 5.501235485076904 1.9726237282156944 9.4
      vertex 5.387984067201614 2.0476118326187134 9.4
    endloop
  endfacet
  facet normal 0 0 1
    outer loop
      vertex 5.192150726914406 0.9292302951216698 8.950000000000001
      vertex 6.065288655459881 1.262364499270916 8.950000000000001
      vertex 6.034989804029465 1.3268518969416618 8.950000000000001
    endloop
  endfacet
  facet normal 0 0 1
    outer loop
      vertex 5.175301551818848 0.9705434888601303 8.950000000000001
      vertex 6.034989804029465 1.3268518969416618 8.950000000000001
      vertex 6.00151327252388 1.3913041427731514 8.950000000000001
    endloop
  endfacet
  facet normal 0 0 1
    outer loop
      vertex 5.157838888466358 1.00997893512249 8.950000000000001
      vertex 6.00151327252388 1.3913041427731514 8.950000000000001
      vertex 5.964859038591385 1.4557212442159653 8.950000000000001
    endloop
  endfacet
  facet normal 0 0 1
    outer loop
      vertex 5.139762736856937 1.047536626458168 8.950000000000001
      vertex 5.964859038591385 1.4557212442159653 8.950000000000001
      vertex 5.925027117133141 1.5201031938195229 8.950000000000001
    endloop
  endfacet
  facet normal -0.9375915895828325 -0.3477384234500662 0
    outer loop
      vertex 6.0924098044633865 1.1978419497609138 8.950000000000001
      vertex 6.116353265941143 1.1332842633128166 8.950000000000001
      vertex 6.116353265941143 1.1332842633128166 9.192137335561716
    endloop
  endfacet
  facet normal -0.9218714880255591 -0.38749575425485827 0
    outer loop
      vertex 6.065288655459881 1.262364499270916 8.950000000000001
      vertex 6.0924098044633865 1.1978419497609138 8.950000000000001
      vertex 6.0924098044633865 1.1978419497609138 9.2671442192177
    endloop
  endfacet
  facet normal -0.9050789416448528 -0.42524358830090897 0
    outer loop
      vertex 6.065288655459881 1.262364499270916 8.950000000000001
      vertex 6.065288655459881 1.262364499270916 9.352105738662683
      vertex 6.034989804029465 1.3268518969416618 8.950000000000001
    endloop
  endfacet
  facet normal -0.8691457113687819 -0.4945560963219986 0
    outer loop
      vertex 6.00151327252388 1.3913041427731514 8.950000000000001
      vertex 6.00151327252388 1.3913041427731514 9.4
      vertex 5.964859038591385 1.4557212442159653 8.950000000000001
    endloop
  endfacet
  facet normal -0.8874344517900267 -0.4609339364552526 0
    outer loop
      vertex 6.00151327252388 1.3913041427731514 8.950000000000001
      vertex 6.034989804029465 1.3268518969416618 8.950000000000001
      vertex 6.034989804029465 1.3268518969416618 9.4
    endloop
  endfacet
  facet normal -0.921871488025559 -0.38749575425485827 0
    outer loop
      vertex 6.065288655459881 1.262364499270916 8.950000000000001
      vertex 6.0924098044633865 1.1978419497609138 9.2671442192177
      vertex 6.065288655459881 1.262364499270916 9.352105738662683
    endloop
  endfacet
  facet normal -0.9375915895828324 -0.34773842345006617 0
    outer loop
      vertex 6.0924098044633865 1.1978419497609138 8.950000000000001
      vertex 6.116353265941143 1.1332842633128166 9.192137335561716
      vertex 6.0924098044633865 1.1978419497609138 9.2671442192177
    endloop
  endfacet
  facet normal -0.9050789416448525 -0.4252435883009099 -1.7089785359770818e-16
    outer loop
      vertex 6.034989804029465 1.3268518969416618 8.950000000000001
      vertex 6.065288655459881 1.262364499270916 9.352105738662683
      vertex 6.050000000000001 1.2949045315806083 9.4
    endloop
  endfacet
  facet normal -0.9050789416448533 -0.4252435883009079 0
    outer loop
      vertex 6.034989804029465 1.3268518969416618 8.950000000000001
      vertex 6.050000000000001 1.2949045315806083 9.4
      vertex 6.034989804029465 1.3268518969416618 9.4
    endloop
  endfacet
  facet normal -0.8874344517900267 -0.4609339364552526 0
    outer loop
      vertex 6.00151327252388 1.3913041427731514 8.950000000000001
      vertex 6.034989804029465 1.3268518969416618 9.4
      vertex 6.00151327252388 1.3913041427731514 9.4
    endloop
  endfacet
  facet normal -0.8313833241014705 -0.5556993507338203 0
    outer loop
      vertex 5.925027117133141 1.5201031938195229 8.950000000000001
      vertex 5.925027117133141 1.5201031938195229 9.4
      vertex 5.882017500698566 1.5844499990344048 8.950000000000001
    endloop
  endfacet
  facet normal -0.7942439250637454 -0.607599035136936 0
    outer loop
      vertex 5.7976555451750755 1.694726623594761 8.950000000000001
      vertex 5.882017500698566 1.5844499990344048 8.950000000000001
      vertex 5.882017500698566 1.5844499990344048 9.4
    endloop
  endfacet
  facet normal -0.8504044566524886 -0.526129508871709 0
    outer loop
      vertex 5.925027117133141 1.5201031938195229 8.950000000000001
      vertex 5.964859038591385 1.4557212442159653 8.950000000000001
      vertex 5.964859038591385 1.4557212442159653 9.4
    endloop
  endfacet
  facet normal -0.8504044566524886 -0.526129508871709 0
    outer loop
      vertex 5.925027117133141 1.5201031938195229 8.950000000000001
      vertex 5.964859038591385 1.4557212442159653 9.4
      vertex 5.925027117133141 1.5201031938195229 9.4
    endloop
  endfacet
  facet normal -0.8313833241014705 -0.5556993507338203 0
    outer loop
      vertex 5.882017500698566 1.5844499990344048 8.950000000000001
      vertex 5.925027117133141 1.5201031938195229 9.4
      vertex 5.882017500698566 1.5844499990344048 9.4
    endloop
  endfacet
  facet normal -0.7942439250637454 -0.607599035136936 0
    outer loop
      vertex 5.7976555451750755 1.694726623594761 8.950000000000001
      vertex 5.882017500698566 1.5844499990344048 9.4
      vertex 5.7976555451750755 1.694726623594761 9.4
    endloop
  endfacet
  facet normal -0.8691457113687819 -0.4945560963219986 0
    outer loop
      vertex 5.964859038591385 1.4557212442159653 8.950000000000001
      vertex 6.00151327252388 1.3913041427731514 9.4
      vertex 5.964859038591385 1.4557212442159653 9.4
    endloop
  endfacet
  facet normal -0.7422918925515737 -0.6700766719206116 0
    outer loop
      vertex 5.7976555451750755 1.694726623594761 8.950000000000001
      vertex 5.7976555451750755 1.694726623594761 9.4
      vertex 5.706071227788925 1.7961811274290085 8.950000000000001
    endloop
  endfacet
  facet normal -0.6839454199492265 -0.7295331812402204 0
    outer loop
      vertex 5.607264541089535 1.8888134881854057 8.950000000000001
      vertex 5.706071227788925 1.7961811274290085 8.950000000000001
      vertex 5.706071227788925 1.7961811274290085 9.4
    endloop
  endfacet
  facet normal -0.7422918925515737 -0.6700766719206116 0
    outer loop
      vertex 5.7976555451750755 1.694726623594761 9.4
      vertex 5.706071227788925 1.7961811274290085 9.4
      vertex 5.706071227788925 1.7961811274290085 8.950000000000001
    endloop
  endfacet
  facet normal -0.13947476534301012 -0.9902256257199732 0
    outer loop
      vertex 4.556805841624737 2.3122757375240326 8.950000000000001
      vertex 4.713391467928886 2.2902204170823097 8.950000000000001
      vertex 4.713391467928886 2.2902204170823097 9.4
    endloop
  endfacet
  facet normal -0.20244662517563186 -0.9792932982283691 0
    outer loop
      vertex 4.862754717469215 2.259342961013317 8.950000000000001
      vertex 4.862754717469215 2.259342961013317 9.4
      vertex 4.713391467928886 2.2902204170823097 8.950000000000001
    endloop
  endfacet
  facet normal -0.13947476534301012 -0.9902256257199732 0
    outer loop
      vertex 4.556805841624737 2.3122757375240326 8.950000000000001
      vertex 4.713391467928886 2.2902204170823097 9.4
      vertex 4.556805841624737 2.3122757375240326 9.4
    endloop
  endfacet
  facet normal -0.20244662517563186 -0.9792932982283691 0
    outer loop
      vertex 4.862754717469215 2.259342961013317 9.4
      vertex 4.713391467928886 2.2902204170823097 9.4
      vertex 4.713391467928886 2.2902204170823097 8.950000000000001
    endloop
  endfacet
  facet normal 0 -1 0
    outer loop
      vertex -9.05 0 0
      vertex -8.215689655172413 0 0
      vertex -9.05 0 0.002
    endloop
  endfacet
  facet normal 0 -1 0
    outer loop
      vertex -8.215689655172413 0 0
      vertex -5.250000000000001 0 8.6005
      vertex -9.05 0 0.002
    endloop
  endfacet
  facet normal 0 -1 0
    outer loop
      vertex -6.050000000000001 0 9.4
      vertex -9.05 0 0.002
      vertex -5.921977497637272 0 8.950000000000001
    endloop
  endfacet
  facet normal 0 -1 0
    outer loop
      vertex -5.250000000000001 0 8.6005
      vertex -5.921977497637272 0 8.950000000000001
      vertex -9.05 0 0.002
    endloop
  endfacet
  facet normal 0 -1 0
    outer loop
      vertex -6.050000000000001 0 9.4
      vertex -5.921977497637272 0 8.950000000000001
      vertex -5.921977497637272 0 9.4
    endloop
  endfacet
  facet normal 0 -1 0
    outer loop
      vertex -5.250000000000001 0 8.6005
      vertex -2.818552501499653 0 8.950000000000001
      vertex -5.921977497637272 0 8.950000000000001
    endloop
  endfacet
  facet normal 0 -1 0
    outer loop
      vertex -5.250000000000001 0 8.6005
      vertex -2.05 0 8.6005
      vertex -2.818552501499653 0 8.950000000000001
    endloop
  endfacet
  facet normal 0 -1 0
    outer loop
      vertex -2.818552501499653 0 8.950000000000001
      vertex -1.4694525003433228 0 9.4
      vertex -2.818552501499653 0 9.4
    endloop
  endfacet
  facet normal 0 -1 0
    outer loop
      vertex -2.05 0 8.6005
      vertex -2.05 0 8.249999999999998
      vertex -1.4694525003433228 0 8.950000000000001
    endloop
  endfacet
  facet normal 0 -1 0
    outer loop
      vertex -2.818552501499653 0 8.950000000000001
      vertex -2.05 0 8.6005
      vertex -1.4694525003433228 0 9.4
    endloop
  endfacet
  facet normal 0 -1 0
    outer loop
      vertex -2.05 0 8.6005
      vertex -1.4694525003433228 0 8.950000000000001
      vertex -1.4694525003433228 0 9.4
    endloop
  endfacet
  facet normal 0 -1 0
    outer loop
      vertex -1.4694525003433228 0 8.950000000000001
      vertex -2.05 0 8.249999999999998
      vertex 1.264653068328239 0 8.950000000000001
    endloop
  endfacet
  facet normal 0 -1 0
    outer loop
      vertex 8.215689655172413 0 0
      vertex 9.05 0 0
      vertex 9.05 0 0.002
    endloop
  endfacet
  facet normal 0 -1 0
    outer loop
      vertex 8.215689655172413 0 0
      vertex 9.05 0 0.002
      vertex 5.250000000000001 0 8.6005
    endloop
  endfacet
  facet normal 0 -1 0
    outer loop
      vertex 1.264653068328239 0 8.950000000000001
      vertex -2.05 0 8.249999999999998
      vertex 2.05 0 8.6005
    endloop
  endfacet
  facet normal 0 -1 0
    outer loop
      vertex 2.05 0 8.6005
      vertex -2.05 0 8.249999999999998
      vertex 2.05 0 8.249999999999998
    endloop
  endfacet
  facet normal 0 -1 0
    outer loop
      vertex 1.264653068328239 0 8.950000000000001
      vertex 2.05 0 8.6005
      vertex 1.264653068328239 0 9.4
    endloop
  endfacet
  facet normal 0 -1 0
    outer loop
      vertex 2.05 0 8.6005
      vertex 2.19352912592623 0 8.950000000000001
      vertex 1.264653068328239 0 9.4
    endloop
  endfacet
  facet normal 0 -1 0
    outer loop
      vertex 1.264653068328239 0 9.4
      vertex 2.19352912592623 0 8.950000000000001
      vertex 2.19352912592623 0 9.4
    endloop
  endfacet
  facet normal 0 -1 0
    outer loop
      vertex 2.05 0 8.6005
      vertex 3.1547852317788836 0 8.950000000000001
      vertex 2.19352912592623 0 8.950000000000001
    endloop
  endfacet
  facet normal 0 -1 0
    outer loop
      vertex 3.1547852317788836 0 8.950000000000001
      vertex 2.05 0 8.6005
      vertex 5.250000000000001 0 8.6005
    endloop
  endfacet
  facet normal 0 -1 0
    outer loop
      vertex 3.1547852317788836 0 8.950000000000001
      vertex 5.250000000000001 0 8.6005
      vertex 3.1547852317788836 0 9.4
    endloop
  endfacet
  facet normal 0 -1 0
    outer loop
      vertex 6.050000000000001 0 9.4
      vertex 5.250000000000001 0 8.6005
      vertex 9.05 0 0.002
    endloop
  endfacet
  facet normal 0 -1 0
    outer loop
      vertex 5.250000000000001 0 8.6005
      vertex 6.050000000000001 0 9.4
      vertex 3.1547852317788836 0 9.4
    endloop
  endfacet
endsolid OpenSCAD_Model
